Assembly	BioProject	Country	MLST	Serotype	O_Type	H_Type	CH_Type	Phylogroup	N50	GC_Content	Total_Length
GCA_037047155.1	PRJNA1076681	unknown	ST10	Unknown	ND	ND	fumC11:fimH54	A	110251	50.51	5310713
GCA_037049005.1	PRJNA1076681	unknown	ST10	O101:H10	O101	H10	fumC11:fimH54	A	82497	50.58	4821598
GCA_037048925.1	PRJNA1076681	unknown	ST10	O101:H10	O101	H10	fumC11:fimH54	A	63488	50.63	4890566
GCA_037048805.1	PRJNA1076681	unknown	ST10	O45:H4	O45	H4	fumC11:fimH215	A	85879	50.75	5129514
GCA_037048165.1	PRJNA1076681	unknown	ST10	O101:H10	O101	H10	fumC11:fimH54	A	112598	50.7	4887246
GCA_037047365.1	PRJNA1076681	unknown	ST10	O12:H4	O12	H4	fumC11:fimH27	A	70084	50.7	5356699
GCA_000713235.1	PRJNA233787	unknown	ST10	O128ac:H10	O128ac	H10	fumC11:fimH54	A	119519	50.69	5264612
GCA_040713875.1	PRJNA828150	unknown	ST10	O51:H48	O51	H48	fumC11:fimH54	A	110706	50.44	5192672
GCA_040713795.1	PRJNA828150	unknown	ST10	Unknown	ND	ND	fumC11:fimH54	A	99992	50.46	5161348
GCA_040713755.1	PRJNA828150	unknown	ST10	O132:H21	O132	H21	fumC11:fimH54	A	106922	50.38	5308062
GCA_040713295.1	PRJNA828150	unknown	ST10	O51:H40	O51	H40	fumC11:fimH24	A	119748	50.39	5492320
GCA_040712505.1	PRJNA828150	unknown	ST10	O101:H10	O101	H10	fumC11:fimH54	A	119519	50.58	5189579
GCA_040712465.1	PRJNA828150	unknown	ST10	O101:H10	O101	H10	fumC11:fimH54	A	122488	50.59	5111903
GCA_040712435.1	PRJNA828150	unknown	ST10	Unknown	ND	ND	fumC11:fimH54	A	120937	50.6	5128423
GCA_040712345.1	PRJNA828150	unknown	ST10	Unknown	ND	ND	fumC11:fimH54	A	119519	50.63	5164455
GCA_040712355.1	PRJNA828150	unknown	ST10	O101:H10	O101	H10	fumC11:fimH54	A	120938	50.59	5023931
GCA_968938235.1	PRJEB73590	Ethiopia, Tanzania, Mozambique and Nigeria,	ST10	O27:H37	O27	H37	fumC11:fimH215	A	47043	51.05	7647159
GCA_969779115.1	PRJEB73590	Ethiopia, Tanzania, Mozambique and Nigeria,	ST10	O128ac:H10	O128ac	H10	fumC11:fimH54	A	79934	50.52	5016328
GCA_966555485.1	PRJEB73590	Ethiopia, Tanzania, Mozambique and Nigeria,	ST10	O101:H4	O101	H4	fumC11:Unknown	A	123989	50.74	4909871
GCA_966564195.1	PRJEB73590	Ethiopia, Tanzania, Mozambique and Nigeria,	ST10	O29:H4	O29	H4	fumC11:fimH25	A	54318	50.78	5042619
GCA_966562275.1	PRJEB73590	Ethiopia, Tanzania, Mozambique and Nigeria,	ST10	O12:H4	O12	H4	fumC11:fimH27	A	90795	50.64	5046523
GCA_966565785.1	PRJEB73590	Ethiopia, Tanzania, Mozambique and Nigeria,	ST10	O29:H4	O29	H4	fumC11:fimH25	A	48515	50.78	5074055
GCA_966576395.1	PRJEB73590	Ethiopia, Tanzania, Mozambique and Nigeria,	ST10	O12:H4	O12	H4	fumC11:fimH27	A	85887	50.38	5591535
GCA_966562775.1	PRJEB73590	Ethiopia, Tanzania, Mozambique and Nigeria,	ST10	O27:H37	O27	H37	fumC11:fimH215	A	95119	50.74	5273959
GCA_966518725.1	PRJEB73590	Ethiopia, Tanzania, Mozambique and Nigeria,	ST10	O27:H37	O27	H37	fumC11:fimH215	A	95121	50.72	5214762
GCA_966573385.1	PRJEB73590	Ethiopia, Tanzania, Mozambique and Nigeria,	ST10	O27:H37	O27	H37	fumC11:fimH215	A	94905	50.72	5211297
GCA_966573225.1	PRJEB73590	Ethiopia, Tanzania, Mozambique and Nigeria,	ST10	O12:H4	O12	H4	fumC11:fimH27	A	93841	50.39	5494619
GCA_966572575.1	PRJEB73590	Ethiopia, Tanzania, Mozambique and Nigeria,	ST10	O12:H4	O12	H4	fumC11:fimH27	A	125353	50.6	5347564
GCA_966516095.1	PRJEB73590	Ethiopia, Tanzania, Mozambique and Nigeria,	ST10	O107:H27	O107	H27	fumC11:fimH23	A	147725	50.79	4747246
GCA_966652735.1	PRJEB73590	Ethiopia, Tanzania, Mozambique and Nigeria,	ST10	O9a:H9	O9a	H9	fumC11:fimH54	A	148156	50.6	4760149
GCA_966591305.1	PRJEB73590	Ethiopia, Tanzania, Mozambique and Nigeria,	ST10	O29:H4	O29	H4	fumC11:fimH25	A	54307	50.78	5044739
GCA_966556535.1	PRJEB73590	Ethiopia, Tanzania, Mozambique and Nigeria,	ST10	O12:H4	O12	H4	fumC11:fimH27	A	125352	50.76	5136392
GCA_966570365.1	PRJEB73590	Ethiopia, Tanzania, Mozambique and Nigeria,	ST10	O27:H37	O27	H37	fumC11:fimH215	A	94893	50.72	5209574
GCA_966512345.1	PRJEB73590	Ethiopia, Tanzania, Mozambique and Nigeria,	ST10	O12:H4	O12	H4	fumC11:fimH27	A	114910	50.71	5032996
GCA_049380025.1	PRJNA473419	Ghana	ST10	O38:H26	O38	H26	fumC11:fimH24	A	210167	50.45	5209738
GCA_049379945.1	PRJNA473419	Ghana	ST10	O38:H26	O38	H26	fumC11:fimH24	A	173158	50.44	5351129
GCA_049379845.1	PRJNA473419	Ghana	ST10	O38:H26	O38	H26	fumC11:fimH24	A	174506	50.42	5259944
GCA_022968555.1	PRJNA823741	Ghana	ST10	O101:H10	O101	H10	fumC11:fimH54	A	89215	50.54	5067872
GCA_050955345.1	PRJNA1192017	kenya	ST10	O101:H5	O101	H5	fumC11:Unknown	A	106886	50.56	4916907
GCA_053164725.1	PRJNA1121524	Malawi	ST10	Unknown	ND	ND	fumC11:fimH54	A	4985772	50.83	5142182
GCA_024331345.2	PRJNA856486	Mali	ST10	O92:H11	O92	H11	fumC11:fimH54	A	4930547	50.79	5024058
GCA_024700835.2	PRJNA856486	Mali	ST10	O101:H9	O101	H9	fumC11:fimH54	A	4603416	50.71	4628945
GCA_024330145.2	PRJNA856486	Mali	ST10	O166:H10	O166	H10	fumC11:fimH54	A	4689650	50.97	4780349
GCA_030024825.1	PRJNA962793	Nigeria	ST10	O9a:H9	O9a	H9	fumC11:fimH54	A	124632	50.92	4676559
GCA_907163995.1	PRJEB42795	Rwanda	ST10	O116:H38	O116	H38	fumC11:fimH32	A	176029	50.55	5065702
GCA_025536675.1	PRJNA738374	Senegal	ST10	Unknown	ND	ND	fumC11:fimH23	A	2889031	50.75	4858794
GCA_025536555.1	PRJNA738374	Senegal	ST10	O5:H11	O5	H11	fumC11:fimH23	A	88455	50.68	4582499
GCA_025536495.1	PRJNA738374	Senegal	ST10	Unknown	ND	ND	fumC11:fimH23	A	106394	50.67	4693095
GCA_025544715.1	PRJNA738374	Senegal	ST10	Unknown	ND	ND	fumC11:fimH23	A	88266	49.17	5228989
GCA_025544835.1	PRJNA738374	Senegal	ST10	Unknown	ND	ND	fumC11:fimH23	A	34390	50.65	4736055
GCA_022488345.1	PRJNA806525	Sudan and Zambia	ST10	O16:H48	O16	H48	fumC11:fimH27	A	4641178	50.79	4641178
GCA_022488205.1	PRJNA806525	Sudan and Zambia	ST10	O16:H48	O16	H48	fumC11:fimH27	A	4641599	50.79	4641599
GCA_022488185.1	PRJNA806525	Sudan and Zambia	ST10	O16:H48	O16	H48	fumC11:fimH27	A	4640960	50.79	4640960
GCA_964006655.1	PRJEB71714	Tanzania	ST10	O9a:H9	O9a	H9	fumC11:fimH54	A	120003	49.8	5063706
GCA_964006445.1	PRJEB71714	Tanzania	ST10	O29:H4	O29	H4	fumC11:fimH25	A	90056	50.67	5096069
GCA_964006435.1	PRJEB71714	Tanzania	ST10	O12:H4	O12	H4	fumC11:fimH27	A	118816	50.72	5124923
GCA_009901185.1	PRJNA578301	Tanzania	ST10	O73:H31	O73	H31	fumC11:fimH23	A	210717	50.86	4871864
GCA_009901165.1	PRJNA578301	Tanzania	ST10	O9a:H9	O9a	H9	fumC11:fimH54	A	129948	50.88	4830382
GCA_009901145.1	PRJNA578301	Tanzania	ST10	O9a:H9	O9a	H9	fumC11:fimH54	A	148554	50.91	4766290
GCA_009901125.1	PRJNA578301	Tanzania	ST10	O113:H4	O113	H4	fumC11:fimH24	A	158502	50.57	4971573
GCA_009900625.1	PRJNA578301	Tanzania	ST10	O153:H21	O153	H21	fumC11:fimH24	A	227174	50.86	4752528
GCA_009900645.1	PRJNA578301	Tanzania	ST10	O153:H21	O153	H21	fumC464:fimH24	A	227174	51.33	5286776
GCA_009900585.1	PRJNA578301	Tanzania	ST10	O153:H21	O153	H21	fumC11:fimH24	A	149971	50.84	4744654
GCA_009900425.1	PRJNA578301	Tanzania	ST10	O9a:H9	O9a	H9	fumC11:fimH54	A	124709	50.87	4631696
GCA_009900285.1	PRJNA578301	Tanzania	ST10	O8:H17	O8	H17	fumC11:fimH43	A	155603	50.87	4993602
GCA_009900075.1	PRJNA578301	Tanzania	ST10	O13/O129:H11	O13/O129	H11	fumC11:fimH27	A	138257	50.79	4909482
GCA_009825265.1	PRJNA578301	Tanzania	ST10	O101:H10	O101	H10	fumC11:Unknown	A	104447	50.75	4843141
GCA_009825195.1	PRJNA578301	Tanzania	ST10	Unknown	ND	ND	fumC11:fimH54	A	138048	50.79	4865441
GCA_009825065.1	PRJNA578301	Tanzania	ST10	O9a:H9	O9a	H9	fumC11:Unknown	A	87300	52	6654516
GCA_009824835.1	PRJNA578301	Tanzania	ST10	O51:H4	O51	H4	fumC11:fimH24	A	163188	50.73	4680920
GCA_009824745.1	PRJNA578301	Tanzania	ST10	O150:H9	O150	H9	fumC11:fimH54	Unknown	13544	50.39	6077196
GCA_009824615.1	PRJNA578301	Tanzania	ST10	O6:H9	O6	H9	fumC11:fimH54	A	105398	50.5	5273025
GCA_009824555.1	PRJNA578301	Tanzania	ST10	Unknown	ND	ND	fumC11:fimH54	A	138048	50.77	4851959
GCA_009824475.1	PRJNA578301	Tanzania	ST10	Unknown	ND	ND	fumC11:fimH54	A	135316	50.76	4851314
GCA_009824425.1	PRJNA578301	Tanzania	ST10	Unknown	ND	ND	fumC11:fimH54	A	137955	50.78	4856387
GCA_009824335.1	PRJNA578301	Tanzania	ST10	Unknown	ND	ND	fumC11:fimH54	A	174322	50.73	4870603
GCA_009824295.1	PRJNA578301	Tanzania	ST10	O159:H4	O159	H4	fumC11:fimH27	A	203721	50.41	4866211
GCA_009824215.1	PRJNA578301	Tanzania	ST10	O154:H4	O154	H4	fumC11:fimH54	A	101803	50.85	4519544
GCA_009824205.1	PRJNA578301	Tanzania	ST10	O19:H19	O19	H19	fumC11:fimH24	A	211001	50.89	4806058
GCA_009824195.1	PRJNA578301	Tanzania	ST10	Unknown	ND	ND	fumC11:fimH54	A	138048	50.74	4874590
GCA_009823945.1	PRJNA578301	Tanzania	ST10	O50:H19	O50	H19	fumC11:fimH25	A	134452	50.77	4765907
GCA_009823885.1	PRJNA578301	Tanzania	ST10	O13/O129:H48	O13/O129	H48	fumC11:fimH32	A	133408	50.76	4642120
GCA_009798605.1	PRJNA578301	Tanzania	ST10	O128ac:H12	O128ac	H12	fumC11:fimH54	A	167959	50.61	4657336
GCA_009793215.1	PRJNA578301	Tanzania	ST10	O51:H4	O51	H4	fumC11:fimH24	A	188117	50.7	4743072
GCA_009793445.1	PRJNA578301	Tanzania	ST10	O51:H4	O51	H4	fumC11:fimH24	A	179595	50.69	4744257
GCA_009795645.1	PRJNA578301	Tanzania	ST10	O51:H4	O51	H4	fumC11:fimH24	A	187823	50.69	4741736
GCA_009795595.1	PRJNA578301	Tanzania	ST10	O51:H4	O51	H4	fumC11:fimH24	A	188117	50.69	4748624
GCA_009795575.1	PRJNA578301	Tanzania	ST10	O51:H4	O51	H4	fumC11:fimH24	A	179841	50.68	4744757
GCA_009794485.1	PRJNA578301	Tanzania	ST10	O69:H10	O69	H10	fumC11:fimH24	A	186028	50.81	5030893
GCA_009793945.1	PRJNA578301	Tanzania	ST10	O107:H27	O107	H27	fumC11:fimH54	Unknown	118540	50.29	5530902
GCA_009793715.1	PRJNA578301	Tanzania	ST10	O29:H10	O29	H10	fumC11:fimH24	A	186024	50.68	4979234
GCA_009793665.1	PRJNA578301	Tanzania	ST10	O51:H4	O51	H4	fumC11:fimH24	A	179595	50.7	4742791
GCA_009793645.1	PRJNA578301	Tanzania	ST10	O51:H4	O51	H4	fumC11:fimH24	A	179841	50.69	4740544
GCA_009793635.1	PRJNA578301	Tanzania	ST10	O51:H4	O51	H4	fumC11:fimH24	A	169883	50.72	4786391
GCA_009793615.1	PRJNA578301	Tanzania	ST10	O51:H4	O51	H4	fumC11:fimH24	A	188117	50.7	4743119
GCA_009793505.1	PRJNA578301	Tanzania	ST10	O51:H4	O51	H4	fumC11:fimH24	A	167571	50.68	4747631
GCA_011763315.1	PRJNA578301	Tanzania	ST10	O68:H12	O68	H12	fumC11:fimH23	A	109496	50.39	4973003
GCA_011763295.1	PRJNA578301	Tanzania	ST10	O51:H4	O51	H4	fumC11:fimH24	A	155629	50.73	4685269
GCA_011763275.1	PRJNA578301	Tanzania	ST10	O81:H27	O81	H27	fumC11:fimH23	A	90929	50.74	4704788
GCA_011763135.1	PRJNA578301	Tanzania	ST10	O51:H4	O51	H4	fumC11:fimH24	A	168393	50.7	4743936
GCA_011763075.1	PRJNA578301	Tanzania	ST10	O81:H27	O81	H27	fumC11:fimH23	A	90929	50.77	4700115
GCA_011317975.1	PRJNA578301	Tanzania	ST10	O9a:H9	O9a	H9	fumC11:fimH54	A	197175	50.89	4778956
GCA_011317875.1	PRJNA578301	Tanzania	ST10	O9a:H9	O9a	H9	fumC11:fimH54	A	291116	50.89	4782945
GCA_011318395.1	PRJNA578301	Tanzania	ST10	O71:H48	O71	H48	fumC11:fimH54	A	112242	50.31	4995943
GCA_040713015.1	PRJNA828150	unknown	ST101	O8:H8	O8	H8	fumC41:fimH86	B1	90012	50.37	5290290
GCA_040712905.1	PRJNA828150	unknown	ST101	O51:H21	O51	H21	fumC41:fimH86	B1	149166	50.7	4933580
GCA_968485245.1	PRJEB73590	Ethiopia, Tanzania, Mozambique and Nigeria,	ST101	O39:H8	O39	H8	fumC41:fimH86	B1	182651	50.53	5296956
GCA_966506985.1	PRJEB73590	Ethiopia, Tanzania, Mozambique and Nigeria,	ST101	O171:H31	O171	H31	fumC41:fimH86	B1	244208	50.56	5548064
GCA_966565245.1	PRJEB73590	Ethiopia, Tanzania, Mozambique and Nigeria,	ST101	O39:H8	O39	H8	fumC41:fimH86	B1	201186	50.62	5098407
GCA_001420165.1	PRJNA293513	Tanzania	ST101	O117:H12	O117	H12	fumC41:fimH86	B1	146554	50.74	4993747
GCA_009901205.1	PRJNA578301	Tanzania	ST101	O93:H8	O93	H8	fumC41:fimH34	B1	186728	50.52	4879559
GCA_009825055.1	PRJNA578301	Tanzania	ST101	O23:H21	O23	H21	fumC41:fimH86	B1	229756	50.53	5064409
GCA_009767125.1	PRJNA578301	Tanzania	ST101	O23:H21	O23	H21	fumC41:fimH86	B1	229756	50.53	5064409
GCA_009761965.1	PRJNA578301	Tanzania	ST101	O93:H8	O93	H8	fumC41:fimH34	B1	186728	50.52	4879559
GCA_966569185.1	PRJEB73590	Ethiopia, Tanzania, Mozambique and Nigeria,	ST1011	O15:H45	O15	H45	fumC4:fimH31	E	708604	50.66	4760392
GCA_009798185.1	PRJNA578301	Tanzania	ST10306	O181:H49	O181	H49	fumC6:fimH32	B1	225419	50.81	4808771
GCA_009767245.1	PRJNA578301	Tanzania	ST10306	O181:H49	O181	H49	fumC6:fimH32	B1	225419	50.81	4808540
GCA_009824955.1	PRJNA578301	Tanzania	ST1056	O174:H28	O174	H28	fumC19:fimH31	B1	192434	50.82	4733845
GCA_009766365.1	PRJNA578301	Tanzania	ST1056	Unknown	ND	ND	fumC19:fimH31	B1	154829	50.63	4837090
GCA_037049245.1	PRJNA1076681	unknown	ST1057	O75:H5	O75	H5	fumC14:fimH27	B2	94982	50.41	5213366
GCA_037049165.1	PRJNA1076681	unknown	ST1057	O75:H5	O75	H5	fumC14:fimH27	B2	98018	50.42	5217334
GCA_025536535.1	PRJNA738374	Senegal	ST10648	O71:H19	O71	H19	fumC90:fimH31	E	182256	50.32	5392615
GCA_013112335.1	PRJNA616250	Gambia	ST10654	O152:H31	O152	H31	fumC58:fimH124	E	4706754	50.63	4706754
GCA_009824375.1	PRJNA578301	Tanzania	ST1079	O6:H49	O6	H49	fumC19:fimH32	B1	118051	50.54	5447830
GCA_009795685.1	PRJNA578301	Tanzania	ST1079	O6:H49	O6	H49	fumC19:fimH32	B1	217471	50.74	5014871
GCA_009793605.1	PRJNA578301	Tanzania	ST1079	O6:H49	O6	H49	fumC19:fimH32	B1	202972	50.71	4996049
GCA_009793565.1	PRJNA578301	Tanzania	ST1079	O6:H49	O6	H49	fumC19:fimH32	B1	185465	50.71	4996919
GCA_009766725.1	PRJNA578301	Tanzania	ST1079	O6:H49	O6	H49	fumC19:fimH32	B1	118051	50.54	5447830
GCA_009762105.1	PRJNA578301	Tanzania	ST1079	O6:H49	O6	H49	fumC19:fimH32	B1	202972	50.71	4995981
GCA_011318775.1	PRJNA578301	Tanzania	ST1079	O6:H49	O6	H49	fumC19:fimH32	B1	217471	50.72	5005337
GCA_964205695.1	PRJEB71714	Tanzania	ST10955	Unknown	ND	ND	fumC19:Unknown	B1	135530	50.72	5098092
GCA_049379965.1	PRJNA473419	Ghana	ST11	O157:H7	O157	H7	fumC12:fimH82	E	160352	50.17	5222426
GCA_050113095.1	PRJNA1096457	Niger	ST11025	O51:H12	O51	H12	fumC6:fimH35	B1	5006586	50.74	5269811
GCA_050112955.1	PRJNA1096457	Niger	ST11025	O51:H12	O51	H12	fumC6:fimH35	B1	5004461	50.75	5274718
GCA_049546855.1	PRJNA1096457	Niger	ST11025	O51:H12	O51	H12	fumC6:fimH35	B1	5007667	50.74	5276553
GCA_040418005.1	PRJNA1096457	Niger	ST11025	Unknown	ND	ND	fumC6:fimH35	B1	73330	50.75	5161892
GCA_040418415.1	PRJNA1096457	Niger	ST11025	Unknown	ND	ND	fumC6:fimH35	B1	67802	50.78	5067185
GCA_040418285.1	PRJNA1096457	Niger	ST11025	Unknown	ND	ND	fumC6:fimH35	B1	69563	50.74	5147690
GCA_040418185.1	PRJNA1096457	Niger	ST11025	O51:H12	O51	H12	fumC6:fimH35	B1	120185	50.7	5072511
GCA_040418165.1	PRJNA1096457	Niger	ST11025	Unknown	ND	ND	fumC6:fimH35	B1	96240	50.72	5133967
GCA_040417605.1	PRJNA1096457	Niger	ST11025	Unknown	ND	ND	fumC6:fimH35	B1	87608	50.74	5143909
GCA_040416835.1	PRJNA1096457	Niger	ST11025	O51:H12	O51	H12	fumC6:fimH35	B1	96083	50.69	5177676
GCA_040416725.1	PRJNA1096457	Niger	ST11025	O51:H12	O51	H12	fumC6:fimH35	B1	130134	50.71	5157801
GCA_009766555.1	PRJNA578301	Tanzania	ST111	O8:H49	O8	H49	fumC29:fimH38	B1	300315	50.88	4899740
GCA_009761885.1	PRJNA578301	Tanzania	ST111	O8:H49	O8	H49	fumC29:fimH38	B1	300552	50.74	4960909
GCA_001420045.1	PRJNA293513	Tanzania	ST1139	O8:H9	O8	H9	fumC7:fimH122	A	100589	50.6	4871379
GCA_966513525.1	PRJEB73590	Ethiopia, Tanzania, Mozambique and Nigeria,	ST11407	Unknown	ND	ND	fumC11:fimH54	A	179428	50.49	5063031
GCA_966545915.1	PRJEB73590	Ethiopia, Tanzania, Mozambique and Nigeria,	ST11407	Unknown	ND	ND	fumC11:fimH54	A	175931	50.51	5038344
GCA_966563025.1	PRJEB73590	Ethiopia, Tanzania, Mozambique and Nigeria,	ST11407	Unknown	ND	ND	fumC11:fimH54	A	175931	50.51	5036572
GCA_966550935.1	PRJEB73590	Ethiopia, Tanzania, Mozambique and Nigeria,	ST11407	Unknown	ND	ND	fumC11:fimH54	A	177070	50.43	5179851
GCA_966501635.1	PRJEB73590	Ethiopia, Tanzania, Mozambique and Nigeria,	ST1141	O113:H4	O113	H4	fumC11:fimH25	A	117205	50.49	5147522
GCA_966561825.1	PRJEB73590	Ethiopia, Tanzania, Mozambique and Nigeria,	ST1141	O113:H4	O113	H4	fumC11:fimH25	A	130976	50.49	5146320
GCA_966505755.1	PRJEB73590	Ethiopia, Tanzania, Mozambique and Nigeria,	ST1141	O113:H4	O113	H4	fumC11:fimH32	Unknown	156519	50.17	5477778
GCA_966562545.1	PRJEB73590	Ethiopia, Tanzania, Mozambique and Nigeria,	ST1141	O113:H4	O113	H4	fumC11:fimH25	A	119418	50.5	5156441
GCA_966552115.1	PRJEB73590	Ethiopia, Tanzania, Mozambique and Nigeria,	ST1141	O113:H4	O113	H4	fumC11:fimH25	A	103204	50.76	6610378
GCA_001420125.1	PRJNA293513	Tanzania	ST1147	O128ac:H35	O128ac	H35	fumC4:fimH25	B1	184780	50.79	4785019
GCA_040713395.1	PRJNA828150	unknown	ST115	O102:H6	O102	H6	fumC26:fimH1283	D	90316	50.4	5700218
GCA_040713175.1	PRJNA828150	unknown	ST115	Unknown	ND	ND	fumC26:fimH270	D	53088	50.37	5906758
GCA_040712485.1	PRJNA828150	unknown	ST115	O102:H6	O102	H6	fumC26:fimH1283	D	89352	50.44	5684117
GCA_009766375.1	PRJNA578301	Tanzania	ST11583	Unknown	ND	ND	fumC412:fimH31	E	431531	50.67	5127163
GCA_009766645.1	PRJNA578301	Tanzania	ST11583	Unknown	ND	ND	fumC412:fimH31	E	431531	50.62	5108495
GCA_009793825.1	PRJNA578301	Tanzania	ST11584	O38:H39	O38	H39	fumC148:fimH2529	Unknown	255975	50.64	4891335
GCA_964007235.1	PRJEB71714	Tanzania	ST1161	O20:H5	O20	H5	fumC44:fimH154	B2	243664	50.43	4946080
GCA_964006255.1	PRJEB71714	Tanzania	ST1163	O8:H16	O8	H16	fumC45:Unknown	G	31346	50.7	4886737
GCA_966572635.1	PRJEB73590	Ethiopia, Tanzania, Mozambique and Nigeria,	ST11659	Unknown	ND	ND	fumC4:fimH2547	B1	51217	50.48	4701788
GCA_037046845.1	PRJNA1076681	unknown	ST117	O161:H4	O161	H4	fumC45:fimH97	G	122749	50.58	5108185
GCA_037048745.1	PRJNA1076681	unknown	ST117	O161:H4	O161	H4	fumC45:fimH97	G	122330	50.58	5102885
GCA_040713365.1	PRJNA828150	unknown	ST117	O79:H4	O79	H4	fumC45:fimH1775	G	159383	50.58	5478734
GCA_040712975.1	PRJNA828150	unknown	ST117	Unknown	ND	ND	fumC45:fimH97	G	140506	50.65	5229164
GCA_040712725.1	PRJNA828150	unknown	ST117	O131:H4	O131	H4	fumC45:fimH97	G	197832	50.7	5152667
GCA_009900185.1	PRJNA578301	Tanzania	ST11732	Unknown	ND	ND	fumC23:fimH31	B1	142299	50.69	4917429
GCA_001677475.2	PRJNA241122	unknown	ST1176	O36:H14	O36	H14	fumC171:fimH929	D	5498453	50.4	5848780
GCA_037047275.1	PRJNA1076681	unknown	ST1177	O1:H15	O1	H15	fumC26:fimH65	D	86147	50.52	5194869
GCA_030024425.1	PRJNA962793	Nigeria	ST1178	O130:H26	O130	H26	fumC27:Unknown	A	88695	51.99	5584508
GCA_030024545.1	PRJNA962793	Nigeria	ST1178	O130:H26	O130	H26	fumC27:Unknown	A	112783	50.62	4774517
GCA_964006415.1	PRJEB71714	Tanzania	ST1193	O18ac:H5	O18ac	H5	fumC14:fimH64	B2	81517	50.55	5179706
GCA_964006885.1	PRJEB71714	Tanzania	ST1193	O153:H5	O153	H5	fumC14:fimH64	B2	196097	50.57	5038118
GCA_964007085.1	PRJEB71714	Tanzania	ST1193	O75:H5	O75	H5	fumC14:fimH64	B2	196097	50.52	5077624
GCA_964007405.1	PRJEB71714	Tanzania	ST1193	O75:H5	O75	H5	fumC14:fimH64	B2	178157	50.52	5076470
GCA_964006515.1	PRJEB71714	Tanzania	ST1193	O75:H5	O75	H5	fumC14:fimH64	B2	183380	50.6	5031117
GCA_964006975.1	PRJEB71714	Tanzania	ST1193	O75:H5	O75	H5	fumC14:fimH64	B2	183380	50.56	5078690
GCA_964007465.1	PRJEB71714	Tanzania	ST1193	O153:H5	O153	H5	fumC14:fimH64	B2	87399	50.51	5065355
GCA_964006845.1	PRJEB71714	Tanzania	ST1193	O75:H5	O75	H5	fumC14:fimH457	B2	74769	50.48	5168341
GCA_964006665.1	PRJEB71714	Tanzania	ST1193	O18ac:H5	O18ac	H5	fumC14:fimH64	B2	174956	50.64	5054567
GCA_964205935.1	PRJEB71714	Tanzania	ST1193	Unknown	ND	ND	fumC14:fimH64	B2	196508	50.57	4973953
GCA_964206095.1	PRJEB71714	Tanzania	ST1193	O18ac:H5	O18ac	H5	fumC14:fimH64	B2	172272	50.65	5073534
GCA_964205885.1	PRJEB71714	Tanzania	ST1193	O18ac:H5	O18ac	H5	fumC14:fimH64	B2	197002	50.61	5098546
GCA_964205465.1	PRJEB71714	Tanzania	ST1193	O75:H5	O75	H5	fumC14:fimH64	B2	196912	50.51	5093814
GCA_964205955.1	PRJEB71714	Tanzania	ST1193	O75:H5	O75	H5	fumC14:fimH64	B2	178096	50.5	5078796
GCA_964206335.1	PRJEB71714	Tanzania	ST1193	O75:H5	O75	H5	fumC14:fimH64	B2	189832	50.5	5118219
GCA_964206235.1	PRJEB71714	Tanzania	ST1193	O18ac:H5	O18ac	H5	fumC14:fimH64	B2	137131	50.64	5049742
GCA_964206145.1	PRJEB71714	Tanzania	ST1193	O18ac:H5	O18ac	H5	fumC14:fimH64	B2	136807	50.63	5042706
GCA_037048365.1	PRJNA1076681	unknown	ST1196	O21:H28	O21	H28	fumC6:fimH31	B1	87350	50.59	5147245
GCA_970374035.1	PRJEB73590	Ethiopia, Tanzania, Mozambique and Nigeria,	ST1196	O91:H28	O91	H28	fumC6:Unknown	B1	258965	50.84	5094921
GCA_907164105.1	PRJEB42795	Rwanda	ST1196	O91:H28	O91	H28	fumC6:fimH149	B1	259441	50.81	5150973
GCA_022488305.1	PRJNA806525	Sudan and Zambia	ST1196	Unknown	ND	ND	fumC6:fimH31	A	4659975	50.07	4659975
GCA_037048975.1	PRJNA1076681	unknown	ST12	O4:H1	O4	H1	fumC13:Unknown	B2	145241	50.44	5245701
GCA_037048825.1	PRJNA1076681	unknown	ST12	O4:H1	O4	H1	fumC13:Unknown	B2	119591	50.43	5242968
GCA_037048145.1	PRJNA1076681	unknown	ST12	O4:H1	O4	H1	fumC13:fimH106	B2	114350	50.44	5263334
GCA_037048005.1	PRJNA1076681	unknown	ST12	O4:H1	O4	H1	fumC13:fimH106	B2	114356	50.44	5266776
GCA_037047865.1	PRJNA1076681	unknown	ST12	O4:H1	O4	H1	fumC13:fimH106	B2	113263	50.44	5265317
GCA_040712825.1	PRJNA828150	unknown	ST12	O4:H40	O4	H40	fumC13:fimH5	B2	371213	50.55	4930523
GCA_907163435.1	PRJEB42795	Rwanda	ST12	O4:H40	O4	H40	fumC13:fimH1502	B2	228493	50.29	5477081
GCA_907163395.1	PRJEB42795	Rwanda	ST12	O4:H40	O4	H40	fumC13:fimH1502	B2	365601	50.29	5479672
GCA_964007065.1	PRJEB71714	Tanzania	ST12	O4:H1	O4	H1	fumC13:fimH106	B2	173908	50.39	5320238
GCA_964007315.1	PRJEB71714	Tanzania	ST12	O4:H5	O4	H5	fumC13:fimH386	B2	131555	50.46	5317962
GCA_037047115.1	PRJNA1076681	unknown	ST120	O9a:H21	O9a	H21	fumC4:Unknown	A	37371	50.92	4751988
GCA_966564135.1	PRJEB73590	Ethiopia, Tanzania, Mozambique and Nigeria,	ST120	O9:H21	O9	H21	fumC4:fimH1079	B1	53097	50.89	4971086
GCA_964006745.1	PRJEB71714	Tanzania	ST120	O9:H21	O9	H21	fumC4:fimH1079	B1	42746	50.83	4868452
GCA_040712795.1	PRJNA828150	unknown	ST12435	O93:H16	O93	H16	fumC95:fimH31	A	186278	50.62	4969550
GCA_040712365.1	PRJNA828150	unknown	ST12436	O6:H16	O6	H16	fumC11:fimH34	A	75765	50.55	5443446
GCA_966513755.1	PRJEB73590	Ethiopia, Tanzania, Mozambique and Nigeria,	ST126	O13/O129:H4	O13/O129	H4	fumC43:fimH2	B2	293130	50.76	4612412
GCA_037049185.1	PRJNA1076681	unknown	ST127	O6:H31	O6	H31	fumC14:fimH54	B2	116428	50.34	5141612
GCA_037047725.1	PRJNA1076681	unknown	ST127	O6:H31	O6	H31	fumC14:fimH54	B2	116433	50.33	5143887
GCA_022967975.1	PRJNA823741	Ghana	ST127	O6:H31	O6	H31	fumC14:fimH2	B2	132761	50.4	5206655
GCA_964006625.1	PRJEB71714	Tanzania	ST127	O6:H31	O6	H31	fumC14:fimH2	B2	307168	50.44	5068405
GCA_964205665.1	PRJEB71714	Tanzania	ST127	O6:H31	O6	H31	fumC14:fimH180	B2	245880	50.44	5088314
GCA_964206215.1	PRJEB71714	Tanzania	ST127	O6:H31	O6	H31	fumC14:fimH2	B2	302444	50.43	5060687
GCA_050113035.1	PRJNA1096457	Niger	ST1284	O101:H21	O101	H21	fumC4:Unknown	A	4790906	50.77	5103492
GCA_050112995.1	PRJNA1096457	Niger	ST1284	O101:H21	O101	H21	fumC4:Unknown	A	4798169	50.71	5200937
GCA_050112915.1	PRJNA1096457	Niger	ST1284	O101:H21	O101	H21	fumC4:Unknown	A	4791123	50.77	5103727
GCA_049546905.1	PRJNA1096457	Niger	ST1284	O101:H21	O101	H21	fumC4:Unknown	A	4790858	50.75	4862954
GCA_040415895.1	PRJNA1096457	Niger	ST1284	O101:H21	O101	H21	fumC4:Unknown	A	69294	50.74	5006239
GCA_040415765.1	PRJNA1096457	Niger	ST1284	O101:H21	O101	H21	fumC4:Unknown	A	104265	50.71	5013227
GCA_040415625.1	PRJNA1096457	Niger	ST1284	O101:H21	O101	H21	fumC4:Unknown	A	55077	50.77	4961539
GCA_040418865.1	PRJNA1096457	Niger	ST1284	O101:H21	O101	H21	fumC4:Unknown	A	104480	50.71	5011037
GCA_040418785.1	PRJNA1096457	Niger	ST1284	O101:H21	O101	H21	fumC4:Unknown	A	82259	50.66	5113794
GCA_040418655.1	PRJNA1096457	Niger	ST1284	O101:H21	O101	H21	fumC4:Unknown	A	77916	50.74	4985112
GCA_040418345.1	PRJNA1096457	Niger	ST1284	O101:H21	O101	H21	fumC4:Unknown	A	87661	50.72	4988998
GCA_040417565.1	PRJNA1096457	Niger	ST1284	O101:H21	O101	H21	fumC4:Unknown	A	88830	50.71	5014758
GCA_040417545.1	PRJNA1096457	Niger	ST1284	O101:H21	O101	H21	fumC4:Unknown	A	88379	50.7	5006171
GCA_040417115.1	PRJNA1096457	Niger	ST1284	O101:H21	O101	H21	fumC4:Unknown	A	104472	50.64	5121455
GCA_040417075.1	PRJNA1096457	Niger	ST1284	O101:H21	O101	H21	fumC4:Unknown	A	84673	50.65	5118057
GCA_040416745.1	PRJNA1096457	Niger	ST1284	O101:H21	O101	H21	fumC4:Unknown	A	88830	50.67	5084698
GCA_040416305.1	PRJNA1096457	Niger	ST1284	O101:H21	O101	H21	fumC4:Unknown	A	79519	50.72	5009209
GCA_040416235.1	PRJNA1096457	Niger	ST1284	O101:H21	O101	H21	fumC4:Unknown	A	66645	50.75	4988841
GCA_040416115.1	PRJNA1096457	Niger	ST1284	O101:H21	O101	H21	fumC4:Unknown	A	65117	50.74	4994396
GCA_040416055.1	PRJNA1096457	Niger	ST1284	O101:H21	O101	H21	fumC4:Unknown	A	87659	50.72	4985674
GCA_907164195.1	PRJEB42795	Rwanda	ST1284	O101:H9	O101	H9	fumC4:Unknown	A	92314	50.75	5082977
GCA_907164185.1	PRJEB42795	Rwanda	ST1284	O101:H9	O101	H9	fumC4:Unknown	A	106415	50.71	5017966
GCA_907164165.1	PRJEB42795	Rwanda	ST1284	O101:H9	O101	H9	fumC4:Unknown	A	103414	50.69	4928592
GCA_907164055.1	PRJEB42795	Rwanda	ST1284	O101:H9	O101	H9	fumC4:Unknown	A	90675	50.68	4927798
GCA_907164125.1	PRJEB42795	Rwanda	ST1284	O101:H9	O101	H9	fumC4:Unknown	A	136212	50.72	5112657
GCA_964007495.1	PRJEB71714	Tanzania	ST1284	O101:H21	O101	H21	fumC4:Unknown	A	91008	50.68	4793483
GCA_964206065.1	PRJEB71714	Tanzania	ST1284	O101:H21	O101	H21	fumC4:Unknown	A	110367	50.68	4795932
GCA_964205965.1	PRJEB71714	Tanzania	ST1284	O101:H9	O101	H9	fumC4:Unknown	A	89211	50.69	4912730
GCA_964006935.1	PRJEB71714	Tanzania	ST1286	Unknown	ND	ND	fumC174:fimH27	A	74767	50.52	5236804
GCA_009799225.1	PRJNA578301	Tanzania	ST1286	O16:H40	O16	H40	fumC174:fimH54	A	132654	50.48	5189268
GCA_009762025.1	PRJNA578301	Tanzania	ST1286	O16:H40	O16	H40	fumC174:fimH54	A	132654	50.48	5189742
GCA_009900265.1	PRJNA578301	Tanzania	ST1288	O9a:H9	O9a	H9	fumC11:fimH54	A	251415	50.77	4859277
GCA_011318075.1	PRJNA578301	Tanzania	ST1288	O9a:H9	O9a	H9	fumC11:fimH54	A	231406	50.77	4864771
GCA_966559695.1	PRJEB73590	Ethiopia, Tanzania, Mozambique and Nigeria,	ST129	O170:H7	O170	H7	fumC23:fimH38	B1	220780	50.74	4771125
GCA_009798525.1	PRJNA578301	Tanzania	ST129	O153:H12	O153	H12	fumC23:fimH38	B1	198347	50.56	5218323
GCA_009767025.1	PRJNA578301	Tanzania	ST129	O7:H7	O7	H7	fumC23:fimH38	B1	145125	50.81	5128469
GCA_009767015.1	PRJNA578301	Tanzania	ST129	O153:H12	O153	H12	fumC23:fimH38	B1	198347	50.56	5218323
GCA_009900365.1	PRJNA578301	Tanzania	ST1294	O9a:H30	O9a	H30	fumC99:Unknown	A	126278	50.88	4869932
GCA_009767405.1	PRJNA578301	Tanzania	ST1294	O9a:H30	O9a	H30	fumC99:Unknown	A	106032	50.83	5006594
GCA_011318055.1	PRJNA578301	Tanzania	ST1294	O9a:H30	O9a	H30	fumC99:Unknown	A	126278	50.95	4714634
GCA_011318035.1	PRJNA578301	Tanzania	ST1294	O9a:H30	O9a	H30	fumC99:Unknown	A	105311	50.93	4706837
GCA_011317995.1	PRJNA578301	Tanzania	ST1294	O9a:H30	O9a	H30	fumC99:Unknown	A	103449	50.88	4796431
GCA_011317915.1	PRJNA578301	Tanzania	ST1294	O9a:H30	O9a	H30	fumC99:fimH3308	A	129709	50.76	5127828
GCA_011317925.1	PRJNA578301	Tanzania	ST1294	O9a:H30	O9a	H30	fumC99:Unknown	A	126278	50.88	4816673
GCA_037047175.1	PRJNA1076681	unknown	ST131	O25:H4	O25	H4	fumC40:fimH30	B2	123599	50.73	5123945
GCA_037049825.1	PRJNA1076681	unknown	ST131	O25:H4	O25	H4	fumC40:fimH30	B2	213911	50.68	5329880
GCA_037049765.1	PRJNA1076681	unknown	ST131	O25:H4	O25	H4	fumC40:fimH30	B2	123597	50.68	5018786
GCA_037046935.1	PRJNA1076681	unknown	ST131	O25:H4	O25	H4	fumC40:fimH30	B2	130866	50.77	5250905
GCA_037049305.1	PRJNA1076681	unknown	ST131	O25:H4	O25	H4	fumC40:fimH30	B2	99499	50.63	5370277
GCA_037049145.1	PRJNA1076681	unknown	ST131	O25:H4	O25	H4	fumC40:fimH30	B2	110620	50.72	5105196
GCA_037049065.1	PRJNA1076681	unknown	ST131	O25:H4	O25	H4	fumC40:fimH30	B2	111125	50.72	5243916
GCA_037049045.1	PRJNA1076681	unknown	ST131	O25:H4	O25	H4	fumC40:fimH30	B2	110753	50.63	5368490
GCA_037048945.1	PRJNA1076681	unknown	ST131	O16:H5	O16	H5	fumC40:fimH41	B2	118913	50.5	5259652
GCA_037048485.1	PRJNA1076681	unknown	ST131	O25:H4	O25	H4	fumC40:fimH30	B2	117678	50.69	5145754
GCA_037048425.1	PRJNA1076681	unknown	ST131	O25:H4	O25	H4	fumC40:fimH30	B2	128387	50.69	5154194
GCA_037048405.1	PRJNA1076681	unknown	ST131	O25:H4	O25	H4	fumC40:fimH30	B2	97499	50.76	5096937
GCA_037048265.1	PRJNA1076681	unknown	ST131	O25:H4	O25	H4	fumC40:fimH30	B2	123594	50.71	5106782
GCA_037048185.1	PRJNA1076681	unknown	ST131	O25:H4	O25	H4	fumC40:fimH30	B2	103649	50.62	5262842
GCA_037048105.1	PRJNA1076681	unknown	ST131	O25:H4	O25	H4	fumC40:fimH30	B2	142556	50.63	5293638
GCA_037047925.1	PRJNA1076681	unknown	ST131	O25:H4	O25	H4	fumC40:fimH30	B2	117473	50.73	5159952
GCA_037047825.1	PRJNA1076681	unknown	ST131	O25:H4	O25	H4	fumC40:fimH30	B2	110982	50.76	5152953
GCA_037047685.1	PRJNA1076681	unknown	ST131	O25:H4	O25	H4	fumC40:fimH30	B2	112923	50.74	5241275
GCA_037047645.1	PRJNA1076681	unknown	ST131	O25:H4	O25	H4	fumC40:fimH30	B2	122649	50.55	5344393
GCA_037047605.1	PRJNA1076681	unknown	ST131	O16:H5	O16	H5	fumC40:fimH41	B2	114170	50.77	4924057
GCA_037047525.1	PRJNA1076681	unknown	ST131	O25:H4	O25	H4	fumC40:fimH30	B2	114982	50.72	5192561
GCA_037047485.1	PRJNA1076681	unknown	ST131	O16:H5	O16	H5	fumC40:fimH41	B2	130639	50.49	5257382
GCA_037047345.1	PRJNA1076681	unknown	ST131	O25:H4	O25	H4	fumC40:fimH30	B2	112353	50.71	5106604
GCA_037047245.1	PRJNA1076681	unknown	ST131	O25:H4	O25	H4	fumC40:fimH30	B2	107471	50.76	5284994
GCA_040716695.1	PRJNA828150	unknown	ST131	O25:H4	O25	H4	fumC40:fimH22	B2	248065	50.38	5559193
GCA_040713425.1	PRJNA828150	unknown	ST131	O25:H4	O25	H4	fumC40:fimH22	B2	365153	50.52	5222927
GCA_970664135.1	PRJEB73590	Ethiopia, Tanzania, Mozambique and Nigeria,	ST131	O16:H5	O16	H5	fumC40:fimH41	B2	239930	50.7	5152786
GCA_972176395.1	PRJEB73590	Ethiopia, Tanzania, Mozambique and Nigeria,	ST131	O16:H5	O16	H5	fumC40:fimH41	B2	244181	50.7	4988814
GCA_972176215.1	PRJEB73590	Ethiopia, Tanzania, Mozambique and Nigeria,	ST131	O25:H4	O25	H4	fumC40:fimH30	B2	168689	50.78	5021279
GCA_966502205.1	PRJEB73590	Ethiopia, Tanzania, Mozambique and Nigeria,	ST131	O25:H4	O25	H4	fumC40:fimH30	B2	217772	50.75	5064064
GCA_966555405.1	PRJEB73590	Ethiopia, Tanzania, Mozambique and Nigeria,	ST131	O25:H4	O25	H4	fumC40:fimH30	B2	243760	50.75	5165058
GCA_018972265.1	PRJNA737575	Ethopia	ST131	O25:H4	O25	H4	fumC40:fimH30	B2	5181038	50.71	5337095
GCA_018972245.1	PRJNA737575	Ethopia	ST131	O25:H4	O25	H4	fumC40:fimH30	B2	5052030	50.77	5190273
GCA_018972225.1	PRJNA737575	Ethopia	ST131	O25:H4	O25	H4	fumC40:fimH22	B2	5099831	50.75	5212963
GCA_018972205.1	PRJNA737575	Ethopia	ST131	O25:H4	O25	H4	fumC40:fimH22	B2	5085697	50.66	5202633
GCA_019355495.1	PRJNA473419	Ghana	ST131	O25:H4	O25	H4	fumC40:fimH30	B2	5216726	50.79	5392098
GCA_009720065.1	PRJNA589205	Nigeria	ST131	O25:H4	O25	H4	fumC40:fimH30	B2	173083	50.79	5245824
GCA_030025055.1	PRJNA962793	Nigeria	ST131	O16:H5	O16	H5	fumC40:fimH41	B2	243624	50.74	5154594
GCA_030024465.1	PRJNA962793	Nigeria	ST131	O16:H5	O16	H5	fumC40:fimH41	B2	156210	50.42	5278227
GCA_907164375.1	PRJEB42795	Rwanda	ST131	O25:H4	O25	H4	fumC40:fimH30	B2	191839	50.76	5193590
GCA_907164365.1	PRJEB42795	Rwanda	ST131	O25:H4	O25	H4	fumC40:fimH30	B2	222782	50.75	5148220
GCA_907164245.1	PRJEB42795	Rwanda	ST131	O25:H4	O25	H4	fumC40:fimH30	B2	209851	50.75	5055383
GCA_907163915.1	PRJEB42795	Rwanda	ST131	O25:H4	O25	H4	fumC40:fimH30	B2	225267	50.7	5287108
GCA_907163825.1	PRJEB42795	Rwanda	ST131	O25:H4	O25	H4	fumC40:fimH30	B2	217740	50.76	5149936
GCA_907163815.1	PRJEB42795	Rwanda	ST131	O25:H4	O25	H4	fumC40:fimH30	B2	246470	50.74	5110065
GCA_907163765.1	PRJEB42795	Rwanda	ST131	O25:H4	O25	H4	fumC40:fimH30	B2	191000	50.74	5108629
GCA_907163805.1	PRJEB42795	Rwanda	ST131	O25:H4	O25	H4	fumC40:fimH30	B2	222782	50.76	5148998
GCA_907163735.1	PRJEB42795	Rwanda	ST131	O25:H4	O25	H4	fumC40:fimH30	B2	205093	50.7	5290876
GCA_907163705.1	PRJEB42795	Rwanda	ST131	O25:H4	O25	H4	fumC40:fimH30	B2	173821	50.74	5113558
GCA_907163635.1	PRJEB42795	Rwanda	ST131	O25:H4	O25	H4	fumC40:fimH30	B2	164040	50.74	5215489
GCA_907163605.1	PRJEB42795	Rwanda	ST131	O25:H4	O25	H4	fumC40:fimH30	B2	190820	50.74	5214376
GCA_907163625.1	PRJEB42795	Rwanda	ST131	O25:H4	O25	H4	fumC40:fimH30	B2	172022	50.74	5213250
GCA_907163575.1	PRJEB42795	Rwanda	ST131	O25:H4	O25	H4	fumC40:fimH30	B2	173342	50.74	5215304
GCA_907163515.1	PRJEB42795	Rwanda	ST131	O25:H4	O25	H4	fumC40:fimH30	B2	163437	50.74	5208592
GCA_964007325.1	PRJEB71714	Tanzania	ST131	O16:H5	O16	H5	fumC40:fimH41	B2	32165	50.63	4998312
GCA_964006995.1	PRJEB71714	Tanzania	ST131	O25:H4	O25	H4	fumC40:fimH30	B2	172957	50.63	5341217
GCA_964006755.1	PRJEB71714	Tanzania	ST131	O25:H4	O25	H4	fumC40:fimH30	B2	144771	50.76	5158886
GCA_964006505.1	PRJEB71714	Tanzania	ST131	O25:H4	O25	H4	fumC40:fimH30	B2	190971	50.74	5047947
GCA_964006915.1	PRJEB71714	Tanzania	ST131	O25:H4	O25	H4	fumC40:fimH30	B2	159034	50.36	5404737
GCA_964006905.1	PRJEB71714	Tanzania	ST131	O25:H4	O25	H4	fumC40:fimH30	B2	6878	50.29	5578439
GCA_964006405.1	PRJEB71714	Tanzania	ST131	O25:H4	O25	H4	fumC40:fimH30	B2	190971	50.6	5168098
GCA_964006475.1	PRJEB71714	Tanzania	ST131	O25:H4	O25	H4	fumC40:fimH30	B2	158933	50.6	5166343
GCA_964007005.1	PRJEB71714	Tanzania	ST131	O16:H5	O16	H5	fumC40:fimH41	B2	191640	50.57	5144565
GCA_964006385.1	PRJEB71714	Tanzania	ST131	O25:H4	O25	H4	fumC40:fimH30	B2	159109	50.64	5193690
GCA_964006175.1	PRJEB71714	Tanzania	ST131	O25:H4	O25	H4	fumC40:fimH30	B2	191964	50.66	5197050
GCA_964007025.1	PRJEB71714	Tanzania	ST131	O25:H4	O25	H4	fumC40:fimH30	B2	228236	50.58	5265170
GCA_964006395.1	PRJEB71714	Tanzania	ST131	O25:H4	O25	H4	fumC40:fimH30	B2	158934	50.6	5324155
GCA_964007255.1	PRJEB71714	Tanzania	ST131	O25:H4	O25	H4	fumC40:fimH30	B2	191691	50.48	5210761
GCA_964006875.1	PRJEB71714	Tanzania	ST131	O16:H5	O16	H5	fumC40:fimH41	B2	213027	50.57	5164508
GCA_964006635.1	PRJEB71714	Tanzania	ST131	O16:H5	O16	H5	fumC40:fimH41	B2	192138	50.75	4999078
GCA_964006865.1	PRJEB71714	Tanzania	ST131	O25:H4	O25	H4	fumC40:fimH30	B2	191306	50.6	5172696
GCA_964006615.1	PRJEB71714	Tanzania	ST131	O25:H4	O25	H4	fumC40:fimH30	B2	87879	50.65	5283595
GCA_964006325.1	PRJEB71714	Tanzania	ST131	O25:H4	O25	H4	fumC40:fimH30	B2	138704	50.71	5415111
GCA_964007285.1	PRJEB71714	Tanzania	ST131	O25:H4	O25	H4	fumC40:fimH30	B2	191839	50.6	5170483
GCA_964006185.1	PRJEB71714	Tanzania	ST131	O25:H4	O25	H4	fumC40:fimH30	B2	103884	50.63	5384683
GCA_964007035.1	PRJEB71714	Tanzania	ST131	O25:H4	O25	H4	fumC40:fimH30	B2	191909	50.61	5365599
GCA_964007055.1	PRJEB71714	Tanzania	ST131	O25:H4	O25	H4	fumC40:fimH30	B2	173684	50.61	5314563
GCA_964006795.1	PRJEB71714	Tanzania	ST131	O16:H5	O16	H5	fumC40:fimH41	B2	51427	50.69	5137350
GCA_964006555.1	PRJEB71714	Tanzania	ST131	O16:H5	O16	H5	fumC40:fimH41	B2	154594	50.67	5164255
GCA_964006315.1	PRJEB71714	Tanzania	ST131	O25:H4	O25	H4	fumC40:fimH30	B2	192026	50.6	5172482
GCA_964006545.1	PRJEB71714	Tanzania	ST131	O25:H4	O25	H4	fumC40:fimH30	B2	137798	50.67	5140705
GCA_964006945.1	PRJEB71714	Tanzania	ST131	O25:H4	O25	H4	fumC40:fimH30	B2	190796	50.62	5271024
GCA_964006725.1	PRJEB71714	Tanzania	ST131	O16:H5	O16	H5	fumC40:fimH41	B2	168045	50.57	5167159
GCA_964006965.1	PRJEB71714	Tanzania	ST131	O25:H4	O25	H4	fumC40:fimH30	B2	173573	50.59	5370905
GCA_964006355.1	PRJEB71714	Tanzania	ST131	O25:H4	O25	H4	fumC40:fimH30	B2	190971	50.6	5168908
GCA_964007445.1	PRJEB71714	Tanzania	ST131	O16:H5	O16	H5	fumC40:fimH41	B2	172016	50.62	5283258
GCA_964007225.1	PRJEB71714	Tanzania	ST131	O16:H5	O16	H5	fumC40:fimH41	B2	191367	50.74	5093830
GCA_964007215.1	PRJEB71714	Tanzania	ST131	O25:H4	O25	H4	fumC40:fimH30	B2	190971	50.51	5367337
GCA_964006855.1	PRJEB71714	Tanzania	ST131	O25:H4	O25	H4	fumC40:fimH30	B2	156627	50.66	5291131
GCA_964006225.1	PRJEB71714	Tanzania	ST131	O25:H4	O25	H4	fumC40:fimH30	B2	138707	50.62	5310506
GCA_964006015.1	PRJEB71714	Tanzania	ST131	O16:H5	O16	H5	fumC40:fimH41	B2	134640	50.58	5219721
GCA_964006685.1	PRJEB71714	Tanzania	ST131	O16:H5	O16	H5	fumC40:fimH41	B2	147205	50.63	5045427
GCA_964006205.1	PRJEB71714	Tanzania	ST131	O25:H4	O25	H4	fumC40:fimH30	B2	48789	50.72	5095753
GCA_964007395.1	PRJEB71714	Tanzania	ST131	O25:H4	O25	H4	fumC40:fimH30	B2	177347	50.63	5304328
GCA_964006675.1	PRJEB71714	Tanzania	ST131	O25:H4	O25	H4	fumC40:fimH30	B2	191513	50.68	5142893
GCA_964006025.1	PRJEB71714	Tanzania	ST131	O25:H4	O25	H4	fumC40:fimH30	B2	190647	50.64	5278524
GCA_964007355.1	PRJEB71714	Tanzania	ST131	O25:H4	O25	H4	fumC40:fimH30	B2	178338	50.6	5169030
GCA_964006265.1	PRJEB71714	Tanzania	ST131	O25:H4	O25	H4	fumC40:fimH30	B2	165543	50.61	5309796
GCA_964006055.1	PRJEB71714	Tanzania	ST131	O25:H4	O25	H4	fumC40:fimH30	B2	178568	50.81	5223309
GCA_964006295.1	PRJEB71714	Tanzania	ST131	O25:H4	O25	H4	fumC40:fimH30	B2	124102	50.65	5112343
GCA_964007175.1	PRJEB71714	Tanzania	ST131	O25:H4	O25	H4	fumC40:fimH30	B2	190971	50.75	5053179
GCA_964205485.1	PRJEB71714	Tanzania	ST131	O25:H4	O25	H4	fumC40:fimH30	B2	170603	50.58	5295069
GCA_964205525.1	PRJEB71714	Tanzania	ST131	O25:H4	O25	H4	fumC40:fimH30	B2	190935	50.82	5096181
GCA_964205925.1	PRJEB71714	Tanzania	ST131	O25:H4	O25	H4	fumC40:fimH30	B2	175045	50.6	5168567
GCA_964205495.1	PRJEB71714	Tanzania	ST131	O25:H4	O25	H4	fumC40:fimH30	B2	152216	50.6	5159455
GCA_964205785.1	PRJEB71714	Tanzania	ST131	O25:H4	O25	H4	fumC40:fimH30	B2	206849	50.6	5175442
GCA_964205655.1	PRJEB71714	Tanzania	ST131	O25:H4	O25	H4	fumC40:fimH30	B2	135410	50.63	5281882
GCA_964205535.1	PRJEB71714	Tanzania	ST131	O16:H5	O16	H5	fumC40:fimH41	B2	172963	50.69	4953403
GCA_964205565.1	PRJEB71714	Tanzania	ST131	O25:H4	O25	H4	fumC40:fimH30	B2	190806	50.6	5171148
GCA_964205995.1	PRJEB71714	Tanzania	ST131	O25:H4	O25	H4	fumC40:fimH30	B2	212464	50.27	5443303
GCA_964205635.1	PRJEB71714	Tanzania	ST131	O25:H4	O25	H4	fumC40:fimH30	B2	190992	50.6	5167731
GCA_964206045.1	PRJEB71714	Tanzania	ST131	O25:H4	O25	H4	fumC40:fimH30	B2	124089	50.73	5000167
GCA_964205595.1	PRJEB71714	Tanzania	ST131	O25:H4	O25	H4	fumC40:fimH30	B2	166206	50.6	5170891
GCA_964205365.1	PRJEB71714	Tanzania	ST131	O25:H4	O25	H4	fumC40:fimH30	B2	162945	50.6	5166731
GCA_964205545.1	PRJEB71714	Tanzania	ST131	O25:H4	O25	H4	fumC40:fimH30	B2	180617	50.6	5167449
GCA_964205425.1	PRJEB71714	Tanzania	ST131	O25:H4	O25	H4	fumC40:fimH30	B2	124139	50.6	5158804
GCA_964205505.1	PRJEB71714	Tanzania	ST131	O25:H4	O25	H4	fumC40:fimH30	B2	191981	50.6	5169281
GCA_964205905.1	PRJEB71714	Tanzania	ST131	O153:H4	O153	H4	fumC40:fimH30	B2	240327	50.63	5236702
GCA_964205585.1	PRJEB71714	Tanzania	ST131	O16:H5	O16	H5	fumC40:fimH41	B2	222419	50.54	5110451
GCA_964205745.1	PRJEB71714	Tanzania	ST131	O16:H5	O16	H5	fumC40:fimH41	B2	239476	50.53	5193195
GCA_964205945.1	PRJEB71714	Tanzania	ST131	O25:H4	O25	H4	fumC40:fimH30	B2	112718	50.68	5182265
GCA_964205825.1	PRJEB71714	Tanzania	ST131	O25:H4	O25	H4	fumC40:fimH30	B2	203380	50.6	5173875
GCA_964205705.1	PRJEB71714	Tanzania	ST131	O25:H4	O25	H4	fumC40:fimH30	B2	191342	50.6	5174409
GCA_964205675.1	PRJEB71714	Tanzania	ST131	O25:H4	O25	H4	fumC40:fimH30	B2	58918	50.6	5146446
GCA_964206005.1	PRJEB71714	Tanzania	ST131	O16:H5	O16	H5	fumC40:fimH41	B2	56515	50.7	4860022
GCA_964205555.1	PRJEB71714	Tanzania	ST131	O25:H4	O25	H4	fumC40:fimH30	B2	117753	50.6	5159374
GCA_964205435.1	PRJEB71714	Tanzania	ST131	O25:H4	O25	H4	fumC40:fimH30	B2	13004	50.42	5944057
GCA_964205715.1	PRJEB71714	Tanzania	ST131	O25:H4	O25	H4	fumC40:fimH30	B2	206849	50.6	5174052
GCA_964205725.1	PRJEB71714	Tanzania	ST131	O25:H4	O25	H4	fumC40:fimH30	B2	169607	50.6	5419730
GCA_964206025.1	PRJEB71714	Tanzania	ST131	O25:H4	O25	H4	fumC40:fimH30	B2	206850	50.6	5190166
GCA_964205455.1	PRJEB71714	Tanzania	ST131	O16:H5	O16	H5	fumC40:fimH41	B2	225457	50.59	5208825
GCA_964205975.1	PRJEB71714	Tanzania	ST131	O25:H4	O25	H4	fumC40:fimH30	B2	94423	50.56	5402000
GCA_964205855.1	PRJEB71714	Tanzania	ST131	O25:H4	O25	H4	fumC40:fimH30	B2	165542	50.6	5166346
GCA_964206575.1	PRJEB71714	Tanzania	ST131	O25:H4	O25	H4	fumC40:fimH30	B2	145245	50.63	5292527
GCA_964206605.1	PRJEB71714	Tanzania	ST131	O25:H4	O25	H4	fumC40:fimH30	B2	156275	50.65	5373479
GCA_964206175.1	PRJEB71714	Tanzania	ST131	O16:H5	O16	H5	fumC40:fimH41	B2	132603	50.56	5125557
GCA_964206505.1	PRJEB71714	Tanzania	ST131	O25:H4	O25	H4	fumC40:fimH30	B2	190971	50.68	5135813
GCA_964206185.1	PRJEB71714	Tanzania	ST131	O25:H4	O25	H4	fumC40:fimH30	B2	90842	50.66	5112531
GCA_964206585.1	PRJEB71714	Tanzania	ST131	O25:H4	O25	H4	fumC40:fimH30	B2	190796	50.61	5268811
GCA_964206225.1	PRJEB71714	Tanzania	ST131	O25:H4	O25	H4	fumC40:fimH30	B2	135410	50.74	5242293
GCA_964206355.1	PRJEB71714	Tanzania	ST131	O16:H5	O16	H5	fumC40:fimH41	B2	190889	50.56	5165652
GCA_964206565.1	PRJEB71714	Tanzania	ST131	O16:H5	O16	H5	fumC40:fimH41	B2	180780	50.56	5162148
GCA_964206535.1	PRJEB71714	Tanzania	ST131	O25:H4	O25	H4	fumC40:fimH30	B2	181151	50.3	5471606
GCA_964206375.1	PRJEB71714	Tanzania	ST131	O16:H5	O16	H5	fumC40:fimH41	B2	180816	50.67	5166587
GCA_964206255.1	PRJEB71714	Tanzania	ST131	O25:H4	O25	H4	fumC40:fimH30	B2	162868	50.62	5368697
GCA_964206415.1	PRJEB71714	Tanzania	ST131	O25:H4	O25	H4	fumC40:fimH30	B2	126051	50.67	5119835
GCA_964206525.1	PRJEB71714	Tanzania	ST131	O25:H4	O25	H4	fumC40:fimH30	B2	159797	50.64	5293706
GCA_964206405.1	PRJEB71714	Tanzania	ST131	O16:H5	O16	H5	fumC40:fimH41	B2	136617	50.75	4993219
GCA_964206545.1	PRJEB71714	Tanzania	ST131	O16:H5	O16	H5	fumC40:fimH41	B2	145314	50.61	5092607
GCA_964006105.1	PRJEB71714	Tanzania	ST131	O16:H5	O16	H5	fumC40:fimH41	B2	190889	50.55	5249461
GCA_969164985.1	PRJEB73590	Ethiopia, Tanzania, Mozambique and Nigeria,	ST1312	O25:H16	O25	H16	fumC11:fimH198	A	68277	50.6	5368126
GCA_040415705.1	PRJNA1096457	Niger	ST13159	O101:H9	O101	H9	fumC11:Unknown	A	67093	50.68	4975437
GCA_040713275.1	PRJNA828150	unknown	ST134	Unknown	ND	ND	fumC44:fimH9	B2	321982	50.51	5073161
GCA_040713035.1	PRJNA828150	unknown	ST134	Unknown	ND	ND	fumC44:fimH9	B2	132401	50.51	5151743
GCA_040716715.1	PRJNA828150	unknown	ST135	O83:H1	O83	H1	fumC39:fimH2	B2	339762	50.76	5012851
GCA_970368215.1	PRJEB73590	Ethiopia, Tanzania, Mozambique and Nigeria,	ST1380	O17/O44:H18	O17/O44	H18	fumC35:fimH47	D	226344	50.49	5167240
GCA_022968495.1	PRJNA823741	Ghana	ST13846	O15:H18	O15	H18	fumC35:fimH27	D	13132	50.6	5803192
GCA_022968455.1	PRJNA823741	Ghana	ST13846	O15:H18	O15	H18	fumC35:fimH27	D	186239	50.64	4967815
GCA_964006735.1	PRJEB71714	Tanzania	ST14	O18ac:H5	O18ac	H5	fumC14:fimH27	B2	151661	50.41	5398284
GCA_907163745.1	PRJEB42795	Rwanda	ST1408	O13/O129:H30	O13/O129	H30	fumC7:fimH86	A	231608	50.41	4987160
GCA_964206195.1	PRJEB71714	Tanzania	ST14110	O66:H25	O66	H25	fumC11:Unknown	A	84718	50.54	4972642
GCA_966519245.1	PRJEB73590	Ethiopia, Tanzania, Mozambique and Nigeria,	ST1415	O155:H34	O155	H34	fumC464:fimH444	A	97648	51.42	5351932
GCA_966563755.1	PRJEB73590	Ethiopia, Tanzania, Mozambique and Nigeria,	ST1421	O9:H4	O9	H4	fumC7:fimH370	A	61129	50.7	4968183
GCA_907163385.1	PRJEB42795	Rwanda	ST1421	O9:H4	O9	H4	fumC7:fimH34	A	102646	50.48	4988832
GCA_907163415.1	PRJEB42795	Rwanda	ST1421	O9:H4	O9	H4	fumC7:fimH34	A	113540	50.47	4990688
GCA_009766445.1	PRJNA578301	Tanzania	ST14216	O9a:H30	O9a	H30	fumC99:Unknown	A	96180	50.46	4897906
GCA_009766675.1	PRJNA578301	Tanzania	ST14216	O9a:H30	O9a	H30	fumC99:Unknown	A	96180	50.46	4897906
GCA_009766295.1	PRJNA578301	Tanzania	ST14217	Unknown	ND	ND	fumC463:fimH31	E	404707	50.51	5229085
GCA_011318595.1	PRJNA578301	Tanzania	ST14217	Unknown	ND	ND	fumC463:fimH31	E	404707	50.51	5230264
GCA_970042025.1	PRJEB73590	Ethiopia, Tanzania, Mozambique and Nigeria,	ST1431	O8:H30	O8	H30	fumC65:fimH32	B1	194562	50.83	4857596
GCA_964205755.1	PRJEB71714	Tanzania	ST1431	O8:H19	O8	H19	fumC65:fimH32	B1	167322	50.68	4919412
GCA_040712635.1	PRJNA828150	unknown	ST1463	O18ac:H7	O18ac	H7	fumC95:fimH31	B1	135721	50.44	5275035
GCA_037048885.1	PRJNA1076681	unknown	ST1485	O83:H42	O83	H42	fumC231:fimH58	F	351730	50.23	5415437
GCA_009901505.1	PRJNA578301	Tanzania	ST14927	Unknown	ND	ND	fumC6:fimH32	B1	138098	50.45	5465413
GCA_009901325.1	PRJNA578301	Tanzania	ST14927	Unknown	ND	ND	fumC6:fimH32	B1	135265	50.4	5546441
GCA_009900945.1	PRJNA578301	Tanzania	ST14927	Unknown	ND	ND	fumC6:fimH32	B1	124423	50.39	5560063
GCA_009900865.1	PRJNA578301	Tanzania	ST14927	Unknown	ND	ND	fumC6:fimH32	B1	120718	50.37	5573123
GCA_009824735.1	PRJNA578301	Tanzania	ST14928	O106:H49	O106	H49	fumC224:fimH1082	D	580174	50.34	5088812
GCA_009900835.1	PRJNA578301	Tanzania	ST14929	Unknown	ND	ND	fumC19:fimH31	A	160875	50.7	5039695
GCA_009901465.1	PRJNA578301	Tanzania	ST14930	Unknown	ND	ND	fumC23:fimH25	B1	125541	50.33	5427291
GCA_009901405.1	PRJNA578301	Tanzania	ST14930	Unknown	ND	ND	fumC23:fimH25	B1	134959	50.33	5424234
GCA_009900885.1	PRJNA578301	Tanzania	ST14930	Unknown	ND	ND	fumC23:fimH25	B1	119165	50.34	5428488
GCA_009901485.1	PRJNA578301	Tanzania	ST14931	O184:H6	O184	H6	fumC186:fimH370	D	189657	50.04	5798758
GCA_009901365.1	PRJNA578301	Tanzania	ST14931	O184:H6	O184	H6	fumC186:fimH370	D	189657	50.19	5592632
GCA_009901385.1	PRJNA578301	Tanzania	ST14931	O184:H6	O184	H6	fumC186:fimH370	D	201064	50.16	5534135
GCA_009901295.1	PRJNA578301	Tanzania	ST14931	O184:H6	O184	H6	fumC186:fimH370	D	213948	50.19	5605416
GCA_009901285.1	PRJNA578301	Tanzania	ST14931	O184:H6	O184	H6	fumC186:fimH370	D	219320	50.19	5606474
GCA_009900925.1	PRJNA578301	Tanzania	ST14931	O184:H6	O184	H6	fumC186:fimH370	D	201061	50.19	5611770
GCA_009901425.1	PRJNA578301	Tanzania	ST14932	O18ac:H21	O18ac	H21	fumC19:fimH1238	B1	160400	50.44	5417801
GCA_009901445.1	PRJNA578301	Tanzania	ST14932	O18ac:H21	O18ac	H21	fumC19:fimH1238	B1	139644	50.46	5485202
GCA_009900445.1	PRJNA578301	Tanzania	ST14933	O25:H16	O25	H16	fumC11:fimH198	A	101050	50.85	4639369
GCA_009900345.1	PRJNA578301	Tanzania	ST14933	O25:H16	O25	H16	fumC11:fimH198	A	94565	50.85	4645228
GCA_009901025.1	PRJNA578301	Tanzania	ST14934	O131:H19	O131	H19	fumC7:fimH86	A	123348	50.77	5038653
GCA_009900225.1	PRJNA578301	Tanzania	ST14934	O131:H19	O131	H19	fumC7:fimH86	A	150851	50.86	4743652
GCA_009766285.1	PRJNA578301	Tanzania	ST14935	O87:H19	O87	H19	fumC193:fimH124	E	721961	50.62	4913735
GCA_009765595.1	PRJNA578301	Tanzania	ST14935	O87:H19	O87	H19	fumC193:fimH124	E	721276	50.65	4881625
GCA_009901065.1	PRJNA578301	Tanzania	ST14936	O131:H5	O131	H5	fumC11:fimH54	B1	16639	50.48	5441035
GCA_009900485.1	PRJNA578301	Tanzania	ST14936	O131:H5	O131	H5	fumC11:fimH54	B1	197805	50.74	4859384
GCA_009799135.1	PRJNA578301	Tanzania	ST14937	O110:H5	O110	H5	fumC7:fimH24	A	145520	50.91	4748041
GCA_009798685.1	PRJNA578301	Tanzania	ST14937	O150:H5	O150	H5	fumC7:fimH24	Unknown	113795	50.57	5213556
GCA_009798205.1	PRJNA578301	Tanzania	ST14937	O110:H5	O110	H5	fumC7:fimH24	A	99755	50.87	4791347
GCA_009798065.1	PRJNA578301	Tanzania	ST14937	O110:H5	O110	H5	fumC7:fimH24	A	136829	50.91	4721071
GCA_009766655.1	PRJNA578301	Tanzania	ST14937	O150:H5	O150	H5	fumC7:fimH24	Unknown	113795	50.57	5201928
GCA_009797975.1	PRJNA578301	Tanzania	ST14939	O15:H45	O15	H45	fumC4:fimH108	E	295910	50.5	5210222
GCA_011319095.1	PRJNA578301	Tanzania	ST14939	O15:H45	O15	H45	fumC4:fimH108	E	295910	50.6	5069560
GCA_009766355.1	PRJNA578301	Tanzania	ST14940	O139:H46	O139	H46	fumC371:fimH1356	E	395184	50.4	5263580
GCA_011762975.1	PRJNA578301	Tanzania	ST14940	O139:H46	O139	H46	fumC371:fimH1356	E	736104	50.39	5262535
GCA_011762935.1	PRJNA578301	Tanzania	ST14940	O139:H46	O139	H46	fumC371:fimH1356	E	394801	50.41	5266241
GCA_011762915.1	PRJNA578301	Tanzania	ST14940	O139:H46	O139	H46	fumC371:fimH1356	E	734361	50.4	5269645
GCA_011762895.1	PRJNA578301	Tanzania	ST14940	O139:H46	O139	H46	fumC371:fimH1356	E	734361	50.39	5264310
GCA_011762875.1	PRJNA578301	Tanzania	ST14940	O139:H46	O139	H46	fumC371:fimH1356	E	736104	50.4	5263759
GCA_011762855.1	PRJNA578301	Tanzania	ST14940	O139:H46	O139	H46	fumC371:fimH1356	E	330181	50.4	5266111
GCA_011762835.1	PRJNA578301	Tanzania	ST14940	O139:H46	O139	H46	fumC371:fimH1356	E	352069	50.4	5264277
GCA_011762815.1	PRJNA578301	Tanzania	ST14940	O139:H46	O139	H46	fumC371:fimH1356	E	374968	50.36	4934666
GCA_011762795.1	PRJNA578301	Tanzania	ST14940	O139:H46	O139	H46	fumC371:fimH1356	E	736104	50.4	5263713
GCA_011762695.1	PRJNA578301	Tanzania	ST14940	O139:H46	O139	H46	fumC371:fimH1356	E	330211	50.34	5296543
GCA_011318795.1	PRJNA578301	Tanzania	ST14940	O139:H46	O139	H46	fumC371:fimH1356	E	734361	50.38	5272104
GCA_011318715.1	PRJNA578301	Tanzania	ST14940	O139:H46	O139	H46	fumC371:fimH1356	E	395184	50.4	5263805
GCA_011762955.1	PRJNA578301	Tanzania	ST14941	O116:H45	O116	H45	fumC209:fimH31	E	1202997	50.53	4848213
GCA_009799195.1	PRJNA578301	Tanzania	ST14943	O7:H24	O7	H24	fumC218:fimH31	D	273456	50.62	4921865
GCA_011318895.1	PRJNA578301	Tanzania	ST14944	O9:H6	O9	H6	fumC4:fimH23	A	294545	50.72	4990003
GCA_972785745.1	PRJEB73590	Ethiopia, Tanzania, Mozambique and Nigeria,	ST15139	Unknown	ND	ND	fumC578:fimH32	B1	180334	50.62	4891017
GCA_966647675.1	PRJEB73590	Ethiopia, Tanzania, Mozambique and Nigeria,	ST15141	O101:H9	O101	H9	fumC11:fimH54	A	116463	50.73	4996651
GCA_968696885.1	PRJEB73590	Ethiopia, Tanzania, Mozambique and Nigeria,	ST15142	O88:H25	O88	H25	fumC961:fimH121	B1	185419	50.76	5042409
GCA_967842765.1	PRJEB73590	Ethiopia, Tanzania, Mozambique and Nigeria,	ST15143	Unknown	ND	ND	fumC7:fimH31	A	74480	50.57	4560357
GCA_964206465.1	PRJEB71714	Tanzania	ST152	Unknown	ND	ND	fumC63:Unknown	Unknown	21979	50.9	4433546
GCA_033802305.1	PRJNA1028407	South Affrica	ST15201	O71:H18	O71	H18	fumC186:fimH1353	E	197516	50.42	5019788
GCA_032970735.1	PRJNA1028407	South Affrica	ST15201	O71:H18	O71	H18	fumC186:fimH1353	E	211410	50.4	5048327
GCA_032970605.1	PRJNA1028407	South Affrica	ST15201	O71:H18	O71	H18	fumC186:fimH1353	E	197714	50.4	5043843
GCA_968902015.1	PRJEB73590	Ethiopia, Tanzania, Mozambique and Nigeria,	ST15237	O15:H21	O15	H21	fumC501:fimH86	B1	168413	50.58	5189259
GCA_968484755.1	PRJEB73590	Ethiopia, Tanzania, Mozambique and Nigeria,	ST15237	O15:H21	O15	H21	fumC501:fimH86	B1	77228	45.05	8205920
GCA_967844355.1	PRJEB73590	Ethiopia, Tanzania, Mozambique and Nigeria,	ST15237	O15:H21	O15	H21	fumC501:fimH86	B1	168413	50.62	5174182
GCA_974806985.1	PRJEB73590	Ethiopia, Tanzania, Mozambique and Nigeria,	ST15257	O112ab:H8	O112ab	H8	fumC6:fimH35	B1	167642	50.42	5309908
GCA_037047195.1	PRJNA1076681	unknown	ST155	O149:H51	O149	H51	fumC4:fimH32	B1	133293	50.55	5105271
GCA_037047075.1	PRJNA1076681	unknown	ST155	O149:H51	O149	H51	fumC4:fimH32	B1	87802	50.57	5094003
GCA_037047035.1	PRJNA1076681	unknown	ST155	O149:H51	O149	H51	fumC4:fimH32	B1	79728	50.56	5086437
GCA_037047015.1	PRJNA1076681	unknown	ST155	O149:H51	O149	H51	fumC4:fimH32	B1	133319	50.56	5115248
GCA_040716765.1	PRJNA828150	unknown	ST155	Unknown	ND	ND	fumC4:fimH366	B1	104955	50.67	4949802
GCA_040716665.1	PRJNA828150	unknown	ST155	Unknown	ND	ND	fumC4:fimH366	B1	102839	50.57	5014229
GCA_040716565.1	PRJNA828150	unknown	ST155	Unknown	ND	ND	fumC4:fimH366	B1	102515	50.68	4909247
GCA_040713885.1	PRJNA828150	unknown	ST155	O51:H17	O51	H17	fumC4:fimH32	B1	175236	50.6	5273141
GCA_966544875.1	PRJEB73590	Ethiopia, Tanzania, Mozambique and Nigeria,	ST155	O21:H12	O21	H12	fumC4:fimH121	B1	103762	50.41	5786090
GCA_966555435.1	PRJEB73590	Ethiopia, Tanzania, Mozambique and Nigeria,	ST155	O21:H12	O21	H12	fumC464:Unknown	B1	87618	51.59	6341309
GCA_966574735.1	PRJEB73590	Ethiopia, Tanzania, Mozambique and Nigeria,	ST155	O170:H25	O170	H25	fumC4:fimH121	B1	214011	50.69	4980764
GCA_966560795.1	PRJEB73590	Ethiopia, Tanzania, Mozambique and Nigeria,	ST155	O88:H21	O88	H21	fumC4:fimH121	B1	193703	50.74	5059116
GCA_022968215.1	PRJNA823741	Ghana	ST155	Unknown	ND	ND	fumC4:fimH366	B1	118999	50.56	4659426
GCA_907163305.1	PRJEB42795	Rwanda	ST155	O45:H12	O45	H12	fumC4:fimH121	B1	264342	50.61	5331611
GCA_964007045.1	PRJEB71714	Tanzania	ST155	O21:H12	O21	H12	fumC4:fimH121	B1	140055	50.76	4705666
GCA_964006035.1	PRJEB71714	Tanzania	ST155	O86:H51	O86	H51	fumC4:fimH24	B1	135935	50.73	4839215
GCA_964206055.1	PRJEB71714	Tanzania	ST155	O9a:H10	O9a	H10	fumC4:fimH27	B1	69081	50.68	4850995
GCA_964205895.1	PRJEB71714	Tanzania	ST155	O25:H51	O25	H51	fumC4:fimH31	B1	145735	50.54	4680580
GCA_964006285.1	PRJEB71714	Tanzania	ST155	O21:H12	O21	H12	fumC4:fimH121	B1	154583	50.86	4770558
GCA_964006075.1	PRJEB71714	Tanzania	ST155	O21:H12	O21	H12	fumC4:fimH121	B1	143479	50.86	4770812
GCA_009799155.1	PRJNA578301	Tanzania	ST155	O88:H21	O88	H21	fumC4:fimH121	B1	141618	50.61	5175702
GCA_009798405.1	PRJNA578301	Tanzania	ST155	O153:H12	O153	H12	fumC4:Unknown	B1	177516	50.76	4752518
GCA_009794055.1	PRJNA578301	Tanzania	ST155	O88:H21	O88	H21	fumC4:fimH121	B1	153891	50.37	5632253
GCA_009793775.1	PRJNA578301	Tanzania	ST155	O88:H21	O88	H21	fumC4:fimH121	B1	169882	50.57	5350622
GCA_964006565.1	PRJEB71714	Tanzania	ST15503	O17/O44:H18	O17/O44	H18	fumC35:fimH27	D	110911	50.77	5372768
GCA_964006595.1	PRJEB71714	Tanzania	ST15564	O18ac:H5	O18ac	H5	fumC14:fimH27	B2	114068	50.49	5303723
GCA_037048625.1	PRJNA1076681	unknown	ST156	O88:H25	O88	H25	fumC29:fimH38	B1	87468	50.68	4842933
GCA_040713315.1	PRJNA828150	unknown	ST156	Unknown	ND	ND	fumC29:fimH38	B1	134407	50.69	5339682
GCA_040712775.1	PRJNA828150	unknown	ST156	O160:H30	O160	H30	fumC29:fimH38	B1	199297	50.49	5074752
GCA_968939255.1	PRJEB73590	Ethiopia, Tanzania, Mozambique and Nigeria,	ST156	O113:H10	O113	H10	fumC29:fimH38	B1	192927	50.72	5054264
GCA_970832865.1	PRJEB73590	Ethiopia, Tanzania, Mozambique and Nigeria,	ST156	O51:H40	O51	H40	fumC29:fimH38	B1	215442	50.6	5136706
GCA_907164155.1	PRJEB42795	Rwanda	ST156	O174:H28	O174	H28	fumC29:fimH38	B1	161230	50.77	4884162
GCA_022488245.1	PRJNA806525	Sudan and Zambia	ST156	Unknown	ND	ND	fumC29:fimH38	A	4642198	50.38	4642198
GCA_964206435.1	PRJEB71714	Tanzania	ST156	O115:H10	O115	H10	fumC29:fimH38	B1	163065	50.56	4968238
GCA_009762205.1	PRJNA578301	Tanzania	ST156	O174:H28	O174	H28	fumC29:fimH38	B1	162701	50.48	5111458
GCA_053164715.1	PRJNA1121524	Malawi	ST1564	Unknown	ND	ND	fumC252:Unknown	A	4738856	50.97	4975478
GCA_966573945.1	PRJEB73590	Ethiopia, Tanzania, Mozambique and Nigeria,	ST159	Unknown	ND	ND	fumC7:fimH43	A	72512	50.66	4876166
GCA_009799475.1	PRJNA578301	Tanzania	ST1611	O125ab:H19	O125ab	H19	fumC4:fimH32	B1	192840	50.45	5292702
GCA_009795485.1	PRJNA578301	Tanzania	ST1611	O125ab:H19	O125ab	H19	fumC4:fimH32	B1	140896	50.66	4973701
GCA_009795465.1	PRJNA578301	Tanzania	ST1611	O125ab:H19	O125ab	H19	fumC4:fimH32	B1	155598	50.34	5117277
GCA_009795445.1	PRJNA578301	Tanzania	ST1611	O125ab:H19	O125ab	H19	fumC4:fimH32	B1	192840	50.71	4931118
GCA_009795385.1	PRJNA578301	Tanzania	ST1611	O125ab:H19	O125ab	H19	fumC4:fimH32	B1	192840	50.72	4939605
GCA_009795355.1	PRJNA578301	Tanzania	ST1611	O125ab:H19	O125ab	H19	fumC4:fimH32	B1	192840	50.65	5012866
GCA_009795315.1	PRJNA578301	Tanzania	ST1611	O125ab:H19	O125ab	H19	fumC4:fimH32	B1	192840	50.72	4936933
GCA_009795275.1	PRJNA578301	Tanzania	ST1611	O125ab:H19	O125ab	H19	fumC4:fimH32	B1	155447	50.7	4928507
GCA_009795265.1	PRJNA578301	Tanzania	ST1611	O125ab:H19	O125ab	H19	fumC4:fimH32	B1	147946	50.72	4932243
GCA_009795245.1	PRJNA578301	Tanzania	ST1611	O125ab:H21	O125ab	H21	fumC4:fimH32	B1	155448	50.5	5218401
GCA_009795215.1	PRJNA578301	Tanzania	ST1611	O125ab:H19	O125ab	H19	fumC4:fimH32	B1	155448	50.66	5064402
GCA_009795135.1	PRJNA578301	Tanzania	ST1611	O125ab:H19	O125ab	H19	fumC4:fimH32	B1	148132	50.76	4950292
GCA_009795095.1	PRJNA578301	Tanzania	ST1611	O125ab:H19	O125ab	H19	fumC4:fimH32	B1	155447	50.69	4958363
GCA_009795075.1	PRJNA578301	Tanzania	ST1611	O125ab:H19	O125ab	H19	fumC4:fimH32	B1	192840	50.7	4944073
GCA_009795065.1	PRJNA578301	Tanzania	ST1611	O91:H19	O91	H19	fumC4:fimH32	B1	155448	50.45	5336068
GCA_009794995.1	PRJNA578301	Tanzania	ST1611	O125ab:H19	O125ab	H19	fumC4:fimH32	B1	186170	50.72	4939698
GCA_009794915.1	PRJNA578301	Tanzania	ST1611	O125ab:H19	O125ab	H19	fumC4:fimH32	B1	186859	50.63	5147464
GCA_009794885.1	PRJNA578301	Tanzania	ST1611	O125ab:H19	O125ab	H19	fumC4:fimH32	B1	155517	50.71	4932606
GCA_009794875.1	PRJNA578301	Tanzania	ST1611	O91:H19	O91	H19	fumC4:fimH32	B1	135166	50.24	5478069
GCA_037048645.1	PRJNA1076681	unknown	ST162	O159:H51	O159	H51	fumC65:fimH32	B1	139053	50.57	4989823
GCA_966514505.1	PRJEB73590	Ethiopia, Tanzania, Mozambique and Nigeria,	ST162	O61:H19	O61	H19	fumC65:fimH27	B1	161102	49.94	5618453
GCA_964206325.1	PRJEB71714	Tanzania	ST162	O9:H21	O9	H21	fumC65:fimH32	B1	126384	50.39	5108338
GCA_009798085.1	PRJNA578301	Tanzania	ST162	O88:H21	O88	H21	fumC65:fimH32	B1	262734	50.53	5022712
GCA_970368205.1	PRJEB73590	Ethiopia, Tanzania, Mozambique and Nigeria,	ST1629	Unknown	ND	ND	fumC12:fimH342	E	483940	50.59	4848843
GCA_011318315.1	PRJNA578301	Tanzania	ST1629	Unknown	ND	ND	fumC12:fimH342	E	55533	50.51	5028063
GCA_969865425.1	PRJEB73590	Ethiopia, Tanzania, Mozambique and Nigeria,	ST1638	O41:H38	O41	H38	fumC11:fimH167	A	74359	50.8	4534464
GCA_009900165.1	PRJNA578301	Tanzania	ST1638	O99:H38	O99	H38	fumC11:Unknown	A	69274	50.89	4510878
GCA_009799085.1	PRJNA578301	Tanzania	ST164	O10:H42	O10	H42	fumC4:fimH86	B1	234800	50.61	5447863
GCA_009798425.1	PRJNA578301	Tanzania	ST164	O20:H8	O20	H8	fumC4:fimH1109	B1	164891	50.6	5010499
GCA_009767495.1	PRJNA578301	Tanzania	ST164	O10:H42	O10	H42	fumC4:fimH86	B1	205927	50.55	5388842
GCA_009767485.1	PRJNA578301	Tanzania	ST164	O20:H8	O20	H8	fumC4:fimH1109	B1	265081	50.61	5021462
GCA_011319155.1	PRJNA578301	Tanzania	ST164	O20:H8	O20	H8	fumC4:fimH1109	B1	265081	50.61	5021462
GCA_011318995.1	PRJNA578301	Tanzania	ST164	O20:H8	O20	H8	fumC4:fimH1109	B1	187528	50.61	5010057
GCA_040716605.1	PRJNA828150	unknown	ST1642	O8:H7	O8	H7	fumC4:fimH31	B1	615484	50.64	4902533
GCA_009794745.1	PRJNA578301	Tanzania	ST1642	Unknown	ND	ND	fumC4:fimH31	B1	333455	50.61	4753504
GCA_009794495.1	PRJNA578301	Tanzania	ST1642	Unknown	ND	ND	fumC4:fimH31	B1	251994	50.5	4799068
GCA_009794305.1	PRJNA578301	Tanzania	ST1642	Unknown	ND	ND	fumC4:fimH31	B1	471698	50.49	5066983
GCA_009794285.1	PRJNA578301	Tanzania	ST1642	Unknown	ND	ND	fumC4:fimH31	B1	471698	50.62	4755414
GCA_009794275.1	PRJNA578301	Tanzania	ST1642	Unknown	ND	ND	fumC4:fimH31	B1	287838	50.62	4755022
GCA_009794245.1	PRJNA578301	Tanzania	ST1642	Unknown	ND	ND	fumC4:fimH31	B1	471698	50.64	4760059
GCA_009794175.1	PRJNA578301	Tanzania	ST1642	Unknown	ND	ND	fumC4:fimH31	B1	471698	50.62	4756027
GCA_966502125.1	PRJEB73590	Ethiopia, Tanzania, Mozambique and Nigeria,	ST16465	Unknown	ND	ND	fumC22:fimH94	D	207779	50.55	5218252
GCA_966574595.1	PRJEB73590	Ethiopia, Tanzania, Mozambique and Nigeria,	ST16465	Unknown	ND	ND	fumC22:fimH94	D	147688	50.55	5202407
GCA_966572395.1	PRJEB73590	Ethiopia, Tanzania, Mozambique and Nigeria,	ST16465	Unknown	ND	ND	fumC22:fimH94	D	207907	50.55	5216884
GCA_966568625.1	PRJEB73590	Ethiopia, Tanzania, Mozambique and Nigeria,	ST16465	O113:H31	O113	H31	fumC22:fimH94	D	99397	50.17	5870227
GCA_966556195.1	PRJEB73590	Ethiopia, Tanzania, Mozambique and Nigeria,	ST16465	Unknown	ND	ND	fumC255:fimH94	D	152635	51.33	9752432
GCA_964205765.1	PRJEB71714	Tanzania	ST16469	O6:H1	O6	H1	fumC24:fimH94	B2	109474	50.36	5170991
GCA_000940455.1	PRJEB8306	Malawi	ST165	Unknown	ND	ND	fumC27:fimH603	A	11847	51.02	5148962
GCA_009900965.1	PRJNA578301	Tanzania	ST165	O51:H26	O51	H26	fumC27:fimH295	A	123386	50.91	4614094
GCA_009900505.1	PRJNA578301	Tanzania	ST165	O80:H16	O80	H16	fumC27:fimH41	A	207117	50.52	4908608
GCA_009900325.1	PRJNA578301	Tanzania	ST165	O51:H26	O51	H26	fumC27:fimH295	A	92907	50.92	4611281
GCA_970905335.1	PRJEB73590	Ethiopia, Tanzania, Mozambique and Nigeria,	ST16578	Unknown	ND	ND	fumC11:Unknown	A	243899	50.52	4561573
GCA_966519355.1	PRJEB73590	Ethiopia, Tanzania, Mozambique and Nigeria,	ST16581	O17/O44:H18	O17/O44	H18	fumC3:fimH54	D	234333	50.61	5249715
GCA_009794665.1	PRJNA578301	Tanzania	ST1665	O162:H7	O162	H7	fumC29:fimH31	B1	185894	50.58	4839461
GCA_009794605.1	PRJNA578301	Tanzania	ST1665	O162:H7	O162	H7	fumC29:fimH31	B1	168760	50.56	4827157
GCA_009794575.1	PRJNA578301	Tanzania	ST1665	O162:H7	O162	H7	fumC29:fimH31	B1	168760	50.56	4832303
GCA_009794565.1	PRJNA578301	Tanzania	ST1665	O162:H7	O162	H7	fumC29:fimH31	B1	168760	50.55	4840751
GCA_009794595.1	PRJNA578301	Tanzania	ST1665	O162:H7	O162	H7	fumC29:fimH31	B1	168760	50.56	4834889
GCA_009794585.1	PRJNA578301	Tanzania	ST1665	O162:H7	O162	H7	fumC29:fimH31	B1	168760	50.56	4832461
GCA_009794545.1	PRJNA578301	Tanzania	ST1665	O162:H7	O162	H7	fumC29:fimH31	B1	168760	50.66	4876837
GCA_009794435.1	PRJNA578301	Tanzania	ST1665	O162:H7	O162	H7	fumC29:fimH31	B1	168760	50.54	4839519
GCA_009794405.1	PRJNA578301	Tanzania	ST1665	O162:H7	O162	H7	fumC29:fimH31	B1	168760	50.57	4834126
GCA_009794395.1	PRJNA578301	Tanzania	ST1665	O162:H7	O162	H7	fumC29:fimH31	B1	168760	50.56	4828053
GCA_009794385.1	PRJNA578301	Tanzania	ST1665	O162:H7	O162	H7	fumC29:fimH31	B1	143396	50.57	4832169
GCA_009794365.1	PRJNA578301	Tanzania	ST1665	O162:H7	O162	H7	fumC29:fimH31	B1	168760	50.56	4826245
GCA_009794325.1	PRJNA578301	Tanzania	ST1665	O162:H7	O162	H7	fumC29:fimH31	B1	143396	50.57	4826907
GCA_009794205.1	PRJNA578301	Tanzania	ST1665	O162:H7	O162	H7	fumC29:fimH31	B1	161745	50.56	4825429
GCA_009794215.1	PRJNA578301	Tanzania	ST1665	O162:H7	O162	H7	fumC29:fimH31	B1	168760	50.56	4824492
GCA_009766665.1	PRJNA578301	Tanzania	ST1665	O162:H7	O162	H7	fumC29:fimH31	B1	168760	50.56	4832461
GCA_037049385.1	PRJNA1076681	unknown	ST167	O101:H21	O101	H21	fumC11:fimH54	A	82497	50.79	4834879
GCA_037049365.1	PRJNA1076681	unknown	ST167	O8:H9	O8	H9	fumC11:fimH5	A	75086	50.73	4931766
GCA_037049325.1	PRJNA1076681	unknown	ST167	O101:H21	O101	H21	fumC11:fimH54	A	70083	50.81	4878542
GCA_037047805.1	PRJNA1076681	unknown	ST167	O101:H10	O101	H10	fumC11:Unknown	A	73229	50.69	4879953
GCA_040712335.1	PRJNA828150	unknown	ST167	O101:H9	O101	H9	fumC11:fimH31	A	119517	50.69	5137068
GCA_052072985.1	PRJNA1298299	Egyptian	ST167	O101:H5	O101	H5	fumC11:Unknown	A	150168	50.77	4920799
GCA_052072855.1	PRJNA1298299	Egyptian	ST167	O101:H5	O101	H5	fumC11:Unknown	A	203660	50.7	4934622
GCA_052072795.1	PRJNA1298299	Egyptian	ST167	O8:H9	O8	H9	fumC11:Unknown	A	178383	50.74	5001907
GCA_052072695.1	PRJNA1298299	Egyptian	ST167	O101:H5	O101	H5	fumC11:Unknown	A	190831	50.74	5035872
GCA_025630975.1	PRJNA823741	Ghana	ST167	O101:H10	O101	H10	fumC11:fimH54	A	118922	50.83	4711974
GCA_045801095.1	PRJNA1192017	kenya	ST167	Unknown	ND	ND	fumC11:Unknown	A	137035	50.8	4934362
GCA_050113195.1	PRJNA1096457	Niger	ST167	O101:H9	O101	H9	fumC11:Unknown	A	4909618	50.64	5193595
GCA_050113175.1	PRJNA1096457	Niger	ST167	O101:H9	O101	H9	fumC11:Unknown	A	4682528	50.57	5292591
GCA_050113155.1	PRJNA1096457	Niger	ST167	O101:H9	O101	H9	fumC11:Unknown	A	4908279	50.64	5181058
GCA_050113135.1	PRJNA1096457	Niger	ST167	O101:H17	O101	H17	fumC11:Unknown	A	4835724	50.71	5175508
GCA_050113115.1	PRJNA1096457	Niger	ST167	O101:H9	O101	H9	fumC11:Unknown	A	4908281	50.64	5179137
GCA_050113075.1	PRJNA1096457	Niger	ST167	O101:H5	O101	H5	fumC11:Unknown	A	4891485	50.74	5133047
GCA_050113055.1	PRJNA1096457	Niger	ST167	O101:H9	O101	H9	fumC11:Unknown	A	4905741	50.65	5217691
GCA_050113015.1	PRJNA1096457	Niger	ST167	O101:H5	O101	H5	fumC11:Unknown	A	4891497	50.7	5170585
GCA_050112975.1	PRJNA1096457	Niger	ST167	O101:H9	O101	H9	fumC11:Unknown	A	4910838	50.62	5174040
GCA_050112935.1	PRJNA1096457	Niger	ST167	O101:H17	O101	H17	fumC11:Unknown	A	934963	50.72	5155252
GCA_050112895.1	PRJNA1096457	Niger	ST167	O101:H9	O101	H9	fumC11:Unknown	A	4910842	50.62	5212812
GCA_049546825.1	PRJNA1096457	Niger	ST167	O101:H5	O101	H5	fumC11:Unknown	A	4891645	50.79	5051904
GCA_040507365.1	PRJNA1096457	Niger	ST167	O101:H9	O101	H9	fumC11:Unknown	A	70607	50.65	5052775
GCA_040507325.1	PRJNA1096457	Niger	ST167	O101:H5	O101	H5	fumC11:Unknown	A	72174	50.71	5041256
GCA_040416705.1	PRJNA1096457	Niger	ST167	O101:H9	O101	H9	fumC11:Unknown	A	43671	50.72	4991288
GCA_040415955.1	PRJNA1096457	Niger	ST167	O101:H9	O101	H9	fumC11:Unknown	A	61158	50.65	5052230
GCA_040415975.1	PRJNA1096457	Niger	ST167	O101:H17	O101	H17	fumC11:Unknown	A	119229	50.67	5043166
GCA_040415915.1	PRJNA1096457	Niger	ST167	O101:H5	O101	H5	fumC11:Unknown	A	83699	50.72	4977366
GCA_040417825.1	PRJNA1096457	Niger	ST167	O101:H9	O101	H9	fumC11:Unknown	A	83692	50.63	5063471
GCA_040417765.1	PRJNA1096457	Niger	ST167	O101:H5	O101	H5	fumC11:Unknown	A	141400	50.73	4963188
GCA_040417785.1	PRJNA1096457	Niger	ST167	O101:H9	O101	H9	fumC11:Unknown	A	49922	50.69	5037755
GCA_040417745.1	PRJNA1096457	Niger	ST167	O101:H5	O101	H5	fumC11:Unknown	A	80167	50.73	5023298
GCA_040417925.1	PRJNA1096457	Niger	ST167	O101:H9	O101	H9	fumC11:Unknown	A	40460	50.74	5022439
GCA_040417905.1	PRJNA1096457	Niger	ST167	O101:H9	O101	H9	fumC11:Unknown	A	42060	50.69	5040267
GCA_040417875.1	PRJNA1096457	Niger	ST167	O101:H9	O101	H9	fumC11:Unknown	A	54201	50.64	5090477
GCA_040417845.1	PRJNA1096457	Niger	ST167	O101:H9	O101	H9	fumC11:Unknown	A	65440	50.66	5047132
GCA_040417865.1	PRJNA1096457	Niger	ST167	O101:H5	O101	H5	fumC11:Unknown	A	61357	50.73	5030618
GCA_040415905.1	PRJNA1096457	Niger	ST167	O101:H5	O101	H5	fumC11:Unknown	A	94295	50.69	5050005
GCA_040415875.1	PRJNA1096457	Niger	ST167	O101:H5	O101	H5	fumC11:Unknown	A	82002	50.7	5033423
GCA_040415855.1	PRJNA1096457	Niger	ST167	O101:H9	O101	H9	fumC11:Unknown	A	91118	50.62	5047172
GCA_040415815.1	PRJNA1096457	Niger	ST167	O101:H5	O101	H5	fumC11:Unknown	A	63693	50.78	4946469
GCA_040415805.1	PRJNA1096457	Niger	ST167	O101:H5	O101	H5	fumC11:Unknown	A	138816	50.68	5051775
GCA_040415795.1	PRJNA1096457	Niger	ST167	O101:H9	O101	H9	fumC11:Unknown	A	56402	50.66	5034938
GCA_040415755.1	PRJNA1096457	Niger	ST167	O101:H5	O101	H5	fumC11:Unknown	A	135304	50.74	4955139
GCA_040415685.1	PRJNA1096457	Niger	ST167	O101:H17	O101	H17	fumC11:Unknown	A	107457	50.67	5051624
GCA_040415675.1	PRJNA1096457	Niger	ST167	O101:H5	O101	H5	fumC11:Unknown	A	50367	50.76	5004818
GCA_040415665.1	PRJNA1096457	Niger	ST167	O101:H9	O101	H9	fumC11:Unknown	A	51730	50.66	5051479
GCA_040415655.1	PRJNA1096457	Niger	ST167	O101:H5	O101	H5	fumC11:Unknown	A	89003	50.72	4988242
GCA_040415585.1	PRJNA1096457	Niger	ST167	O101:H9	O101	H9	fumC11:Unknown	A	63630	50.64	5046793
GCA_040415565.1	PRJNA1096457	Niger	ST167	O101:H5	O101	H5	fumC11:Unknown	A	87145	50.72	5014607
GCA_040415575.1	PRJNA1096457	Niger	ST167	O101:H5	O101	H5	fumC11:Unknown	A	46480	50.85	4916610
GCA_040415535.1	PRJNA1096457	Niger	ST167	O101:H9	O101	H9	fumC11:Unknown	A	83572	50.63	5062805
GCA_040415475.1	PRJNA1096457	Niger	ST167	O101:H5	O101	H5	fumC11:Unknown	A	99994	50.71	5005678
GCA_040415455.1	PRJNA1096457	Niger	ST167	O101:H17	O101	H17	fumC11:Unknown	A	73574	50.72	5021719
GCA_040415445.1	PRJNA1096457	Niger	ST167	O101:H9	O101	H9	fumC11:Unknown	A	42170	50.73	5027788
GCA_040415465.1	PRJNA1096457	Niger	ST167	O101:H5	O101	H5	fumC11:Unknown	A	44256	50.8	5086485
GCA_040415435.1	PRJNA1096457	Niger	ST167	O101:H9	O101	H9	fumC11:Unknown	A	83692	50.63	5054051
GCA_040418025.1	PRJNA1096457	Niger	ST167	O101:H5	O101	H5	fumC11:Unknown	A	59277	50.82	4887106
GCA_040417985.1	PRJNA1096457	Niger	ST167	O101:H9	O101	H9	fumC11:Unknown	A	45239	50.7	5035631
GCA_040417945.1	PRJNA1096457	Niger	ST167	O101:H9	O101	H9	fumC11:Unknown	A	45239	50.72	5033732
GCA_040417965.1	PRJNA1096457	Niger	ST167	O101:H9	O101	H9	fumC11:Unknown	A	63801	50.65	5056554
GCA_040419185.1	PRJNA1096457	Niger	ST167	O101:H9	O101	H9	fumC11:Unknown	A	56826	50.66	5044587
GCA_040419205.1	PRJNA1096457	Niger	ST167	O101:H5	O101	H5	fumC11:Unknown	A	94329	50.7	5043279
GCA_040419165.1	PRJNA1096457	Niger	ST167	O101:H9	O101	H9	fumC11:Unknown	A	52227	50.66	5052679
GCA_040419125.1	PRJNA1096457	Niger	ST167	O101:H9	O101	H9	fumC11:Unknown	A	56826	50.52	5091633
GCA_040419145.1	PRJNA1096457	Niger	ST167	O101:H5	O101	H5	fumC11:Unknown	A	81719	50.75	4951157
GCA_040419105.1	PRJNA1096457	Niger	ST167	O101:H5	O101	H5	fumC11:Unknown	A	95504	50.71	5028461
GCA_040419065.1	PRJNA1096457	Niger	ST167	O101:H5	O101	H5	fumC11:Unknown	A	69299	50.75	5031679
GCA_040419085.1	PRJNA1096457	Niger	ST167	O101:H9	O101	H9	fumC11:Unknown	A	79414	50.64	5057945
GCA_040419045.1	PRJNA1096457	Niger	ST167	O101:H5	O101	H5	fumC11:Unknown	A	110334	50.69	5045184
GCA_040419025.1	PRJNA1096457	Niger	ST167	O101:H17	O101	H17	fumC11:Unknown	A	90857	50.72	5042928
GCA_040419005.1	PRJNA1096457	Niger	ST167	O101:H9	O101	H9	fumC11:Unknown	A	66474	50.64	5050944
GCA_040418985.1	PRJNA1096457	Niger	ST167	O101:H9	O101	H9	fumC11:Unknown	A	61158	50.59	5147962
GCA_040418945.1	PRJNA1096457	Niger	ST167	O101:H9	O101	H9	fumC11:Unknown	A	49922	50.67	5045485
GCA_040418965.1	PRJNA1096457	Niger	ST167	O101:H9	O101	H9	fumC11:Unknown	A	84699	50.63	5057965
GCA_040418915.1	PRJNA1096457	Niger	ST167	O101:H9	O101	H9	fumC11:Unknown	A	69330	50.63	5057235
GCA_040418905.1	PRJNA1096457	Niger	ST167	O101:H5	O101	H5	fumC11:Unknown	A	78205	50.71	5037329
GCA_040418885.1	PRJNA1096457	Niger	ST167	O101:H9	O101	H9	fumC11:Unknown	A	51269	50.69	5038268
GCA_040418845.1	PRJNA1096457	Niger	ST167	O101:H9	O101	H9	fumC11:Unknown	A	44755	50.67	5051442
GCA_040418825.1	PRJNA1096457	Niger	ST167	O101:H9	O101	H9	fumC11:Unknown	A	56487	50.59	5065820
GCA_040418805.1	PRJNA1096457	Niger	ST167	O101:H9	O101	H9	fumC11:Unknown	A	58994	50.67	5043804
GCA_040418755.1	PRJNA1096457	Niger	ST167	O101:H9	O101	H9	fumC11:Unknown	A	48757	50.71	5023856
GCA_040418745.1	PRJNA1096457	Niger	ST167	O101:H9	O101	H9	fumC11:Unknown	A	65440	50.64	5060439
GCA_040418725.1	PRJNA1096457	Niger	ST167	O101:H9	O101	H9	fumC11:Unknown	A	55497	50.67	5051434
GCA_040418705.1	PRJNA1096457	Niger	ST167	O101:H5	O101	H5	fumC11:Unknown	A	97759	50.7	5047265
GCA_040418685.1	PRJNA1096457	Niger	ST167	O101:H9	O101	H9	fumC11:Unknown	A	81857	50.64	5051992
GCA_040418645.1	PRJNA1096457	Niger	ST167	O101:H9	O101	H9	fumC11:Unknown	A	71806	50.64	5058706
GCA_040418625.1	PRJNA1096457	Niger	ST167	O101:H9	O101	H9	fumC11:Unknown	A	39220	50.72	4995062
GCA_040418605.1	PRJNA1096457	Niger	ST167	O101:H9	O101	H9	fumC11:Unknown	A	58240	50.66	5059175
GCA_040418585.1	PRJNA1096457	Niger	ST167	O101:H5	O101	H5	fumC11:Unknown	A	118802	50.73	4936712
GCA_040418565.1	PRJNA1096457	Niger	ST167	O101:H9	O101	H9	fumC11:Unknown	A	61556	50.67	5024845
GCA_040418545.1	PRJNA1096457	Niger	ST167	O101:H9	O101	H9	fumC11:Unknown	A	61159	50.63	5073393
GCA_040418525.1	PRJNA1096457	Niger	ST167	O101:H5	O101	H5	fumC11:Unknown	A	97485	50.74	4980378
GCA_040418505.1	PRJNA1096457	Niger	ST167	O101:H9	O101	H9	fumC11:Unknown	A	51762	50.67	5032414
GCA_040418485.1	PRJNA1096457	Niger	ST167	O101:H5	O101	H5	fumC11:Unknown	A	89012	50.69	5045061
GCA_040418405.1	PRJNA1096457	Niger	ST167	O101:H9	O101	H9	fumC11:Unknown	A	58997	50.65	4960376
GCA_040418385.1	PRJNA1096457	Niger	ST167	O101:H5	O101	H5	fumC11:Unknown	A	61447	50.74	5028769
GCA_040418325.1	PRJNA1096457	Niger	ST167	O101:H9	O101	H9	fumC11:Unknown	A	83692	50.63	5054565
GCA_040418305.1	PRJNA1096457	Niger	ST167	O101:H9	O101	H9	fumC11:Unknown	A	102505	50.62	5049913
GCA_040418265.1	PRJNA1096457	Niger	ST167	O101:H9	O101	H9	fumC11:Unknown	A	88705	50.63	5053012
GCA_040418245.1	PRJNA1096457	Niger	ST167	O101:H5	O101	H5	fumC11:Unknown	A	141400	50.69	5052242
GCA_040418225.1	PRJNA1096457	Niger	ST167	O101:H5	O101	H5	fumC11:Unknown	A	110339	50.74	4950668
GCA_040418205.1	PRJNA1096457	Niger	ST167	O101:H5	O101	H5	fumC11:Unknown	A	67320	50.74	5004521
GCA_040418125.1	PRJNA1096457	Niger	ST167	O101:H9	O101	H9	fumC11:Unknown	A	42337	50.72	5032750
GCA_040418145.1	PRJNA1096457	Niger	ST167	O101:H9	O101	H9	fumC11:Unknown	A	55402	50.67	5050120
GCA_040418105.1	PRJNA1096457	Niger	ST167	O101:H17	O101	H17	fumC11:Unknown	A	58101	50.73	5032918
GCA_040417725.1	PRJNA1096457	Niger	ST167	O101:H17	O101	H17	fumC11:Unknown	A	70209	50.7	5049567
GCA_040417685.1	PRJNA1096457	Niger	ST167	O101:H9	O101	H9	fumC11:Unknown	A	91118	50.63	5061303
GCA_040417645.1	PRJNA1096457	Niger	ST167	O101:H5	O101	H5	fumC11:Unknown	A	46646	50.75	5024345
GCA_040417665.1	PRJNA1096457	Niger	ST167	O101:H5	O101	H5	fumC11:Unknown	A	69296	50.77	4959165
GCA_040417625.1	PRJNA1096457	Niger	ST167	O101:H9	O101	H9	fumC11:Unknown	A	49124	50.72	5034940
GCA_040417585.1	PRJNA1096457	Niger	ST167	O101:H9	O101	H9	fumC11:Unknown	A	64229	50.48	5222949
GCA_040417525.1	PRJNA1096457	Niger	ST167	O101:H9	O101	H9	fumC11:Unknown	A	72914	50.64	5044569
GCA_040417485.1	PRJNA1096457	Niger	ST167	O101:H5	O101	H5	fumC11:Unknown	A	69753	50.79	4924580
GCA_040417455.1	PRJNA1096457	Niger	ST167	O101:H9	O101	H9	fumC11:Unknown	A	53549	50.63	5087683
GCA_040417445.1	PRJNA1096457	Niger	ST167	O101:H9	O101	H9	fumC11:Unknown	A	46438	50.68	5026580
GCA_040417405.1	PRJNA1096457	Niger	ST167	O101:H5	O101	H5	fumC11:Unknown	A	69015	50.77	5020378
GCA_040417385.1	PRJNA1096457	Niger	ST167	O101:H17	O101	H17	fumC11:Unknown	A	93410	50.67	5058666
GCA_040417365.1	PRJNA1096457	Niger	ST167	O101:H5	O101	H5	fumC11:Unknown	A	133332	50.69	5043952
GCA_040417335.1	PRJNA1096457	Niger	ST167	O101:H5	O101	H5	fumC11:Unknown	A	106566	50.7	5044499
GCA_040417305.1	PRJNA1096457	Niger	ST167	O101:H9	O101	H9	fumC11:Unknown	A	55856	50.66	5039814
GCA_040417235.1	PRJNA1096457	Niger	ST167	O101:H5	O101	H5	fumC11:Unknown	A	52113	50.82	4935387
GCA_040417215.1	PRJNA1096457	Niger	ST167	O101:H5	O101	H5	fumC11:Unknown	A	134513	50.72	4987759
GCA_040417195.1	PRJNA1096457	Niger	ST167	O101:H5	O101	H5	fumC11:Unknown	A	94087	50.74	4980357
GCA_040417175.1	PRJNA1096457	Niger	ST167	O101:H5	O101	H5	fumC11:Unknown	A	99994	50.71	5027196
GCA_040417135.1	PRJNA1096457	Niger	ST167	O101:H9	O101	H9	fumC11:Unknown	A	67488	50.67	5050053
GCA_040417095.1	PRJNA1096457	Niger	ST167	O101:H5	O101	H5	fumC11:Unknown	A	66646	50.8	4939295
GCA_040417055.1	PRJNA1096457	Niger	ST167	O101:H9	O101	H9	fumC11:Unknown	A	40217	50.77	5078209
GCA_040417035.1	PRJNA1096457	Niger	ST167	O101:H9	O101	H9	fumC11:Unknown	A	81138	50.66	5060940
GCA_040417015.1	PRJNA1096457	Niger	ST167	O101:H5	O101	H5	fumC11:Unknown	A	52239	50.81	4951263
GCA_040416995.1	PRJNA1096457	Niger	ST167	O101:H5	O101	H5	fumC11:Unknown	A	55949	50.8	4962681
GCA_040416975.1	PRJNA1096457	Niger	ST167	O101:H9	O101	H9	fumC11:Unknown	A	68092	50.68	5042180
GCA_040416955.1	PRJNA1096457	Niger	ST167	O101:H5	O101	H5	fumC11:Unknown	A	147693	50.69	5052450
GCA_040416915.1	PRJNA1096457	Niger	ST167	O101:H5	O101	H5	fumC11:Unknown	A	76185	50.74	5004577
GCA_040416885.1	PRJNA1096457	Niger	ST167	O101:H9	O101	H9	fumC11:Unknown	A	58996	50.62	5032944
GCA_040416865.1	PRJNA1096457	Niger	ST167	O101:H9	O101	H9	fumC11:Unknown	A	83573	50.63	5060737
GCA_040416845.1	PRJNA1096457	Niger	ST167	O101:H9	O101	H9	fumC11:Unknown	A	69294	50.49	5596348
GCA_040416815.1	PRJNA1096457	Niger	ST167	O101:H9	O101	H9	fumC11:Unknown	A	43671	50.68	4867994
GCA_040416795.1	PRJNA1096457	Niger	ST167	O101:H5	O101	H5	fumC11:Unknown	A	52239	50.8	4886223
GCA_040416775.1	PRJNA1096457	Niger	ST167	O101:H5	O101	H5	fumC11:Unknown	A	106008	50.69	5048645
GCA_040416695.1	PRJNA1096457	Niger	ST167	O101:H5	O101	H5	fumC11:Unknown	A	87179	50.69	5050882
GCA_040416625.1	PRJNA1096457	Niger	ST167	O101:H9	O101	H9	fumC11:Unknown	A	83692	50.63	5059118
GCA_040416635.1	PRJNA1096457	Niger	ST167	O101:H9	O101	H9	fumC11:Unknown	A	88711	50.63	5064339
GCA_040416615.1	PRJNA1096457	Niger	ST167	O101:H9	O101	H9	fumC11:Unknown	A	70607	50.63	5064267
GCA_040416595.1	PRJNA1096457	Niger	ST167	O101:H9	O101	H9	fumC11:Unknown	A	52304	50.69	5048439
GCA_040416565.1	PRJNA1096457	Niger	ST167	O101:H9	O101	H9	fumC11:Unknown	A	83692	50.64	5062208
GCA_040416515.1	PRJNA1096457	Niger	ST167	O101:H5	O101	H5	fumC11:Unknown	A	119275	50.69	5046745
GCA_040416525.1	PRJNA1096457	Niger	ST167	O101:H9	O101	H9	fumC11:Unknown	A	54859	50.66	4872882
GCA_040416505.1	PRJNA1096457	Niger	ST167	O101:H5	O101	H5	fumC11:Unknown	A	76287	50.71	5037942
GCA_040416495.1	PRJNA1096457	Niger	ST167	O101:H9	O101	H9	fumC11:Unknown	A	53549	50.65	5055696
GCA_040416475.1	PRJNA1096457	Niger	ST167	O101:H9	O101	H9	fumC11:Unknown	A	45239	50.66	4960536
GCA_040416435.1	PRJNA1096457	Niger	ST167	O101:H9	O101	H9	fumC11:Unknown	A	94653	50.63	5057400
GCA_040416405.1	PRJNA1096457	Niger	ST167	O101:H9	O101	H9	fumC11:Unknown	A	48922	50.68	5032176
GCA_040416415.1	PRJNA1096457	Niger	ST167	O101:H5	O101	H5	fumC11:Unknown	A	96715	50.7	5045278
GCA_040416395.1	PRJNA1096457	Niger	ST167	O101:H9	O101	H9	fumC11:Unknown	A	27509	50.83	4902111
GCA_040416375.1	PRJNA1096457	Niger	ST167	O101:H5	O101	H5	fumC11:Unknown	A	87179	50.71	5035188
GCA_040416355.1	PRJNA1096457	Niger	ST167	O101:H17	O101	H17	fumC11:Unknown	A	97518	50.68	5059086
GCA_040416335.1	PRJNA1096457	Niger	ST167	O101:H17	O101	H17	fumC11:Unknown	A	82500	50.67	5057207
GCA_040416295.1	PRJNA1096457	Niger	ST167	O101:H9	O101	H9	fumC11:Unknown	A	88711	50.63	5063670
GCA_040416265.1	PRJNA1096457	Niger	ST167	O101:H5	O101	H5	fumC11:Unknown	A	119275	50.69	5041899
GCA_040416205.1	PRJNA1096457	Niger	ST167	O101:H17	O101	H17	fumC11:Unknown	A	119275	50.64	4999389
GCA_040416215.1	PRJNA1096457	Niger	ST167	O101:H9	O101	H9	fumC11:Unknown	A	87677	50.64	5055575
GCA_040416195.1	PRJNA1096457	Niger	ST167	O101:H9	O101	H9	fumC11:Unknown	A	62906	50.65	5050988
GCA_040416135.1	PRJNA1096457	Niger	ST167	O101:H17	O101	H17	fumC11:Unknown	A	103217	50.68	5054892
GCA_040416105.1	PRJNA1096457	Niger	ST167	O101:H9	O101	H9	fumC11:Unknown	A	56294	50.66	5034905
GCA_040416095.1	PRJNA1096457	Niger	ST167	O101:H17	O101	H17	fumC11:Unknown	A	66642	50.71	5046760
GCA_040416045.1	PRJNA1096457	Niger	ST167	O101:H17	O101	H17	fumC11:Unknown	A	90842	50.68	5034676
GCA_040416035.1	PRJNA1096457	Niger	ST167	O101:H5	O101	H5	fumC11:Unknown	A	137372	50.68	5048355
GCA_040416005.1	PRJNA1096457	Niger	ST167	O101:H5	O101	H5	fumC11:Unknown	A	105884	50.68	5038196
GCA_040415995.1	PRJNA1096457	Niger	ST167	O101:H5	O101	H5	fumC11:Unknown	A	59907	50.77	5066758
GCA_907163715.1	PRJEB42795	Rwanda	ST167	O101:H21	O101	H21	fumC11:fimH54	A	108365	50.46	5087201
GCA_907163665.1	PRJEB42795	Rwanda	ST167	O101:H21	O101	H21	fumC11:fimH54	A	121519	50.46	5087018
GCA_907163495.1	PRJEB42795	Rwanda	ST167	O101:H21	O101	H21	fumC11:fimH54	A	86245	50.45	5085967
GCA_907163485.1	PRJEB42795	Rwanda	ST167	O101:H21	O101	H21	fumC11:fimH54	A	101506	50.45	5098953
GCA_907163365.1	PRJEB42795	Rwanda	ST167	O101:H9	O101	H9	fumC11:Unknown	A	89733	50.87	4903977
GCA_030520165.1	PRJNA986545	Senegal	ST167	O101:H9	O101	H9	fumC11:Unknown	A	4795870	50.72	5088163
GCA_964007195.1	PRJEB71714	Tanzania	ST167	O101:H10	O101	H10	fumC11:fimH54	A	101279	50.62	4887378
GCA_964007265.1	PRJEB71714	Tanzania	ST167	O101:H21	O101	H21	fumC11:fimH54	A	125776	50.73	4746996
GCA_964007015.1	PRJEB71714	Tanzania	ST167	O101:H9	O101	H9	fumC11:Unknown	A	71815	50.71	5036002
GCA_964007295.1	PRJEB71714	Tanzania	ST167	O101:H21	O101	H21	fumC11:fimH54	A	61396	50.67	4942211
GCA_964205375.1	PRJEB71714	Tanzania	ST167	O101:H17	O101	H17	fumC11:Unknown	A	122320	50.76	4846137
GCA_964206105.1	PRJEB71714	Tanzania	ST167	O101:H17	O101	H17	fumC11:Unknown	A	37318	50.74	4831753
GCA_964205875.1	PRJEB71714	Tanzania	ST167	O101:H21	O101	H21	fumC11:fimH54	A	101283	50.79	4775540
GCA_964205385.1	PRJEB71714	Tanzania	ST167	O101:H21	O101	H21	fumC11:fimH54	A	83352	50.79	4879366
GCA_964205355.1	PRJEB71714	Tanzania	ST167	O101:H21	O101	H21	fumC11:fimH54	A	77638	50.79	4873183
GCA_964206275.1	PRJEB71714	Tanzania	ST167	O101:H10	O101	H10	fumC11:fimH54	A	32554	50.48	5105881
GCA_964206385.1	PRJEB71714	Tanzania	ST167	O101:H21	O101	H21	fumC11:fimH54	A	30229	50.7	4830810
GCA_964206265.1	PRJEB71714	Tanzania	ST167	O101:H10	O101	H10	fumC11:fimH54	A	96566	50.62	4889974
GCA_011318015.1	PRJNA578301	Tanzania	ST1711	O8:H4	O8	H4	fumC7:Unknown	A	98784	50.76	4691753
GCA_009795565.1	PRJNA578301	Tanzania	ST1717	O36:H16	O36	H16	fumC29:fimH86	B1	213729	50.74	4744818
GCA_022968415.1	PRJNA823741	Ghana	ST1722	O1:H25	O1	H25	fumC4:fimH153	F	219648	50.39	5144797
GCA_964007155.1	PRJEB71714	Tanzania	ST1722	O1:H25	O1	H25	fumC4:fimH54	F	149176	50.53	5208453
GCA_973721985.1	PRJEB73590	Ethiopia, Tanzania, Mozambique and Nigeria,	ST1727	Unknown	ND	ND	fumC19:fimH31	B1	304065	49.62	5316365
GCA_964007165.1	PRJEB71714	Tanzania	ST1727	Unknown	ND	ND	fumC19:fimH31	B1	195862	50.85	4593982
GCA_009900525.1	PRJNA578301	Tanzania	ST1727	Unknown	ND	ND	fumC19:fimH31	B1	280897	50.9	4681765
GCA_009825295.1	PRJNA578301	Tanzania	ST1727	Unknown	ND	ND	fumC19:fimH31	B1	280319	50.9	4688429
GCA_009825015.1	PRJNA578301	Tanzania	ST1727	Unknown	ND	ND	fumC19:fimH31	B1	281033	50.86	4672902
GCA_009824715.1	PRJNA578301	Tanzania	ST1727	Unknown	ND	ND	fumC19:fimH31	B1	280897	50.87	4678886
GCA_009824635.1	PRJNA578301	Tanzania	ST1727	Unknown	ND	ND	fumC19:fimH31	B1	281033	50.89	4682919
GCA_009824545.1	PRJNA578301	Tanzania	ST1727	Unknown	ND	ND	fumC19:fimH31	B1	280319	50.88	4676420
GCA_009824535.1	PRJNA578301	Tanzania	ST1727	Unknown	ND	ND	fumC19:fimH31	B1	280897	50.88	4680086
GCA_009824395.1	PRJNA578301	Tanzania	ST1727	Unknown	ND	ND	fumC19:fimH31	B1	288129	50.86	4676281
GCA_009824405.1	PRJNA578301	Tanzania	ST1727	Unknown	ND	ND	fumC19:fimH31	B1	331280	50.86	4673689
GCA_009824345.1	PRJNA578301	Tanzania	ST1727	Unknown	ND	ND	fumC19:fimH31	B1	280897	50.85	4700032
GCA_009824305.1	PRJNA578301	Tanzania	ST1727	Unknown	ND	ND	fumC19:fimH31	B1	281033	50.9	4692266
GCA_009824275.1	PRJNA578301	Tanzania	ST1727	Unknown	ND	ND	fumC19:fimH31	B1	433578	50.88	4671311
GCA_009824225.1	PRJNA578301	Tanzania	ST1727	Unknown	ND	ND	fumC19:fimH31	B1	280897	50.87	4684873
GCA_009824125.1	PRJNA578301	Tanzania	ST1727	Unknown	ND	ND	fumC19:fimH31	B1	280319	50.86	4677409
GCA_009823935.1	PRJNA578301	Tanzania	ST1727	Unknown	ND	ND	fumC19:fimH31	B1	196117	50.85	4669124
GCA_009762195.1	PRJNA578301	Tanzania	ST1727	Unknown	ND	ND	fumC19:fimH31	B1	280897	50.85	4700032
GCA_011317465.1	PRJNA578301	Tanzania	ST1727	Unknown	ND	ND	fumC19:fimH31	B1	280898	50.87	4672337
GCA_907164235.1	PRJEB42795	Rwanda	ST181	O32:H36	O32	H36	fumC11:fimH23	A	158489	50.6	5137252
GCA_001419895.1	PRJNA293513	Tanzania	ST181	O32:H36	O32	H36	fumC11:fimH23	A	112473	50.81	4699760
GCA_009823775.1	PRJNA578301	Tanzania	ST181	Unknown	ND	ND	fumC11:Unknown	A	136581	50.82	4903322
GCA_011763095.1	PRJNA578301	Tanzania	ST181	Unknown	ND	ND	fumC11:Unknown	A	115672	50.82	4902107
GCA_009901225.1	PRJNA578301	Tanzania	ST1894	O25:H5	O25	H5	fumC40:fimH22	B2	335988	50.51	5652046
GCA_009795295.1	PRJNA578301	Tanzania	ST1894	O25:H5	O25	H5	fumC40:fimH22	B2	402272	50.62	5007605
GCA_009794835.1	PRJNA578301	Tanzania	ST1894	O25:H5	O25	H5	fumC40:fimH22	B2	403575	50.62	5008922
GCA_009794805.1	PRJNA578301	Tanzania	ST1894	O25:H5	O25	H5	fumC40:fimH22	B2	783198	50.62	5003773
GCA_009794785.1	PRJNA578301	Tanzania	ST1894	O25:H5	O25	H5	fumC40:fimH22	B2	557392	50.62	5011539
GCA_009794765.1	PRJNA578301	Tanzania	ST1894	O25:H5	O25	H5	fumC40:fimH22	B2	469009	50.2	5809693
GCA_009794775.1	PRJNA578301	Tanzania	ST1894	O25:H5	O25	H5	fumC40:fimH22	B2	335988	50.63	5011087
GCA_009766575.1	PRJNA578301	Tanzania	ST1894	O25:H5	O25	H5	fumC40:fimH22	B2	435471	50.62	5009499
GCA_009766485.1	PRJNA578301	Tanzania	ST1894	O25:H3	O25	H3	fumC40:fimH22	B2	335988	50.51	5650746
GCA_009761905.1	PRJNA578301	Tanzania	ST1894	O25:H5	O25	H5	fumC40:fimH22	B2	402272	50.62	5007605
GCA_009761855.1	PRJNA578301	Tanzania	ST1894	O25:H5	O25	H5	fumC40:fimH22	B2	557392	50.62	5011539
GCA_011763015.1	PRJNA578301	Tanzania	ST1894	O25:H5	O25	H5	fumC40:fimH22	B2	335988	50.62	5010199
GCA_011762995.1	PRJNA578301	Tanzania	ST1894	O25:H5	O25	H5	fumC40:fimH22	B2	342212	50.64	5015565
GCA_011317825.1	PRJNA578301	Tanzania	ST1894	O25:H5	O25	H5	fumC40:fimH22	B2	557249	50.61	5001108
GCA_011317775.1	PRJNA578301	Tanzania	ST1894	O25:H5	O25	H5	fumC40:fimH22	B2	706842	50.61	5006996
GCA_011317705.1	PRJNA578301	Tanzania	ST1894	O25:H5	O25	H5	fumC40:fimH22	B2	660550	50.61	5004083
GCA_011317675.1	PRJNA578301	Tanzania	ST1894	O25:H5	O25	H5	fumC40:fimH22	B2	469009	50.62	5006312
GCA_011317625.1	PRJNA578301	Tanzania	ST1894	O25:H5	O25	H5	fumC40:fimH22	B2	548198	50.62	5003171
GCA_011317605.1	PRJNA578301	Tanzania	ST1894	O25:H5	O25	H5	fumC40:fimH22	B2	7318	50.57	4851622
GCA_011318935.1	PRJNA578301	Tanzania	ST1894	O25:H5	O25	H5	fumC40:fimH22	B2	403575	50.64	5011779
GCA_011318875.1	PRJNA578301	Tanzania	ST1894	O25:H5	O25	H5	fumC40:fimH22	B2	342212	50.62	5004242
GCA_011318855.1	PRJNA578301	Tanzania	ST1894	O25:H5	O25	H5	fumC40:fimH22	B2	335988	50.63	5015806
GCA_011318835.1	PRJNA578301	Tanzania	ST1894	O25:H5	O25	H5	fumC40:fimH22	B2	369016	50.66	5015669
GCA_011318695.1	PRJNA578301	Tanzania	ST1894	O25:H5	O25	H5	fumC40:fimH22	B2	471934	50.61	5001771
GCA_964206445.1	PRJEB71714	Tanzania	ST191	O150:H20	O150	H20	fumC29:fimH38	A	163353	50.69	4781248
GCA_040713815.1	PRJNA828150	unknown	ST1914	O22:H2	O22	H2	fumC306:fimH550	D	95578	50.49	5923004
GCA_037049425.1	PRJNA1076681	unknown	ST1955	O17/O44:H41	O17/O44	H41	fumC3:fimH299	D	103858	50.58	4766360
GCA_966576265.1	PRJEB73590	Ethiopia, Tanzania, Mozambique and Nigeria,	ST196	O8:H7	O8	H7	fumC19:fimH87	B1	223420	50.43	4851818
GCA_907164395.1	PRJEB42795	Rwanda	ST196	O155:H7	O155	H7	fumC19:fimH87	B1	288313	50.78	4702995
GCA_009793545.1	PRJNA578301	Tanzania	ST2005	Unknown	ND	ND	fumC29:fimH31	B1	197685	50.73	4867240
GCA_009799455.1	PRJNA578301	Tanzania	ST2008	O87:H2	O87	H2	fumC6:fimH31	B1	135952	50.55	5186823
GCA_025536575.1	PRJNA738374	Senegal	ST202	O124:H21	O124	H21	fumC11:Unknown	A	82068	50.86	4643574
GCA_037047405.1	PRJNA1076681	unknown	ST2020	O11:H4	O11	H4	fumC35:fimH27	D	72968	50.56	5307067
GCA_971127645.1	PRJEB73590	Ethiopia, Tanzania, Mozambique and Nigeria,	ST205	O174:H19	O174	H19	fumC23:fimH38	B1	168378	50.59	5047648
GCA_009825255.1	PRJNA578301	Tanzania	ST205	O100:H12	O100	H12	fumC23:Unknown	B1	183708	50.77	4803636
GCA_966548345.1	PRJEB73590	Ethiopia, Tanzania, Mozambique and Nigeria,	ST206	O10:H5	O10	H5	fumC7:fimH54	A	93599	50.89	4549492
GCA_966643065.1	PRJEB73590	Ethiopia, Tanzania, Mozambique and Nigeria,	ST206	Unknown	ND	ND	fumC7:fimH41	A	89187	50.7	4780606
GCA_964007345.1	PRJEB71714	Tanzania	ST206	O99:H5	O99	H5	fumC7:fimH559	A	67193	50.78	4756934
GCA_040418365.1	PRJNA1096457	Niger	ST2083	O188:H6	O188	H6	fumC322:fimH35	B1	93544	50.66	5106472
GCA_040418085.1	PRJNA1096457	Niger	ST2083	O188:H6	O188	H6	fumC322:fimH35	B1	51193	50.6	5192695
GCA_040417505.1	PRJNA1096457	Niger	ST2083	O188:H6	O188	H6	fumC322:fimH35	B1	135359	50.64	5109703
GCA_040417325.1	PRJNA1096457	Niger	ST2083	Unknown	ND	ND	fumC322:fimH35	B1	31123	50.95	4787362
GCA_040417255.1	PRJNA1096457	Niger	ST2083	O188:H6	O188	H6	fumC322:fimH35	B1	113497	50.61	5108067
GCA_970171545.1	PRJEB73590	Ethiopia, Tanzania, Mozambique and Nigeria,	ST215	Unknown	ND	ND	fumC11:fimH54	A	226764	50.98	4754453
GCA_009823735.1	PRJNA578301	Tanzania	ST216	O127:H4	O127	H4	fumC11:fimH388	A	155775	50.75	4705502
GCA_009823995.1	PRJNA578301	Tanzania	ST216	O127:H4	O127	H4	fumC11:fimH388	A	113531	51.25	5457417
GCA_009823975.1	PRJNA578301	Tanzania	ST216	O154:H4	O154	H4	fumC11:fimH69	A	100305	50.72	4864426
GCA_009767395.1	PRJNA578301	Tanzania	ST216	O127:H4	O127	H4	fumC11:fimH388	A	113531	51.25	5457417
GCA_011763175.1	PRJNA578301	Tanzania	ST216	O127:H4	O127	H4	fumC11:fimH388	A	99727	50.8	4710034
GCA_011763155.1	PRJNA578301	Tanzania	ST216	O127:H4	O127	H4	fumC11:fimH388	A	94593	50.74	4688051
GCA_969861025.1	PRJEB73590	Ethiopia, Tanzania, Mozambique and Nigeria,	ST218	O160:H34	O160	H34	fumC11:Unknown	A	150845	50.83	4614965
GCA_968732725.1	PRJEB73590	Ethiopia, Tanzania, Mozambique and Nigeria,	ST218	O160:H34	O160	H34	fumC11:Unknown	A	150845	50.81	4624800
GCA_966662745.1	PRJEB73590	Ethiopia, Tanzania, Mozambique and Nigeria,	ST218	O159:H34	O159	H34	fumC11:fimH54	A	49167	46.74	8419622
GCA_053164745.1	PRJNA1121524	Malawi	ST218	O178:H54	O178	H54	fumC11:fimH41	A	4716414	50.81	4716414
GCA_009799185.1	PRJNA578301	Tanzania	ST218	O178:H11	O178	H11	fumC11:fimH54	A	145563	50.78	4752953
GCA_009798825.1	PRJNA578301	Tanzania	ST218	O178:H11	O178	H11	fumC11:fimH54	A	162539	50.73	4767879
GCA_009798335.1	PRJNA578301	Tanzania	ST218	O178:H11	O178	H11	fumC11:fimH54	A	145009	50.68	4837615
GCA_009798095.1	PRJNA578301	Tanzania	ST218	O178:H11	O178	H11	fumC11:fimH54	A	155856	50.77	4747794
GCA_009798005.1	PRJNA578301	Tanzania	ST218	O178:H11	O178	H11	fumC11:fimH54	A	155792	50.76	4744098
GCA_009797985.1	PRJNA578301	Tanzania	ST218	O178:H11	O178	H11	fumC11:fimH54	A	145563	50.72	4808288
GCA_011319035.1	PRJNA578301	Tanzania	ST218	O178:H11	O178	H11	fumC11:fimH54	A	151432	50.78	4740553
GCA_009795545.1	PRJNA578301	Tanzania	ST223	O159:H21	O159	H21	fumC4:fimH32	B1	193408	50.68	5037807
GCA_040712995.1	PRJNA828150	unknown	ST224	O172:H23	O172	H23	fumC4:fimH39	B1	218330	50.84	5126320
GCA_022968335.1	PRJNA823741	Ghana	ST224	O8:H23	O8	H23	fumC4:fimH61	B1	206541	50.83	5081498
GCA_907163885.1	PRJEB42795	Rwanda	ST224	O83:H23	O83	H23	fumC4:fimH61	B1	224450	50.8	4878544
GCA_025536655.1	PRJNA738374	Senegal	ST224	O8:H23	O8	H23	fumC4:fimH61	B1	196760	50.93	4804956
GCA_025544795.1	PRJNA738374	Senegal	ST224	O8:H23	O8	H23	fumC4:fimH61	B1	1243206	50.97	4846351
GCA_964007275.1	PRJEB71714	Tanzania	ST224	O9a:H30	O9a	H30	fumC4:fimH61	B1	6840	50.79	4908983
GCA_964007185.1	PRJEB71714	Tanzania	ST224	O8:H23	O8	H23	fumC4:fimH61	B1	108475	50.83	4716210
GCA_964205395.1	PRJEB71714	Tanzania	ST224	O9a:H30	O9a	H30	fumC4:fimH61	B1	137816	50.94	4952437
GCA_964205605.1	PRJEB71714	Tanzania	ST224	O9a:H30	O9a	H30	fumC4:fimH61	B1	223100	50.9	4977711
GCA_964206245.1	PRJEB71714	Tanzania	ST224	O9a:H30	O9a	H30	fumC4:fimH61	B1	197051	50.94	4952857
GCA_966514285.1	PRJEB73590	Ethiopia, Tanzania, Mozambique and Nigeria,	ST226	O15:H10	O15	H10	fumC27:Unknown	A	97223	50.65	4911053
GCA_966507105.1	PRJEB73590	Ethiopia, Tanzania, Mozambique and Nigeria,	ST226	O40:H19	O40	H19	fumC27:fimH43	A	94248	50.39	4826793
GCA_967763355.1	PRJEB73590	Ethiopia, Tanzania, Mozambique and Nigeria,	ST226	O92:H10	O92	H10	fumC27:fimH54	A	76603	50.5	4858072
GCA_964206315.1	PRJEB71714	Tanzania	ST226	O15:H10	O15	H10	fumC27:fimH41	A	88702	50.85	4591474
GCA_009825135.1	PRJNA578301	Tanzania	ST226	O85:H10	O85	H10	fumC27:fimH41	A	138648	50.56	4937815
GCA_009824045.1	PRJNA578301	Tanzania	ST226	O85:H10	O85	H10	fumC27:fimH41	A	138648	50.57	4942237
GCA_009799045.1	PRJNA578301	Tanzania	ST226	O40:H4	O40	H4	fumC27:fimH54	A	107154	50.82	4603007
GCA_009798415.1	PRJNA578301	Tanzania	ST226	O40:H4	O40	H4	fumC27:fimH54	A	103499	50.75	4627206
GCA_009798285.1	PRJNA578301	Tanzania	ST226	O40:H4	O40	H4	fumC27:fimH54	A	125335	50.78	4600830
GCA_011318335.1	PRJNA578301	Tanzania	ST226	O40:H4	O40	H4	fumC27:fimH41	A	95565	50.47	4831996
GCA_964006985.1	PRJEB71714	Tanzania	ST2279	O16:H5	O16	H5	fumC40:fimH41	B2	191630	50.76	4928630
GCA_037049485.1	PRJNA1076681	unknown	ST23	O78:H21	O78	H21	fumC4:fimH32	C	147912	50.68	5047782
GCA_037049545.1	PRJNA1076681	unknown	ST23	O78:H21	O78	H21	fumC4:fimH32	C	120750	50.68	5046590
GCA_037049025.1	PRJNA1076681	unknown	ST23	O78:H21	O78	H21	fumC4:fimH32	C	105662	50.68	5046374
GCA_037048845.1	PRJNA1076681	unknown	ST23	O78:H21	O78	H21	fumC4:fimH32	C	135738	50.68	5045022
GCA_040712705.1	PRJNA828150	unknown	ST23	O115:H9	O115	H9	fumC4:fimH35	C	98955	50.37	5368045
GCA_009767075.1	PRJNA578301	Tanzania	ST23	O8:H9	O8	H9	fumC4:fimH3063	C	354497	50.46	5566599
GCA_009761895.1	PRJNA578301	Tanzania	ST23	O8:H9	O8	H9	fumC4:fimH3063	C	411674	50.69	4897200
GCA_011318215.1	PRJNA578301	Tanzania	ST23	O8:H9	O8	H9	fumC4:fimH3063	C	188843	49.82	6147020
GCA_009823785.1	PRJNA578301	Tanzania	ST2325	Unknown	ND	ND	fumC7:fimH40	A	111873	50.87	4769352
GCA_009823985.1	PRJNA578301	Tanzania	ST2325	O11:H25	O11	H25	fumC7:fimH167	A	166260	50.77	4676514
GCA_009823855.1	PRJNA578301	Tanzania	ST2325	O11:H25	O11	H25	fumC7:fimH167	A	157338	50.77	4676205
GCA_011763235.1	PRJNA578301	Tanzania	ST2325	Unknown	ND	ND	fumC7:fimH40	A	111873	50.87	4769732
GCA_964006765.1	PRJEB71714	Tanzania	ST2349	Unknown	ND	ND	fumC11:fimH956	A	54523	50.66	5167563
GCA_009824685.1	PRJNA578301	Tanzania	ST2350	O8:H49	O8	H49	fumC19:fimH32	B1	115343	50.7	4858917
GCA_974807135.1	PRJEB73590	Ethiopia, Tanzania, Mozambique and Nigeria,	ST2356	O127:H45	O127	H45	fumC354:fimH850	B2	221370	50.61	4850124
GCA_966647885.1	PRJEB73590	Ethiopia, Tanzania, Mozambique and Nigeria,	ST2491	O175:H10	O175	H10	fumC11:fimH822	A	101724	50.94	4845623
GCA_037048025.1	PRJNA1076681	unknown	ST2505	O84:H21	O84	H21	fumC41:fimH35	C	111053	50.64	5022939
GCA_009798905.1	PRJNA578301	Tanzania	ST2520	O116:H49	O116	H49	fumC29:fimH31	B1	168671	50.66	5166252
GCA_009798835.1	PRJNA578301	Tanzania	ST2520	O116:H49	O116	H49	fumC29:fimH31	A	155871	51.82	5573947
GCA_009798795.1	PRJNA578301	Tanzania	ST2520	O116:H49	O116	H49	fumC29:fimH31	B1	167307	50.65	5166921
GCA_009798755.1	PRJNA578301	Tanzania	ST2520	O116:H49	O116	H49	fumC29:fimH31	B1	178810	50.65	5152741
GCA_009798715.1	PRJNA578301	Tanzania	ST2520	O116:H49	O116	H49	fumC29:fimH31	B1	168671	50.66	5154651
GCA_009798705.1	PRJNA578301	Tanzania	ST2520	O116:H49	O116	H49	fumC29:fimH31	B1	195397	50.64	5155340
GCA_009798655.1	PRJNA578301	Tanzania	ST2520	O116:H49	O116	H49	fumC29:fimH31	B1	168671	50.66	5163403
GCA_009798645.1	PRJNA578301	Tanzania	ST2520	O116:H49	O116	H49	fumC29:fimH31	B1	168671	50.63	5151209
GCA_009798615.1	PRJNA578301	Tanzania	ST2520	O116:H49	O116	H49	fumC29:fimH31	B1	168671	50.63	5145478
GCA_009798535.1	PRJNA578301	Tanzania	ST2520	O116:H49	O116	H49	fumC29:fimH31	B1	167307	50.63	5152583
GCA_009798215.1	PRJNA578301	Tanzania	ST2520	O116:H49	O116	H49	fumC29:fimH31	B1	195397	50.63	5154032
GCA_009798165.1	PRJNA578301	Tanzania	ST2520	O116:H49	O116	H49	fumC29:fimH31	B1	168671	50.65	5146004
GCA_037047135.1	PRJNA1076681	unknown	ST2521	O147:H7	O147	H7	fumC19:fimH2623	B1	104510	50.74	4817387
GCA_037048765.1	PRJNA1076681	unknown	ST2521	O147:H7	O147	H7	fumC19:fimH31	B1	102645	50.73	4816298
GCA_966562325.1	PRJEB73590	Ethiopia, Tanzania, Mozambique and Nigeria,	ST2522	O153:H12	O153	H12	fumC29:fimH38	B1	182922	50.81	4694735
GCA_966572855.1	PRJEB73590	Ethiopia, Tanzania, Mozambique and Nigeria,	ST2522	O39:H8	O39	H8	fumC29:fimH38	B1	77764	47.55	8596462
GCA_009794065.1	PRJNA578301	Tanzania	ST2522	O29:H12	O29	H12	fumC29:fimH38	B1	154685	50.81	4769271
GCA_011317355.1	PRJNA578301	Tanzania	ST2522	O160:H16	O160	H16	fumC29:fimH38	B1	167029	50.85	4996605
GCA_009794505.1	PRJNA578301	Tanzania	ST2526	Unknown	ND	ND	fumC41:fimH396	B1	496911	50.79	4964599
GCA_009766705.1	PRJNA578301	Tanzania	ST2598	O23:H9	O23	H9	fumC4:fimH53	B1	106567	51.19	6266088
GCA_009767545.1	PRJNA578301	Tanzania	ST2598	O175:H16	O175	H16	fumC4:fimH53	B1	122622	49.58	5616681
GCA_009762095.1	PRJNA578301	Tanzania	ST2598	O175:H16	O175	H16	fumC4:fimH53	B1	144288	50.59	5307832
GCA_011317725.1	PRJNA578301	Tanzania	ST2598	O175:H16	O175	H16	fumC4:fimH53	B1	144288	50.59	5307832
GCA_011318915.1	PRJNA578301	Tanzania	ST2598	O175:H16	O175	H16	fumC4:fimH53	B1	122720	50.61	5316765
GCA_011318675.1	PRJNA578301	Tanzania	ST2598	O175:H16	O175	H16	fumC4:fimH53	B1	135257	50.61	5318717
GCA_966517415.1	PRJEB73590	Ethiopia, Tanzania, Mozambique and Nigeria,	ST2622	O83:H6	O83	H6	fumC363:fimH75	B2	728755	50.43	4944129
GCA_037048465.1	PRJNA1076681	unknown	ST2695	O4:H1	O4	H1	fumC13:fimH295	B2	102190	50.56	5067417
GCA_037048385.1	PRJNA1076681	unknown	ST2695	O4:H1	O4	H1	fumC13:fimH295	B2	102173	50.56	5064656
GCA_037048345.1	PRJNA1076681	unknown	ST2695	O4:H1	O4	H1	fumC13:fimH295	B2	104598	50.56	5063910
GCA_040713085.1	PRJNA828150	unknown	ST2705	Unknown	ND	ND	fumC11:fimH23	A	211055	50.44	5089763
GCA_009766905.1	PRJNA578301	Tanzania	ST2714	Unknown	ND	ND	fumC19:fimH86	B1	168096	50.54	5391754
GCA_966564445.1	PRJEB73590	Ethiopia, Tanzania, Mozambique and Nigeria,	ST278	O178:H7	O178	H7	fumC23:fimH31	B1	116316	50.79	5012875
GCA_966563845.1	PRJEB73590	Ethiopia, Tanzania, Mozambique and Nigeria,	ST278	O178:H7	O178	H7	fumC23:fimH31	B1	152610	50.79	5012260
GCA_966516985.1	PRJEB73590	Ethiopia, Tanzania, Mozambique and Nigeria,	ST278	O178:H7	O178	H7	fumC23:fimH31	B1	104972	50.79	5013992
GCA_053165055.1	PRJNA1121524	Malawi	ST278	O178:H7	O178	H7	fumC23:fimH30	B1	4952423	50.82	5236991
GCA_009762175.1	PRJNA578301	Tanzania	ST278	Unknown	ND	ND	fumC23:fimH31	B1	123063	50.7	5206174
GCA_025536635.1	PRJNA738374	Senegal	ST2803	O86:H20	O86	H20	fumC406:fimH31	A	156825	50.28	5320311
GCA_966511445.1	PRJEB73590	Ethiopia, Tanzania, Mozambique and Nigeria,	ST2852	O8:H7	O8	H7	fumC65:fimH32	B1	190936	50.3	5259032
GCA_037046975.1	PRJNA1076681	unknown	ST295	Unknown	ND	ND	fumC4:fimH27	B1	92018	50.67	4728941
GCA_966573285.1	PRJEB73590	Ethiopia, Tanzania, Mozambique and Nigeria,	ST295	O125ab:H9	O125ab	H9	fumC4:fimH54	B1	111144	50.59	5087446
GCA_009793925.1	PRJNA578301	Tanzania	ST295	O160:H11	O160	H11	fumC4:fimH27	B1	206347	50.76	4863888
GCA_009766965.1	PRJNA578301	Tanzania	ST295	O141:H5	O141	H5	fumC4:Unknown	B1	109661	49.88	5627739
GCA_009766975.1	PRJNA578301	Tanzania	ST295	O160:H11	O160	H11	fumC4:fimH27	B1	206347	50.76	4863888
GCA_040716735.1	PRJNA828150	unknown	ST297	O45:H8	O45	H8	fumC65:fimH38	B1	217550	50.42	5376298
GCA_970555595.1	PRJEB73590	Ethiopia, Tanzania, Mozambique and Nigeria,	ST297	O153:H49	O153	H49	fumC65:fimH38	D	122587	50.55	4976462
GCA_966554285.1	PRJEB73590	Ethiopia, Tanzania, Mozambique and Nigeria,	ST297	O45:H8	O45	H8	fumC65:fimH38	B1	217886	50.54	5017283
GCA_964007525.1	PRJEB71714	Tanzania	ST297	O132:H28	O132	H28	fumC65:fimH38	B1	10798	50.23	5683756
GCA_001420135.1	PRJNA293513	Tanzania	ST297	O88:H8	O88	H8	fumC65:fimH38	B1	158584	50.53	5005252
GCA_009794145.1	PRJNA578301	Tanzania	ST297	O3:H8	O3	H8	fumC65:fimH38	B1	187252	50.49	5132208
GCA_009798855.1	PRJNA578301	Tanzania	ST2973	O93:H16	O93	H16	fumC95:fimH31	A	209569	50.66	4777028
GCA_966508555.1	PRJEB73590	Ethiopia, Tanzania, Mozambique and Nigeria,	ST301	O80:H2	O80	H2	fumC27:fimH902	A	83018	50.54	5075720
GCA_966507045.1	PRJEB73590	Ethiopia, Tanzania, Mozambique and Nigeria,	ST301	O80:H2	O80	H2	fumC27:fimH902	A	85123	50.53	5061822
GCA_053165285.1	PRJNA1121524	Malawi	ST3032	Unknown	ND	ND	fumC22:fimH1041	D	5198044	50.67	5404914
GCA_053165265.1	PRJNA1121524	Malawi	ST3032	Unknown	ND	ND	fumC22:fimH1041	D	5094788	50.61	5181458
GCA_053164755.1	PRJNA1121524	Malawi	ST3032	Unknown	ND	ND	fumC22:fimH1041	D	5245547	50.6	5413060
GCA_971127695.1	PRJEB73590	Ethiopia, Tanzania, Mozambique and Nigeria,	ST3075	Unknown	ND	ND	fumC23:fimH54	A	38154	50.58	4755943
GCA_966549195.1	PRJEB73590	Ethiopia, Tanzania, Mozambique and Nigeria,	ST3075	Unknown	ND	ND	fumC23:fimH54	A	42239	50.73	4917992
GCA_966572295.1	PRJEB73590	Ethiopia, Tanzania, Mozambique and Nigeria,	ST3075	Unknown	ND	ND	fumC23:fimH54	A	41563	50.73	4916327
GCA_009900465.1	PRJNA578301	Tanzania	ST3088	Unknown	ND	ND	fumC11:fimH54	A	161195	50.95	4740967
GCA_009767195.1	PRJNA578301	Tanzania	ST3088	Unknown	ND	ND	fumC11:fimH54	A	155993	50.89	4798241
GCA_009761955.1	PRJNA578301	Tanzania	ST3088	Unknown	ND	ND	fumC11:fimH54	A	161195	50.95	4740967
GCA_011318475.1	PRJNA578301	Tanzania	ST3088	Unknown	ND	ND	fumC11:fimH54	A	155993	50.89	4798241
GCA_964206075.1	PRJEB71714	Tanzania	ST315	O86:H30	O86	H30	fumC26:Unknown	D	112429	50.56	5091831
GCA_966569105.1	PRJEB73590	Ethiopia, Tanzania, Mozambique and Nigeria,	ST316	O27:H7	O27	H7	fumC23:fimH54	B1	119879	50.41	4874373
GCA_001419945.1	PRJNA293513	Tanzania	ST3202	O8:H21	O8	H21	fumC11:fimH756	A	62015	50.91	4622523
GCA_024331535.2	PRJNA856486	Mali	ST3268	O153:H9	O153	H9	fumC26:fimH54	D	4894667	50.59	5191442
GCA_001677515.1	PRJNA241122	unknown	ST329	O136:H16	O136	H16	fumC4:fimH444	A	5213998	50.61	5456185
GCA_969165035.1	PRJEB73590	Ethiopia, Tanzania, Mozambique and Nigeria,	ST336	O20:H16	O20	H16	fumC4:fimH31	B1	123420	49.18	6126407
GCA_011763215.1	PRJNA578301	Tanzania	ST336	O20:H16	O20	H16	fumC4:fimH31	B1	180738	50.63	4595294
GCA_966509525.1	PRJEB73590	Ethiopia, Tanzania, Mozambique and Nigeria,	ST34	Unknown	ND	ND	fumC11:fimH54	A	203277	50.73	4807651
GCA_966544275.1	PRJEB73590	Ethiopia, Tanzania, Mozambique and Nigeria,	ST34	Unknown	ND	ND	fumC11:fimH54	A	203503	50.88	4930276
GCA_053164765.1	PRJNA1121524	Malawi	ST34	Unknown	ND	ND	fumC11:fimH54	A	4970811	50.65	5083751
GCA_009901045.1	PRJNA578301	Tanzania	ST34	Unknown	ND	ND	fumC11:fimH54	A	130708	50.83	4895663
GCA_037047305.1	PRJNA1076681	unknown	ST345	O134:H53	O134	H53	fumC4:fimH31	B1	120460	50.65	4884707
GCA_009824895.1	PRJNA578301	Tanzania	ST348	Unknown	ND	ND	fumC29:fimH32	B1	129829	50.72	5192047
GCA_009824855.1	PRJNA578301	Tanzania	ST348	Unknown	ND	ND	fumC29:fimH32	B1	119161	50.71	5191990
GCA_009824805.1	PRJNA578301	Tanzania	ST348	Unknown	ND	ND	fumC29:fimH32	B1	129829	50.71	5192517
GCA_009795405.1	PRJNA578301	Tanzania	ST348	O162:H28	O162	H28	fumC29:fimH32	B1	131937	50.71	5230168
GCA_009794925.1	PRJNA578301	Tanzania	ST348	O162:H28	O162	H28	fumC29:fimH32	B1	133291	50.6	5365259
GCA_011763335.1	PRJNA578301	Tanzania	ST348	Unknown	ND	ND	fumC29:fimH32	B1	131937	50.71	5198094
GCA_022968515.1	PRJNA823741	Ghana	ST3489	O61:H34	O61	H34	fumC7:fimH23	A	189779	50.62	4780747
GCA_037049885.1	PRJNA1076681	unknown	ST349	O166:H15	O166	H15	fumC36:fimH54	D	267139	50.77	5101140
GCA_040716555.1	PRJNA828150	unknown	ST349	O166:H15	O166	H15	fumC36:fimH93	D	206435	50.53	5114558
GCA_040713685.1	PRJNA828150	unknown	ST349	O166:H15	O166	H15	fumC36:fimH93	D	189065	50.67	5118575
GCA_040712915.1	PRJNA828150	unknown	ST349	O166:H15	O166	H15	fumC36:fimH93	D	180921	50.4	5410441
GCA_970905425.1	PRJEB73590	Ethiopia, Tanzania, Mozambique and Nigeria,	ST349	O166:H15	O166	H15	fumC36:fimH54	D	211912	50.47	5064524
GCA_966517035.1	PRJEB73590	Ethiopia, Tanzania, Mozambique and Nigeria,	ST349	O166:H15	O166	H15	fumC36:fimH54	D	228585	50.67	5224455
GCA_966663045.1	PRJEB73590	Ethiopia, Tanzania, Mozambique and Nigeria,	ST349	O15:H15	O15	H15	fumC36:Unknown	D	174736	50.56	5275981
GCA_024700885.2	PRJNA856486	Mali	ST349	O15:H15	O15	H15	fumC36:fimH54	D	5255484	50.66	5359656
GCA_024700815.2	PRJNA856486	Mali	ST349	O15:H15	O15	H15	fumC36:fimH54	D	5270094	50.71	5359227
GCA_907164045.1	PRJEB42795	Rwanda	ST3494	Unknown	ND	ND	fumC6:fimH31	B1	267361	50.5	4923162
GCA_966567865.1	PRJEB73590	Ethiopia, Tanzania, Mozambique and Nigeria,	ST3497	O8:H30	O8	H30	fumC4:fimH32	C	314134	50.78	4892243
GCA_966503015.1	PRJEB73590	Ethiopia, Tanzania, Mozambique and Nigeria,	ST3497	O8:H30	O8	H30	fumC4:fimH32	C	279235	50.77	4890201
GCA_966566915.1	PRJEB73590	Ethiopia, Tanzania, Mozambique and Nigeria,	ST3497	O8:H30	O8	H30	fumC4:fimH32	C	333970	50.78	4893488
GCA_966572485.1	PRJEB73590	Ethiopia, Tanzania, Mozambique and Nigeria,	ST351	O18ac:H7	O18ac	H7	fumC95:fimH31	B1	133678	50.47	5027468
GCA_040716795.1	PRJNA828150	unknown	ST354	O153:H34	O153	H34	fumC88:fimH58	F	192923	50.39	5560580
GCA_040716635.1	PRJNA828150	unknown	ST354	O153:H34	O153	H34	fumC88:fimH58	F	150387	50.35	5521792
GCA_040716595.1	PRJNA828150	unknown	ST354	O153:H34	O153	H34	fumC88:fimH58	F	159639	50.38	5623956
GCA_040716535.1	PRJNA828150	unknown	ST354	O153:H34	O153	H34	fumC88:fimH58	F	151214	50.36	5550887
GCA_040713835.1	PRJNA828150	unknown	ST354	O153:H34	O153	H34	fumC88:fimH58	F	162400	50.32	5466788
GCA_040713625.1	PRJNA828150	unknown	ST354	O153:H34	O153	H34	fumC88:fimH58	F	162349	50.37	5629348
GCA_040713645.1	PRJNA828150	unknown	ST354	O153:H34	O153	H34	fumC88:fimH58	F	98458	50.21	5562267
GCA_040713575.1	PRJNA828150	unknown	ST354	O153:H34	O153	H34	fumC88:fimH58	F	150171	50.31	5638299
GCA_040713525.1	PRJNA828150	unknown	ST354	O153:H34	O153	H34	fumC88:fimH58	F	150389	50.31	5443343
GCA_040713515.1	PRJNA828150	unknown	ST354	O153:H34	O153	H34	fumC88:fimH58	F	152100	50.2	5673632
GCA_040713485.1	PRJNA828150	unknown	ST354	O153:H34	O153	H34	fumC88:fimH58	F	160334	50.32	5529318
GCA_040713455.1	PRJNA828150	unknown	ST354	O153:H34	O153	H34	fumC88:fimH58	F	151337	50.33	5532369
GCA_040713235.1	PRJNA828150	unknown	ST354	O153:H34	O153	H34	fumC88:fimH58	F	162401	50.3	5662531
GCA_040713055.1	PRJNA828150	unknown	ST354	O153:H34	O153	H34	fumC88:fimH58	F	140461	50.27	5729828
GCA_040712925.1	PRJNA828150	unknown	ST354	O153:H34	O153	H34	fumC88:fimH58	F	151202	50.28	5495058
GCA_040712815.1	PRJNA828150	unknown	ST354	O153:H34	O153	H34	fumC88:fimH58	F	140173	50.31	5672533
GCA_040712685.1	PRJNA828150	unknown	ST354	O153:H34	O153	H34	fumC88:fimH58	F	140652	50.35	5585181
GCA_040712665.1	PRJNA828150	unknown	ST354	O153:H34	O153	H34	fumC88:fimH58	F	142122	50.21	5709578
GCA_040712535.1	PRJNA828150	unknown	ST354	O153:H34	O153	H34	fumC88:fimH58	F	232121	50.35	5453175
GCA_040712555.1	PRJNA828150	unknown	ST354	O153:H34	O153	H34	fumC88:fimH58	F	160991	50.27	5505322
GCA_050954165.1	PRJNA1192017	kenya	ST354	O153:H34	O153	H34	fumC88:Unknown	F	189147	50.45	5234648
GCA_050954195.1	PRJNA1192017	kenya	ST354	O153:H34	O153	H34	fumC88:Unknown	F	129701	50.47	5231562
GCA_050955205.1	PRJNA1192017	kenya	ST354	O153:H34	O153	H34	fumC88:Unknown	F	191760	50.43	5357579
GCA_050955185.1	PRJNA1192017	kenya	ST354	O153:H34	O153	H34	fumC88:Unknown	F	149359	50.43	5246550
GCA_907164495.1	PRJEB42795	Rwanda	ST354	O153:H34	O153	H34	fumC88:fimH5	F	202582	50.48	5135799
GCA_907164275.1	PRJEB42795	Rwanda	ST354	O153:H34	O153	H34	fumC88:fimH5	F	209504	50.5	5200510
GCA_907164225.1	PRJEB42795	Rwanda	ST354	O153:H34	O153	H34	fumC88:fimH5	F	222165	50.48	5131329
GCA_907164085.1	PRJEB42795	Rwanda	ST354	O153:H34	O153	H34	fumC88:fimH5	F	222165	50.48	5134241
GCA_907163935.1	PRJEB42795	Rwanda	ST354	O153:H34	O153	H34	fumC88:fimH5	F	193811	50.48	5132588
GCA_907163855.1	PRJEB42795	Rwanda	ST354	O153:H34	O153	H34	fumC88:fimH5	F	192533	50.48	5133995
GCA_907163455.1	PRJEB42795	Rwanda	ST354	O153:H34	O153	H34	fumC88:fimH5	F	209508	50.48	5133432
GCA_907163445.1	PRJEB42795	Rwanda	ST354	O153:H34	O153	H34	fumC88:fimH5	F	161975	50.48	5135058
GCA_907163285.1	PRJEB42795	Rwanda	ST354	O153:H34	O153	H34	fumC88:fimH5	F	192533	50.48	5135795
GCA_907163295.1	PRJEB42795	Rwanda	ST354	O153:H34	O153	H34	fumC88:fimH5	F	202483	50.48	5137719
GCA_907163335.1	PRJEB42795	Rwanda	ST354	O153:H34	O153	H34	fumC88:fimH5	F	209504	50.48	5133335
GCA_040712875.1	PRJNA828150	unknown	ST357	O13/O129/O135:H4	O13/O129/O135	H4	fumC40:fimH21	B2	132044	50.53	5009030
GCA_964006165.1	PRJEB71714	Tanzania	ST3572	O101:H9	O101	H9	fumC11:fimH54	A	171170	50.64	4610466
GCA_966519285.1	PRJEB73590	Ethiopia, Tanzania, Mozambique and Nigeria,	ST3580	O8:H12	O8	H12	fumC65:fimH27	B1	177338	50.75	4839779
GCA_966548165.1	PRJEB73590	Ethiopia, Tanzania, Mozambique and Nigeria,	ST3580	O8:H12	O8	H12	fumC65:fimH27	B1	192669	50.74	4845090
GCA_964206345.1	PRJEB71714	Tanzania	ST3580	O8:H12	O8	H12	fumC65:fimH27	B1	151230	50.74	4757720
GCA_037047705.1	PRJNA1076681	unknown	ST359	O88:H25	O88	H25	fumC41:fimH35	B1	78386	50.78	5199965
GCA_040712565.1	PRJNA828150	unknown	ST359	O154:H30	O154	H30	fumC41:fimH35	B1	134097	50.56	5060703
GCA_052072665.1	PRJNA1298299	Egyptian	ST361	O9a:H30	O9a	H30	fumC99:fimH54	A	208330	50.77	4957695
GCA_907164355.1	PRJEB42795	Rwanda	ST361	O9a:H30	O9a	H30	fumC99:fimH54	A	151053	50.77	4713072
GCA_964205445.1	PRJEB71714	Tanzania	ST361	O9a:H30	O9a	H30	fumC99:fimH54	A	96923	50.69	4774909
GCA_040716745.1	PRJNA828150	unknown	ST362	O15:H1	O15	H1	fumC100:fimH96	D	162503	50.49	5424366
GCA_040713555.1	PRJNA828150	unknown	ST362	O15:H1	O15	H1	fumC100:fimH96	D	122017	50.38	5676938
GCA_040712375.1	PRJNA828150	unknown	ST362	O15:H1	O15	H1	fumC100:fimH96	D	183516	50.39	5437327
GCA_964206615.1	PRJEB71714	Tanzania	ST363	O134:H31	O134	H31	fumC38:fimH5	B2	15332	50.54	4771822
GCA_964205775.1	PRJEB71714	Tanzania	ST3696	Unknown	ND	ND	fumC11:fimH23	A	137348	50.75	4696680
GCA_037047215.1	PRJNA1076681	unknown	ST38	O86:H18	O86	H18	fumC26:fimH5	D	97368	50.56	5015279
GCA_037049265.1	PRJNA1076681	unknown	ST38	O1:H15	O1	H15	fumC26:fimH65	D	81825	50.52	5191296
GCA_037048045.1	PRJNA1076681	unknown	ST38	O99:H33	O99	H33	fumC26:fimH5	D	96375	50.41	5302613
GCA_037047665.1	PRJNA1076681	unknown	ST38	O7:H15	O7	H15	fumC26:fimH24	D	150111	50.58	4890828
GCA_037047625.1	PRJNA1076681	unknown	ST38	O86:H18	O86	H18	fumC26:Unknown	D	109916	50.39	5002959
GCA_037047445.1	PRJNA1076681	unknown	ST38	O1:H15	O1	H15	fumC26:fimH65	D	124879	50.53	5222628
GCA_040716815.1	PRJNA828150	unknown	ST38	O7:H18	O7	H18	fumC26:fimH65	D	87696	50.46	5788770
GCA_040716645.1	PRJNA828150	unknown	ST38	O99:H15	O99	H15	fumC26:fimH3	D	166476	50.47	5455102
GCA_040713845.1	PRJNA828150	unknown	ST38	Unknown	ND	ND	fumC26:fimH65	D	140482	50.43	5607965
GCA_040713615.1	PRJNA828150	unknown	ST38	O99:H15	O99	H15	fumC26:fimH65	D	125525	50.45	5349136
GCA_040713185.1	PRJNA828150	unknown	ST38	O99:H15	O99	H15	fumC26:fimH3	D	152821	50.27	5579935
GCA_040713075.1	PRJNA828150	unknown	ST38	O7:H18	O7	H18	fumC26:fimH27	D	108210	50.51	5425805
GCA_966561735.1	PRJEB73590	Ethiopia, Tanzania, Mozambique and Nigeria,	ST38	O45:H30	O45	H30	fumC26:fimH5	D	91089	50.37	5646187
GCA_966503445.1	PRJEB73590	Ethiopia, Tanzania, Mozambique and Nigeria,	ST38	O99:H30	O99	H30	fumC26:fimH5	D	149124	50.35	5607137
GCA_966508625.1	PRJEB73590	Ethiopia, Tanzania, Mozambique and Nigeria,	ST38	O51:H30	O51	H30	fumC26:fimH5	D	86740	45.53	9451232
GCA_966571995.1	PRJEB73590	Ethiopia, Tanzania, Mozambique and Nigeria,	ST38	O153:H9	O153	H9	fumC26:Unknown	D	127812	50.63	5245720
GCA_024331425.2	PRJNA856486	Mali	ST38	O153:H9	O153	H9	fumC26:fimH54	D	4965534	50.61	5087375
GCA_024331585.2	PRJNA856486	Mali	ST38	O3:H30	O3	H30	fumC26:fimH5	D	5217379	50.56	5357657
GCA_024331445.2	PRJNA856486	Mali	ST38	O1:H18	O1	H18	fumC26:fimH54	D	4924262	50.67	4994375
GCA_024329785.2	PRJNA856486	Mali	ST38	O176:H30	O176	H30	fumC26:fimH5	A	5269732	50.44	5389159
GCA_040416665.1	PRJNA1096457	Niger	ST38	O153:H9	O153	H9	fumC26:fimH54	D	147904	50.38	5218101
GCA_030024405.1	PRJNA962793	Nigeria	ST38	O1:H15	O1	H15	fumC26:fimH65	D	125092	50.59	5270955
GCA_907164485.1	PRJEB42795	Rwanda	ST38	O99:H30	O99	H30	fumC26:fimH5	D	151153	50.45	5411813
GCA_907164425.1	PRJEB42795	Rwanda	ST38	O99:H30	O99	H30	fumC26:fimH5	D	151153	50.45	5385201
GCA_907164405.1	PRJEB42795	Rwanda	ST38	O99:H30	O99	H30	fumC26:fimH5	D	149284	50.46	5387813
GCA_907164345.1	PRJEB42795	Rwanda	ST38	O99:H30	O99	H30	fumC26:fimH5	D	151318	50.45	5382402
GCA_907164385.1	PRJEB42795	Rwanda	ST38	O99:H30	O99	H30	fumC26:fimH5	D	157212	50.45	5382513
GCA_907163685.1	PRJEB42795	Rwanda	ST38	O3:H30	O3	H30	fumC26:fimH5	D	151569	50.54	5387998
GCA_907163505.1	PRJEB42795	Rwanda	ST38	O99:H30	O99	H30	fumC26:fimH5	D	189315	50.44	5389073
GCA_964006485.1	PRJEB71714	Tanzania	ST38	O51:H30	O51	H30	fumC26:fimH5	D	134890	50.54	5386356
GCA_964006215.1	PRJEB71714	Tanzania	ST38	O51:H30	O51	H30	fumC26:fimH5	D	138953	50.54	5388019
GCA_964205575.1	PRJEB71714	Tanzania	ST38	O51:H30	O51	H30	fumC26:fimH5	D	138882	50.55	5397834
GCA_964206395.1	PRJEB71714	Tanzania	ST38	O86:H18	O86	H18	fumC26:fimH27	D	150168	50.63	5077755
GCA_009798195.1	PRJNA578301	Tanzania	ST38	O7:H18	O7	H18	fumC26:fimH54	D	393657	50.51	4954217
GCA_009766475.1	PRJNA578301	Tanzania	ST38	O7:H18	O7	H18	fumC26:fimH54	D	393657	50.51	4954217
GCA_966572125.1	PRJEB73590	Ethiopia, Tanzania, Mozambique and Nigeria,	ST381	O148:H9	O148	H9	fumC4:fimH54	B1	85367	50.6	5242116
GCA_907164175.1	PRJEB42795	Rwanda	ST382	Unknown	ND	ND	fumC27:fimH54	A	92465	50.61	5169572
GCA_907164145.1	PRJEB42795	Rwanda	ST382	Unknown	ND	ND	fumC27:fimH54	A	92070	50.7	5089669
GCA_907163725.1	PRJEB42795	Rwanda	ST382	Unknown	ND	ND	fumC27:fimH54	A	88450	50.7	5082706
GCA_022488165.1	PRJNA806525	Sudan and Zambia	ST3873	Unknown	ND	ND	fumC29:fimH38	A	4666173	50.2	4666173
GCA_037049925.1	PRJNA1076681	unknown	ST3877	Unknown	ND	ND	fumC11:fimH27	A	81672	50.64	5111735
GCA_964206285.1	PRJEB71714	Tanzania	ST3877	Unknown	ND	ND	fumC11:fimH27	A	82238	50.69	4995041
GCA_009799245.1	PRJNA578301	Tanzania	ST3889	O13/O129:H2	O13/O129	H2	fumC7:fimH86	A	124116	50.93	4718018
GCA_009799125.1	PRJNA578301	Tanzania	ST392	O8:H2	O8	H2	fumC6:fimH32	B1	162301	50.62	5217520
GCA_009799035.1	PRJNA578301	Tanzania	ST392	O8:H2	O8	H2	fumC6:fimH32	B1	112441	50.71	5197031
GCA_009799005.1	PRJNA578301	Tanzania	ST392	O8:H2	O8	H2	fumC6:fimH32	B1	108499	51.44	6531279
GCA_009798945.1	PRJNA578301	Tanzania	ST392	O8:H2	O8	H2	fumC6:fimH32	B1	114289	50.82	5496838
GCA_009798935.1	PRJNA578301	Tanzania	ST392	O8:H2	O8	H2	fumC6:fimH32	B1	114289	50.63	5219562
GCA_009798885.1	PRJNA578301	Tanzania	ST392	O8:H2	O8	H2	fumC6:fimH32	B1	109233	50.98	5877839
GCA_009798265.1	PRJNA578301	Tanzania	ST392	O8:H2	O8	H2	fumC6:fimH32	B1	114289	50.87	5620713
GCA_964006335.1	PRJEB71714	Tanzania	ST393	O15:H1	O15	H1	fumC106:fimH54	D	33603	50.49	5246889
GCA_964206555.1	PRJEB71714	Tanzania	ST393	O15:H1	O15	H1	fumC106:fimH54	D	134211	50.56	5267719
GCA_966562305.1	PRJEB73590	Ethiopia, Tanzania, Mozambique and Nigeria,	ST394	O17/O44:H18	O17/O44	H18	fumC35:fimH47	D	203115	50.34	5211828
GCA_966510715.1	PRJEB73590	Ethiopia, Tanzania, Mozambique and Nigeria,	ST394	O17/O44:H18	O17/O44	H18	fumC35:fimH30	D	334758	50.39	5286857
GCA_966507145.1	PRJEB73590	Ethiopia, Tanzania, Mozambique and Nigeria,	ST394	O17/O44:H18	O17/O44	H18	fumC35:fimH30	D	346292	50.5	5112186
GCA_009795605.1	PRJNA578301	Tanzania	ST398	Unknown	ND	ND	fumC7:fimH25	A	80161	50.8	4984779
GCA_009794675.1	PRJNA578301	Tanzania	ST398	O45:H27	O45	H27	fumC7:fimH54	A	150548	50.82	4729305
GCA_011318415.1	PRJNA578301	Tanzania	ST398	O155:H20	O155	H20	fumC7:fimH54	A	137055	50.91	4663267
GCA_040713585.1	PRJNA828150	unknown	ST3998	Unknown	ND	ND	fumC29:fimH86	B1	209701	50.82	4874735
GCA_969827725.1	PRJEB73590	Ethiopia, Tanzania, Mozambique and Nigeria,	ST40	O154:H21	O154	H21	fumC4:fimH149	B1	100729	50.59	5353787
GCA_969161555.1	PRJEB73590	Ethiopia, Tanzania, Mozambique and Nigeria,	ST40	O109:H21	O109	H21	fumC4:fimH31	B1	185686	50.56	4936024
GCA_966572135.1	PRJEB73590	Ethiopia, Tanzania, Mozambique and Nigeria,	ST40	O109:H21	O109	H21	fumC4:Unknown	B1	148355	50.4	5112525
GCA_966569035.1	PRJEB73590	Ethiopia, Tanzania, Mozambique and Nigeria,	ST40	O109:H21	O109	H21	fumC4:fimH31	B1	143124	50.57	4925745
GCA_966563795.1	PRJEB73590	Ethiopia, Tanzania, Mozambique and Nigeria,	ST40	O109:H21	O109	H21	fumC4:Unknown	B1	198400	50.62	4935594
GCA_966508655.1	PRJEB73590	Ethiopia, Tanzania, Mozambique and Nigeria,	ST40	O109:H21	O109	H21	fumC4:fimH31	B1	143124	50.57	4924691
GCA_000946335.1	PRJEB8306	Malawi	ST40	Unknown	ND	ND	fumC4:fimH149	B1	14263	51.45	5217143
GCA_001373235.1	PRJEB8306	Malawi	ST40	Unknown	ND	ND	fumC4:fimH149	B1	22962	51.05	5276892
GCA_009793765.1	PRJNA578301	Tanzania	ST4038	O93:H28	O93	H28	fumC19:fimH38	B1	186105	50.8	4784992
GCA_037049945.1	PRJNA1076681	unknown	ST405	O102:H6	O102	H6	fumC37:fimH27	D	123403	50.56	5295258
GCA_037049205.1	PRJNA1076681	unknown	ST405	O102:H6	O102	H6	fumC37:fimH29	D	73311	50.59	5318808
GCA_037048685.1	PRJNA1076681	unknown	ST405	O102:H6	O102	H6	fumC37:fimH27	D	73019	50.64	5165643
GCA_037048055.1	PRJNA1076681	unknown	ST405	O102:H6	O102	H6	fumC37:fimH29	D	84520	50.32	5629160
GCA_037047905.1	PRJNA1076681	unknown	ST405	O102:H6	O102	H6	fumC37:fimH29	D	87075	50.55	5378910
GCA_037047845.1	PRJNA1076681	unknown	ST405	O102:H6	O102	H6	fumC37:fimH29	D	68319	50.56	5283228
GCA_037047385.1	PRJNA1076681	unknown	ST405	O102:H6	O102	H6	fumC37:fimH27	D	67359	50.53	5446490
GCA_049059605.1	PRJNA1192017	kenya	ST405	O102:H6	O102	H6	fumC37:fimH29	D	96664	50.31	5540603
GCA_907164295.1	PRJEB42795	Rwanda	ST405	O102:H6	O102	H6	fumC37:fimH27	D	120542	50.63	5313173
GCA_907164315.1	PRJEB42795	Rwanda	ST405	O102:H6	O102	H6	fumC37:fimH27	D	141969	50.64	5313478
GCA_907164265.1	PRJEB42795	Rwanda	ST405	O102:H6	O102	H6	fumC37:fimH27	D	141389	50.64	5314595
GCA_907164075.1	PRJEB42795	Rwanda	ST405	O102:H6	O102	H6	fumC37:fimH27	D	125298	50.64	5309577
GCA_907163965.1	PRJEB42795	Rwanda	ST405	O102:H6	O102	H6	fumC37:fimH27	D	103956	50.51	5339601
GCA_907163905.1	PRJEB42795	Rwanda	ST405	O102:H6	O102	H6	fumC37:fimH27	D	103030	50.62	5354289
GCA_907163795.1	PRJEB42795	Rwanda	ST405	O102:H6	O102	H6	fumC37:fimH27	D	131395	50.66	5251789
GCA_907163755.1	PRJEB42795	Rwanda	ST405	O102:H6	O102	H6	fumC37:fimH27	D	131506	50.63	5313909
GCA_907163785.1	PRJEB42795	Rwanda	ST405	O102:H6	O102	H6	fumC37:fimH27	D	141389	50.64	5275122
GCA_907163775.1	PRJEB42795	Rwanda	ST405	O102:H6	O102	H6	fumC37:fimH27	D	141790	50.66	5245823
GCA_907163655.1	PRJEB42795	Rwanda	ST405	O102:H6	O102	H6	fumC37:fimH27	D	146181	50.64	5272089
GCA_907163645.1	PRJEB42795	Rwanda	ST405	O102:H6	O102	H6	fumC37:fimH27	D	145584	50.61	5269797
GCA_907163615.1	PRJEB42795	Rwanda	ST405	O102:H6	O102	H6	fumC37:fimH27	D	131508	50.64	5313463
GCA_907163565.1	PRJEB42795	Rwanda	ST405	O102:H6	O102	H6	fumC37:fimH27	D	131395	50.65	5306692
GCA_907163425.1	PRJEB42795	Rwanda	ST405	O102:H6	O102	H6	fumC37:fimH27	D	125298	50.67	5230758
GCA_907163405.1	PRJEB42795	Rwanda	ST405	O102:H6	O102	H6	fumC37:fimH27	D	120575	50.66	5227529
GCA_907163355.1	PRJEB42795	Rwanda	ST405	O102:H6	O102	H6	fumC37:fimH27	D	141389	50.41	5541981
GCA_907163325.1	PRJEB42795	Rwanda	ST405	O102:H6	O102	H6	fumC37:fimH27	D	101514	50.65	5318066
GCA_964006605.1	PRJEB71714	Tanzania	ST405	O102:H6	O102	H6	fumC37:fimH27	D	100217	50.67	5194664
GCA_964205845.1	PRJEB71714	Tanzania	ST405	O50:H4	O50	H4	fumC37:fimH56	D	97639	50.5	5288539
GCA_964205685.1	PRJEB71714	Tanzania	ST405	O102:H6	O102	H6	fumC37:fimH27	D	74605	50.64	5171036
GCA_964206365.1	PRJEB71714	Tanzania	ST405	O102:H6	O102	H6	fumC37:fimH27	G	103988	50.48	5393184
GCA_972786245.1	PRJEB73590	Ethiopia, Tanzania, Mozambique and Nigeria,	ST4074	Unknown	ND	ND	fumC18:fimH229	B2	106032	50.65	5017903
GCA_969161685.1	PRJEB73590	Ethiopia, Tanzania, Mozambique and Nigeria,	ST409	O75:H38	O75	H38	fumC11:fimH54	A	111822	50.82	4965941
GCA_011318975.1	PRJNA578301	Tanzania	ST4092	O39:H21	O39	H21	fumC526:fimH54	B1	144035	50.67	5074430
GCA_009793525.1	PRJNA578301	Tanzania	ST4096	Unknown	ND	ND	fumC11:fimH23	A	174649	50.64	5136547
GCA_009767255.1	PRJNA578301	Tanzania	ST4096	Unknown	ND	ND	fumC11:fimH23	A	174649	50.64	5136547
GCA_037049785.1	PRJNA1076681	unknown	ST410	O8:H21	O8	H21	fumC4:fimH24	C	221265	50.57	4888614
GCA_037049225.1	PRJNA1076681	unknown	ST410	Unknown	ND	ND	fumC4:fimH24	C	106213	50.6	4897943
GCA_037048725.1	PRJNA1076681	unknown	ST410	O8:H21	O8	H21	fumC4:fimH24	C	160287	50.57	4955291
GCA_037048705.1	PRJNA1076681	unknown	ST410	O8:H21	O8	H21	fumC4:fimH24	C	160174	50.56	4925841
GCA_052072935.1	PRJNA1298299	Egyptian	ST410	O8:H9	O8	H9	fumC4:fimH24	C	329234	50.51	4952959
GCA_052072825.1	PRJNA1298299	Egyptian	ST410	O8:H9	O8	H9	fumC4:fimH24	C	310501	50.46	5004724
GCA_052072735.1	PRJNA1298299	Egyptian	ST410	O8:H9	O8	H9	fumC4:fimH24	C	312017	50.56	4840850
GCA_003367575.1	PRJNA473419	Ghana	ST410	O132:H18	O132	H18	fumC4:fimH24	C	4689576	50.54	4938383
GCA_019355475.1	PRJNA473419	Ghana	ST410	O8:H9	O8	H9	fumC4:fimH24	C	4954777	50.57	5141554
GCA_019720795.1	PRJNA473419	Ghana	ST410	O8:H9	O8	H9	fumC4:fimH24	C	4807180	50.49	5049881
GCA_016432805.1	PRJNA473419	Ghana	ST410	O8:H9	O8	H9	fumC4:fimH24	C	4847148	50.54	5054351
GCA_022968115.1	PRJNA823741	Ghana	ST410	O8:H9	O8	H9	fumC4:fimH24	C	139921	50.45	5125425
GCA_030024385.1	PRJNA962793	Nigeria	ST410	Unknown	ND	ND	fumC4:fimH24	C	78919	50.51	4892080
GCA_030024645.1	PRJNA962793	Nigeria	ST410	Unknown	ND	ND	fumC4:fimH24	C	111385	50.6	5018276
GCA_030024615.1	PRJNA962793	Nigeria	ST410	O131:H9	O131	H9	fumC4:fimH24	C	173622	50.41	4982532
GCA_907163955.1	PRJEB42795	Rwanda	ST410	O8:H21	O8	H21	fumC4:fimH24	C	173781	50.71	4991954
GCA_907163895.1	PRJEB42795	Rwanda	ST410	O8:H21	O8	H21	fumC4:fimH24	C	184207	50.7	4988684
GCA_907163845.1	PRJEB42795	Rwanda	ST410	O8:H21	O8	H21	fumC4:fimH24	C	157006	50.71	4985652
GCA_907163695.1	PRJEB42795	Rwanda	ST410	O8:H21	O8	H21	fumC4:fimH24	C	184278	50.71	4992074
GCA_907163585.1	PRJEB42795	Rwanda	ST410	O132:H18	O132	H18	fumC4:fimH24	C	191233	50.67	4759693
GCA_907163555.1	PRJEB42795	Rwanda	ST410	O132:H18	O132	H18	fumC4:fimH24	C	191233	50.65	4840643
GCA_907163595.1	PRJEB42795	Rwanda	ST410	O132:H18	O132	H18	fumC4:fimH24	C	228641	50.65	4719545
GCA_964006495.1	PRJEB71714	Tanzania	ST410	O8:H9	O8	H9	fumC4:fimH24	C	12256	50.46	4869361
GCA_964007485.1	PRJEB71714	Tanzania	ST410	Unknown	ND	ND	fumC4:fimH24	C	110227	50.62	4870842
GCA_964206425.1	PRJEB71714	Tanzania	ST410	Unknown	ND	ND	fumC4:fimH24	C	60488	50.53	4843514
GCA_966514585.1	PRJEB73590	Ethiopia, Tanzania, Mozambique and Nigeria,	ST4162	O8:H51	O8	H51	fumC4:fimH38	B1	177514	50.66	4907106
GCA_037048325.1	PRJNA1076681	unknown	ST4213	O55:H21	O55	H21	fumC95:Unknown	B1	84997	50.74	5044155
GCA_050955305.1	PRJNA1192017	kenya	ST424	O64:H10	O64	H10	fumC30:fimH27	B1	106014	50.59	5280035
GCA_040716805.1	PRJNA828150	unknown	ST4243	O17/O44:H45	O17/O44	H45	fumC3:fimH1002	D	68929	50.52	5755934
GCA_040713135.1	PRJNA828150	unknown	ST4243	O17/O44:H45	O17/O44	H45	fumC3:fimH1002	D	69273	50.44	5833157
GCA_040713695.1	PRJNA828150	unknown	ST428	O120:H4	O120	H4	fumC40:fimH22	B2	622292	50.54	5279167
GCA_040713335.1	PRJNA828150	unknown	ST43	O6:H10	O6	H10	fumC11:Unknown	A	99091	50.47	5274493
GCA_966657545.1	PRJEB73590	Ethiopia, Tanzania, Mozambique and Nigeria,	ST43	Unknown	ND	ND	fumC11:fimH24	A	113989	50.74	4890296
GCA_053164735.1	PRJNA1121524	Malawi	ST43	Unknown	ND	ND	fumC11:fimH54	A	4839029	50.68	4981996
GCA_009825235.1	PRJNA578301	Tanzania	ST43	O6:H10	O6	H10	fumC11:fimH54	A	162362	50.53	5136338
GCA_009825165.1	PRJNA578301	Tanzania	ST43	O6:H10	O6	H10	fumC11:fimH54	A	166192	50.54	5147982
GCA_009824785.1	PRJNA578301	Tanzania	ST43	O6:H10	O6	H10	fumC11:fimH54	A	165743	50.63	5178129
GCA_009824765.1	PRJNA578301	Tanzania	ST43	O6:H10	O6	H10	fumC11:fimH54	A	166192	50.51	5076719
GCA_009824665.1	PRJNA578301	Tanzania	ST43	O6:H10	O6	H10	fumC11:fimH54	A	151324	50.55	5147346
GCA_009824585.1	PRJNA578301	Tanzania	ST43	O6:H10	O6	H10	fumC11:fimH54	A	166192	50.54	5136110
GCA_009824415.1	PRJNA578301	Tanzania	ST43	O6:H10	O6	H10	fumC11:fimH54	A	154940	50.53	5136258
GCA_009767305.1	PRJNA578301	Tanzania	ST43	O6:H10	O6	H10	fumC11:fimH54	A	162362	50.53	5136338
GCA_009767285.1	PRJNA578301	Tanzania	ST43	O5:H10	O5	H10	fumC11:Unknown	A	211039	50.54	4980812
GCA_037047885.1	PRJNA1076681	unknown	ST44	O101:H4	O101	H4	fumC11:fimH54	A	68161	50.75	4944712
GCA_037047785.1	PRJNA1076681	unknown	ST44	O101:H4	O101	H4	fumC11:fimH54	A	70082	50.76	4946425
GCA_966591135.1	PRJEB73590	Ethiopia, Tanzania, Mozambique and Nigeria,	ST44	O101:H4	O101	H4	fumC11:fimH54	A	78372	50.64	5251261
GCA_024331375.2	PRJNA856486	Mali	ST44	O101:H4	O101	H4	fumC11:fimH54	A	4733636	50.86	5021642
GCA_024700875.2	PRJNA856486	Mali	ST44	O101:H4	O101	H4	fumC11:fimH54	A	4733000	50.86	5021006
GCA_040418445.1	PRJNA1096457	Niger	ST44	O101:H4	O101	H4	fumC11:fimH54	A	92416	50.81	4976516
GCA_040417155.1	PRJNA1096457	Niger	ST44	O101:H4	O101	H4	fumC11:fimH54	A	52339	50.84	4880221
GCA_907163865.1	PRJEB42795	Rwanda	ST44	O101:H4	O101	H4	fumC11:fimH54	A	96893	50.79	4916303
GCA_907163875.1	PRJEB42795	Rwanda	ST44	O101:H4	O101	H4	fumC11:fimH54	A	91914	50.79	4911665
GCA_964006465.1	PRJEB71714	Tanzania	ST44	O101:H4	O101	H4	fumC11:fimH54	A	93049	50.83	4883265
GCA_964006705.1	PRJEB71714	Tanzania	ST44	O101:H4	O101	H4	fumC11:fimH54	A	70647	50.79	4941349
GCA_964006455.1	PRJEB71714	Tanzania	ST44	O101:H4	O101	H4	fumC11:fimH54	A	70849	50.78	4937356
GCA_964007505.1	PRJEB71714	Tanzania	ST44	O101:H4	O101	H4	fumC11:fimH54	A	88605	50.8	4949933
GCA_964205835.1	PRJEB71714	Tanzania	ST44	O101:H4	O101	H4	fumC11:fimH54	A	108580	50.86	4844463
GCA_966509695.1	PRJEB73590	Ethiopia, Tanzania, Mozambique and Nigeria,	ST442	O125ab:H21	O125ab	H21	fumC95:fimH32	B1	135827	50.7	4927092
GCA_966573635.1	PRJEB73590	Ethiopia, Tanzania, Mozambique and Nigeria,	ST442	O103:H21	O103	H21	fumC95:Unknown	B1	156251	50.69	4917193
GCA_009795495.1	PRJNA578301	Tanzania	ST442	O91:H21	O91	H21	fumC95:fimH32	B1	187668	50.6	4992581
GCA_009795395.1	PRJNA578301	Tanzania	ST442	O91:H21	O91	H21	fumC95:fimH32	B1	187668	50.63	4964615
GCA_009795345.1	PRJNA578301	Tanzania	ST442	O91:H21	O91	H21	fumC95:fimH32	B1	187668	50.62	5009217
GCA_009795195.1	PRJNA578301	Tanzania	ST442	O91:H21	O91	H21	fumC95:fimH32	B1	185180	50.63	4942392
GCA_009795175.1	PRJNA578301	Tanzania	ST442	O91:H21	O91	H21	fumC95:fimH32	B1	187668	50.62	4941428
GCA_009795165.1	PRJNA578301	Tanzania	ST442	O91:H21	O91	H21	fumC95:fimH32	B1	188156	50.59	5071052
GCA_009795125.1	PRJNA578301	Tanzania	ST442	O91:H21	O91	H21	fumC95:fimH32	B1	192506	50.61	4937244
GCA_009795025.1	PRJNA578301	Tanzania	ST442	O91:H21	O91	H21	fumC95:fimH32	B1	200816	50.64	4946283
GCA_009795035.1	PRJNA578301	Tanzania	ST442	O91:H21	O91	H21	fumC95:fimH32	B1	186036	50.6	4960546
GCA_009794975.1	PRJNA578301	Tanzania	ST442	O91:H21	O91	H21	fumC95:fimH32	B1	186082	50.62	4938424
GCA_009794865.1	PRJNA578301	Tanzania	ST442	O91:H21	O91	H21	fumC95:fimH32	B1	187668	50.44	5478567
GCA_009766915.1	PRJNA578301	Tanzania	ST442	O91:H21	O91	H21	fumC95:fimH32	B1	187668	50.62	4941428
GCA_040417425.1	PRJNA1096457	Niger	ST443	Unknown	ND	ND	fumC19:fimH24	B1	59414	50.62	5336753
GCA_964007435.1	PRJEB71714	Tanzania	ST443	O64:H21	O64	H21	fumC19:fimH24	B1	67617	50.74	5050700
GCA_009900405.1	PRJNA578301	Tanzania	ST4450	O53:H18	O53	H18	fumC8:fimH566	A	155800	50.82	4754322
GCA_009900375.1	PRJNA578301	Tanzania	ST4450	O53:H18	O53	H18	fumC8:fimH566	A	186547	50.82	4756640
GCA_009900145.1	PRJNA578301	Tanzania	ST4450	O53:H18	O53	H18	fumC8:fimH566	A	179784	50.82	4752057
GCA_966515595.1	PRJEB73590	Ethiopia, Tanzania, Mozambique and Nigeria,	ST448	O8:H8	O8	H8	fumC6:fimH35	B1	135156	50.64	5084847
GCA_040417805.1	PRJNA1096457	Niger	ST448	O8:H8	O8	H8	fumC6:fimH35	B1	81774	50.39	5343238
GCA_040415555.1	PRJNA1096457	Niger	ST448	O8:H8	O8	H8	fumC6:fimH35	B1	67683	50.46	5235139
GCA_040418045.1	PRJNA1096457	Niger	ST448	O8:H8	O8	H8	fumC6:fimH35	B1	86188	50.43	5334241
GCA_040418065.1	PRJNA1096457	Niger	ST448	O8:H8	O8	H8	fumC6:fimH35	B1	61216	50.5	5292388
GCA_040417705.1	PRJNA1096457	Niger	ST448	O8:H8	O8	H8	fumC6:fimH35	B1	58808	50.47	5251011
GCA_030024345.1	PRJNA962793	Nigeria	ST448	Unknown	ND	ND	fumC6:fimH35	B1	151835	50.73	5123764
GCA_907164115.1	PRJEB42795	Rwanda	ST448	Unknown	ND	ND	fumC6:fimH35	B1	119682	50.6	5218991
GCA_907164135.1	PRJEB42795	Rwanda	ST448	Unknown	ND	ND	fumC6:fimH35	B1	123138	50.6	5200404
GCA_966662905.1	PRJEB73590	Ethiopia, Tanzania, Mozambique and Nigeria,	ST449	O17/O44:H18	O17/O44	H18	fumC22:fimH86	D	147674	50.02	6165659
GCA_964206125.1	PRJEB71714	Tanzania	ST45	O25:H30	O25	H30	fumC7:fimH54	A	130937	50.87	4700098
GCA_969780185.1	PRJEB73590	Ethiopia, Tanzania, Mozambique and Nigeria,	ST450	O153:H30	O153	H30	fumC11:Unknown	A	42710	50.6	5052098
GCA_022968055.1	PRJNA823741	Ghana	ST450	O45:H16	O45	H16	fumC11:fimH34	A	86806	50.71	4981043
GCA_030024765.1	PRJNA962793	Nigeria	ST450	O12:H16	O12	H16	fumC11:fimH34	A	70389	50.82	4920711
GCA_030024605.1	PRJNA962793	Nigeria	ST450	O12:H16	O12	H16	fumC11:fimH34	A	83432	50.81	4936492
GCA_009823835.1	PRJNA578301	Tanzania	ST450	O45:H16	O45	H16	fumC11:fimH54	A	98004	50.75	5071711
GCA_009761975.1	PRJNA578301	Tanzania	ST450	O45:H16	O45	H16	fumC11:fimH54	A	98004	50.75	5071711
GCA_011763055.1	PRJNA578301	Tanzania	ST450	O45:H16	O45	H16	fumC11:fimH54	A	78502	50.75	5070262
GCA_001419885.1	PRJNA293513	Tanzania	ST452	O81:H27	O81	H27	fumC43:fimH225	B2	94339	50.6	4984229
GCA_907164465.1	PRJEB42795	Rwanda	ST457	O11:H25	O11	H25	fumC88:fimH145	F	250070	50.5	5143182
GCA_907163925.1	PRJEB42795	Rwanda	ST457	O11:H25	O11	H25	fumC88:fimH145	F	209267	50.37	5170537
GCA_907163835.1	PRJEB42795	Rwanda	ST457	O11:H25	O11	H25	fumC88:fimH145	F	207343	50.37	5164522
GCA_964006345.1	PRJEB71714	Tanzania	ST457	O11:H25	O11	H25	fumC88:fimH145	F	74135	50.49	4910733
GCA_964006695.1	PRJEB71714	Tanzania	ST457	O11:H25	O11	H25	fumC88:fimH54	F	163927	50.51	5034782
GCA_011318515.1	PRJNA578301	Tanzania	ST4577	O88:H8	O88	H8	fumC6:fimH39	B1	133812	50.43	5508744
GCA_037048445.1	PRJNA1076681	unknown	ST46	O8:H4	O8	H4	fumC7:fimH34	A	62648	50.88	4666199
GCA_052072625.1	PRJNA1298299	Egyptian	ST46	O8:H4	O8	H4	fumC7:fimH34	A	177003	50.75	4822129
GCA_966501965.1	PRJEB73590	Ethiopia, Tanzania, Mozambique and Nigeria,	ST46	O8:H4	O8	H4	fumC7:fimH34	A	93685	50.84	4647570
GCA_050954145.1	PRJNA1192017	kenya	ST46	O9a:H10	O9a	H10	fumC7:Unknown	A	86202	50.61	4961461
GCA_045800675.1	PRJNA1192017	kenya	ST46	O9a:H10	O9a	H10	fumC7:Unknown	A	92403	50.71	4729123
GCA_053165295.1	PRJNA1121524	Malawi	ST46	Unknown	ND	ND	fumC7:Unknown	A	4633098	50.77	4633098
GCA_053165085.1	PRJNA1121524	Malawi	ST46	Unknown	ND	ND	fumC7:Unknown	A	4515713	50.87	4588070
GCA_964007515.1	PRJEB71714	Tanzania	ST46	O9a:H10	O9a	H10	fumC7:Unknown	A	93426	50.79	4660397
GCA_011317815.1	PRJNA578301	Tanzania	ST46	O9a:H4	O9a	H4	fumC7:fimH34	A	86708	50.82	4634973
GCA_011317795.1	PRJNA578301	Tanzania	ST46	O9a:H4	O9a	H4	fumC7:fimH34	A	97876	50.82	4642358
GCA_011318955.1	PRJNA578301	Tanzania	ST46	O9a:H4	O9a	H4	fumC7:Unknown	A	74091	50.77	4689779
GCA_011318815.1	PRJNA578301	Tanzania	ST46	O9a:H4	O9a	H4	fumC7:fimH34	A	81310	50.74	4741632
GCA_000936005.1	PRJEB8306	Malawi	ST4619	Unknown	ND	ND	fumC597:fimH656	Unknown	6539	50.19	5834102
GCA_966569195.1	PRJEB73590	Ethiopia, Tanzania, Mozambique and Nigeria,	ST4623	Unknown	ND	ND	fumC95:fimH259	B1	318117	50.78	4650773
GCA_024331475.2	PRJNA856486	Mali	ST4681	O8:H19	O8	H19	fumC65:fimH32	B1	4793329	50.71	4793329
GCA_001419965.1	PRJNA293513	Tanzania	ST4741	O28ab:H9	O28ab	H9	fumC11:Unknown	A	87593	50.71	5160524
GCA_966503825.1	PRJEB73590	Ethiopia, Tanzania, Mozambique and Nigeria,	ST48	Unknown	ND	ND	fumC11:Unknown	A	78964	50.8	4831161
GCA_053165275.1	PRJNA1121524	Malawi	ST48	Unknown	ND	ND	fumC11:Unknown	A	4897884	50.94	5046416
GCA_024700745.2	PRJNA856486	Mali	ST48	O30:H11	O30	H11	fumC11:Unknown	A	4645195	50.86	4767225
GCA_907164475.1	PRJEB42795	Rwanda	ST48	O113:H11	O113	H11	fumC11:fimH1339	A	104810	50.78	4575711
GCA_907164445.1	PRJEB42795	Rwanda	ST48	O8:H11	O8	H11	fumC11:fimH23	A	139375	50.73	4806005
GCA_907164455.1	PRJEB42795	Rwanda	ST48	O8:H11	O8	H11	fumC11:fimH23	A	110946	50.73	4806542
GCA_009825305.1	PRJNA578301	Tanzania	ST48	Unknown	ND	ND	fumC11:Unknown	A	122253	50.73	4747521
GCA_009824845.1	PRJNA578301	Tanzania	ST48	O176:H11	O176	H11	fumC11:fimH43	A	116241	50.89	4842556
GCA_009794265.1	PRJNA578301	Tanzania	ST48	O38:H11	O38	H11	fumC11:fimH54	A	110239	50.72	4730718
GCA_969164305.1	PRJEB73590	Ethiopia, Tanzania, Mozambique and Nigeria,	ST484	O7:H4	O7	H4	fumC11:fimH54	B1	106175	50.32	5456760
GCA_040713165.1	PRJNA828150	unknown	ST4957	O10:H28	O10	H28	fumC37:fimH1572	F	271411	50.16	5484232
GCA_040418465.1	PRJNA1096457	Niger	ST4977	O188:H26	O188	H26	fumC11:fimH54	A	82363	50.88	4533474
GCA_037049805.1	PRJNA1076681	unknown	ST4981	O101:H9	O101	H9	fumC616:Unknown	A	180173	50.77	4739676
GCA_964006825.1	PRJEB71714	Tanzania	ST4981	O101:H9	O101	H9	fumC616:Unknown	A	118605	50.68	4944387
GCA_964006575.1	PRJEB71714	Tanzania	ST4981	O101:H9	O101	H9	fumC616:Unknown	A	118605	50.7	4837683
GCA_964205815.1	PRJEB71714	Tanzania	ST4981	O101:H9	O101	H9	fumC616:Unknown	A	86238	50.64	4958161
GCA_053165305.1	PRJNA1121524	Malawi	ST500	Unknown	ND	ND	fumC11:fimH25	B1	5086283	50.66	5190247
GCA_040713245.1	PRJNA828150	unknown	ST501	O17/O44:H1	O17/O44	H1	fumC132:fimH362	G	144865	50.54	5493625
GCA_966518665.1	PRJEB73590	Ethiopia, Tanzania, Mozambique and Nigeria,	ST501	O15:H1	O15	H1	fumC132:fimH54	G	218013	50.46	5229458
GCA_000939135.1	PRJEB8306	Malawi	ST501	O17/O77:H1	O17/O77	H1	fumC132:fimH34	G	18700	50.77	5419259
GCA_000936455.1	PRJEB8306	Malawi	ST501	O17/O44:H1	O17/O44	H1	fumC132:fimH34	G	21102	50.73	5516512
GCA_000937355.1	PRJEB8306	Malawi	ST501	Unknown	ND	ND	fumC132:fimH34	G	17985	50.84	5439347
GCA_000941535.1	PRJEB8306	Malawi	ST504	Unknown	ND	ND	fumC43:fimH21	B2	13560	51.26	5232470
GCA_000941195.1	PRJEB8306	Malawi	ST504	Unknown	ND	ND	fumC43:fimH21	B2	28148	50.89	5380779
GCA_966502365.1	PRJEB73590	Ethiopia, Tanzania, Mozambique and Nigeria,	ST515	O176:H29	O176	H29	fumC11:Unknown	B1	185105	50.64	5111485
GCA_964007115.1	PRJEB71714	Tanzania	ST5303	O18ab:H14	O18ab	H14	fumC11:fimH2751	A	45025	50.97	4781411
GCA_001419925.1	PRJNA293513	Tanzania	ST5303	O18ab:H14	O18ab	H14	fumC11:fimH53	A	68619	51.01	4772306
GCA_001419785.1	PRJNA293513	Tanzania	ST5307	Unknown	ND	ND	fumC11:fimH23	A	201161	50.79	4749296
GCA_037049465.1	PRJNA1076681	unknown	ST533	O76:H14	O76	H14	fumC4:fimH31	B1	87149	50.64	5011566
GCA_037047745.1	PRJNA1076681	unknown	ST533	O76:H14	O76	H14	fumC4:fimH31	B1	88943	50.65	5012854
GCA_966511865.1	PRJEB73590	Ethiopia, Tanzania, Mozambique and Nigeria,	ST537	O75:H5	O75	H5	fumC14:fimH5	B2	697856	50.46	4832641
GCA_040713355.1	PRJNA828150	unknown	ST539	O159:H28	O159	H28	fumC19:fimH38	B1	160655	50.65	5163018
GCA_966503925.1	PRJEB73590	Ethiopia, Tanzania, Mozambique and Nigeria,	ST540	O9a:H30	O9a	H30	fumC7:fimH54	A	97665	50.81	4767955
GCA_051631045.1	PRJNA473419	Ghana	ST540	O11:H47	O11	H47	fumC7:fimH898	A	29906	50.95	4161375
GCA_051630715.1	PRJNA473419	Ghana	ST540	O11:H47	O11	H47	fumC7:fimH898	A	15683	50.95	3808980
GCA_051630275.1	PRJNA473419	Ghana	ST540	O11:H11	O11	H11	fumC7:fimH898	A	32535	50.94	4318166
GCA_907164515.1	PRJEB42795	Rwanda	ST540	O166:H10	O166	H10	fumC7:fimH24	A	174224	50.57	5172385
GCA_907164415.1	PRJEB42795	Rwanda	ST540	O166:H10	O166	H10	fumC7:fimH24	A	174998	50.57	5173263
GCA_907163985.1	PRJEB42795	Rwanda	ST540	O154:H11	O154	H11	fumC7:fimH898	A	101626	50.69	5349973
GCA_907163525.1	PRJEB42795	Rwanda	ST540	O166:H10	O166	H10	fumC7:fimH24	A	175823	50.57	5189061
GCA_907163535.1	PRJEB42795	Rwanda	ST540	O166:H10	O166	H10	fumC7:fimH24	A	167823	50.57	5217199
GCA_964007095.1	PRJEB71714	Tanzania	ST540	Unknown	ND	ND	fumC7:fimH54	A	114679	50.82	4695317
GCA_964206515.1	PRJEB71714	Tanzania	ST540	Unknown	ND	ND	fumC7:fimH54	A	119871	50.74	4751813
GCA_009901245.1	PRJNA578301	Tanzania	ST540	O21:H11	O21	H11	fumC7:fimH898	A	146772	50.56	5493776
GCA_009793935.1	PRJNA578301	Tanzania	ST540	O141:H45	O141	H45	fumC7:fimH1645	D	28736	50.21	6175501
GCA_009767345.1	PRJNA578301	Tanzania	ST540	O9a:H10	O9a	H10	fumC7:fimH54	D	123357	50.58	5535119
GCA_009767355.1	PRJNA578301	Tanzania	ST540	O21:H47	O21	H47	fumC7:fimH898	A	146772	50.56	5493776
GCA_009762075.1	PRJNA578301	Tanzania	ST540	O141:H40	O141	H40	fumC7:fimH1645	D	41184	50.34	5495863
GCA_011318355.1	PRJNA578301	Tanzania	ST540	O9a:H30	O9a	H30	fumC7:fimH54	A	83848	51.14	5240217
GCA_011318255.1	PRJNA578301	Tanzania	ST540	O9a:H10	O9a	H10	fumC7:fimH54	D	123357	50.58	5541696
GCA_011318755.1	PRJNA578301	Tanzania	ST540	O9a:H10	O9a	H10	fumC7:fimH54	A	123357	50.79	4773961
GCA_964206205.1	PRJEB71714	Tanzania	ST542	O184:H30	O184	H30	fumC11:fimH398	A	109961	50.76	4622289
GCA_964206155.1	PRJEB71714	Tanzania	ST542	O184:H30	O184	H30	fumC11:fimH398	A	102149	50.76	4620160
GCA_009793905.1	PRJNA578301	Tanzania	ST542	O184:H30	O184	H30	fumC11:fimH398	A	151423	50.67	4955129
GCA_037049955.1	PRJNA1076681	unknown	ST543	O169:H9	O169	H9	fumC136:fimH331	E	215669	50.51	5332254
GCA_022968235.1	PRJNA823741	Ghana	ST5614	O27:H14	O27	H14	fumC6:fimH54	B1	15233	50.74	5763277
GCA_040716825.1	PRJNA828150	unknown	ST57	O140:H25	O140	H25	fumC31:fimH25	E	100955	50.53	5515235
GCA_040716505.1	PRJNA828150	unknown	ST57	O128ac:H25	O128ac	H25	fumC31:fimH27	E	93513	50.6	5439371
GCA_040713675.1	PRJNA828150	unknown	ST57	O128ac:H25	O128ac	H25	fumC31:fimH27	E	89730	50.6	5453151
GCA_040712895.1	PRJNA828150	unknown	ST57	O140:H25	O140	H25	fumC31:fimH27	E	115667	50.46	5604258
GCA_037046955.1	PRJNA1076681	unknown	ST58	O8:H25	O8	H25	fumC4:fimH32	B1	89568	50.76	4844661
GCA_037046915.1	PRJNA1076681	unknown	ST58	O8:H25	O8	H25	fumC4:fimH32	B1	97722	50.8	4912546
GCA_037049105.1	PRJNA1076681	unknown	ST58	O9a:H25	O9a	H25	fumC4:fimH27	B1	79809	50.59	5242975
GCA_037048605.1	PRJNA1076681	unknown	ST58	O8:H25	O8	H25	fumC4:fimH32	B1	87995	50.76	4843929
GCA_037047545.1	PRJNA1076681	unknown	ST58	O9a:H25	O9a	H25	fumC4:fimH27	B1	87782	50.59	5238147
GCA_040713735.1	PRJNA828150	unknown	ST58	O8:H9	O8	H9	fumC4:fimH32	B1	144424	50.6	5215257
GCA_040712805.1	PRJNA828150	unknown	ST58	O8:H9	O8	H9	fumC4:fimH32	B1	122424	50.73	4977089
GCA_040712755.1	PRJNA828150	unknown	ST58	O8:H9	O8	H9	fumC4:fimH32	B1	137176	50.61	5220665
GCA_966570035.1	PRJEB73590	Ethiopia, Tanzania, Mozambique and Nigeria,	ST58	O86:H30	O86	H30	fumC4:fimH1325	B1	174193	50.58	5178352
GCA_966502335.1	PRJEB73590	Ethiopia, Tanzania, Mozambique and Nigeria,	ST58	Unknown	ND	ND	fumC4:Unknown	B1	89942	50.66	4901968
GCA_022968575.1	PRJNA823741	Ghana	ST58	O8:H30	O8	H30	fumC4:Unknown	B1	105077	50.77	4947644
GCA_053165255.1	PRJNA1121524	Malawi	ST58	O160:H16	O160	H16	fumC4:fimH31	B1	4897424	50.78	5047108
GCA_964006305.1	PRJEB71714	Tanzania	ST58	O8:H30	O8	H30	fumC4:Unknown	B1	119731	50.68	4901652
GCA_964007145.1	PRJEB71714	Tanzania	ST58	O8:H25	O8	H25	fumC4:fimH279	B1	55718	50.77	4915517
GCA_964206455.1	PRJEB71714	Tanzania	ST58	O8:H30	O8	H30	fumC4:Unknown	B1	98868	50.84	4890191
GCA_964206475.1	PRJEB71714	Tanzania	ST58	O8:H30	O8	H30	fumC4:Unknown	B1	105139	50.81	4905521
GCA_001420065.1	PRJNA293513	Tanzania	ST58	O29:H21	O29	H21	fumC4:fimH32	B1	122169	50.53	5481319
GCA_009900245.1	PRJNA578301	Tanzania	ST58	O154:H30	O154	H30	fumC4:fimH1325	B1	168110	50.73	4768166
GCA_009825205.1	PRJNA578301	Tanzania	ST58	O112ac:H12	O112ac	H12	fumC4:Unknown	B1	175346	50.77	4748041
GCA_009825075.1	PRJNA578301	Tanzania	ST58	O112ac:H12	O112ac	H12	fumC4:Unknown	B1	166546	50.73	4744944
GCA_009824985.1	PRJNA578301	Tanzania	ST58	O112ac:H12	O112ac	H12	fumC4:Unknown	B1	225866	50.74	4737139
GCA_009824965.1	PRJNA578301	Tanzania	ST58	O112ac:H12	O112ac	H12	fumC4:Unknown	B1	225866	50.74	4733905
GCA_009824935.1	PRJNA578301	Tanzania	ST58	O112ac:H12	O112ac	H12	fumC4:Unknown	B1	187487	50.76	4757081
GCA_009824905.1	PRJNA578301	Tanzania	ST58	O112ac:H12	O112ac	H12	fumC4:Unknown	B1	225866	50.74	4737911
GCA_009824175.1	PRJNA578301	Tanzania	ST58	O112ac:H12	O112ac	H12	fumC4:Unknown	B1	199482	50.73	4738702
GCA_009824095.1	PRJNA578301	Tanzania	ST58	O112ac:H12	O112ac	H12	fumC4:Unknown	B1	225866	50.75	4747725
GCA_009824075.1	PRJNA578301	Tanzania	ST58	O112ac:H12	O112ac	H12	fumC4:Unknown	B1	225866	50.75	4743235
GCA_009799095.1	PRJNA578301	Tanzania	ST58	O29:H21	O29	H21	fumC4:fimH32	B1	141012	50.52	5472782
GCA_011318275.1	PRJNA578301	Tanzania	ST58	O153:H12	O153	H12	fumC4:fimH54	B1	112160	50.56	5255930
GCA_011318235.1	PRJNA578301	Tanzania	ST58	O153:H12	O153	H12	fumC4:fimH54	B1	112160	50.56	5266383
GCA_011318195.1	PRJNA578301	Tanzania	ST58	O153:H12	O153	H12	fumC4:fimH54	B1	128940	50.56	5270509
GCA_011318135.1	PRJNA578301	Tanzania	ST58	O8:H25	O8	H25	fumC4:fimH34	B1	134193	50.81	4937569
GCA_011317375.1	PRJNA578301	Tanzania	ST58	O112ac:H12	O112ac	H12	fumC4:Unknown	B1	225866	50.75	4745164
GCA_011318735.1	PRJNA578301	Tanzania	ST58	O153:H12	O153	H12	fumC4:fimH54	B1	124881	50.56	5262735
GCA_011318555.1	PRJNA578301	Tanzania	ST58	O29:H21	O29	H21	fumC4:fimH32	B1	144253	50.53	5412755
GCA_011318455.1	PRJNA578301	Tanzania	ST58	O153:H12	O153	H12	fumC4:fimH54	B1	128940	50.55	5260230
GCA_040713915.1	PRJNA828150	unknown	ST5897	Unknown	ND	ND	fumC3:fimH1041	D	290133	50.52	5134817
GCA_001419865.1	PRJNA293513	Tanzania	ST59	O1:H7	O1	H7	fumC32:fimH27	F	152463	50.6	5154778
GCA_966543435.1	PRJEB73590	Ethiopia, Tanzania, Mozambique and Nigeria,	ST5937	Unknown	ND	ND	fumC19:fimH31	A	213314	50.55	4819397
GCA_966542435.1	PRJEB73590	Ethiopia, Tanzania, Mozambique and Nigeria,	ST5937	Unknown	ND	ND	fumC19:fimH31	A	213314	50.55	4820463
GCA_966508645.1	PRJEB73590	Ethiopia, Tanzania, Mozambique and Nigeria,	ST5979	O126:H19	O126	H19	fumC773:fimH124	E	578168	50.62	4938756
GCA_001413995.1	PRJNA293513	Tanzania	ST602	O6:H21	O6	H21	fumC19:fimH86	B1	180543	50.56	5283428
GCA_009824135.1	PRJNA578301	Tanzania	ST602	O15:H21	O15	H21	fumC19:fimH86	B1	166310	50.74	5459055
GCA_966559525.1	PRJEB73590	Ethiopia, Tanzania, Mozambique and Nigeria,	ST609	O9a:H4	O9a	H4	fumC7:fimH54	A	74429	50.82	4667566
GCA_966512735.1	PRJEB73590	Ethiopia, Tanzania, Mozambique and Nigeria,	ST609	O9a:H4	O9a	H4	fumC7:fimH54	A	46093	50.82	4642754
GCA_011318095.1	PRJNA578301	Tanzania	ST6151	O29:H4	O29	H4	fumC11:Unknown	A	110862	50.81	5183236
GCA_037047055.1	PRJNA1076681	unknown	ST617	O101:H10	O101	H10	fumC11:fimH29	A	71592	50.75	4822054
GCA_037049085.1	PRJNA1076681	unknown	ST617	O101:H10	O101	H10	fumC11:fimH29	A	75664	50.71	4851561
GCA_037047325.1	PRJNA1076681	unknown	ST617	O101:H9	O101	H9	fumC11:Unknown	A	71573	50.81	4814983
GCA_037046885.1	PRJNA1076681	unknown	ST617	O101:H10	O101	H10	fumC11:fimH29	A	71576	50.74	4821687
GCA_052072915.1	PRJNA1298299	Egyptian	ST617	O101:H10	O101	H10	fumC11:Unknown	A	154561	50.71	5022179
GCA_019355455.1	PRJNA473419	Ghana	ST617	O101:H10	O101	H10	fumC11:fimH29	A	4943457	50.67	5267266
GCA_022968525.1	PRJNA823741	Ghana	ST617	O101:H10	O101	H10	fumC11:fimH54	A	106189	50.66	4932348
GCA_024331525.2	PRJNA856486	Mali	ST617	O101:H4	O101	H4	fumC11:fimH27	A	4981147	50.8	5165895
GCA_024331495.2	PRJNA856486	Mali	ST617	O101:H4	O101	H4	fumC11:fimH27	A	4981147	50.8	5165896
GCA_030024805.1	PRJNA962793	Nigeria	ST617	O101:H10	O101	H10	fumC11:Unknown	A	125364	50.59	5034484
GCA_030024505.1	PRJNA962793	Nigeria	ST617	O101:H10	O101	H10	fumC11:Unknown	A	118924	50.58	5028695
GCA_030024325.1	PRJNA962793	Nigeria	ST617	O101:H10	O101	H10	fumC11:Unknown	A	125364	50.59	5034484
GCA_907164285.1	PRJEB42795	Rwanda	ST617	O101:H10	O101	H10	fumC11:fimH27	A	99990	50.78	4885974
GCA_907164215.1	PRJEB42795	Rwanda	ST617	O101:H10	O101	H10	fumC11:fimH29	A	108593	50.71	4955141
GCA_907164205.1	PRJEB42795	Rwanda	ST617	O101:H10	O101	H10	fumC11:fimH29	A	118839	50.71	4951135
GCA_907163475.1	PRJEB42795	Rwanda	ST617	O101:H10	O101	H10	fumC11:fimH29	A	119023	50.72	4941090
GCA_907163465.1	PRJEB42795	Rwanda	ST617	O101:H10	O101	H10	fumC11:Unknown	A	115179	50.7	4983918
GCA_907163275.1	PRJEB42795	Rwanda	ST617	O101:H10	O101	H10	fumC11:Unknown	A	93964	50.8	4857623
GCA_964006145.1	PRJEB71714	Tanzania	ST617	O101:H10	O101	H10	fumC11:fimH27	A	105784	50.66	4940936
GCA_964006065.1	PRJEB71714	Tanzania	ST617	O101:H10	O101	H10	fumC11:Unknown	A	77229	50.65	4945690
GCA_964206115.1	PRJEB71714	Tanzania	ST617	O101:H10	O101	H10	fumC11:Unknown	A	105630	50.54	5199771
GCA_001420055.1	PRJNA293513	Tanzania	ST617	O101:H10	O101	H10	fumC11:Unknown	A	88618	50.73	5062321
GCA_009901085.1	PRJNA578301	Tanzania	ST617	O101:H9	O101	H9	fumC11:Unknown	A	147693	50.84	4861070
GCA_009901005.1	PRJNA578301	Tanzania	ST617	O101:H9	O101	H9	fumC11:Unknown	A	147693	50.83	4858970
GCA_009767515.1	PRJNA578301	Tanzania	ST617	O101:H9	O101	H9	fumC11:Unknown	A	147693	50.84	4861070
GCA_009767465.1	PRJNA578301	Tanzania	ST617	O101:H9	O101	H9	fumC11:Unknown	A	130865	50.82	4862890
GCA_009767445.1	PRJNA578301	Tanzania	ST617	O101:H9	O101	H9	fumC11:Unknown	A	125396	50.82	4856634
GCA_011318175.1	PRJNA578301	Tanzania	ST617	O101:H9	O101	H9	fumC11:Unknown	A	147693	50.83	4860366
GCA_011317955.1	PRJNA578301	Tanzania	ST617	O101:H9	O101	H9	fumC11:Unknown	A	130865	50.82	4862890
GCA_011318495.1	PRJNA578301	Tanzania	ST617	O101:H9	O101	H9	fumC11:Unknown	A	125396	50.82	4857091
GCA_009762185.1	PRJNA578301	Tanzania	ST6175	O146:H21	O146	H21	fumC95:fimH1934	B1	148078	50.58	5148526
GCA_011318575.1	PRJNA578301	Tanzania	ST6175	O146:H21	O146	H21	fumC95:fimH1934	B1	140627	50.57	5241485
GCA_969160985.1	PRJEB73590	Ethiopia, Tanzania, Mozambique and Nigeria,	ST6197	O162:H48	O162	H48	fumC19:fimH2132	B1	140527	50.47	5474147
GCA_037048905.1	PRJNA1076681	unknown	ST62	O7:H45	O7	H45	fumC33:fimH44	F	78547	50.33	5396129
GCA_037047945.1	PRJNA1076681	unknown	ST62	O7:H45	O7	H45	fumC33:fimH44	F	77094	50.44	5174469
GCA_037047765.1	PRJNA1076681	unknown	ST62	O7:H45	O7	H45	fumC33:fimH44	F	76994	50.53	5161095
GCA_964006525.1	PRJEB71714	Tanzania	ST62	O7:H45	O7	H45	fumC33:fimH44	F	93408	50.49	5259777
GCA_964006715.1	PRJEB71714	Tanzania	ST62	O7:H45	O7	H45	fumC33:fimH44	F	100003	50.48	5211793
GCA_964205915.1	PRJEB71714	Tanzania	ST62	O7:H45	O7	H45	fumC33:fimH44	F	108806	50.39	5287096
GCA_964206495.1	PRJEB71714	Tanzania	ST62	O7:H45	O7	H45	fumC33:fimH44	F	93408	50.49	5265170
GCA_964006955.1	PRJEB71714	Tanzania	ST6332	O8:H21	O8	H21	fumC4:fimH24	C	93721	50.65	4902201
GCA_964006085.1	PRJEB71714	Tanzania	ST6359	O101:H9	O101	H9	fumC616:Unknown	A	69614	50.46	4983305
GCA_964206085.1	PRJEB71714	Tanzania	ST6359	O101:H9	O101	H9	fumC616:Unknown	A	51042	50.29	5162643
GCA_037049445.1	PRJNA1076681	unknown	ST636	O21:H7	O21	H7	fumC108:Unknown	B2	98156	50.58	5063808
GCA_037049865.1	PRJNA1076681	unknown	ST636	O21:H7	O21	H7	fumC108:Unknown	B2	304779	50.54	5245492
GCA_009766565.1	PRJNA578301	Tanzania	ST6402	O45:H10	O45	H10	fumC4:fimH121	B1	130600	50.63	5271115
GCA_011763035.1	PRJNA578301	Tanzania	ST6402	O45:H10	O45	H10	fumC4:fimH121	B1	121496	50.65	5278096
GCA_040713775.1	PRJNA828150	unknown	ST641	O30:H25	O30	H25	fumC6:fimH53	B1	138264	50.63	5058067
GCA_966649305.1	PRJEB73590	Ethiopia, Tanzania, Mozambique and Nigeria,	ST641	O91:H10	O91	H10	fumC6:fimH68	B1	148721	50.65	5018467
GCA_009799375.1	PRJNA578301	Tanzania	ST641	O37:H10	O37	H10	fumC6:Unknown	B1	164580	50.87	4713729
GCA_009766425.1	PRJNA578301	Tanzania	ST641	O45:H21	O45	H21	fumC6:fimH25	B1	162475	50.65	4982958
GCA_025536515.1	PRJNA738374	Senegal	ST642	O85:H4	O85	H4	fumC23:fimH31	B1	137770	50.58	4935317
GCA_011318655.1	PRJNA578301	Tanzania	ST642	O105:H4	O105	H4	fumC23:fimH31	A	134832	52.42	6297048
GCA_000939695.1	PRJEB8306	Malawi	ST6420	Unknown	ND	ND	fumC11:Unknown	A	8353	51.09	5158422
GCA_040713155.1	PRJNA828150	unknown	ST6448	O5:H20	O5	H20	fumC4:fimH60	A	135672	50.53	5139527
GCA_037047095.1	PRJNA1076681	unknown	ST648	O153:H6	O153	H6	fumC4:Unknown	F	104261	50.52	5220056
GCA_037046995.1	PRJNA1076681	unknown	ST648	O153:H6	O153	H6	fumC4:Unknown	F	91038	50.52	5222022
GCA_037046895.1	PRJNA1076681	unknown	ST648	O1:H6	O1	H6	fumC4:Unknown	F	104650	50.27	5409664
GCA_037048545.1	PRJNA1076681	unknown	ST648	O153:H6	O153	H6	fumC4:fimH27	F	93883	50.56	5174784
GCA_037048205.1	PRJNA1076681	unknown	ST648	O153:H30	O153	H30	fumC4:fimH27	F	128091	50.56	5179826
GCA_037047465.1	PRJNA1076681	unknown	ST648	O153:H30	O153	H30	fumC4:fimH27	F	112508	50.57	5189649
GCA_966519275.1	PRJEB73590	Ethiopia, Tanzania, Mozambique and Nigeria,	ST648	O1:H6	O1	H6	fumC4:Unknown	F	270724	50.4	5243436
GCA_022967965.1	PRJNA823741	Ghana	ST648	O102:H6	O102	H6	fumC4:Unknown	F	137528	50.51	5188919
GCA_022968075.1	PRJNA823741	Ghana	ST648	O102:H6	O102	H6	fumC4:Unknown	F	162647	50.51	5199290
GCA_030024735.1	PRJNA962793	Nigeria	ST648	O8:H4	O8	H4	fumC4:Unknown	F	195341	50.62	5049385
GCA_907164335.1	PRJEB42795	Rwanda	ST648	Unknown	ND	ND	fumC4:Unknown	F	188412	50.61	4983595
GCA_907164325.1	PRJEB42795	Rwanda	ST648	O8:H6	O8	H6	fumC4:Unknown	F	211198	50.61	4990753
GCA_907164305.1	PRJEB42795	Rwanda	ST648	O8:H6	O8	H6	fumC4:Unknown	F	204862	50.6	4991496
GCA_907164255.1	PRJEB42795	Rwanda	ST648	O8:H6	O8	H6	fumC4:Unknown	F	204862	50.69	5048293
GCA_907164065.1	PRJEB42795	Rwanda	ST648	O153:H6	O153	H6	fumC4:Unknown	F	210175	50.52	5295206
GCA_907164025.1	PRJEB42795	Rwanda	ST648	O153:H6	O153	H6	fumC4:Unknown	F	210175	50.47	5355361
GCA_907164015.1	PRJEB42795	Rwanda	ST648	O153:H6	O153	H6	fumC4:Unknown	F	204861	50.54	5481903
GCA_907163975.1	PRJEB42795	Rwanda	ST648	O153:H6	O153	H6	fumC4:Unknown	F	164615	50.47	5359849
GCA_907163945.1	PRJEB42795	Rwanda	ST648	O153:H6	O153	H6	fumC4:Unknown	F	210175	50.47	5357642
GCA_907163675.1	PRJEB42795	Rwanda	ST648	O8:H6	O8	H6	fumC4:Unknown	F	204861	50.65	5006577
GCA_022488285.1	PRJNA806525	Sudan and Zambia	ST648	O16:H48	O16	H48	fumC4:fimH1544	Unknown	4677367	50.1	4677367
GCA_964006925.1	PRJEB71714	Tanzania	ST648	O1:H6	O1	H6	fumC4:fimH1544	F	164868	50.51	5199641
GCA_964006155.1	PRJEB71714	Tanzania	ST648	O1:H6	O1	H6	fumC4:fimH1544	F	45825	50.51	5173068
GCA_964006805.1	PRJEB71714	Tanzania	ST648	O153:H6	O153	H6	fumC4:Unknown	F	109699	50.49	5208808
GCA_964006775.1	PRJEB71714	Tanzania	ST648	O153:H6	O153	H6	fumC4:Unknown	F	122680	50.46	5235305
GCA_964006835.1	PRJEB71714	Tanzania	ST648	O153:H6	O153	H6	fumC4:Unknown	F	93017	50.48	5204282
GCA_964007385.1	PRJEB71714	Tanzania	ST648	O1:H6	O1	H6	fumC4:Unknown	F	110492	50.38	5311243
GCA_964205325.1	PRJEB71714	Tanzania	ST648	O1:H6	O1	H6	fumC4:Unknown	F	80472	50.47	5197687
GCA_964206135.1	PRJEB71714	Tanzania	ST648	O102:H6	O102	H6	fumC4:fimH27	F	12728	50.47	5191795
GCA_964206015.1	PRJEB71714	Tanzania	ST648	O1:H6	O1	H6	fumC4:fimH1544	F	174426	50.51	5190756
GCA_964205985.1	PRJEB71714	Tanzania	ST648	O8:H4	O8	H4	fumC4:Unknown	F	128120	50.36	5387745
GCA_964206595.1	PRJEB71714	Tanzania	ST648	O153:H6	O153	H6	fumC4:Unknown	F	171324	50.57	5186117
GCA_037048085.1	PRJNA1076681	unknown	ST656	O101:H45	O101	H45	fumC7:fimH54	A	75505	50.73	5009839
GCA_009825035.1	PRJNA578301	Tanzania	ST6629	Unknown	ND	ND	fumC4:fimH1171	A	75274	50.43	4910297
GCA_001419825.1	PRJNA293513	Tanzania	ST6647	O150:H8	O150	H8	fumC4:fimH86	B1	181155	50.6	4793622
GCA_001419845.1	PRJNA293513	Tanzania	ST6648	O93:H16	O93	H16	fumC884:fimH31	A	151169	50.67	4909016
GCA_009798785.1	PRJNA578301	Tanzania	ST6721	O132:H8	O132	H8	fumC4:fimH24	B1	195366	50.73	4975761
GCA_011319015.1	PRJNA578301	Tanzania	ST6749	O178:H10	O178	H10	fumC6:fimH54	Unknown	50764	50.42	5811247
GCA_966507055.1	PRJEB73590	Ethiopia, Tanzania, Mozambique and Nigeria,	ST678	O104:H8	O104	H8	fumC6:fimH32	B1	192696	50.53	4934864
GCA_966512615.1	PRJEB73590	Ethiopia, Tanzania, Mozambique and Nigeria,	ST6826	O12:H4	O12	H4	fumC11:fimH27	A	119136	50.68	5227547
GCA_964006235.1	PRJEB71714	Tanzania	ST683	O9:H21	O9	H21	fumC4:Unknown	B1	148169	50.66	4971169
GCA_970905575.1	PRJEB73590	Ethiopia, Tanzania, Mozambique and Nigeria,	ST6856	O1:H11	O1	H11	fumC11:Unknown	A	81217	50.83	4552391
GCA_037049985.1	PRJNA1076681	unknown	ST69	O45:H16	O45	H16	fumC35:fimH27	D	197448	50.62	5301020
GCA_037049725.1	PRJNA1076681	unknown	ST69	O45:H16	O45	H16	fumC35:fimH27	D	146300	50.62	5297587
GCA_037046815.1	PRJNA1076681	unknown	ST69	O17/O44:H18	O17/O44	H18	fumC35:fimH27	D	76059	50.65	5182345
GCA_037049125.1	PRJNA1076681	unknown	ST69	O15:H1	O15	H1	fumC35:fimH27	D	75487	50.62	5207041
GCA_037048665.1	PRJNA1076681	unknown	ST69	O15:H18	O15	H18	fumC35:fimH27	D	76162	50.55	5331025
GCA_037048585.1	PRJNA1076681	unknown	ST69	O15:H18	O15	H18	fumC35:fimH27	D	95543	50.57	5285521
GCA_037048565.1	PRJNA1076681	unknown	ST69	O15:H18	O15	H18	fumC35:fimH27	D	89460	50.62	4978225
GCA_037048525.1	PRJNA1076681	unknown	ST69	O17/O44:H18	O17/O44	H18	fumC35:fimH27	D	92223	50.5	5350028
GCA_037048505.1	PRJNA1076681	unknown	ST69	O15:H18	O15	H18	fumC35:fimH27	D	86472	50.57	5280752
GCA_037047425.1	PRJNA1076681	unknown	ST69	O17/O44:H18	O17/O44	H18	fumC35:Unknown	D	158241	50.5	5144809
GCA_037046855.1	PRJNA1076681	unknown	ST69	O15:H18	O15	H18	fumC35:fimH27	D	94903	50.56	5338451
GCA_966514535.1	PRJEB73590	Ethiopia, Tanzania, Mozambique and Nigeria,	ST69	O15:H18	O15	H18	fumC35:fimH27	D	258693	50.66	5294307
GCA_966516615.1	PRJEB73590	Ethiopia, Tanzania, Mozambique and Nigeria,	ST69	O15:H18	O15	H18	fumC35:fimH27	D	258975	50.65	5297810
GCA_907164095.1	PRJEB42795	Rwanda	ST69	O15:H18	O15	H18	fumC35:fimH27	D	221647	50.67	5380119
GCA_964006895.1	PRJEB71714	Tanzania	ST69	O15:H18	O15	H18	fumC35:fimH27	D	186280	50.55	5186759
GCA_964007075.1	PRJEB71714	Tanzania	ST69	O15:H18	O15	H18	fumC35:fimH27	D	182717	50.55	5178392
GCA_964007425.1	PRJEB71714	Tanzania	ST69	O45:H16	O45	H16	fumC35:fimH27	D	153489	50.71	5264053
GCA_964006195.1	PRJEB71714	Tanzania	ST69	O17/O44:H18	O17/O44	H18	fumC35:fimH27	D	95582	50.5	5359601
GCA_964006115.1	PRJEB71714	Tanzania	ST69	O45:H16	O45	H16	fumC35:fimH27	D	85690	50.65	5290925
GCA_964007545.1	PRJEB71714	Tanzania	ST69	O15:H18	O15	H18	fumC35:fimH27	D	181687	50.6	5273158
GCA_964006425.1	PRJEB71714	Tanzania	ST69	O15:H18	O15	H18	fumC35:fimH27	D	121814	50.55	5169862
GCA_964007135.1	PRJEB71714	Tanzania	ST69	O17/O44:H18	O17/O44	H18	fumC35:fimH27	D	102939	50.73	5091780
GCA_964206305.1	PRJEB71714	Tanzania	ST69	O15:H18	O15	H18	fumC35:fimH27	D	130040	50.55	5166374
GCA_001420075.1	PRJNA293513	Tanzania	ST69	O45:H16	O45	H16	fumC35:fimH27	D	126999	50.64	5277119
GCA_009900095.1	PRJNA578301	Tanzania	ST69	O15:H18	O15	H18	fumC35:fimH27	D	211387	50.74	5259317
GCA_009799445.1	PRJNA578301	Tanzania	ST69	O17/O44:H18	O17/O44	H18	fumC35:fimH54	D	223226	50.62	5001739
GCA_009766455.1	PRJNA578301	Tanzania	ST69	O15:H18	O15	H18	fumC35:fimH27	D	132784	50.36	5347706
GCA_009766465.1	PRJNA578301	Tanzania	ST69	O17/O44:H18	O17/O44	H18	fumC35:fimH54	D	284651	50.61	5010366
GCA_011318155.1	PRJNA578301	Tanzania	ST69	O15:H18	O15	H18	fumC35:fimH27	D	132784	50.36	5349155
GCA_011318115.1	PRJNA578301	Tanzania	ST69	O15:H18	O15	H18	fumC35:fimH27	D	211387	50.72	5184765
GCA_966506965.1	PRJEB73590	Ethiopia, Tanzania, Mozambique and Nigeria,	ST70	O23:H15	O23	H15	fumC36:fimH48	D	189792	50.52	5636020
GCA_966554025.1	PRJEB73590	Ethiopia, Tanzania, Mozambique and Nigeria,	ST70	O23:H15	O23	H15	fumC36:fimH48	D	141129	50.32	5723304
GCA_966569795.1	PRJEB73590	Ethiopia, Tanzania, Mozambique and Nigeria,	ST70	O23:H15	O23	H15	fumC36:fimH48	D	118900	50.3	5683860
GCA_001721225.1	PRJNA241122	unknown	ST7061	O145:H25	O145	H25	fumC46:fimH545	A	5193734	50.38	5376466
GCA_001721205.1	PRJNA241122	unknown	ST7061	O145:H25	O145	H25	fumC46:fimH545	A	5191331	50.38	5374570
GCA_037049845.1	PRJNA1076681	unknown	ST708	O8:H19	O8	H19	fumC65:fimH32	B1	194993	50.71	5004135
GCA_964205515.1	PRJEB71714	Tanzania	ST708	O8:H19	O8	H19	fumC65:fimH32	B1	187957	50.74	4751539
GCA_966515205.1	PRJEB73590	Ethiopia, Tanzania, Mozambique and Nigeria,	ST710	O8:H30	O8	H30	fumC153:fimH41	A	145301	50.72	4671173
GCA_009823875.1	PRJNA578301	Tanzania	ST711	O45:H10	O45	H10	fumC6:fimH289	B1	187440	50.81	4992832
GCA_011763195.1	PRJNA578301	Tanzania	ST711	O45:H10	O45	H10	fumC6:fimH289	B1	217499	50.88	4897585
GCA_011763115.1	PRJNA578301	Tanzania	ST711	O45:H10	O45	H10	fumC6:fimH289	B1	186208	50.9	4908017
GCA_009793405.1	PRJNA578301	Tanzania	ST716	O142:H38	O142	H38	fumC7:fimH25	A	95235	50.78	4746744
GCA_009793535.1	PRJNA578301	Tanzania	ST716	O88:H38	O88	H38	fumC7:fimH25	B1	81624	50.28	5559190
GCA_001678965.1	PRJNA241122	unknown	ST718	O168:H8	O168	H8	fumC19:fimH86	B1	5233459	50.57	5457411
GCA_001677495.1	PRJNA241122	unknown	ST718	O168:H8	O168	H8	fumC19:fimH86	B1	5286558	50.5	5511850
GCA_037049395.1	PRJNA1076681	unknown	ST73	O6:H1	O6	H1	fumC24:fimH103	B2	121151	50.42	5060770
GCA_037047585.1	PRJNA1076681	unknown	ST73	O50:H1	O50	H1	fumC24:fimH184	B2	106381	50.43	5104093
GCA_037047565.1	PRJNA1076681	unknown	ST73	O50:H1	O50	H1	fumC24:fimH184	B2	101567	50.44	5105405
GCA_037047505.1	PRJNA1076681	unknown	ST73	O6:H1	O6	H1	fumC24:fimH241	B2	132060	50.44	4947007
GCA_966663095.1	PRJEB73590	Ethiopia, Tanzania, Mozambique and Nigeria,	ST73	O6:H1	O6	H1	fumC24:fimH10	B2	290668	50.41	5161156
GCA_964205645.1	PRJEB71714	Tanzania	ST73	O6:H1	O6	H1	fumC24:fimH10	B2	132384	50.4	5227481
GCA_964205475.1	PRJEB71714	Tanzania	ST73	O6:H1	O6	H1	fumC24:fimH10	B2	139196	50.35	5294906
GCA_964205615.1	PRJEB71714	Tanzania	ST73	O6:H1	O6	H1	fumC24:fimH10	B2	214168	50.41	5253859
GCA_964205625.1	PRJEB71714	Tanzania	ST73	O6:H1	O6	H1	fumC24:fimH10	B2	148543	50.4	5227714
GCA_964205335.1	PRJEB71714	Tanzania	ST73	O6:H1	O6	H1	fumC24:fimH10	B2	148866	50.4	5249572
GCA_964206295.1	PRJEB71714	Tanzania	ST73	O6:H1	O6	H1	fumC24:fimH10	B2	123285	50.14	5243594
GCA_964206485.1	PRJEB71714	Tanzania	ST73	O6:H1	O6	H1	fumC24:fimH10	B2	132315	50.4	5219541
GCA_966503255.1	PRJEB73590	Ethiopia, Tanzania, Mozambique and Nigeria,	ST7326	O9a:H16	O9a	H16	fumC133:Unknown	B1	125599	50.49	5206682
GCA_966642565.1	PRJEB73590	Ethiopia, Tanzania, Mozambique and Nigeria,	ST7326	Unknown	ND	ND	fumC133:Unknown	B1	121245	50.59	5141395
GCA_907164035.1	PRJEB42795	Rwanda	ST744	O101:H9	O101	H9	fumC11:fimH54	A	126000	50.73	4881569
GCA_907164005.1	PRJEB42795	Rwanda	ST744	O101:H9	O101	H9	fumC11:fimH54	A	127894	50.73	4877113
GCA_964205345.1	PRJEB71714	Tanzania	ST744	O101:H9	O101	H9	fumC11:fimH54	A	106189	50.67	4593271
GCA_964205865.1	PRJEB71714	Tanzania	ST744	O101:H9	O101	H9	fumC11:fimH54	A	125662	50.67	4602506
GCA_009794115.1	PRJNA578301	Tanzania	ST7459	O117:H7	O117	H7	fumC209:fimH221	E	1113860	50.41	4833066
GCA_009900805.1	PRJNA578301	Tanzania	ST746	O154:H19	O154	H19	fumC7:fimH31	B1	3742	50.52	6218558
GCA_009799405.1	PRJNA578301	Tanzania	ST746	O124:H4	O124	H4	fumC7:fimH54	A	287764	50.54	4579095
GCA_009799355.1	PRJNA578301	Tanzania	ST746	O124:H4	O124	H4	fumC7:fimH54	A	192010	50.53	4574487
GCA_009798925.1	PRJNA578301	Tanzania	ST746	O110:H10	O110	H10	fumC7:fimH1990	A	94226	50.68	5566086
GCA_009798305.1	PRJNA578301	Tanzania	ST746	O21:H10	O21	H10	fumC7:fimH54	Unknown	30224	50.23	6368420
GCA_009794005.1	PRJNA578301	Tanzania	ST746	O124:H4	O124	H4	fumC7:fimH54	A	182291	50.56	4698234
GCA_966505585.1	PRJEB73590	Ethiopia, Tanzania, Mozambique and Nigeria,	ST757	Unknown	ND	ND	fumC11:fimH30	A	67388	50.87	4926448
GCA_009799255.1	PRJNA578301	Tanzania	ST7631	O76:H16	O76	H16	fumC19:fimH86	B1	195357	50.74	4690732
GCA_964205415.1	PRJEB71714	Tanzania	ST77	Unknown	ND	ND	fumC7:fimH41	A	105639	50.8	4744380
GCA_040716855.1	PRJNA828150	unknown	ST770	O25:H45	O25	H45	fumC116:fimH552	F	75517	50.43	5775254
GCA_040713065.1	PRJNA828150	unknown	ST770	O25:H45	O25	H45	fumC116:fimH552	F	50641	50.4	5928953
GCA_040712595.1	PRJNA828150	unknown	ST770	O25:H45	O25	H45	fumC116:fimH552	F	98147	50.4	5670220
GCA_037048305.1	PRJNA1076681	unknown	ST783	O83:H9	O83	H9	fumC4:fimH1163	C	111095	50.71	5020343
GCA_037048125.1	PRJNA1076681	unknown	ST783	O83:H9	O83	H9	fumC4:fimH1163	C	109233	50.7	5019192
GCA_037047965.1	PRJNA1076681	unknown	ST783	O83:H9	O83	H9	fumC4:fimH1163	C	140020	50.7	5018696
GCA_009798515.1	PRJNA578301	Tanzania	ST8097	O91:H16	O91	H16	fumC4:fimH86	B1	195127	50.78	4669129
GCA_024330025.2	PRJNA856486	Mali	ST8149	O170:H4	O170	H4	fumC11:Unknown	A	4619405	50.88	4744322
GCA_024329775.2	PRJNA856486	Mali	ST8149	O170:H4	O170	H4	fumC11:Unknown	A	4620182	50.88	4745099
GCA_009901345.1	PRJNA578301	Tanzania	ST8535	Unknown	ND	ND	fumC19:fimH86	B1	185547	50.58	5201325
GCA_009901265.1	PRJNA578301	Tanzania	ST8535	Unknown	ND	ND	fumC19:fimH86	B1	167073	50.56	5226381
GCA_009900825.1	PRJNA578301	Tanzania	ST8535	Unknown	ND	ND	fumC19:fimH86	B1	144690	50.5	5428205
GCA_009900545.1	PRJNA578301	Tanzania	ST8677	Unknown	ND	ND	fumC11:fimH1296	A	202757	50.78	4858788
GCA_009798505.1	PRJNA578301	Tanzania	ST8677	Unknown	ND	ND	fumC11:fimH1296	A	188001	50.77	4859698
GCA_009798435.1	PRJNA578301	Tanzania	ST8677	Unknown	ND	ND	fumC11:fimH1296	A	176088	50.82	4880170
GCA_009798315.1	PRJNA578301	Tanzania	ST8677	Unknown	ND	ND	fumC11:fimH1296	A	176088	50.8	4865376
GCA_009797995.1	PRJNA578301	Tanzania	ST8677	Unknown	ND	ND	fumC11:fimH1296	A	176162	50.83	4873215
GCA_011319075.1	PRJNA578301	Tanzania	ST8677	Unknown	ND	ND	fumC11:fimH1296	A	172065	50.79	4857389
GCA_966516535.1	PRJEB73590	Ethiopia, Tanzania, Mozambique and Nigeria,	ST8749	O17/O44:H18	O17/O44	H18	fumC3:fimH54	D	232260	50.58	5196464
GCA_964006815.1	PRJEB71714	Tanzania	ST8761	O9:H21	O9	H21	fumC4:fimH764	B1	135935	50.66	5029863
GCA_964206165.1	PRJEB71714	Tanzania	ST8761	O9:H21	O9	H21	fumC4:fimH764	B1	133289	50.64	5036210
GCA_009900205.1	PRJNA578301	Tanzania	ST8777	O9:H4	O9	H4	fumC7:fimH34	A	156097	50.63	4905326
GCA_009767145.1	PRJNA578301	Tanzania	ST8777	O9:H4	O9	H4	fumC7:fimH34	A	109526	50.62	4894912
GCA_009767135.1	PRJNA578301	Tanzania	ST8777	O9:H4	O9	H4	fumC7:fimH34	A	156097	50.63	4905529
GCA_009767185.1	PRJNA578301	Tanzania	ST8777	O9:H4	O9	H4	fumC7:fimH34	A	113792	50.63	4896875
GCA_011318435.1	PRJNA578301	Tanzania	ST8777	O9:H4	O9	H4	fumC7:fimH34	A	109526	50.62	4894912
GCA_907163545.1	PRJEB42795	Rwanda	ST88	O8:H17	O8	H17	fumC4:fimH39	C	347656	50.47	5223788
GCA_040416935.1	PRJNA1096457	Niger	ST8901	O101:H10	O101	H10	fumC11:fimH54	A	102635	50.71	4760453
GCA_037049285.1	PRJNA1076681	unknown	ST90	O8:H9	O8	H9	fumC4:fimH142	C	111059	50.57	5234875
GCA_037048965.1	PRJNA1076681	unknown	ST90	O8:H9	O8	H9	fumC4:fimH142	C	124340	50.56	5226948
GCA_037048865.1	PRJNA1076681	unknown	ST90	O160:H16	O160	H16	fumC4:fimH142	C	123347	50.52	5331454
GCA_037048285.1	PRJNA1076681	unknown	ST90	O8:H9	O8	H9	fumC4:fimH142	C	101623	50.68	4859043
GCA_037048225.1	PRJNA1076681	unknown	ST90	O8:H9	O8	H9	fumC4:fimH142	C	110062	50.68	4856150
GCA_040713415.1	PRJNA828150	unknown	ST90	O8:H9	O8	H9	fumC4:fimH142	C	280369	50.75	5278373
GCA_009824655.1	PRJNA578301	Tanzania	ST906	O150:H8	O150	H8	fumC4:fimH86	B1	186301	50.62	4991254
GCA_009824495.1	PRJNA578301	Tanzania	ST906	O150:H8	O150	H8	fumC4:fimH86	B1	185764	50.6	4977046
GCA_009824105.1	PRJNA578301	Tanzania	ST906	O150:H8	O150	H8	fumC4:fimH86	B1	258638	50.64	4991903
GCA_009793435.1	PRJNA578301	Tanzania	ST906	O150:H8	O150	H8	fumC4:fimH32	B1	218853	50.67	4931938
GCA_009793415.1	PRJNA578301	Tanzania	ST906	O150:H8	O150	H8	fumC4:fimH32	B1	218853	50.68	4932464
GCA_009767045.1	PRJNA578301	Tanzania	ST9062	O58:H32	O58	H32	fumC11:fimH1296	A	136088	50.94	4734555
GCA_011319135.1	PRJNA578301	Tanzania	ST9063	Unknown	ND	ND	fumC519:fimH221	E	332427	50.43	4997853
GCA_009793705.1	PRJNA578301	Tanzania	ST9278	O75:H31	O75	H31	fumC371:fimH840	E	631421	50.53	5142570
GCA_013122565.1	PRJNA616250	Gambia	ST9286	O3:H38	O3	H38	fumC474:Unknown	Unknown	4821968	50.51	4821968
GCA_030024785.1	PRJNA962793	Nigeria	ST93	O7:H4	O7	H4	fumC11:fimH41	A	80574	50.61	4610647
GCA_049380005.1	PRJNA473419	Ghana	ST937	O43:H2	O43	H2	fumC29:fimH38	B1	184920	50.54	5215146
GCA_049379865.1	PRJNA473419	Ghana	ST937	O43:H2	O43	H2	fumC29:fimH38	B1	145610	50.4	5293716
GCA_049379905.1	PRJNA473419	Ghana	ST937	O43:H2	O43	H2	fumC29:fimH38	B1	184920	50.55	5216295
GCA_016432785.1	PRJNA473419	Ghana	ST940	Unknown	ND	ND	fumC6:Unknown	B1	4746359	50.59	4991513
GCA_022968615.1	PRJNA823741	Ghana	ST940	Unknown	ND	ND	fumC6:Unknown	B1	107713	50.66	4734033
GCA_022968595.1	PRJNA823741	Ghana	ST940	Unknown	ND	ND	fumC6:Unknown	B1	93708	50.73	4793808
GCA_024700845.1	PRJNA856486	Mali	ST940	Unknown	ND	ND	fumC6:Unknown	B1	141534	50.59	4790415
GCA_009900305.1	PRJNA578301	Tanzania	ST940	Unknown	ND	ND	fumC6:Unknown	B1	133685	50.74	4621286
GCA_009900115.1	PRJNA578301	Tanzania	ST940	Unknown	ND	ND	fumC6:Unknown	B1	160045	50.66	4732191
GCA_011317895.1	PRJNA578301	Tanzania	ST940	Unknown	ND	ND	fumC6:Unknown	B1	147879	50.62	4745239
GCA_009766265.1	PRJNA578301	Tanzania	ST9438	O133:H29	O133	H29	fumC230:fimH31	D	282875	50.45	4916380
GCA_009768095.1	PRJNA578301	Tanzania	ST9438	O133:H29	O133	H29	fumC230:fimH31	D	461704	50.44	4892651
GCA_009768055.1	PRJNA578301	Tanzania	ST9438	O133:H29	O133	H29	fumC230:fimH31	D	461704	50.48	4887886
GCA_009768045.1	PRJNA578301	Tanzania	ST9438	O133:H29	O133	H29	fumC230:fimH31	D	349354	50.42	4932618
GCA_009768205.1	PRJNA578301	Tanzania	ST9438	O133:H29	O133	H29	fumC230:fimH31	D	461705	50.46	4916867
GCA_009768185.1	PRJNA578301	Tanzania	ST9438	O133:H29	O133	H29	fumC230:fimH31	D	325551	50.46	4907690
GCA_009768155.1	PRJNA578301	Tanzania	ST9438	O133:H29	O133	H29	fumC230:fimH31	D	526094	50.46	4924721
GCA_009768145.1	PRJNA578301	Tanzania	ST9438	O133:H29	O133	H29	fumC230:fimH31	D	275642	50.47	4914422
GCA_009768625.1	PRJNA578301	Tanzania	ST9438	O133:H29	O133	H29	fumC230:fimH31	D	461704	50.49	5007755
GCA_009768595.1	PRJNA578301	Tanzania	ST9438	O133:H29	O133	H29	fumC230:fimH31	D	470810	50.41	5011722
GCA_009768575.1	PRJNA578301	Tanzania	ST9438	O133:H29	O133	H29	fumC230:fimH31	D	457979	50.45	4889628
GCA_009768565.1	PRJNA578301	Tanzania	ST9438	O133:H29	O133	H29	fumC230:fimH31	D	461704	50.54	4980950
GCA_009768535.1	PRJNA578301	Tanzania	ST9438	O133:H29	O133	H29	fumC230:fimH31	D	526096	50.45	4881295
GCA_009768525.1	PRJNA578301	Tanzania	ST9438	O133:H29	O133	H29	fumC230:fimH31	D	471646	50.47	4918941
GCA_009768485.1	PRJNA578301	Tanzania	ST9438	O133:H29	O133	H29	fumC230:fimH31	D	348583	50.46	4885327
GCA_009768495.1	PRJNA578301	Tanzania	ST9438	O133:H29	O133	H29	fumC230:fimH31	D	461911	50.47	4891053
GCA_009768465.1	PRJNA578301	Tanzania	ST9438	O133:H29	O133	H29	fumC230:fimH31	D	257080	50.45	4877692
GCA_009768435.1	PRJNA578301	Tanzania	ST9438	O133:H29	O133	H29	fumC230:fimH31	D	461704	50.44	4916331
GCA_009768425.1	PRJNA578301	Tanzania	ST9438	O133:H29	O133	H29	fumC230:fimH31	D	470709	50.48	4933579
GCA_009768385.1	PRJNA578301	Tanzania	ST9438	O133:H29	O133	H29	fumC230:fimH31	D	526280	50.42	4950715
GCA_009768375.1	PRJNA578301	Tanzania	ST9438	O133:H29	O133	H29	fumC230:fimH31	D	461704	50.39	4922485
GCA_009768365.1	PRJNA578301	Tanzania	ST9438	O133:H29	O133	H29	fumC230:fimH31	D	461704	50.32	4934997
GCA_009768335.1	PRJNA578301	Tanzania	ST9438	O133:H29	O133	H29	fumC230:fimH31	D	403327	50.45	4916108
GCA_009768325.1	PRJNA578301	Tanzania	ST9438	O133:H29	O133	H29	fumC230:fimH31	D	203503	50.48	4628533
GCA_009768285.1	PRJNA578301	Tanzania	ST9438	O133:H29	O133	H29	fumC230:fimH31	D	461704	50.47	4878357
GCA_009768265.1	PRJNA578301	Tanzania	ST9438	O133:H29	O133	H29	fumC230:fimH31	D	526577	50.48	4925096
GCA_009768255.1	PRJNA578301	Tanzania	ST9438	O133:H29	O133	H29	fumC230:fimH31	D	286350	50.52	4940831
GCA_009768245.1	PRJNA578301	Tanzania	ST9438	O133:H29	O133	H29	fumC230:fimH31	D	526301	50.45	4874909
GCA_009765585.1	PRJNA578301	Tanzania	ST9438	O133:H29	O133	H29	fumC230:fimH31	D	402401	50.46	4876886
GCA_009761865.1	PRJNA578301	Tanzania	ST9438	O133:H29	O133	H29	fumC230:fimH31	D	287231	50.48	4920127
GCA_009761825.1	PRJNA578301	Tanzania	ST9438	O133:H29	O133	H29	fumC230:fimH31	D	293548	50.45	4906076
GCA_037048235.1	PRJNA1076681	unknown	ST95	O50:H4	O50	H4	fumC38:fimH27	B2	129056	50.6	5103031
GCA_964006045.1	PRJEB71714	Tanzania	ST95	O50:H4	O50	H4	fumC38:fimH27	B2	174786	50.61	5012980
GCA_009762085.1	PRJNA578301	Tanzania	ST9550	O88:H48	O88	H48	fumC11:fimH54	A	165781	50.66	4742996
GCA_966552085.1	PRJEB73590	Ethiopia, Tanzania, Mozambique and Nigeria,	ST9580	O185:H5	O185	H5	fumC7:fimH41	A	102058	50.9	4671147
GCA_964206035.1	PRJEB71714	Tanzania	ST9580	O185:H5	O185	H5	fumC7:fimH41	A	90186	50.84	4619567
GCA_011318635.1	PRJNA578301	Tanzania	ST9629	O4:H19	O4	H19	fumC65:fimH68	B1	206551	50.44	5219169
GCA_964007105.1	PRJEB71714	Tanzania	ST9640	O113:H7	O113	H7	fumC4:fimH289	B1	257151	50.79	5006277
GCA_966502635.1	PRJEB73590	Ethiopia, Tanzania, Mozambique and Nigeria,	ST9759	O8:H49	O8	H49	fumC29:fimH38	B1	171688	50.61	5038350
GCA_966569785.1	PRJEB73590	Ethiopia, Tanzania, Mozambique and Nigeria,	ST9759	O8:H49	O8	H49	fumC29:fimH38	B1	192397	50.61	5038298
GCA_966516625.1	PRJEB73590	Ethiopia, Tanzania, Mozambique and Nigeria,	ST9759	O8:H49	O8	H49	fumC29:fimH38	B1	149391	50.61	5038596
GCA_037046805.1	PRJNA1076681	unknown	ST998	O50:H6	O50	H6	fumC52:fimH414	B2	152375	50.67	5125667
GCA_037048785.1	PRJNA1076681	unknown	ST998	O50:H6	O50	H6	fumC52:fimH414	B2	336134	50.56	5309068
GCA_030025045.1	PRJNA962793	Nigeria	ST998	O50:H6	O50	H6	fumC52:fimH76	B2	223059	50.64	5343262
GCA_030024925.1	PRJNA962793	Nigeria	ST998	O50:H6	O50	H6	fumC52:fimH414	B2	356815	50.44	5354178
GCA_964205805.1	PRJEB71714	Tanzania	ST998	O50:H6	O50	H6	fumC52:fimH76	B2	325563	50.62	5160392
