Kaptive version	Database name	Database version	Assembly	ST	Best match locus	Best match type	Match confidence	Problems	Identity	Coverage	Length discrepancy	Expected genes in locus	Expected genes in locus, details	Missing expected genes	Other genes in locus	Other genes in locus, details	Expected genes outside locus	Expected genes outside locus, details	Other genes outside locus	Other genes outside locus, details	Truncated genes, details	Extra genes, details	ST
3.3.2	Escherichia_coli_Group_2_and_3_K	4.0.0	GCA_000713235.1	ST10	KL157		Untypeable	-	98.08%	0.42%	-19127	1 / 13 (7.69%)	KL157_08_DB_group_38,96.15%,96.30%	KL157_01_kpsF;KL157_02_kpsE;KL157_03_kpsD;KL157_04_kpsU;KL157_05_kpsC;KL157_06_kpsS;KL157_07_DB_group_44;KL157_09_DB_group_75;KL157_10_kpsT;KL157_11_DB_group_2;KL157_12_DB_group_101;KL157_13_kpsM	0		0 / 13 (0.00%)		3	KL128_09_DB_group_51,100.00%,3.64%,truncated;KL128_09_DB_group_51,100.00%,3.64%,truncated;KL128_09_DB_group_51,100.00%,3.64%,truncated;KL145_11_DB_group_98,100.00%,92.86%;KL173_12_DB_group_98_wckE_2,100.00%,6.13%,truncated;KL173_12_DB_group_98_wckE_2,100.00%,6.13%,truncated;KL173_12_DB_group_98_wckE_2,100.00%,6.13%,truncated;KL173_12_DB_group_98_wckE_2,100.00%,6.13%,truncated;KL173_12_DB_group_98_wckE_2,100.00%,6.13%,truncated;KL173_12_DB_group_98_wckE_2,100.00%,6.13%,truncated	KL128_09_DB_group_51,100.00%,3.64%,truncated;KL128_09_DB_group_51,100.00%,3.64%,truncated;KL128_09_DB_group_51,100.00%,3.64%,truncated;KL173_12_DB_group_98_wckE_2,100.00%,6.13%,truncated;KL173_12_DB_group_98_wckE_2,100.00%,6.13%,truncated;KL173_12_DB_group_98_wckE_2,100.00%,6.13%,truncated;KL173_12_DB_group_98_wckE_2,100.00%,6.13%,truncated;KL173_12_DB_group_98_wckE_2,100.00%,6.13%,truncated;KL173_12_DB_group_98_wckE_2,100.00%,6.13%,truncated		ST10
3.3.2	Escherichia_coli_Group_2_and_3_K	4.0.0	GCA_009793215.1	ST10	KL145		Untypeable	-	98.72%	0.48%	-16691	1 / 14 (7.14%)	KL145_11_DB_group_98,100.00%,92.86%	KL145_01_kpsF;KL145_02_kpsE;KL145_03_kpsD;KL145_04_kpsU;KL145_05_kpsC;KL145_06_kpsS;KL145_07_DB_group_91;KL145_08_ugd;KL145_09_wcaK;KL145_10_kfoC;KL145_12_kpsT;KL145_13_kpsM	0		1 / 14 (7.14%)	KL145_11_DB_group_98,100.00%,92.86%;KL145_11_DB_group_98,96.15%,92.86%	3	KL128_09_DB_group_51,100.00%,3.64%,truncated;KL186_09_DB_group_269,96.67%,24.39%,truncated;KL186_09_DB_group_269,96.67%,24.39%,truncated;KL147_13_rmlB,100.00%,7.11%,truncated;KL147_13_rmlB,100.00%,3.16%,truncated;KL147_13_rmlB,88.89%,7.11%,truncated	KL128_09_DB_group_51,100.00%,3.64%,truncated;KL186_09_DB_group_269,96.67%,24.39%,truncated;KL186_09_DB_group_269,96.67%,24.39%,truncated;KL147_13_rmlB,100.00%,7.11%,truncated;KL147_13_rmlB,100.00%,3.16%,truncated;KL147_13_rmlB,88.89%,7.11%,truncated		ST10
3.3.2	Escherichia_coli_Group_2_and_3_K	4.0.0	GCA_009793445.1	ST10	KL145		Untypeable	-	98.72%	0.48%	-16691	1 / 14 (7.14%)	KL145_11_DB_group_98,100.00%,92.86%	KL145_01_kpsF;KL145_02_kpsE;KL145_03_kpsD;KL145_04_kpsU;KL145_05_kpsC;KL145_06_kpsS;KL145_07_DB_group_91;KL145_08_ugd;KL145_09_wcaK;KL145_10_kfoC;KL145_12_kpsT;KL145_13_kpsM	0		1 / 14 (7.14%)	KL145_11_DB_group_98,100.00%,92.86%;KL145_11_DB_group_98,96.15%,92.86%	3	KL128_09_DB_group_51,100.00%,3.64%,truncated;KL186_09_DB_group_269,96.67%,24.39%,truncated;KL186_09_DB_group_269,96.67%,24.39%,truncated;KL147_13_rmlB,100.00%,7.11%,truncated;KL147_13_rmlB,100.00%,3.16%,truncated;KL147_13_rmlB,88.89%,7.11%,truncated	KL128_09_DB_group_51,100.00%,3.64%,truncated;KL186_09_DB_group_269,96.67%,24.39%,truncated;KL186_09_DB_group_269,96.67%,24.39%,truncated;KL147_13_rmlB,100.00%,7.11%,truncated;KL147_13_rmlB,100.00%,3.16%,truncated;KL147_13_rmlB,88.89%,7.11%,truncated		ST10
3.3.2	Escherichia_coli_Group_2_and_3_K	4.0.0	GCA_009793505.1	ST10	KL145		Untypeable	-	98.72%	0.48%	-16691	1 / 14 (7.14%)	KL145_11_DB_group_98,100.00%,92.86%	KL145_01_kpsF;KL145_02_kpsE;KL145_03_kpsD;KL145_04_kpsU;KL145_05_kpsC;KL145_06_kpsS;KL145_07_DB_group_91;KL145_08_ugd;KL145_09_wcaK;KL145_10_kfoC;KL145_12_kpsT;KL145_13_kpsM	0		1 / 14 (7.14%)	KL145_11_DB_group_98,100.00%,92.86%;KL145_11_DB_group_98,96.15%,92.86%	3	KL128_09_DB_group_51,100.00%,3.64%,truncated;KL186_09_DB_group_269,96.67%,24.39%,truncated;KL186_09_DB_group_269,96.67%,24.39%,truncated;KL147_13_rmlB,100.00%,7.11%,truncated;KL147_13_rmlB,100.00%,3.16%,truncated;KL147_13_rmlB,88.89%,7.11%,truncated	KL128_09_DB_group_51,100.00%,3.64%,truncated;KL186_09_DB_group_269,96.67%,24.39%,truncated;KL186_09_DB_group_269,96.67%,24.39%,truncated;KL147_13_rmlB,100.00%,7.11%,truncated;KL147_13_rmlB,100.00%,3.16%,truncated;KL147_13_rmlB,88.89%,7.11%,truncated		ST10
3.3.2	Escherichia_coli_Group_2_and_3_K	4.0.0	GCA_009793615.1	ST10	KL145		Untypeable	-	98.72%	0.48%	-16691	1 / 14 (7.14%)	KL145_11_DB_group_98,100.00%,92.86%	KL145_01_kpsF;KL145_02_kpsE;KL145_03_kpsD;KL145_04_kpsU;KL145_05_kpsC;KL145_06_kpsS;KL145_07_DB_group_91;KL145_08_ugd;KL145_09_wcaK;KL145_10_kfoC;KL145_12_kpsT;KL145_13_kpsM	0		1 / 14 (7.14%)	KL145_11_DB_group_98,100.00%,92.86%;KL145_11_DB_group_98,96.15%,92.86%	3	KL128_09_DB_group_51,100.00%,3.64%,truncated;KL186_09_DB_group_269,96.67%,24.39%,truncated;KL186_09_DB_group_269,96.67%,24.39%,truncated;KL147_13_rmlB,100.00%,7.11%,truncated;KL147_13_rmlB,100.00%,3.16%,truncated;KL147_13_rmlB,88.89%,7.11%,truncated	KL128_09_DB_group_51,100.00%,3.64%,truncated;KL186_09_DB_group_269,96.67%,24.39%,truncated;KL186_09_DB_group_269,96.67%,24.39%,truncated;KL147_13_rmlB,100.00%,7.11%,truncated;KL147_13_rmlB,100.00%,3.16%,truncated;KL147_13_rmlB,88.89%,7.11%,truncated		ST10
3.3.2	Escherichia_coli_Group_2_and_3_K	4.0.0	GCA_009793635.1	ST10	KL145		Untypeable	-	98.72%	0.48%	-16691	1 / 14 (7.14%)	KL145_11_DB_group_98,100.00%,92.86%	KL145_01_kpsF;KL145_02_kpsE;KL145_03_kpsD;KL145_04_kpsU;KL145_05_kpsC;KL145_06_kpsS;KL145_07_DB_group_91;KL145_08_ugd;KL145_09_wcaK;KL145_10_kfoC;KL145_12_kpsT;KL145_13_kpsM	0		1 / 14 (7.14%)	KL145_11_DB_group_98,100.00%,92.86%;KL145_11_DB_group_98,96.15%,92.86%	3	KL128_09_DB_group_51,100.00%,3.64%,truncated;KL186_09_DB_group_269,96.67%,24.39%,truncated;KL186_09_DB_group_269,96.67%,24.39%,partial;KL186_09_DB_group_269,96.67%,24.39%,truncated;KL147_13_rmlB,100.00%,7.11%,truncated;KL147_13_rmlB,100.00%,3.16%,truncated;KL147_13_rmlB,88.89%,7.11%,truncated	KL128_09_DB_group_51,100.00%,3.64%,truncated;KL186_09_DB_group_269,96.67%,24.39%,truncated;KL186_09_DB_group_269,96.67%,24.39%,partial;KL186_09_DB_group_269,96.67%,24.39%,truncated;KL147_13_rmlB,100.00%,7.11%,truncated;KL147_13_rmlB,100.00%,3.16%,truncated;KL147_13_rmlB,88.89%,7.11%,truncated		ST10
3.3.2	Escherichia_coli_Group_2_and_3_K	4.0.0	GCA_009793645.1	ST10	KL145		Untypeable	-	98.72%	0.48%	-16691	1 / 14 (7.14%)	KL145_11_DB_group_98,100.00%,92.86%	KL145_01_kpsF;KL145_02_kpsE;KL145_03_kpsD;KL145_04_kpsU;KL145_05_kpsC;KL145_06_kpsS;KL145_07_DB_group_91;KL145_08_ugd;KL145_09_wcaK;KL145_10_kfoC;KL145_12_kpsT;KL145_13_kpsM	0		1 / 14 (7.14%)	KL145_11_DB_group_98,100.00%,92.86%;KL145_11_DB_group_98,96.15%,92.86%	3	KL128_09_DB_group_51,100.00%,3.64%,truncated;KL186_09_DB_group_269,96.67%,24.39%,truncated;KL186_09_DB_group_269,96.67%,24.39%,truncated;KL147_13_rmlB,100.00%,7.11%,truncated;KL147_13_rmlB,100.00%,3.16%,truncated;KL147_13_rmlB,88.89%,7.11%,truncated	KL128_09_DB_group_51,100.00%,3.64%,truncated;KL186_09_DB_group_269,96.67%,24.39%,truncated;KL186_09_DB_group_269,96.67%,24.39%,truncated;KL147_13_rmlB,100.00%,7.11%,truncated;KL147_13_rmlB,100.00%,3.16%,truncated;KL147_13_rmlB,88.89%,7.11%,truncated		ST10
3.3.2	Escherichia_coli_Group_2_and_3_K	4.0.0	GCA_009793665.1	ST10	KL145		Untypeable	-	98.72%	0.48%	-16691	1 / 14 (7.14%)	KL145_11_DB_group_98,100.00%,92.86%	KL145_01_kpsF;KL145_02_kpsE;KL145_03_kpsD;KL145_04_kpsU;KL145_05_kpsC;KL145_06_kpsS;KL145_07_DB_group_91;KL145_08_ugd;KL145_09_wcaK;KL145_10_kfoC;KL145_12_kpsT;KL145_13_kpsM	0		1 / 14 (7.14%)	KL145_11_DB_group_98,100.00%,92.86%;KL145_11_DB_group_98,96.15%,92.86%	3	KL128_09_DB_group_51,100.00%,3.64%,truncated;KL186_09_DB_group_269,96.67%,24.39%,truncated;KL186_09_DB_group_269,96.67%,24.39%,truncated;KL147_13_rmlB,100.00%,7.11%,truncated;KL147_13_rmlB,100.00%,3.16%,truncated;KL147_13_rmlB,88.89%,7.11%,truncated	KL128_09_DB_group_51,100.00%,3.64%,truncated;KL186_09_DB_group_269,96.67%,24.39%,truncated;KL186_09_DB_group_269,96.67%,24.39%,truncated;KL147_13_rmlB,100.00%,7.11%,truncated;KL147_13_rmlB,100.00%,3.16%,truncated;KL147_13_rmlB,88.89%,7.11%,truncated		ST10
3.3.2	Escherichia_coli_Group_2_and_3_K	4.0.0	GCA_009793715.1	ST10	KL157		Untypeable	-	100.00%	0.40%	-19131	1 / 13 (7.69%)	KL157_08_DB_group_38,100.00%,92.59%	KL157_01_kpsF;KL157_02_kpsE;KL157_03_kpsD;KL157_04_kpsU;KL157_05_kpsC;KL157_06_kpsS;KL157_07_DB_group_44;KL157_09_DB_group_75;KL157_10_kpsT;KL157_11_DB_group_2;KL157_12_DB_group_101;KL157_13_kpsM	0		0 / 13 (0.00%)		2	KL128_09_DB_group_51,100.00%,3.64%,truncated;KL128_09_DB_group_51,96.15%,3.64%,truncated;KL147_13_rmlB,88.89%,7.11%,truncated	KL128_09_DB_group_51,100.00%,3.64%,truncated;KL128_09_DB_group_51,96.15%,3.64%,truncated;KL147_13_rmlB,88.89%,7.11%,truncated		ST10
3.3.2	Escherichia_coli_Group_2_and_3_K	4.0.0	GCA_009793945.1	ST10	KL53	K53	Typeable		99.74%	100.00%	0	15 / 15 (100.00%)	KL53_01_kpsF,99.69%,99.70%;KL53_02_kpsE,99.74%,99.74%;KL53_03_kpsD,98.92%,99.82%;KL53_04_kpsU,98.37%,99.60%;KL53_05_kpsC,99.70%,99.85%;KL53_06_kpsS,100.00%,99.76%;KL53_07_DB_group_91,99.80%,99.80%;KL53_08_ugd,100.00%,99.74%;KL53_09_DB_group_165,100.00%,99.55%;KL53_10_glf,100.00%,99.73%;KL53_11_DB_group_49,99.85%,99.85%;KL53_12_DB_group_57,100.00%,99.83%;KL53_13_kfiB_3,100.00%,99.83%;KL53_14_kpsT,100.00%,99.57%;KL53_15_kpsM,100.00%,99.61%		0		0 / 15 (0.00%)		2	KL128_09_DB_group_51,100.00%,3.64%,truncated;KL147_13_rmlB,100.00%,3.16%,truncated;KL147_13_rmlB,100.00%,3.16%,truncated	KL128_09_DB_group_51,100.00%,3.64%,truncated;KL147_13_rmlB,100.00%,3.16%,truncated;KL147_13_rmlB,100.00%,3.16%,truncated		ST10
3.3.2	Escherichia_coli_Group_2_and_3_K	4.0.0	GCA_009794485.1	ST10	KL145		Untypeable	-	98.72%	0.49%	-16690	1 / 14 (7.14%)	KL145_11_DB_group_98,100.00%,92.86%	KL145_01_kpsF;KL145_02_kpsE;KL145_03_kpsD;KL145_04_kpsU;KL145_05_kpsC;KL145_06_kpsS;KL145_07_DB_group_91;KL145_08_ugd;KL145_09_wcaK;KL145_10_kfoC;KL145_12_kpsT;KL145_13_kpsM	0		1 / 14 (7.14%)	KL145_11_DB_group_98,100.00%,92.86%;KL145_11_DB_group_98,96.15%,92.86%	1	KL147_13_rmlB,100.00%,7.11%,truncated;KL147_13_rmlB,100.00%,7.11%,truncated;KL147_13_rmlB,100.00%,7.11%,truncated;KL147_13_rmlB,100.00%,7.11%,truncated;KL147_13_rmlB,100.00%,7.11%,truncated;KL147_13_rmlB,100.00%,7.11%,partial	KL147_13_rmlB,100.00%,7.11%,truncated;KL147_13_rmlB,100.00%,7.11%,truncated;KL147_13_rmlB,100.00%,7.11%,truncated;KL147_13_rmlB,100.00%,7.11%,truncated;KL147_13_rmlB,100.00%,7.11%,truncated;KL147_13_rmlB,100.00%,7.11%,partial		ST10
3.3.2	Escherichia_coli_Group_2_and_3_K	4.0.0	GCA_009795575.1	ST10	KL145		Untypeable	-	98.72%	0.48%	-16691	1 / 14 (7.14%)	KL145_11_DB_group_98,100.00%,92.86%	KL145_01_kpsF;KL145_02_kpsE;KL145_03_kpsD;KL145_04_kpsU;KL145_05_kpsC;KL145_06_kpsS;KL145_07_DB_group_91;KL145_08_ugd;KL145_09_wcaK;KL145_10_kfoC;KL145_12_kpsT;KL145_13_kpsM	0		1 / 14 (7.14%)	KL145_11_DB_group_98,100.00%,92.86%;KL145_11_DB_group_98,96.15%,92.86%	3	KL128_09_DB_group_51,100.00%,3.64%,truncated;KL186_09_DB_group_269,96.67%,24.39%,truncated;KL186_09_DB_group_269,96.67%,24.39%,truncated;KL147_13_rmlB,100.00%,7.11%,truncated;KL147_13_rmlB,100.00%,3.16%,truncated;KL147_13_rmlB,88.89%,7.11%,truncated	KL128_09_DB_group_51,100.00%,3.64%,truncated;KL186_09_DB_group_269,96.67%,24.39%,truncated;KL186_09_DB_group_269,96.67%,24.39%,truncated;KL147_13_rmlB,100.00%,7.11%,truncated;KL147_13_rmlB,100.00%,3.16%,truncated;KL147_13_rmlB,88.89%,7.11%,truncated		ST10
3.3.2	Escherichia_coli_Group_2_and_3_K	4.0.0	GCA_009795595.1	ST10	KL145		Untypeable	-	98.72%	0.48%	-16691	1 / 14 (7.14%)	KL145_11_DB_group_98,100.00%,92.86%	KL145_01_kpsF;KL145_02_kpsE;KL145_03_kpsD;KL145_04_kpsU;KL145_05_kpsC;KL145_06_kpsS;KL145_07_DB_group_91;KL145_08_ugd;KL145_09_wcaK;KL145_10_kfoC;KL145_12_kpsT;KL145_13_kpsM	0		1 / 14 (7.14%)	KL145_11_DB_group_98,100.00%,92.86%;KL145_11_DB_group_98,96.15%,92.86%	3	KL128_09_DB_group_51,100.00%,3.64%,truncated;KL186_09_DB_group_269,96.67%,24.39%,truncated;KL186_09_DB_group_269,96.67%,24.39%,truncated;KL147_13_rmlB,100.00%,7.11%,truncated;KL147_13_rmlB,100.00%,3.16%,truncated;KL147_13_rmlB,88.89%,7.11%,truncated	KL128_09_DB_group_51,100.00%,3.64%,truncated;KL186_09_DB_group_269,96.67%,24.39%,truncated;KL186_09_DB_group_269,96.67%,24.39%,truncated;KL147_13_rmlB,100.00%,7.11%,truncated;KL147_13_rmlB,100.00%,3.16%,truncated;KL147_13_rmlB,88.89%,7.11%,truncated		ST10
3.3.2	Escherichia_coli_Group_2_and_3_K	4.0.0	GCA_009795645.1	ST10	KL145		Untypeable	-	98.72%	0.48%	-16691	1 / 14 (7.14%)	KL145_11_DB_group_98,100.00%,92.86%	KL145_01_kpsF;KL145_02_kpsE;KL145_03_kpsD;KL145_04_kpsU;KL145_05_kpsC;KL145_06_kpsS;KL145_07_DB_group_91;KL145_08_ugd;KL145_09_wcaK;KL145_10_kfoC;KL145_12_kpsT;KL145_13_kpsM	0		1 / 14 (7.14%)	KL145_11_DB_group_98,100.00%,92.86%;KL145_11_DB_group_98,96.15%,92.86%	3	KL128_09_DB_group_51,100.00%,3.64%,truncated;KL186_09_DB_group_269,96.67%,24.39%,truncated;KL186_09_DB_group_269,96.67%,24.39%,truncated;KL147_13_rmlB,100.00%,7.11%,truncated;KL147_13_rmlB,100.00%,3.16%,truncated;KL147_13_rmlB,88.89%,7.11%,truncated	KL128_09_DB_group_51,100.00%,3.64%,truncated;KL186_09_DB_group_269,96.67%,24.39%,truncated;KL186_09_DB_group_269,96.67%,24.39%,truncated;KL147_13_rmlB,100.00%,7.11%,truncated;KL147_13_rmlB,100.00%,3.16%,truncated;KL147_13_rmlB,88.89%,7.11%,truncated		ST10
3.3.2	Escherichia_coli_Group_2_and_3_K	4.0.0	GCA_009798605.1	ST10	KL145		Untypeable	-	98.46%	0.49%	-16690	1 / 14 (7.14%)	KL145_11_DB_group_98,96.15%,92.86%	KL145_01_kpsF;KL145_02_kpsE;KL145_03_kpsD;KL145_04_kpsU;KL145_05_kpsC;KL145_06_kpsS;KL145_07_DB_group_91;KL145_08_ugd;KL145_09_wcaK;KL145_10_kfoC;KL145_12_kpsT;KL145_13_kpsM	0		1 / 14 (7.14%)	KL145_11_DB_group_98,96.15%,92.86%,partial;KL145_11_DB_group_98,96.15%,92.86%;KL145_11_DB_group_98,100.00%,92.86%;KL145_11_DB_group_98,100.00%,92.86%;KL145_11_DB_group_98,100.00%,92.86%	2	KL147_13_rmlB,100.00%,7.11%,truncated;KL147_13_rmlB,100.00%,7.11%,partial;KL147_13_rmlB,100.00%,7.11%,truncated;KL147_13_rmlB,100.00%,3.16%,truncated;KL147_13_rmlB,100.00%,3.16%,truncated;KL173_12_DB_group_98_wckE_2,100.00%,6.13%,truncated;KL173_12_DB_group_98_wckE_2,96.15%,6.13%,truncated;KL173_12_DB_group_98_wckE_2,96.15%,6.13%,truncated	KL145_11_DB_group_98,96.15%,92.86%,partial;KL147_13_rmlB,100.00%,7.11%,truncated;KL147_13_rmlB,100.00%,7.11%,partial;KL147_13_rmlB,100.00%,7.11%,truncated;KL147_13_rmlB,100.00%,3.16%,truncated;KL147_13_rmlB,100.00%,3.16%,truncated;KL173_12_DB_group_98_wckE_2,100.00%,6.13%,truncated;KL173_12_DB_group_98_wckE_2,96.15%,6.13%,truncated;KL173_12_DB_group_98_wckE_2,96.15%,6.13%,truncated		ST10
3.3.2	Escherichia_coli_Group_2_and_3_K	4.0.0	GCA_009823885.1	ST10	KL152		Untypeable	-*	0.00%	3.90%	-24524	1 / 19 (5.26%)	KL152_14_rmlB_2,76.63%,91.44%,below_id_threshold	KL152_01_kpsD_5;KL152_02_kpsM_8;KL152_03_kpsT_7;KL152_04_kpsE_2;KL152_05_DB_group_206;KL152_06_DB_group_207;KL152_07_DB_group_214;KL152_08_DB_group_188;KL152_09_ugd_2;KL152_10_DB_group_194;KL152_11_K96-09;KL152_12_wckE;KL152_13_DB_group_184;KL152_15_rmlD_2;KL152_16_rmlA_2;KL152_17_rmlC_2;KL152_18_kpsC_5;KL152_19_kpsS_5	0		0 / 19 (0.00%)		2	KL128_09_DB_group_51,100.00%,3.64%,truncated;KL147_13_rmlB,100.00%,8.16%,truncated;KL147_13_rmlB,100.00%,7.11%,truncated;KL147_13_rmlB,100.00%,7.11%,truncated;KL147_13_rmlB,100.00%,7.11%,truncated;KL147_13_rmlB,100.00%,7.11%,truncated;KL147_13_rmlB,100.00%,7.11%,truncated	KL128_09_DB_group_51,100.00%,3.64%,truncated;KL147_13_rmlB,100.00%,8.16%,truncated;KL147_13_rmlB,100.00%,7.11%,truncated;KL147_13_rmlB,100.00%,7.11%,truncated;KL147_13_rmlB,100.00%,7.11%,truncated;KL147_13_rmlB,100.00%,7.11%,truncated;KL147_13_rmlB,100.00%,7.11%,truncated		ST10
3.3.2	Escherichia_coli_Group_2_and_3_K	4.0.0	GCA_009823945.1	ST10	KL152		Untypeable	-*	0.00%	3.90%	-24524	1 / 19 (5.26%)	KL152_14_rmlB_2,76.63%,91.44%,below_id_threshold	KL152_01_kpsD_5;KL152_02_kpsM_8;KL152_03_kpsT_7;KL152_04_kpsE_2;KL152_05_DB_group_206;KL152_06_DB_group_207;KL152_07_DB_group_214;KL152_08_DB_group_188;KL152_09_ugd_2;KL152_10_DB_group_194;KL152_11_K96-09;KL152_12_wckE;KL152_13_DB_group_184;KL152_15_rmlD_2;KL152_16_rmlA_2;KL152_17_rmlC_2;KL152_18_kpsC_5;KL152_19_kpsS_5	0		0 / 19 (0.00%)		2	KL128_09_DB_group_51,100.00%,3.64%,truncated;KL128_09_DB_group_51,100.00%,3.64%,truncated;KL128_09_DB_group_51,100.00%,3.64%,truncated;KL128_09_DB_group_51,96.15%,3.64%,truncated;KL128_09_DB_group_51,100.00%,3.36%,partial;KL128_09_DB_group_51,100.00%,3.36%,partial;KL147_13_rmlB,88.89%,7.11%,truncated	KL128_09_DB_group_51,100.00%,3.64%,truncated;KL128_09_DB_group_51,100.00%,3.64%,truncated;KL128_09_DB_group_51,100.00%,3.64%,truncated;KL128_09_DB_group_51,96.15%,3.64%,truncated;KL128_09_DB_group_51,100.00%,3.36%,partial;KL128_09_DB_group_51,100.00%,3.36%,partial;KL147_13_rmlB,88.89%,7.11%,truncated		ST10
3.3.2	Escherichia_coli_Group_2_and_3_K	4.0.0	GCA_009824195.1	ST10	KL157		Untypeable	-	97.01%	0.42%	-19127	1 / 14 (7.14%)	KL157_08_DB_group_38,100.00%,96.30%	KL157_01_kpsF;KL157_02_kpsE;KL157_03_kpsD;KL157_04_kpsU;KL157_05_kpsC;KL157_06_kpsS;KL157_07_DB_group_44;KL157_09_DB_group_75;KL157_10_kpsT;KL157_11_DB_group_2;KL157_12_DB_group_101;KL157_13_kpsM	0		1 / 14 (7.14%)	KL157_08_DB_group_38,100.00%,96.30%;KL157_08_DB_group_38,100.00%,92.59%;KL157_08_DB_group_38,100.00%,92.59%,partial	2	KL186_09_DB_group_269,100.00%,24.39%,truncated;KL184_16_rmlA_2,88.06%,92.10%	KL157_08_DB_group_38,100.00%,92.59%,partial;KL186_09_DB_group_269,100.00%,24.39%,truncated		ST10
3.3.2	Escherichia_coli_Group_2_and_3_K	4.0.0	GCA_009824205.1	ST10	KL145		Untypeable	-	96.57%	0.49%	-16689	1 / 14 (7.14%)	KL145_11_DB_group_98,100.00%,92.86%	KL145_01_kpsF;KL145_02_kpsE;KL145_03_kpsD;KL145_04_kpsU;KL145_05_kpsC;KL145_06_kpsS;KL145_07_DB_group_91;KL145_08_ugd;KL145_09_wcaK;KL145_10_kfoC;KL145_12_kpsT;KL145_13_kpsM	0		1 / 14 (7.14%)	KL145_11_DB_group_98,96.15%,92.86%;KL145_11_DB_group_98,96.15%,92.86%;KL145_11_DB_group_98,96.15%,92.86%;KL145_11_DB_group_98,100.00%,92.86%;KL145_11_DB_group_98,100.00%,92.86%	3	KL186_09_DB_group_269,100.00%,24.39%,truncated;KL186_09_DB_group_269,100.00%,24.39%,truncated;KL147_13_rmlB,88.89%,7.11%,truncated;KL162_13_rmlA_2,87.50%,98.97%	KL186_09_DB_group_269,100.00%,24.39%,truncated;KL186_09_DB_group_269,100.00%,24.39%,truncated;KL147_13_rmlB,88.89%,7.11%,truncated		ST10
3.3.2	Escherichia_coli_Group_2_and_3_K	4.0.0	GCA_009824215.1	ST10	KL152		Untypeable	-*	0.00%	3.90%	-24524	1 / 19 (5.26%)	KL152_14_rmlB_2,76.63%,91.44%,below_id_threshold	KL152_01_kpsD_5;KL152_02_kpsM_8;KL152_03_kpsT_7;KL152_04_kpsE_2;KL152_05_DB_group_206;KL152_06_DB_group_207;KL152_07_DB_group_214;KL152_08_DB_group_188;KL152_09_ugd_2;KL152_10_DB_group_194;KL152_11_K96-09;KL152_12_wckE;KL152_13_DB_group_184;KL152_15_rmlD_2;KL152_16_rmlA_2;KL152_17_rmlC_2;KL152_18_kpsC_5;KL152_19_kpsS_5	0		0 / 19 (0.00%)		2	KL128_09_DB_group_51,96.15%,3.64%,truncated;KL147_13_rmlB,96.30%,7.11%,truncated;KL147_13_rmlB,96.30%,7.11%,truncated;KL147_13_rmlB,96.30%,7.11%,partial;KL147_13_rmlB,96.30%,7.11%,truncated;KL147_13_rmlB,96.30%,7.11%,truncated;KL147_13_rmlB,96.30%,7.11%,truncated	KL128_09_DB_group_51,96.15%,3.64%,truncated;KL147_13_rmlB,96.30%,7.11%,truncated;KL147_13_rmlB,96.30%,7.11%,truncated;KL147_13_rmlB,96.30%,7.11%,partial;KL147_13_rmlB,96.30%,7.11%,truncated;KL147_13_rmlB,96.30%,7.11%,truncated;KL147_13_rmlB,96.30%,7.11%,truncated		ST10
3.3.2	Escherichia_coli_Group_2_and_3_K	4.0.0	GCA_009824295.1	ST10	KL145		Untypeable	-	100.00%	0.49%	-16690	1 / 14 (7.14%)	KL145_11_DB_group_98,100.00%,92.86%	KL145_01_kpsF;KL145_02_kpsE;KL145_03_kpsD;KL145_04_kpsU;KL145_05_kpsC;KL145_06_kpsS;KL145_07_DB_group_91;KL145_08_ugd;KL145_09_wcaK;KL145_10_kfoC;KL145_12_kpsT;KL145_13_kpsM	0		1 / 14 (7.14%)	KL145_11_DB_group_98,100.00%,92.86%;KL145_11_DB_group_98,100.00%,92.86%;KL145_11_DB_group_98,100.00%,92.86%;KL145_11_DB_group_98,100.00%,92.86%;KL145_11_DB_group_98,100.00%,92.86%	1	KL173_12_DB_group_98_wckE_2,100.00%,6.13%,partial	KL173_12_DB_group_98_wckE_2,100.00%,6.13%,partial		ST10
3.3.2	Escherichia_coli_Group_2_and_3_K	4.0.0	GCA_009824335.1	ST10	KL157		Untypeable	-	96.02%	0.42%	-19127	1 / 14 (7.14%)	KL157_08_DB_group_38,100.00%,96.30%	KL157_01_kpsF;KL157_02_kpsE;KL157_03_kpsD;KL157_04_kpsU;KL157_05_kpsC;KL157_06_kpsS;KL157_07_DB_group_44;KL157_09_DB_group_75;KL157_10_kpsT;KL157_11_DB_group_2;KL157_12_DB_group_101;KL157_13_kpsM	0		1 / 14 (7.14%)	KL157_08_DB_group_38,100.00%,92.59%,partial;KL157_08_DB_group_38,100.00%,92.59%	2	KL186_09_DB_group_269,100.00%,24.39%,truncated;KL184_16_rmlA_2,88.06%,92.10%	KL157_08_DB_group_38,100.00%,92.59%,partial;KL186_09_DB_group_269,100.00%,24.39%,truncated		ST10
3.3.2	Escherichia_coli_Group_2_and_3_K	4.0.0	GCA_009824425.1	ST10	KL157		Untypeable	-	96.02%	0.42%	-19127	1 / 14 (7.14%)	KL157_08_DB_group_38,100.00%,96.30%	KL157_01_kpsF;KL157_02_kpsE;KL157_03_kpsD;KL157_04_kpsU;KL157_05_kpsC;KL157_06_kpsS;KL157_07_DB_group_44;KL157_09_DB_group_75;KL157_10_kpsT;KL157_11_DB_group_2;KL157_12_DB_group_101;KL157_13_kpsM	0		1 / 14 (7.14%)	KL157_08_DB_group_38,100.00%,92.59%,partial;KL157_08_DB_group_38,100.00%,92.59%	2	KL186_09_DB_group_269,100.00%,24.39%,truncated;KL184_16_rmlA_2,88.06%,92.10%	KL157_08_DB_group_38,100.00%,92.59%,partial;KL186_09_DB_group_269,100.00%,24.39%,truncated		ST10
3.3.2	Escherichia_coli_Group_2_and_3_K	4.0.0	GCA_009824475.1	ST10	KL157		Untypeable	-	96.02%	0.42%	-19127	1 / 14 (7.14%)	KL157_08_DB_group_38,100.00%,96.30%	KL157_01_kpsF;KL157_02_kpsE;KL157_03_kpsD;KL157_04_kpsU;KL157_05_kpsC;KL157_06_kpsS;KL157_07_DB_group_44;KL157_09_DB_group_75;KL157_10_kpsT;KL157_11_DB_group_2;KL157_12_DB_group_101;KL157_13_kpsM	0		1 / 14 (7.14%)	KL157_08_DB_group_38,100.00%,92.59%;KL157_08_DB_group_38,100.00%,92.59%,partial	2	KL186_09_DB_group_269,100.00%,24.39%,truncated;KL184_16_rmlA_2,88.06%,92.10%	KL157_08_DB_group_38,100.00%,92.59%,partial;KL186_09_DB_group_269,100.00%,24.39%,truncated		ST10
3.3.2	Escherichia_coli_Group_2_and_3_K	4.0.0	GCA_009824555.1	ST10	KL157		Untypeable	-	96.02%	0.42%	-19127	1 / 14 (7.14%)	KL157_08_DB_group_38,100.00%,96.30%	KL157_01_kpsF;KL157_02_kpsE;KL157_03_kpsD;KL157_04_kpsU;KL157_05_kpsC;KL157_06_kpsS;KL157_07_DB_group_44;KL157_09_DB_group_75;KL157_10_kpsT;KL157_11_DB_group_2;KL157_12_DB_group_101;KL157_13_kpsM	0		1 / 14 (7.14%)	KL157_08_DB_group_38,100.00%,92.59%;KL157_08_DB_group_38,100.00%,92.59%,partial	2	KL186_09_DB_group_269,100.00%,24.39%,truncated;KL184_16_rmlA_2,88.06%,92.10%	KL157_08_DB_group_38,100.00%,92.59%,partial;KL186_09_DB_group_269,100.00%,24.39%,truncated		ST10
3.3.2	Escherichia_coli_Group_2_and_3_K	4.0.0	GCA_009824615.1	ST10	KL189		Untypeable	?-!	100.00%	2.47%		2 / 24 (8.33%)	KL189_12_DB_group_297,69.86%,70.87%,partial;KL189_14_ugd_2,82.72%,70.43%,truncated	KL189_01_kpsD_5;KL189_02_DB_group_296;KL189_03_kpsM_8;KL189_04_kpsT_7;KL189_05_DB_group_292;KL189_06_DB_group_206;KL189_07_DB_group_206;KL189_08_DB_group_206;KL189_09_DB_group_207;KL189_10_DB_group_327;KL189_11_DB_group_329;KL189_13_DB_group_285;KL189_15_K96-09;KL189_16_wckE;KL189_17_DB_group_184;KL189_18_DB_group_291;KL189_19_rmlB_2;KL189_20_rmlD_2;KL189_21_rmlA_2;KL189_22_rmlC_2;KL189_23_kpsC_5;KL189_24_kpsS_5	0		0 / 24 (0.00%)		3	KL128_09_DB_group_51,100.00%,3.64%,truncated;KL157_08_DB_group_38,100.00%,92.59%;KL147_13_rmlB,96.30%,7.11%,truncated;KL147_13_rmlB,100.00%,3.16%,truncated;KL147_13_rmlB,100.00%,3.16%,truncated;KL147_13_rmlB,100.00%,3.16%,truncated;KL147_13_rmlB,88.89%,7.11%,truncated	KL128_09_DB_group_51,100.00%,3.64%,truncated;KL147_13_rmlB,96.30%,7.11%,truncated;KL147_13_rmlB,100.00%,3.16%,truncated;KL147_13_rmlB,100.00%,3.16%,truncated;KL147_13_rmlB,100.00%,3.16%,truncated;KL147_13_rmlB,88.89%,7.11%,truncated;KL189_12_DB_group_297,69.86%,70.87%,partial;KL189_14_ugd_2,82.72%,70.43%,truncated		ST10
3.3.2	Escherichia_coli_Group_2_and_3_K	4.0.0	GCA_009824745.1	ST10	KL157		Untypeable	-	100.00%	0.40%	-19131	1 / 13 (7.69%)	KL157_08_DB_group_38,100.00%,92.59%	KL157_01_kpsF;KL157_02_kpsE;KL157_03_kpsD;KL157_04_kpsU;KL157_05_kpsC;KL157_06_kpsS;KL157_07_DB_group_44;KL157_09_DB_group_75;KL157_10_kpsT;KL157_11_DB_group_2;KL157_12_DB_group_101;KL157_13_kpsM	0		0 / 13 (0.00%)		3	KL128_09_DB_group_51,100.00%,3.64%,truncated;KL186_09_DB_group_269,96.67%,24.39%,truncated;KL147_13_rmlB,100.00%,7.11%,truncated;KL147_13_rmlB,96.30%,7.11%,truncated;KL147_13_rmlB,100.00%,3.16%,truncated;KL147_13_rmlB,100.00%,3.16%,truncated;KL147_13_rmlB,100.00%,3.16%,truncated	KL128_09_DB_group_51,100.00%,3.64%,truncated;KL186_09_DB_group_269,96.67%,24.39%,truncated;KL147_13_rmlB,100.00%,7.11%,truncated;KL147_13_rmlB,96.30%,7.11%,truncated;KL147_13_rmlB,100.00%,3.16%,truncated;KL147_13_rmlB,100.00%,3.16%,truncated;KL147_13_rmlB,100.00%,3.16%,truncated		ST10
3.3.2	Escherichia_coli_Group_2_and_3_K	4.0.0	GCA_009824835.1	ST10	KL145		Untypeable	-	96.15%	0.49%	-16690	1 / 14 (7.14%)	KL145_11_DB_group_98,96.15%,92.86%	KL145_01_kpsF;KL145_02_kpsE;KL145_03_kpsD;KL145_04_kpsU;KL145_05_kpsC;KL145_06_kpsS;KL145_07_DB_group_91;KL145_08_ugd;KL145_09_wcaK;KL145_10_kfoC;KL145_12_kpsT;KL145_13_kpsM	0		1 / 14 (7.14%)	KL145_11_DB_group_98,96.15%,92.86%	2	KL186_09_DB_group_269,96.67%,24.39%,truncated;KL186_09_DB_group_269,96.67%,24.39%,truncated;KL186_09_DB_group_269,96.67%,24.39%,partial;KL147_13_rmlB,100.00%,7.11%,truncated;KL147_13_rmlB,100.00%,3.16%,truncated;KL147_13_rmlB,88.89%,7.11%,truncated	KL186_09_DB_group_269,96.67%,24.39%,truncated;KL186_09_DB_group_269,96.67%,24.39%,truncated;KL186_09_DB_group_269,96.67%,24.39%,partial;KL147_13_rmlB,100.00%,7.11%,truncated;KL147_13_rmlB,100.00%,3.16%,truncated;KL147_13_rmlB,88.89%,7.11%,truncated		ST10
3.3.2	Escherichia_coli_Group_2_and_3_K	4.0.0	GCA_009825065.1	ST10	KL186		Untypeable	-!	0.00%	0.54%	-16534	1 / 12 (8.33%)	KL186_09_DB_group_269,100.00%,24.39%,truncated	KL186_01_kpsF_2;KL186_02_kpsE_3;KL186_03_kpsD_3;KL186_04_kpsC_4;KL186_05_kpsS_6;KL186_06_DB_group_262;KL186_07_DB_group_267;KL186_08_DB_group_263;KL186_10_DB_group_275;KL186_11_kpsT_9;KL186_12_kpsM_10	0		0 / 12 (0.00%)		2	KL128_09_DB_group_51,100.00%,3.64%,truncated;KL128_09_DB_group_51,100.00%,3.64%,truncated;KL147_13_rmlB,100.00%,3.16%,truncated;KL147_13_rmlB,100.00%,3.16%,truncated	KL128_09_DB_group_51,100.00%,3.64%,truncated;KL128_09_DB_group_51,100.00%,3.64%,truncated;KL186_09_DB_group_269,100.00%,24.39%,truncated;KL147_13_rmlB,100.00%,3.16%,truncated;KL147_13_rmlB,100.00%,3.16%,truncated		ST10
3.3.2	Escherichia_coli_Group_2_and_3_K	4.0.0	GCA_009825195.1	ST10	KL157		Untypeable	-	96.02%	0.42%	-19127	1 / 14 (7.14%)	KL157_08_DB_group_38,100.00%,96.30%	KL157_01_kpsF;KL157_02_kpsE;KL157_03_kpsD;KL157_04_kpsU;KL157_05_kpsC;KL157_06_kpsS;KL157_07_DB_group_44;KL157_09_DB_group_75;KL157_10_kpsT;KL157_11_DB_group_2;KL157_12_DB_group_101;KL157_13_kpsM	0		1 / 14 (7.14%)	KL157_08_DB_group_38,100.00%,92.59%,partial;KL157_08_DB_group_38,100.00%,92.59%	2	KL186_09_DB_group_269,100.00%,24.39%,truncated;KL184_16_rmlA_2,88.06%,92.10%	KL157_08_DB_group_38,100.00%,92.59%,partial;KL186_09_DB_group_269,100.00%,24.39%,truncated		ST10
3.3.2	Escherichia_coli_Group_2_and_3_K	4.0.0	GCA_009825265.1	ST10	KL157		Untypeable	-	100.00%	0.40%	-19131	1 / 13 (7.69%)	KL157_08_DB_group_38,100.00%,92.59%	KL157_01_kpsF;KL157_02_kpsE;KL157_03_kpsD;KL157_04_kpsU;KL157_05_kpsC;KL157_06_kpsS;KL157_07_DB_group_44;KL157_09_DB_group_75;KL157_10_kpsT;KL157_11_DB_group_2;KL157_12_DB_group_101;KL157_13_kpsM	0		0 / 13 (0.00%)		2	KL128_09_DB_group_51,100.00%,3.64%,truncated;KL128_09_DB_group_51,100.00%,3.64%,truncated;KL128_09_DB_group_51,100.00%,3.64%,truncated;KL128_09_DB_group_51,100.00%,3.64%,truncated;KL128_09_DB_group_51,100.00%,3.64%,truncated;KL128_09_DB_group_51,100.00%,3.64%,partial;KL147_13_rmlB,100.00%,7.11%,truncated;KL147_13_rmlB,100.00%,3.16%,truncated;KL147_13_rmlB,100.00%,3.16%,truncated;KL147_13_rmlB,100.00%,3.16%,truncated;KL147_13_rmlB,100.00%,3.16%,truncated;KL147_13_rmlB,100.00%,3.16%,truncated	KL128_09_DB_group_51,100.00%,3.64%,truncated;KL128_09_DB_group_51,100.00%,3.64%,truncated;KL128_09_DB_group_51,100.00%,3.64%,truncated;KL128_09_DB_group_51,100.00%,3.64%,truncated;KL128_09_DB_group_51,100.00%,3.64%,truncated;KL128_09_DB_group_51,100.00%,3.64%,partial;KL147_13_rmlB,100.00%,7.11%,truncated;KL147_13_rmlB,100.00%,3.16%,truncated;KL147_13_rmlB,100.00%,3.16%,truncated;KL147_13_rmlB,100.00%,3.16%,truncated;KL147_13_rmlB,100.00%,3.16%,truncated;KL147_13_rmlB,100.00%,3.16%,truncated		ST10
3.3.2	Escherichia_coli_Group_2_and_3_K	4.0.0	GCA_009900075.1	ST10	KL157		Untypeable	-	100.00%	0.40%	-19131	1 / 13 (7.69%)	KL157_08_DB_group_38,100.00%,92.59%	KL157_01_kpsF;KL157_02_kpsE;KL157_03_kpsD;KL157_04_kpsU;KL157_05_kpsC;KL157_06_kpsS;KL157_07_DB_group_44;KL157_09_DB_group_75;KL157_10_kpsT;KL157_11_DB_group_2;KL157_12_DB_group_101;KL157_13_kpsM	0		0 / 13 (0.00%)		2	KL128_09_DB_group_51,100.00%,3.64%,truncated;KL147_13_rmlB,100.00%,7.11%,truncated;KL147_13_rmlB,100.00%,7.11%,truncated;KL147_13_rmlB,100.00%,7.11%,truncated;KL147_13_rmlB,100.00%,7.11%,partial	KL128_09_DB_group_51,100.00%,3.64%,truncated;KL147_13_rmlB,100.00%,7.11%,truncated;KL147_13_rmlB,100.00%,7.11%,truncated;KL147_13_rmlB,100.00%,7.11%,truncated;KL147_13_rmlB,100.00%,7.11%,partial		ST10
3.3.2	Escherichia_coli_Group_2_and_3_K	4.0.0	GCA_009900285.1	ST10	KL152		Untypeable	?-*!	0.00%	18.00%		3 / 19 (15.79%)	KL152_09_ugd_2,78.14%,71.72%,truncated;KL152_14_rmlB_2,76.63%,91.44%,below_id_threshold;KL152_16_rmlA_2,74.12%,87.63%,truncated	KL152_01_kpsD_5;KL152_02_kpsM_8;KL152_03_kpsT_7;KL152_04_kpsE_2;KL152_05_DB_group_206;KL152_06_DB_group_207;KL152_07_DB_group_214;KL152_08_DB_group_188;KL152_10_DB_group_194;KL152_11_K96-09;KL152_12_wckE;KL152_13_DB_group_184;KL152_15_rmlD_2;KL152_17_rmlC_2;KL152_18_kpsC_5;KL152_19_kpsS_5	0		0 / 19 (0.00%)		4	KL128_09_DB_group_51,100.00%,3.64%,truncated;KL128_09_DB_group_51,100.00%,3.64%,truncated;KL186_09_DB_group_269,93.33%,24.39%,truncated;KL147_13_rmlB,100.00%,7.11%,truncated;KL147_13_rmlB,100.00%,7.11%,truncated;KL147_13_rmlB,100.00%,3.16%,truncated;KL173_12_DB_group_98_wckE_2,100.00%,6.13%,truncated;KL173_12_DB_group_98_wckE_2,100.00%,6.13%,truncated;KL173_12_DB_group_98_wckE_2,100.00%,6.13%,truncated;KL173_12_DB_group_98_wckE_2,100.00%,6.13%,truncated;KL173_12_DB_group_98_wckE_2,100.00%,6.13%,truncated;KL173_12_DB_group_98_wckE_2,100.00%,6.13%,truncated	KL128_09_DB_group_51,100.00%,3.64%,truncated;KL128_09_DB_group_51,100.00%,3.64%,truncated;KL186_09_DB_group_269,93.33%,24.39%,truncated;KL147_13_rmlB,100.00%,7.11%,truncated;KL147_13_rmlB,100.00%,7.11%,truncated;KL147_13_rmlB,100.00%,3.16%,truncated;KL152_09_ugd_2,78.14%,71.72%,truncated;KL152_16_rmlA_2,74.12%,87.63%,truncated;KL173_12_DB_group_98_wckE_2,100.00%,6.13%,truncated;KL173_12_DB_group_98_wckE_2,100.00%,6.13%,truncated;KL173_12_DB_group_98_wckE_2,100.00%,6.13%,truncated;KL173_12_DB_group_98_wckE_2,100.00%,6.13%,truncated;KL173_12_DB_group_98_wckE_2,100.00%,6.13%,truncated;KL173_12_DB_group_98_wckE_2,100.00%,6.13%,truncated		ST10
3.3.2	Escherichia_coli_Group_2_and_3_K	4.0.0	GCA_009900425.1	ST10	KL162		Untypeable	-!	0.00%	4.15%	-21702	1 / 16 (6.25%)	KL162_07_ugd_2,78.21%,80.21%,truncated	KL162_01_kpsD_5;KL162_02_kpsM_8;KL162_03_kpsT_7;KL162_04_kpsE_2;KL162_05_DB_group_212;KL162_06_DB_group_195;KL162_08_K96-09;KL162_09_wckE;KL162_10_DB_group_184;KL162_11_rmlB_2;KL162_12_rmlD_2;KL162_13_rmlA_2;KL162_14_rmlC_2;KL162_15_kpsC_5;KL162_16_kpsS_5	0		0 / 16 (0.00%)		2	KL128_09_DB_group_51,100.00%,3.64%,truncated;KL147_13_rmlB,96.30%,7.11%,truncated;KL147_13_rmlB,100.00%,3.16%,truncated;KL147_13_rmlB,100.00%,3.16%,truncated;KL147_13_rmlB,100.00%,3.16%,truncated;KL147_13_rmlB,100.00%,3.16%,truncated	KL128_09_DB_group_51,100.00%,3.64%,truncated;KL147_13_rmlB,96.30%,7.11%,truncated;KL147_13_rmlB,100.00%,3.16%,truncated;KL147_13_rmlB,100.00%,3.16%,truncated;KL147_13_rmlB,100.00%,3.16%,truncated;KL147_13_rmlB,100.00%,3.16%,truncated;KL162_07_ugd_2,78.21%,80.21%,truncated		ST10
3.3.2	Escherichia_coli_Group_2_and_3_K	4.0.0	GCA_009900585.1	ST10	KL145		Untypeable	-	96.92%	0.49%	-16689	1 / 14 (7.14%)	KL145_11_DB_group_98,96.15%,92.86%	KL145_01_kpsF;KL145_02_kpsE;KL145_03_kpsD;KL145_04_kpsU;KL145_05_kpsC;KL145_06_kpsS;KL145_07_DB_group_91;KL145_08_ugd;KL145_09_wcaK;KL145_10_kfoC;KL145_12_kpsT;KL145_13_kpsM	0		1 / 14 (7.14%)	KL145_11_DB_group_98,96.15%,92.86%;KL145_11_DB_group_98,96.15%,92.86%,partial;KL145_11_DB_group_98,100.00%,92.86%;KL145_11_DB_group_98,96.15%,92.86%;KL145_11_DB_group_98,96.15%,92.86%	2	KL186_09_DB_group_269,100.00%,24.39%,truncated;KL147_13_rmlB,100.00%,3.16%,truncated	KL145_11_DB_group_98,96.15%,92.86%,partial;KL186_09_DB_group_269,100.00%,24.39%,truncated;KL147_13_rmlB,100.00%,3.16%,truncated		ST10
3.3.2	Escherichia_coli_Group_2_and_3_K	4.0.0	GCA_009900625.1	ST10	KL145		Untypeable	-	96.92%	0.49%	-16689	1 / 14 (7.14%)	KL145_11_DB_group_98,96.15%,92.86%	KL145_01_kpsF;KL145_02_kpsE;KL145_03_kpsD;KL145_04_kpsU;KL145_05_kpsC;KL145_06_kpsS;KL145_07_DB_group_91;KL145_08_ugd;KL145_09_wcaK;KL145_10_kfoC;KL145_12_kpsT;KL145_13_kpsM	0		1 / 14 (7.14%)	KL145_11_DB_group_98,96.15%,92.86%;KL145_11_DB_group_98,96.15%,92.86%;KL145_11_DB_group_98,96.15%,92.86%,partial;KL145_11_DB_group_98,100.00%,92.86%;KL145_11_DB_group_98,96.15%,92.86%	2	KL186_09_DB_group_269,100.00%,24.39%,truncated;KL147_13_rmlB,100.00%,3.16%,truncated	KL145_11_DB_group_98,96.15%,92.86%,partial;KL186_09_DB_group_269,100.00%,24.39%,truncated;KL147_13_rmlB,100.00%,3.16%,truncated		ST10
3.3.2	Escherichia_coli_Group_2_and_3_K	4.0.0	GCA_009900645.1	ST10	KL145		Untypeable	-	96.92%	0.49%	-16689	1 / 14 (7.14%)	KL145_11_DB_group_98,96.15%,92.86%	KL145_01_kpsF;KL145_02_kpsE;KL145_03_kpsD;KL145_04_kpsU;KL145_05_kpsC;KL145_06_kpsS;KL145_07_DB_group_91;KL145_08_ugd;KL145_09_wcaK;KL145_10_kfoC;KL145_12_kpsT;KL145_13_kpsM	0		1 / 14 (7.14%)	KL145_11_DB_group_98,96.15%,92.86%;KL145_11_DB_group_98,96.15%,92.86%;KL145_11_DB_group_98,100.00%,92.86%;KL145_11_DB_group_98,96.15%,92.86%;KL145_11_DB_group_98,96.15%,92.86%,partial	2	KL186_09_DB_group_269,100.00%,24.39%,truncated;KL147_13_rmlB,100.00%,3.16%,truncated	KL145_11_DB_group_98,96.15%,92.86%,partial;KL186_09_DB_group_269,100.00%,24.39%,truncated;KL147_13_rmlB,100.00%,3.16%,truncated		ST10
3.3.2	Escherichia_coli_Group_2_and_3_K	4.0.0	GCA_009901125.1	ST10	KL145		Untypeable	-	98.08%	0.48%	-16691	1 / 14 (7.14%)	KL145_11_DB_group_98,100.00%,92.86%	KL145_01_kpsF;KL145_02_kpsE;KL145_03_kpsD;KL145_04_kpsU;KL145_05_kpsC;KL145_06_kpsS;KL145_07_DB_group_91;KL145_08_ugd;KL145_09_wcaK;KL145_10_kfoC;KL145_12_kpsT;KL145_13_kpsM	0		1 / 14 (7.14%)	KL145_11_DB_group_98,96.15%,92.86%	1	KL147_13_rmlB,88.89%,7.11%,truncated	KL147_13_rmlB,88.89%,7.11%,truncated		ST10
3.3.2	Escherichia_coli_Group_2_and_3_K	4.0.0	GCA_009901145.1	ST10	KL157		Untypeable	-	100.00%	0.42%	-19127	1 / 13 (7.69%)	KL157_08_DB_group_38,100.00%,96.30%	KL157_01_kpsF;KL157_02_kpsE;KL157_03_kpsD;KL157_04_kpsU;KL157_05_kpsC;KL157_06_kpsS;KL157_07_DB_group_44;KL157_09_DB_group_75;KL157_10_kpsT;KL157_11_DB_group_2;KL157_12_DB_group_101;KL157_13_kpsM	0		0 / 13 (0.00%)		2	KL128_09_DB_group_51,100.00%,3.64%,truncated;KL128_09_DB_group_51,100.00%,3.64%,truncated;KL147_13_rmlB,96.30%,7.11%,truncated;KL147_13_rmlB,100.00%,3.16%,truncated;KL147_13_rmlB,100.00%,3.16%,truncated;KL147_13_rmlB,100.00%,3.16%,truncated;KL147_13_rmlB,100.00%,3.16%,truncated	KL128_09_DB_group_51,100.00%,3.64%,truncated;KL128_09_DB_group_51,100.00%,3.64%,truncated;KL147_13_rmlB,96.30%,7.11%,truncated;KL147_13_rmlB,100.00%,3.16%,truncated;KL147_13_rmlB,100.00%,3.16%,truncated;KL147_13_rmlB,100.00%,3.16%,truncated;KL147_13_rmlB,100.00%,3.16%,truncated		ST10
3.3.2	Escherichia_coli_Group_2_and_3_K	4.0.0	GCA_009901165.1	ST10	KL162		Untypeable	-!	0.00%	4.15%	-21702	1 / 16 (6.25%)	KL162_07_ugd_2,78.21%,80.21%,truncated	KL162_01_kpsD_5;KL162_02_kpsM_8;KL162_03_kpsT_7;KL162_04_kpsE_2;KL162_05_DB_group_212;KL162_06_DB_group_195;KL162_08_K96-09;KL162_09_wckE;KL162_10_DB_group_184;KL162_11_rmlB_2;KL162_12_rmlD_2;KL162_13_rmlA_2;KL162_14_rmlC_2;KL162_15_kpsC_5;KL162_16_kpsS_5	0		0 / 16 (0.00%)		2	KL128_09_DB_group_51,100.00%,3.64%,truncated;KL128_09_DB_group_51,100.00%,3.64%,truncated;KL147_13_rmlB,96.30%,7.11%,truncated;KL147_13_rmlB,100.00%,3.16%,truncated;KL147_13_rmlB,100.00%,3.16%,truncated;KL147_13_rmlB,100.00%,3.16%,truncated;KL147_13_rmlB,100.00%,3.16%,truncated	KL128_09_DB_group_51,100.00%,3.64%,truncated;KL128_09_DB_group_51,100.00%,3.64%,truncated;KL147_13_rmlB,96.30%,7.11%,truncated;KL147_13_rmlB,100.00%,3.16%,truncated;KL147_13_rmlB,100.00%,3.16%,truncated;KL147_13_rmlB,100.00%,3.16%,truncated;KL147_13_rmlB,100.00%,3.16%,truncated;KL162_07_ugd_2,78.21%,80.21%,truncated		ST10
3.3.2	Escherichia_coli_Group_2_and_3_K	4.0.0	GCA_009901185.1	ST10	KL145		Untypeable	-	96.69%	0.48%	-16691	1 / 14 (7.14%)	KL145_11_DB_group_98,96.15%,92.86%	KL145_01_kpsF;KL145_02_kpsE;KL145_03_kpsD;KL145_04_kpsU;KL145_05_kpsC;KL145_06_kpsS;KL145_07_DB_group_91;KL145_08_ugd;KL145_09_wcaK;KL145_10_kfoC;KL145_12_kpsT;KL145_13_kpsM	0		1 / 14 (7.14%)	KL145_11_DB_group_98,96.15%,92.86%;KL145_11_DB_group_98,100.00%,92.86%;KL145_11_DB_group_98,96.15%,92.86%;KL145_11_DB_group_98,95.00%,92.86%	2	KL186_09_DB_group_269,100.00%,24.39%,truncated;KL186_09_DB_group_269,100.00%,24.39%,truncated;KL186_09_DB_group_269,100.00%,24.39%,partial;KL186_09_DB_group_269,100.00%,24.39%,truncated;KL186_09_DB_group_269,96.67%,24.39%,truncated;KL147_13_rmlB,96.30%,7.11%,truncated;KL147_13_rmlB,96.30%,7.11%,truncated;KL147_13_rmlB,96.30%,7.11%,truncated;KL147_13_rmlB,96.30%,7.11%,partial	KL186_09_DB_group_269,100.00%,24.39%,truncated;KL186_09_DB_group_269,100.00%,24.39%,truncated;KL186_09_DB_group_269,100.00%,24.39%,partial;KL186_09_DB_group_269,100.00%,24.39%,truncated;KL186_09_DB_group_269,96.67%,24.39%,truncated;KL147_13_rmlB,96.30%,7.11%,truncated;KL147_13_rmlB,96.30%,7.11%,truncated;KL147_13_rmlB,96.30%,7.11%,truncated;KL147_13_rmlB,96.30%,7.11%,partial		ST10
3.3.2	Escherichia_coli_Group_2_and_3_K	4.0.0	GCA_011317875.1	ST10	KL162		Untypeable	-!	0.00%	4.15%	-21702	1 / 16 (6.25%)	KL162_07_ugd_2,78.21%,80.21%,truncated	KL162_01_kpsD_5;KL162_02_kpsM_8;KL162_03_kpsT_7;KL162_04_kpsE_2;KL162_05_DB_group_212;KL162_06_DB_group_195;KL162_08_K96-09;KL162_09_wckE;KL162_10_DB_group_184;KL162_11_rmlB_2;KL162_12_rmlD_2;KL162_13_rmlA_2;KL162_14_rmlC_2;KL162_15_kpsC_5;KL162_16_kpsS_5	0		0 / 16 (0.00%)		2	KL128_09_DB_group_51,100.00%,3.64%,truncated;KL128_09_DB_group_51,100.00%,3.64%,truncated;KL147_13_rmlB,96.30%,7.11%,truncated;KL147_13_rmlB,100.00%,3.16%,truncated;KL147_13_rmlB,100.00%,3.16%,truncated;KL147_13_rmlB,100.00%,3.16%,truncated;KL147_13_rmlB,100.00%,3.16%,truncated;KL147_13_rmlB,100.00%,3.16%,truncated	KL128_09_DB_group_51,100.00%,3.64%,truncated;KL128_09_DB_group_51,100.00%,3.64%,truncated;KL147_13_rmlB,96.30%,7.11%,truncated;KL147_13_rmlB,100.00%,3.16%,truncated;KL147_13_rmlB,100.00%,3.16%,truncated;KL147_13_rmlB,100.00%,3.16%,truncated;KL147_13_rmlB,100.00%,3.16%,truncated;KL147_13_rmlB,100.00%,3.16%,truncated;KL162_07_ugd_2,78.21%,80.21%,truncated		ST10
3.3.2	Escherichia_coli_Group_2_and_3_K	4.0.0	GCA_011317975.1	ST10	KL162		Untypeable	-!	0.00%	4.15%	-21702	1 / 16 (6.25%)	KL162_07_ugd_2,78.21%,80.21%,truncated	KL162_01_kpsD_5;KL162_02_kpsM_8;KL162_03_kpsT_7;KL162_04_kpsE_2;KL162_05_DB_group_212;KL162_06_DB_group_195;KL162_08_K96-09;KL162_09_wckE;KL162_10_DB_group_184;KL162_11_rmlB_2;KL162_12_rmlD_2;KL162_13_rmlA_2;KL162_14_rmlC_2;KL162_15_kpsC_5;KL162_16_kpsS_5	0		0 / 16 (0.00%)		2	KL128_09_DB_group_51,100.00%,3.64%,truncated;KL147_13_rmlB,96.30%,7.11%,truncated;KL147_13_rmlB,100.00%,3.16%,truncated;KL147_13_rmlB,100.00%,3.16%,truncated;KL147_13_rmlB,100.00%,3.16%,truncated;KL147_13_rmlB,100.00%,3.16%,truncated	KL128_09_DB_group_51,100.00%,3.64%,truncated;KL147_13_rmlB,96.30%,7.11%,truncated;KL147_13_rmlB,100.00%,3.16%,truncated;KL147_13_rmlB,100.00%,3.16%,truncated;KL147_13_rmlB,100.00%,3.16%,truncated;KL147_13_rmlB,100.00%,3.16%,truncated;KL162_07_ugd_2,78.21%,80.21%,truncated		ST10
3.3.2	Escherichia_coli_Group_2_and_3_K	4.0.0	GCA_011318395.1	ST10	KL157		Untypeable	-	100.00%	0.42%	-19127	1 / 13 (7.69%)	KL157_08_DB_group_38,100.00%,96.30%	KL157_01_kpsF;KL157_02_kpsE;KL157_03_kpsD;KL157_04_kpsU;KL157_05_kpsC;KL157_06_kpsS;KL157_07_DB_group_44;KL157_09_DB_group_75;KL157_10_kpsT;KL157_11_DB_group_2;KL157_12_DB_group_101;KL157_13_kpsM	0		0 / 13 (0.00%)		2	KL128_09_DB_group_51,100.00%,3.64%,truncated;KL128_09_DB_group_51,100.00%,3.64%,truncated;KL128_09_DB_group_51,100.00%,3.64%,truncated;KL128_09_DB_group_51,100.00%,3.64%,truncated;KL186_09_DB_group_269,100.00%,24.39%,truncated	KL128_09_DB_group_51,100.00%,3.64%,truncated;KL128_09_DB_group_51,100.00%,3.64%,truncated;KL128_09_DB_group_51,100.00%,3.64%,truncated;KL128_09_DB_group_51,100.00%,3.64%,truncated;KL186_09_DB_group_269,100.00%,24.39%,truncated		ST10
3.3.2	Escherichia_coli_Group_2_and_3_K	4.0.0	GCA_011763075.1	ST10	KL152		Untypeable	-*	0.00%	3.90%	-24524	1 / 19 (5.26%)	KL152_14_rmlB_2,76.63%,91.44%,below_id_threshold	KL152_01_kpsD_5;KL152_02_kpsM_8;KL152_03_kpsT_7;KL152_04_kpsE_2;KL152_05_DB_group_206;KL152_06_DB_group_207;KL152_07_DB_group_214;KL152_08_DB_group_188;KL152_09_ugd_2;KL152_10_DB_group_194;KL152_11_K96-09;KL152_12_wckE;KL152_13_DB_group_184;KL152_15_rmlD_2;KL152_16_rmlA_2;KL152_17_rmlC_2;KL152_18_kpsC_5;KL152_19_kpsS_5	0		0 / 19 (0.00%)		2	KL128_09_DB_group_51,96.15%,3.64%,truncated;KL147_13_rmlB,100.00%,7.11%,truncated;KL147_13_rmlB,100.00%,7.11%,truncated;KL147_13_rmlB,100.00%,7.11%,truncated;KL147_13_rmlB,100.00%,7.11%,truncated;KL147_13_rmlB,100.00%,7.11%,truncated;KL147_13_rmlB,100.00%,7.11%,truncated	KL128_09_DB_group_51,96.15%,3.64%,truncated;KL147_13_rmlB,100.00%,7.11%,truncated;KL147_13_rmlB,100.00%,7.11%,truncated;KL147_13_rmlB,100.00%,7.11%,truncated;KL147_13_rmlB,100.00%,7.11%,truncated;KL147_13_rmlB,100.00%,7.11%,truncated;KL147_13_rmlB,100.00%,7.11%,truncated		ST10
3.3.2	Escherichia_coli_Group_2_and_3_K	4.0.0	GCA_011763135.1	ST10	KL145		Untypeable	-	98.72%	0.48%	-16691	1 / 14 (7.14%)	KL145_11_DB_group_98,100.00%,92.86%	KL145_01_kpsF;KL145_02_kpsE;KL145_03_kpsD;KL145_04_kpsU;KL145_05_kpsC;KL145_06_kpsS;KL145_07_DB_group_91;KL145_08_ugd;KL145_09_wcaK;KL145_10_kfoC;KL145_12_kpsT;KL145_13_kpsM	0		1 / 14 (7.14%)	KL145_11_DB_group_98,100.00%,92.86%;KL145_11_DB_group_98,96.15%,92.86%	3	KL128_09_DB_group_51,100.00%,3.64%,truncated;KL186_09_DB_group_269,96.67%,24.39%,truncated;KL186_09_DB_group_269,96.67%,24.39%,partial;KL186_09_DB_group_269,96.67%,24.39%,truncated;KL147_13_rmlB,100.00%,7.11%,truncated;KL147_13_rmlB,100.00%,3.16%,truncated;KL147_13_rmlB,88.89%,7.11%,truncated	KL128_09_DB_group_51,100.00%,3.64%,truncated;KL186_09_DB_group_269,96.67%,24.39%,truncated;KL186_09_DB_group_269,96.67%,24.39%,partial;KL186_09_DB_group_269,96.67%,24.39%,truncated;KL147_13_rmlB,100.00%,7.11%,truncated;KL147_13_rmlB,100.00%,3.16%,truncated;KL147_13_rmlB,88.89%,7.11%,truncated		ST10
3.3.2	Escherichia_coli_Group_2_and_3_K	4.0.0	GCA_011763275.1	ST10	KL152		Untypeable	-*	0.00%	3.90%	-24524	1 / 19 (5.26%)	KL152_14_rmlB_2,76.63%,91.44%,below_id_threshold	KL152_01_kpsD_5;KL152_02_kpsM_8;KL152_03_kpsT_7;KL152_04_kpsE_2;KL152_05_DB_group_206;KL152_06_DB_group_207;KL152_07_DB_group_214;KL152_08_DB_group_188;KL152_09_ugd_2;KL152_10_DB_group_194;KL152_11_K96-09;KL152_12_wckE;KL152_13_DB_group_184;KL152_15_rmlD_2;KL152_16_rmlA_2;KL152_17_rmlC_2;KL152_18_kpsC_5;KL152_19_kpsS_5	0		0 / 19 (0.00%)		2	KL128_09_DB_group_51,96.15%,3.64%,truncated;KL147_13_rmlB,100.00%,7.11%,truncated;KL147_13_rmlB,100.00%,7.11%,truncated;KL147_13_rmlB,100.00%,7.11%,truncated;KL147_13_rmlB,100.00%,7.11%,truncated;KL147_13_rmlB,100.00%,7.11%,truncated;KL147_13_rmlB,100.00%,7.11%,truncated	KL128_09_DB_group_51,96.15%,3.64%,truncated;KL147_13_rmlB,100.00%,7.11%,truncated;KL147_13_rmlB,100.00%,7.11%,truncated;KL147_13_rmlB,100.00%,7.11%,truncated;KL147_13_rmlB,100.00%,7.11%,truncated;KL147_13_rmlB,100.00%,7.11%,truncated;KL147_13_rmlB,100.00%,7.11%,truncated		ST10
3.3.2	Escherichia_coli_Group_2_and_3_K	4.0.0	GCA_011763295.1	ST10	KL145		Untypeable	-	96.15%	0.49%	-16690	1 / 14 (7.14%)	KL145_11_DB_group_98,96.15%,92.86%	KL145_01_kpsF;KL145_02_kpsE;KL145_03_kpsD;KL145_04_kpsU;KL145_05_kpsC;KL145_06_kpsS;KL145_07_DB_group_91;KL145_08_ugd;KL145_09_wcaK;KL145_10_kfoC;KL145_12_kpsT;KL145_13_kpsM	0		1 / 14 (7.14%)	KL145_11_DB_group_98,96.15%,92.86%	2	KL186_09_DB_group_269,96.67%,24.39%,truncated;KL186_09_DB_group_269,96.67%,24.39%,partial;KL186_09_DB_group_269,96.67%,24.39%,truncated;KL147_13_rmlB,100.00%,7.11%,truncated;KL147_13_rmlB,100.00%,3.16%,truncated;KL147_13_rmlB,88.89%,7.11%,truncated	KL186_09_DB_group_269,96.67%,24.39%,truncated;KL186_09_DB_group_269,96.67%,24.39%,partial;KL186_09_DB_group_269,96.67%,24.39%,truncated;KL147_13_rmlB,100.00%,7.11%,truncated;KL147_13_rmlB,100.00%,3.16%,truncated;KL147_13_rmlB,88.89%,7.11%,truncated		ST10
3.3.2	Escherichia_coli_Group_2_and_3_K	4.0.0	GCA_011763315.1	ST10	KL136		Typeable		99.96%	99.53%	-105	17 / 17 (100.00%)	KL136_01_kpsD_5,100.00%,99.82%;KL136_02_kpsM_8,100.00%,99.65%;KL136_03_kpsT_7,100.00%,99.54%;KL136_04_kpsE_2,100.00%,99.74%;KL136_05_DB_group_187,100.00%,99.77%;KL136_06_DB_group_186,99.89%,99.89%;KL136_07_DB_group_204,100.00%,99.76%;KL136_08_ugd_2,100.00%,99.74%;KL136_09_K96-09,100.00%,99.67%;KL136_10_wckE,100.00%,99.85%;KL136_11_DB_group_184,100.00%,99.71%;KL136_12_rmlB_2,100.00%,99.72%;KL136_13_rmlD_2,100.00%,99.66%;KL136_14_rmlA_2,100.00%,99.66%;KL136_15_rmlC_2,99.45%,99.45%;KL136_16_kpsC_5,100.00%,99.85%;KL136_17_kpsS_5,100.00%,99.76%		0		0 / 17 (0.00%)		3	KL128_09_DB_group_51,100.00%,3.64%,truncated;KL186_09_DB_group_269,100.00%,24.39%,truncated;KL186_09_DB_group_269,100.00%,24.39%,truncated;KL186_09_DB_group_269,100.00%,24.39%,partial;KL186_09_DB_group_269,100.00%,24.39%,truncated;KL186_09_DB_group_269,100.00%,24.39%,truncated;KL186_09_DB_group_269,100.00%,24.39%,truncated;KL147_13_rmlB,100.00%,7.11%,truncated	KL128_09_DB_group_51,100.00%,3.64%,truncated;KL186_09_DB_group_269,100.00%,24.39%,truncated;KL186_09_DB_group_269,100.00%,24.39%,truncated;KL186_09_DB_group_269,100.00%,24.39%,partial;KL186_09_DB_group_269,100.00%,24.39%,truncated;KL186_09_DB_group_269,100.00%,24.39%,truncated;KL186_09_DB_group_269,100.00%,24.39%,truncated;KL147_13_rmlB,100.00%,7.11%,truncated		ST10
3.3.2	Escherichia_coli_Group_2_and_3_K	4.0.0	GCA_022488185.1	ST10	KL145		Untypeable	-	99.68%	0.50%	-16688	1 / 14 (7.14%)	KL145_11_DB_group_98,100.00%,96.43%	KL145_01_kpsF;KL145_02_kpsE;KL145_03_kpsD;KL145_04_kpsU;KL145_05_kpsC;KL145_06_kpsS;KL145_07_DB_group_91;KL145_08_ugd;KL145_09_wcaK;KL145_10_kfoC;KL145_12_kpsT;KL145_13_kpsM	0		1 / 14 (7.14%)	KL145_11_DB_group_98,100.00%,92.86%;KL145_11_DB_group_98,100.00%,92.86%;KL145_11_DB_group_98,100.00%,92.86%;KL145_11_DB_group_98,100.00%,92.86%;KL145_11_DB_group_98,96.15%,92.86%	4	KL157_08_DB_group_38,100.00%,96.30%;KL157_08_DB_group_38,100.00%,96.30%;KL157_08_DB_group_38,100.00%,96.30%;KL157_08_DB_group_38,100.00%,96.30%;KL157_08_DB_group_38,100.00%,96.30%;KL157_08_DB_group_38,100.00%,96.30%;KL186_09_DB_group_269,100.00%,24.39%,truncated;KL147_13_rmlB,100.00%,7.11%,truncated;KL147_13_rmlB,100.00%,7.11%,truncated;KL147_13_rmlB,100.00%,7.11%,truncated;KL147_13_rmlB,100.00%,7.11%,truncated;KL147_13_rmlB,100.00%,7.11%,truncated;KL147_13_rmlB,100.00%,7.11%,truncated;KL173_12_DB_group_98_wckE_2,96.15%,6.13%,truncated	KL186_09_DB_group_269,100.00%,24.39%,truncated;KL147_13_rmlB,100.00%,7.11%,truncated;KL147_13_rmlB,100.00%,7.11%,truncated;KL147_13_rmlB,100.00%,7.11%,truncated;KL147_13_rmlB,100.00%,7.11%,truncated;KL147_13_rmlB,100.00%,7.11%,truncated;KL147_13_rmlB,100.00%,7.11%,truncated;KL173_12_DB_group_98_wckE_2,96.15%,6.13%,truncated		ST10
3.3.2	Escherichia_coli_Group_2_and_3_K	4.0.0	GCA_022488205.1	ST10	KL145		Untypeable	-	99.68%	0.50%	-16688	1 / 14 (7.14%)	KL145_11_DB_group_98,100.00%,96.43%	KL145_01_kpsF;KL145_02_kpsE;KL145_03_kpsD;KL145_04_kpsU;KL145_05_kpsC;KL145_06_kpsS;KL145_07_DB_group_91;KL145_08_ugd;KL145_09_wcaK;KL145_10_kfoC;KL145_12_kpsT;KL145_13_kpsM	0		1 / 14 (7.14%)	KL145_11_DB_group_98,100.00%,92.86%;KL145_11_DB_group_98,100.00%,92.86%;KL145_11_DB_group_98,100.00%,92.86%;KL145_11_DB_group_98,100.00%,92.86%;KL145_11_DB_group_98,96.15%,92.86%	4	KL157_08_DB_group_38,100.00%,96.30%;KL157_08_DB_group_38,100.00%,96.30%;KL157_08_DB_group_38,100.00%,96.30%;KL157_08_DB_group_38,100.00%,96.30%;KL157_08_DB_group_38,100.00%,96.30%;KL157_08_DB_group_38,100.00%,96.30%;KL186_09_DB_group_269,100.00%,24.39%,truncated;KL147_13_rmlB,100.00%,7.11%,truncated;KL147_13_rmlB,100.00%,7.11%,truncated;KL147_13_rmlB,100.00%,7.11%,truncated;KL147_13_rmlB,100.00%,7.11%,truncated;KL147_13_rmlB,100.00%,7.11%,truncated;KL147_13_rmlB,100.00%,7.11%,truncated;KL173_12_DB_group_98_wckE_2,96.15%,6.13%,truncated	KL186_09_DB_group_269,100.00%,24.39%,truncated;KL147_13_rmlB,100.00%,7.11%,truncated;KL147_13_rmlB,100.00%,7.11%,truncated;KL147_13_rmlB,100.00%,7.11%,truncated;KL147_13_rmlB,100.00%,7.11%,truncated;KL147_13_rmlB,100.00%,7.11%,truncated;KL147_13_rmlB,100.00%,7.11%,truncated;KL173_12_DB_group_98_wckE_2,96.15%,6.13%,truncated		ST10
3.3.2	Escherichia_coli_Group_2_and_3_K	4.0.0	GCA_022488345.1	ST10	KL145		Untypeable	-	99.68%	0.50%	-16688	1 / 14 (7.14%)	KL145_11_DB_group_98,100.00%,96.43%	KL145_01_kpsF;KL145_02_kpsE;KL145_03_kpsD;KL145_04_kpsU;KL145_05_kpsC;KL145_06_kpsS;KL145_07_DB_group_91;KL145_08_ugd;KL145_09_wcaK;KL145_10_kfoC;KL145_12_kpsT;KL145_13_kpsM	0		1 / 14 (7.14%)	KL145_11_DB_group_98,100.00%,92.86%;KL145_11_DB_group_98,100.00%,92.86%;KL145_11_DB_group_98,100.00%,92.86%;KL145_11_DB_group_98,100.00%,92.86%;KL145_11_DB_group_98,96.15%,92.86%	4	KL157_08_DB_group_38,100.00%,96.30%;KL157_08_DB_group_38,100.00%,96.30%;KL157_08_DB_group_38,100.00%,96.30%;KL157_08_DB_group_38,100.00%,96.30%;KL157_08_DB_group_38,100.00%,96.30%;KL157_08_DB_group_38,100.00%,96.30%;KL186_09_DB_group_269,100.00%,24.39%,truncated;KL147_13_rmlB,100.00%,7.11%,truncated;KL147_13_rmlB,100.00%,7.11%,truncated;KL147_13_rmlB,100.00%,7.11%,truncated;KL147_13_rmlB,100.00%,7.11%,truncated;KL147_13_rmlB,100.00%,7.11%,truncated;KL147_13_rmlB,100.00%,7.11%,truncated;KL173_12_DB_group_98_wckE_2,96.15%,6.13%,truncated	KL186_09_DB_group_269,100.00%,24.39%,truncated;KL147_13_rmlB,100.00%,7.11%,truncated;KL147_13_rmlB,100.00%,7.11%,truncated;KL147_13_rmlB,100.00%,7.11%,truncated;KL147_13_rmlB,100.00%,7.11%,truncated;KL147_13_rmlB,100.00%,7.11%,truncated;KL147_13_rmlB,100.00%,7.11%,truncated;KL173_12_DB_group_98_wckE_2,96.15%,6.13%,truncated		ST10
3.3.2	Escherichia_coli_Group_2_and_3_K	4.0.0	GCA_022968555.1	ST10	KL145		Untypeable	-	98.08%	0.50%	-16688	1 / 14 (7.14%)	KL145_11_DB_group_98,100.00%,96.43%	KL145_01_kpsF;KL145_02_kpsE;KL145_03_kpsD;KL145_04_kpsU;KL145_05_kpsC;KL145_06_kpsS;KL145_07_DB_group_91;KL145_08_ugd;KL145_09_wcaK;KL145_10_kfoC;KL145_12_kpsT;KL145_13_kpsM	0		1 / 14 (7.14%)	KL145_11_DB_group_98,96.15%,92.86%	1	KL147_13_rmlB,100.00%,7.11%,truncated;KL147_13_rmlB,100.00%,7.11%,truncated;KL147_13_rmlB,96.30%,7.11%,truncated	KL147_13_rmlB,100.00%,7.11%,truncated;KL147_13_rmlB,100.00%,7.11%,truncated;KL147_13_rmlB,96.30%,7.11%,truncated		ST10
3.3.2	Escherichia_coli_Group_2_and_3_K	4.0.0	GCA_024330145.2	ST10	KL186		Untypeable	-!	0.00%	0.54%	-16534	1 / 12 (8.33%)	KL186_09_DB_group_269,96.67%,24.39%,truncated	KL186_01_kpsF_2;KL186_02_kpsE_3;KL186_03_kpsD_3;KL186_04_kpsC_4;KL186_05_kpsS_6;KL186_06_DB_group_262;KL186_07_DB_group_267;KL186_08_DB_group_263;KL186_10_DB_group_275;KL186_11_kpsT_9;KL186_12_kpsM_10	0		0 / 12 (0.00%)		1	KL128_09_DB_group_51,100.00%,3.64%,truncated	KL128_09_DB_group_51,100.00%,3.64%,truncated;KL186_09_DB_group_269,96.67%,24.39%,truncated		ST10
3.3.2	Escherichia_coli_Group_2_and_3_K	4.0.0	GCA_024331345.2	ST10	KL145		Untypeable	-	100.00%	0.48%	-16691	1 / 13 (7.69%)	KL145_11_DB_group_98,100.00%,92.86%	KL145_01_kpsF;KL145_02_kpsE;KL145_03_kpsD;KL145_04_kpsU;KL145_05_kpsC;KL145_06_kpsS;KL145_07_DB_group_91;KL145_08_ugd;KL145_09_wcaK;KL145_10_kfoC;KL145_12_kpsT;KL145_13_kpsM	0		0 / 13 (0.00%)		3	KL128_09_DB_group_51,100.00%,3.64%,truncated;KL128_09_DB_group_51,100.00%,3.64%,truncated;KL128_09_DB_group_51,96.15%,3.64%,truncated;KL186_09_DB_group_269,100.00%,10.57%,truncated;KL173_12_DB_group_98_wckE_2,96.43%,6.60%,truncated;KL173_12_DB_group_98_wckE_2,100.00%,6.13%,truncated;KL173_12_DB_group_98_wckE_2,100.00%,6.13%,truncated;KL173_12_DB_group_98_wckE_2,100.00%,6.13%,truncated;KL173_12_DB_group_98_wckE_2,100.00%,6.13%,truncated;KL173_12_DB_group_98_wckE_2,100.00%,6.13%,truncated	KL128_09_DB_group_51,100.00%,3.64%,truncated;KL128_09_DB_group_51,100.00%,3.64%,truncated;KL128_09_DB_group_51,96.15%,3.64%,truncated;KL186_09_DB_group_269,100.00%,10.57%,truncated;KL173_12_DB_group_98_wckE_2,96.43%,6.60%,truncated;KL173_12_DB_group_98_wckE_2,100.00%,6.13%,truncated;KL173_12_DB_group_98_wckE_2,100.00%,6.13%,truncated;KL173_12_DB_group_98_wckE_2,100.00%,6.13%,truncated;KL173_12_DB_group_98_wckE_2,100.00%,6.13%,truncated;KL173_12_DB_group_98_wckE_2,100.00%,6.13%,truncated		ST10
3.3.2	Escherichia_coli_Group_2_and_3_K	4.0.0	GCA_024700835.2	ST10	KL152		Untypeable	?-*!	0.00%	7.18%		2 / 19 (10.53%)	KL152_09_ugd_2,77.78%,71.72%,truncated;KL152_14_rmlB_2,76.63%,91.44%,below_id_threshold	KL152_01_kpsD_5;KL152_02_kpsM_8;KL152_03_kpsT_7;KL152_04_kpsE_2;KL152_05_DB_group_206;KL152_06_DB_group_207;KL152_07_DB_group_214;KL152_08_DB_group_188;KL152_10_DB_group_194;KL152_11_K96-09;KL152_12_wckE;KL152_13_DB_group_184;KL152_15_rmlD_2;KL152_16_rmlA_2;KL152_17_rmlC_2;KL152_18_kpsC_5;KL152_19_kpsS_5	0		0 / 19 (0.00%)		2	KL128_09_DB_group_51,100.00%,3.64%,truncated;KL147_13_rmlB,100.00%,3.16%,truncated;KL147_13_rmlB,100.00%,3.16%,truncated;KL147_13_rmlB,100.00%,3.16%,truncated;KL147_13_rmlB,100.00%,3.16%,truncated;KL147_13_rmlB,100.00%,3.16%,truncated;KL147_13_rmlB,100.00%,3.16%,truncated	KL128_09_DB_group_51,100.00%,3.64%,truncated;KL147_13_rmlB,100.00%,3.16%,truncated;KL147_13_rmlB,100.00%,3.16%,truncated;KL147_13_rmlB,100.00%,3.16%,truncated;KL147_13_rmlB,100.00%,3.16%,truncated;KL147_13_rmlB,100.00%,3.16%,truncated;KL147_13_rmlB,100.00%,3.16%,truncated;KL152_09_ugd_2,77.78%,71.72%,truncated		ST10
3.3.2	Escherichia_coli_Group_2_and_3_K	4.0.0	GCA_025536495.1	ST10	KL145		Untypeable	-	96.15%	0.48%	-16691	1 / 13 (7.69%)	KL145_11_DB_group_98,96.15%,92.86%	KL145_01_kpsF;KL145_02_kpsE;KL145_03_kpsD;KL145_04_kpsU;KL145_05_kpsC;KL145_06_kpsS;KL145_07_DB_group_91;KL145_08_ugd;KL145_09_wcaK;KL145_10_kfoC;KL145_12_kpsT;KL145_13_kpsM	0		0 / 13 (0.00%)		1	KL147_13_rmlB,100.00%,7.11%,truncated;KL147_13_rmlB,100.00%,4.74%,partial;KL147_13_rmlB,100.00%,4.74%,partial;KL147_13_rmlB,100.00%,4.74%,partial;KL147_13_rmlB,100.00%,4.47%,partial;KL147_13_rmlB,100.00%,4.47%,partial	KL147_13_rmlB,100.00%,7.11%,truncated;KL147_13_rmlB,100.00%,4.74%,partial;KL147_13_rmlB,100.00%,4.74%,partial;KL147_13_rmlB,100.00%,4.74%,partial;KL147_13_rmlB,100.00%,4.47%,partial;KL147_13_rmlB,100.00%,4.47%,partial		ST10
3.3.2	Escherichia_coli_Group_2_and_3_K	4.0.0	GCA_025536555.1	ST10	KL157		Untypeable	-	100.00%	0.42%	-19127	1 / 14 (7.14%)	KL157_08_DB_group_38,100.00%,96.30%	KL157_01_kpsF;KL157_02_kpsE;KL157_03_kpsD;KL157_04_kpsU;KL157_05_kpsC;KL157_06_kpsS;KL157_07_DB_group_44;KL157_09_DB_group_75;KL157_10_kpsT;KL157_11_DB_group_2;KL157_12_DB_group_101;KL157_13_kpsM	0		1 / 14 (7.14%)	KL157_08_DB_group_38,100.00%,92.59%;KL157_08_DB_group_38,100.00%,66.67%,partial	3	KL186_09_DB_group_269,100.00%,24.39%,truncated;KL147_13_rmlB,100.00%,7.11%,truncated;KL147_13_rmlB,96.30%,7.11%,partial;KL173_12_DB_group_98_wckE_2,100.00%,6.13%,truncated;KL173_12_DB_group_98_wckE_2,100.00%,6.13%,truncated;KL173_12_DB_group_98_wckE_2,95.83%,5.66%,partial;KL173_12_DB_group_98_wckE_2,100.00%,4.25%,partial;KL173_12_DB_group_98_wckE_2,100.00%,4.25%,partial;KL173_12_DB_group_98_wckE_2,100.00%,4.25%,partial	KL157_08_DB_group_38,100.00%,66.67%,partial;KL186_09_DB_group_269,100.00%,24.39%,truncated;KL147_13_rmlB,100.00%,7.11%,truncated;KL147_13_rmlB,96.30%,7.11%,partial;KL173_12_DB_group_98_wckE_2,100.00%,6.13%,truncated;KL173_12_DB_group_98_wckE_2,100.00%,6.13%,truncated;KL173_12_DB_group_98_wckE_2,95.83%,5.66%,partial;KL173_12_DB_group_98_wckE_2,100.00%,4.25%,partial;KL173_12_DB_group_98_wckE_2,100.00%,4.25%,partial;KL173_12_DB_group_98_wckE_2,100.00%,4.25%,partial		ST10
3.3.2	Escherichia_coli_Group_2_and_3_K	4.0.0	GCA_025536675.1	ST10	KL152		Untypeable	-*	0.00%	3.90%	-24524	1 / 19 (5.26%)	KL152_14_rmlB_2,76.33%,91.44%,below_id_threshold	KL152_01_kpsD_5;KL152_02_kpsM_8;KL152_03_kpsT_7;KL152_04_kpsE_2;KL152_05_DB_group_206;KL152_06_DB_group_207;KL152_07_DB_group_214;KL152_08_DB_group_188;KL152_09_ugd_2;KL152_10_DB_group_194;KL152_11_K96-09;KL152_12_wckE;KL152_13_DB_group_184;KL152_15_rmlD_2;KL152_16_rmlA_2;KL152_17_rmlC_2;KL152_18_kpsC_5;KL152_19_kpsS_5	0		0 / 19 (0.00%)		2	KL128_09_DB_group_51,100.00%,3.64%,truncated;KL147_13_rmlB,100.00%,7.11%,truncated;KL147_13_rmlB,100.00%,7.11%,truncated;KL147_13_rmlB,100.00%,7.11%,truncated;KL147_13_rmlB,100.00%,7.11%,truncated;KL147_13_rmlB,100.00%,7.11%,truncated;KL147_13_rmlB,100.00%,7.11%,truncated	KL128_09_DB_group_51,100.00%,3.64%,truncated;KL147_13_rmlB,100.00%,7.11%,truncated;KL147_13_rmlB,100.00%,7.11%,truncated;KL147_13_rmlB,100.00%,7.11%,truncated;KL147_13_rmlB,100.00%,7.11%,truncated;KL147_13_rmlB,100.00%,7.11%,truncated;KL147_13_rmlB,100.00%,7.11%,truncated		ST10
3.3.2	Escherichia_coli_Group_2_and_3_K	4.0.0	GCA_025544715.1	ST10	KL145		Untypeable	-	96.15%	0.48%	-16691	1 / 13 (7.69%)	KL145_11_DB_group_98,96.15%,92.86%	KL145_01_kpsF;KL145_02_kpsE;KL145_03_kpsD;KL145_04_kpsU;KL145_05_kpsC;KL145_06_kpsS;KL145_07_DB_group_91;KL145_08_ugd;KL145_09_wcaK;KL145_10_kfoC;KL145_12_kpsT;KL145_13_kpsM	0		0 / 13 (0.00%)		2	KL147_13_rmlB,100.00%,7.11%,truncated;KL147_13_rmlB,100.00%,4.74%,partial;KL147_13_rmlB,100.00%,4.74%,partial;KL147_13_rmlB,100.00%,4.47%,partial;KL147_13_rmlB,100.00%,4.74%,partial;KL147_13_rmlB,100.00%,4.74%,partial;KL173_12_DB_group_98_wckE_2,100.00%,6.13%,partial	KL147_13_rmlB,100.00%,7.11%,truncated;KL147_13_rmlB,100.00%,4.74%,partial;KL147_13_rmlB,100.00%,4.74%,partial;KL147_13_rmlB,100.00%,4.47%,partial;KL147_13_rmlB,100.00%,4.74%,partial;KL147_13_rmlB,100.00%,4.74%,partial;KL173_12_DB_group_98_wckE_2,100.00%,6.13%,partial		ST10
3.3.2	Escherichia_coli_Group_2_and_3_K	4.0.0	GCA_025544835.1	ST10	KL152		Untypeable	-*	0.00%	3.90%	-24524	1 / 19 (5.26%)	KL152_14_rmlB_2,76.33%,91.44%,below_id_threshold	KL152_01_kpsD_5;KL152_02_kpsM_8;KL152_03_kpsT_7;KL152_04_kpsE_2;KL152_05_DB_group_206;KL152_06_DB_group_207;KL152_07_DB_group_214;KL152_08_DB_group_188;KL152_09_ugd_2;KL152_10_DB_group_194;KL152_11_K96-09;KL152_12_wckE;KL152_13_DB_group_184;KL152_15_rmlD_2;KL152_16_rmlA_2;KL152_17_rmlC_2;KL152_18_kpsC_5;KL152_19_kpsS_5	0		0 / 19 (0.00%)		2	KL147_13_rmlB,100.00%,7.11%,truncated;KL147_13_rmlB,100.00%,4.74%,partial;KL147_13_rmlB,100.00%,4.74%,partial;KL147_13_rmlB,100.00%,4.74%,partial;KL147_13_rmlB,100.00%,4.74%,partial;KL147_13_rmlB,100.00%,4.47%,partial;KL173_12_DB_group_98_wckE_2,100.00%,6.13%,truncated	KL147_13_rmlB,100.00%,7.11%,truncated;KL147_13_rmlB,100.00%,4.74%,partial;KL147_13_rmlB,100.00%,4.74%,partial;KL147_13_rmlB,100.00%,4.74%,partial;KL147_13_rmlB,100.00%,4.74%,partial;KL147_13_rmlB,100.00%,4.47%,partial;KL173_12_DB_group_98_wckE_2,100.00%,6.13%,truncated		ST10
3.3.2	Escherichia_coli_Group_2_and_3_K	4.0.0	GCA_030024825.1	ST10	KL145		Untypeable	-	98.72%	0.49%	-16690	1 / 14 (7.14%)	KL145_11_DB_group_98,96.15%,92.86%	KL145_01_kpsF;KL145_02_kpsE;KL145_03_kpsD;KL145_04_kpsU;KL145_05_kpsC;KL145_06_kpsS;KL145_07_DB_group_91;KL145_08_ugd;KL145_09_wcaK;KL145_10_kfoC;KL145_12_kpsT;KL145_13_kpsM	0		1 / 14 (7.14%)	KL145_11_DB_group_98,100.00%,92.86%;KL145_11_DB_group_98,100.00%,92.86%	0				ST10
3.3.2	Escherichia_coli_Group_2_and_3_K	4.0.0	GCA_037047155.1	ST10	KL145		Untypeable	-	92.31%	0.49%	-16689	1 / 14 (7.14%)	KL145_11_DB_group_98,92.31%,92.86%	KL145_01_kpsF;KL145_02_kpsE;KL145_03_kpsD;KL145_04_kpsU;KL145_05_kpsC;KL145_06_kpsS;KL145_07_DB_group_91;KL145_08_ugd;KL145_09_wcaK;KL145_10_kfoC;KL145_12_kpsT;KL145_13_kpsM	0		1 / 14 (7.14%)	KL145_11_DB_group_98,100.00%,89.29%,partial	2	KL186_09_DB_group_269,96.67%,24.39%,partial;KL147_13_rmlB,100.00%,7.11%,truncated	KL145_11_DB_group_98,100.00%,89.29%,partial;KL186_09_DB_group_269,96.67%,24.39%,partial;KL147_13_rmlB,100.00%,7.11%,truncated		ST10
3.3.2	Escherichia_coli_Group_2_and_3_K	4.0.0	GCA_037047365.1	ST10	KL1	K1	Typeable		99.44%	100.00%	0	14 / 14 (100.00%)	KL1_01_kpsF,99.39%,99.70%;KL1_02_kpsE,99.74%,99.74%;KL1_03_kpsD,99.82%,99.82%;KL1_04_kpsU,98.37%,99.60%;KL1_05_kpsC,98.07%,99.85%;KL1_06_kpsS,99.25%,99.75%;KL1_07_neuS,100.00%,99.76%;KL1_08_neuE,99.48%,99.74%;KL1_09_neuC,99.74%,99.74%;KL1_10_neuA,100.00%,99.76%;KL1_11_neuB,99.71%,99.71%;KL1_12_neuD,100.00%,99.52%;KL1_13_kpsT,100.00%,99.55%;KL1_14_kpsM,98.06%,99.61%		0		0 / 14 (0.00%)		3	KL157_08_DB_group_38,100.00%,92.59%;KL186_09_DB_group_269,93.33%,24.39%,truncated;KL173_12_DB_group_98_wckE_2,100.00%,5.90%,partial;KL173_12_DB_group_98_wckE_2,96.15%,6.13%,truncated	KL186_09_DB_group_269,93.33%,24.39%,truncated;KL173_12_DB_group_98_wckE_2,100.00%,5.90%,partial;KL173_12_DB_group_98_wckE_2,96.15%,6.13%,truncated		ST10
3.3.2	Escherichia_coli_Group_2_and_3_K	4.0.0	GCA_037048165.1	ST10	KL145		Untypeable	-	97.44%	0.49%	-16690	1 / 14 (7.14%)	KL145_11_DB_group_98,96.15%,92.86%	KL145_01_kpsF;KL145_02_kpsE;KL145_03_kpsD;KL145_04_kpsU;KL145_05_kpsC;KL145_06_kpsS;KL145_07_DB_group_91;KL145_08_ugd;KL145_09_wcaK;KL145_10_kfoC;KL145_12_kpsT;KL145_13_kpsM	0		1 / 14 (7.14%)	KL145_11_DB_group_98,96.15%,92.86%;KL145_11_DB_group_98,100.00%,92.86%	1	KL147_13_rmlB,100.00%,3.16%,partial;KL147_13_rmlB,100.00%,3.16%,truncated	KL147_13_rmlB,100.00%,3.16%,partial;KL147_13_rmlB,100.00%,3.16%,truncated		ST10
3.3.2	Escherichia_coli_Group_2_and_3_K	4.0.0	GCA_037048805.1	ST10	KL1	K1	Typeable		99.56%	100.00%	0	14 / 14 (100.00%)	KL1_01_kpsF,99.39%,99.70%;KL1_02_kpsE,99.74%,99.74%;KL1_03_kpsD,99.82%,99.82%;KL1_04_kpsU,98.37%,99.60%;KL1_05_kpsC,98.07%,99.85%;KL1_06_kpsS,99.25%,99.75%;KL1_07_neuS,100.00%,99.76%;KL1_08_neuE,99.48%,99.74%;KL1_09_neuC,100.00%,99.74%;KL1_10_neuA,100.00%,99.76%;KL1_11_neuB,99.71%,99.71%;KL1_12_neuD,100.00%,99.52%;KL1_13_kpsT,100.00%,99.55%;KL1_14_kpsM,100.00%,99.61%		0		0 / 14 (0.00%)		3	KL128_09_DB_group_51,100.00%,3.64%,truncated;KL162_11_rmlB_2,87.07%,72.65%,truncated;KL173_12_DB_group_98_wckE_2,100.00%,6.13%,partial	KL128_09_DB_group_51,100.00%,3.64%,truncated;KL162_11_rmlB_2,87.07%,72.65%,truncated;KL173_12_DB_group_98_wckE_2,100.00%,6.13%,partial		ST10
3.3.2	Escherichia_coli_Group_2_and_3_K	4.0.0	GCA_037048925.1	ST10	KL163		Untypeable	-*!	96.15%	15.71%	-19836	2 / 18 (11.11%)	KL163_09_ugd_2,76.84%,97.94%,below_id_threshold;KL163_15_rmlA_2,74.12%,87.63%,truncated	KL163_01_kpsD_5;KL163_02_kpsM_8;KL163_03_kpsT_7;KL163_04_kpsE_2;KL163_05_DB_group_179;KL163_06_DB_group_216;KL163_07_DB_group_212;KL163_08_DB_group_209;KL163_10_K96-09;KL163_11_wckE;KL163_12_DB_group_184;KL163_13_rmlB_2;KL163_14_rmlD_2;KL163_16_rmlC_2;KL163_17_kpsC_5;KL163_18_kpsS_5	0		0 / 18 (0.00%)		4	KL128_09_DB_group_51,96.15%,3.64%,truncated;KL145_11_DB_group_98,96.15%,92.86%;KL147_13_rmlB,96.30%,7.11%,truncated;KL173_12_DB_group_98_wckE_2,100.00%,3.30%,partial	KL128_09_DB_group_51,96.15%,3.64%,truncated;KL147_13_rmlB,96.30%,7.11%,truncated;KL163_15_rmlA_2,74.12%,87.63%,truncated;KL173_12_DB_group_98_wckE_2,100.00%,3.30%,partial		ST10
3.3.2	Escherichia_coli_Group_2_and_3_K	4.0.0	GCA_037049005.1	ST10	KL163		Untypeable	-*!	0.00%	15.71%	-19836	2 / 18 (11.11%)	KL163_09_ugd_2,76.84%,97.94%,below_id_threshold;KL163_15_rmlA_2,74.12%,87.63%,truncated	KL163_01_kpsD_5;KL163_02_kpsM_8;KL163_03_kpsT_7;KL163_04_kpsE_2;KL163_05_DB_group_179;KL163_06_DB_group_216;KL163_07_DB_group_212;KL163_08_DB_group_209;KL163_10_K96-09;KL163_11_wckE;KL163_12_DB_group_184;KL163_13_rmlB_2;KL163_14_rmlD_2;KL163_16_rmlC_2;KL163_17_kpsC_5;KL163_18_kpsS_5	0		0 / 18 (0.00%)		3	KL128_09_DB_group_51,96.15%,3.64%,truncated;KL128_09_DB_group_51,100.00%,2.80%,partial;KL147_13_rmlB,96.30%,7.11%,truncated;KL147_13_rmlB,100.00%,3.16%,partial;KL173_12_DB_group_98_wckE_2,100.00%,4.72%,partial	KL128_09_DB_group_51,96.15%,3.64%,truncated;KL128_09_DB_group_51,100.00%,2.80%,partial;KL147_13_rmlB,96.30%,7.11%,truncated;KL147_13_rmlB,100.00%,3.16%,partial;KL163_15_rmlA_2,74.12%,87.63%,truncated;KL173_12_DB_group_98_wckE_2,100.00%,4.72%,partial		ST10
3.3.2	Escherichia_coli_Group_2_and_3_K	4.0.0	GCA_040712345.1	ST10	KL162		Untypeable	-!	0.00%	4.15%	-21702	1 / 16 (6.25%)	KL162_07_ugd_2,78.53%,80.21%,truncated	KL162_01_kpsD_5;KL162_02_kpsM_8;KL162_03_kpsT_7;KL162_04_kpsE_2;KL162_05_DB_group_212;KL162_06_DB_group_195;KL162_08_K96-09;KL162_09_wckE;KL162_10_DB_group_184;KL162_11_rmlB_2;KL162_12_rmlD_2;KL162_13_rmlA_2;KL162_14_rmlC_2;KL162_15_kpsC_5;KL162_16_kpsS_5	0		0 / 16 (0.00%)		2	KL128_09_DB_group_51,100.00%,3.64%,truncated;KL128_09_DB_group_51,100.00%,3.64%,truncated;KL147_13_rmlB,100.00%,7.11%,truncated;KL147_13_rmlB,100.00%,7.11%,partial;KL147_13_rmlB,100.00%,7.11%,truncated;KL147_13_rmlB,100.00%,7.11%,truncated;KL147_13_rmlB,96.30%,7.11%,truncated;KL147_13_rmlB,100.00%,3.16%,truncated	KL128_09_DB_group_51,100.00%,3.64%,truncated;KL128_09_DB_group_51,100.00%,3.64%,truncated;KL147_13_rmlB,100.00%,7.11%,truncated;KL147_13_rmlB,100.00%,7.11%,partial;KL147_13_rmlB,100.00%,7.11%,truncated;KL147_13_rmlB,100.00%,7.11%,truncated;KL147_13_rmlB,96.30%,7.11%,truncated;KL147_13_rmlB,100.00%,3.16%,truncated;KL162_07_ugd_2,78.53%,80.21%,truncated		ST10
3.3.2	Escherichia_coli_Group_2_and_3_K	4.0.0	GCA_040712355.1	ST10	KL162		Untypeable	-!	0.00%	4.15%	-21702	1 / 16 (6.25%)	KL162_07_ugd_2,78.53%,80.21%,truncated	KL162_01_kpsD_5;KL162_02_kpsM_8;KL162_03_kpsT_7;KL162_04_kpsE_2;KL162_05_DB_group_212;KL162_06_DB_group_195;KL162_08_K96-09;KL162_09_wckE;KL162_10_DB_group_184;KL162_11_rmlB_2;KL162_12_rmlD_2;KL162_13_rmlA_2;KL162_14_rmlC_2;KL162_15_kpsC_5;KL162_16_kpsS_5	0		0 / 16 (0.00%)		2	KL128_09_DB_group_51,100.00%,3.64%,truncated;KL147_13_rmlB,100.00%,7.11%,truncated;KL147_13_rmlB,96.30%,7.11%,truncated;KL147_13_rmlB,100.00%,3.16%,truncated;KL147_13_rmlB,100.00%,3.16%,truncated;KL147_13_rmlB,100.00%,3.16%,truncated;KL147_13_rmlB,100.00%,3.16%,truncated	KL128_09_DB_group_51,100.00%,3.64%,truncated;KL147_13_rmlB,100.00%,7.11%,truncated;KL147_13_rmlB,96.30%,7.11%,truncated;KL147_13_rmlB,100.00%,3.16%,truncated;KL147_13_rmlB,100.00%,3.16%,truncated;KL147_13_rmlB,100.00%,3.16%,truncated;KL147_13_rmlB,100.00%,3.16%,truncated;KL162_07_ugd_2,78.53%,80.21%,truncated		ST10
3.3.2	Escherichia_coli_Group_2_and_3_K	4.0.0	GCA_040712435.1	ST10	KL162		Untypeable	-!	0.00%	4.15%	-21702	1 / 16 (6.25%)	KL162_07_ugd_2,78.53%,80.21%,truncated	KL162_01_kpsD_5;KL162_02_kpsM_8;KL162_03_kpsT_7;KL162_04_kpsE_2;KL162_05_DB_group_212;KL162_06_DB_group_195;KL162_08_K96-09;KL162_09_wckE;KL162_10_DB_group_184;KL162_11_rmlB_2;KL162_12_rmlD_2;KL162_13_rmlA_2;KL162_14_rmlC_2;KL162_15_kpsC_5;KL162_16_kpsS_5	0		0 / 16 (0.00%)		2	KL128_09_DB_group_51,100.00%,3.64%,truncated;KL147_13_rmlB,96.55%,7.63%,truncated;KL147_13_rmlB,96.30%,7.11%,truncated;KL147_13_rmlB,100.00%,3.16%,truncated;KL147_13_rmlB,100.00%,3.16%,truncated;KL147_13_rmlB,100.00%,3.16%,truncated;KL147_13_rmlB,100.00%,3.16%,truncated	KL128_09_DB_group_51,100.00%,3.64%,truncated;KL147_13_rmlB,96.55%,7.63%,truncated;KL147_13_rmlB,96.30%,7.11%,truncated;KL147_13_rmlB,100.00%,3.16%,truncated;KL147_13_rmlB,100.00%,3.16%,truncated;KL147_13_rmlB,100.00%,3.16%,truncated;KL147_13_rmlB,100.00%,3.16%,truncated;KL162_07_ugd_2,78.53%,80.21%,truncated		ST10
3.3.2	Escherichia_coli_Group_2_and_3_K	4.0.0	GCA_040712465.1	ST10	KL162		Untypeable	-!	0.00%	4.15%	-21702	1 / 16 (6.25%)	KL162_07_ugd_2,78.53%,80.21%,truncated	KL162_01_kpsD_5;KL162_02_kpsM_8;KL162_03_kpsT_7;KL162_04_kpsE_2;KL162_05_DB_group_212;KL162_06_DB_group_195;KL162_08_K96-09;KL162_09_wckE;KL162_10_DB_group_184;KL162_11_rmlB_2;KL162_12_rmlD_2;KL162_13_rmlA_2;KL162_14_rmlC_2;KL162_15_kpsC_5;KL162_16_kpsS_5	0		0 / 16 (0.00%)		2	KL128_09_DB_group_51,100.00%,3.64%,truncated;KL147_13_rmlB,96.30%,7.11%,truncated;KL147_13_rmlB,100.00%,3.16%,truncated;KL147_13_rmlB,100.00%,3.16%,truncated;KL147_13_rmlB,100.00%,3.16%,truncated;KL147_13_rmlB,100.00%,3.16%,truncated;KL147_13_rmlB,88.89%,7.11%,truncated	KL128_09_DB_group_51,100.00%,3.64%,truncated;KL147_13_rmlB,96.30%,7.11%,truncated;KL147_13_rmlB,100.00%,3.16%,truncated;KL147_13_rmlB,100.00%,3.16%,truncated;KL147_13_rmlB,100.00%,3.16%,truncated;KL147_13_rmlB,100.00%,3.16%,truncated;KL147_13_rmlB,88.89%,7.11%,truncated;KL162_07_ugd_2,78.53%,80.21%,truncated		ST10
3.3.2	Escherichia_coli_Group_2_and_3_K	4.0.0	GCA_040712505.1	ST10	KL162		Untypeable	-!	0.00%	4.15%	-21702	1 / 16 (6.25%)	KL162_07_ugd_2,78.53%,80.21%,truncated	KL162_01_kpsD_5;KL162_02_kpsM_8;KL162_03_kpsT_7;KL162_04_kpsE_2;KL162_05_DB_group_212;KL162_06_DB_group_195;KL162_08_K96-09;KL162_09_wckE;KL162_10_DB_group_184;KL162_11_rmlB_2;KL162_12_rmlD_2;KL162_13_rmlA_2;KL162_14_rmlC_2;KL162_15_kpsC_5;KL162_16_kpsS_5	0		0 / 16 (0.00%)		3	KL128_09_DB_group_51,100.00%,3.64%,truncated;KL128_09_DB_group_51,100.00%,3.64%,truncated;KL186_09_DB_group_269,100.00%,24.39%,truncated;KL147_13_rmlB,100.00%,7.11%,truncated;KL147_13_rmlB,100.00%,7.11%,truncated;KL147_13_rmlB,100.00%,7.11%,partial;KL147_13_rmlB,100.00%,7.11%,truncated;KL147_13_rmlB,96.30%,7.11%,truncated;KL147_13_rmlB,100.00%,3.16%,truncated	KL128_09_DB_group_51,100.00%,3.64%,truncated;KL128_09_DB_group_51,100.00%,3.64%,truncated;KL186_09_DB_group_269,100.00%,24.39%,truncated;KL147_13_rmlB,100.00%,7.11%,truncated;KL147_13_rmlB,100.00%,7.11%,truncated;KL147_13_rmlB,100.00%,7.11%,partial;KL147_13_rmlB,100.00%,7.11%,truncated;KL147_13_rmlB,96.30%,7.11%,truncated;KL147_13_rmlB,100.00%,3.16%,truncated;KL162_07_ugd_2,78.53%,80.21%,truncated		ST10
3.3.2	Escherichia_coli_Group_2_and_3_K	4.0.0	GCA_040713295.1	ST10	KL145		Untypeable	-	98.46%	0.48%	-16691	1 / 14 (7.14%)	KL145_11_DB_group_98,96.15%,92.86%	KL145_01_kpsF;KL145_02_kpsE;KL145_03_kpsD;KL145_04_kpsU;KL145_05_kpsC;KL145_06_kpsS;KL145_07_DB_group_91;KL145_08_ugd;KL145_09_wcaK;KL145_10_kfoC;KL145_12_kpsT;KL145_13_kpsM	0		1 / 14 (7.14%)	KL145_11_DB_group_98,100.00%,92.86%;KL145_11_DB_group_98,100.00%,92.86%;KL145_11_DB_group_98,100.00%,92.86%;KL145_11_DB_group_98,96.15%,92.86%;KL145_11_DB_group_98,100.00%,71.43%,truncated	2	KL186_09_DB_group_269,100.00%,24.39%,truncated;KL147_13_rmlB,100.00%,7.11%,truncated;KL147_13_rmlB,96.30%,7.11%,truncated;KL147_13_rmlB,96.30%,7.11%,truncated;KL147_13_rmlB,96.30%,7.11%,truncated;KL147_13_rmlB,96.30%,7.11%,truncated;KL147_13_rmlB,96.30%,7.11%,truncated	KL145_11_DB_group_98,100.00%,71.43%,truncated;KL186_09_DB_group_269,100.00%,24.39%,truncated;KL147_13_rmlB,100.00%,7.11%,truncated;KL147_13_rmlB,96.30%,7.11%,truncated;KL147_13_rmlB,96.30%,7.11%,truncated;KL147_13_rmlB,96.30%,7.11%,truncated;KL147_13_rmlB,96.30%,7.11%,truncated;KL147_13_rmlB,96.30%,7.11%,truncated		ST10
3.3.2	Escherichia_coli_Group_2_and_3_K	4.0.0	GCA_040713755.1	ST10	KL152		Untypeable	-*	0.00%	3.90%	-24524	1 / 19 (5.26%)	KL152_14_rmlB_2,76.63%,91.44%,below_id_threshold	KL152_01_kpsD_5;KL152_02_kpsM_8;KL152_03_kpsT_7;KL152_04_kpsE_2;KL152_05_DB_group_206;KL152_06_DB_group_207;KL152_07_DB_group_214;KL152_08_DB_group_188;KL152_09_ugd_2;KL152_10_DB_group_194;KL152_11_K96-09;KL152_12_wckE;KL152_13_DB_group_184;KL152_15_rmlD_2;KL152_16_rmlA_2;KL152_17_rmlC_2;KL152_18_kpsC_5;KL152_19_kpsS_5	0		0 / 19 (0.00%)		0				ST10
3.3.2	Escherichia_coli_Group_2_and_3_K	4.0.0	GCA_040713795.1	ST10	KL157		Untypeable	-	100.00%	0.42%	-19127	1 / 13 (7.69%)	KL157_08_DB_group_38,100.00%,96.30%	KL157_01_kpsF;KL157_02_kpsE;KL157_03_kpsD;KL157_04_kpsU;KL157_05_kpsC;KL157_06_kpsS;KL157_07_DB_group_44;KL157_09_DB_group_75;KL157_10_kpsT;KL157_11_DB_group_2;KL157_12_DB_group_101;KL157_13_kpsM	0		0 / 13 (0.00%)		3	KL128_09_DB_group_51,100.00%,3.64%,truncated;KL128_09_DB_group_51,96.15%,3.64%,truncated;KL128_09_DB_group_51,100.00%,3.36%,partial;KL186_09_DB_group_269,100.00%,24.39%,truncated;KL186_09_DB_group_269,100.00%,24.39%,truncated;KL147_13_rmlB,100.00%,7.11%,truncated;KL147_13_rmlB,100.00%,7.11%,truncated;KL147_13_rmlB,100.00%,7.11%,truncated;KL147_13_rmlB,100.00%,7.11%,truncated;KL147_13_rmlB,100.00%,7.11%,truncated;KL147_13_rmlB,100.00%,7.11%,truncated	KL128_09_DB_group_51,100.00%,3.64%,truncated;KL128_09_DB_group_51,96.15%,3.64%,truncated;KL128_09_DB_group_51,100.00%,3.36%,partial;KL186_09_DB_group_269,100.00%,24.39%,truncated;KL186_09_DB_group_269,100.00%,24.39%,truncated;KL147_13_rmlB,100.00%,7.11%,truncated;KL147_13_rmlB,100.00%,7.11%,truncated;KL147_13_rmlB,100.00%,7.11%,truncated;KL147_13_rmlB,100.00%,7.11%,truncated;KL147_13_rmlB,100.00%,7.11%,truncated;KL147_13_rmlB,100.00%,7.11%,truncated		ST10
3.3.2	Escherichia_coli_Group_2_and_3_K	4.0.0	GCA_040713875.1	ST10	KL157		Untypeable	-	100.00%	0.42%	-19127	1 / 13 (7.69%)	KL157_08_DB_group_38,100.00%,96.30%	KL157_01_kpsF;KL157_02_kpsE;KL157_03_kpsD;KL157_04_kpsU;KL157_05_kpsC;KL157_06_kpsS;KL157_07_DB_group_44;KL157_09_DB_group_75;KL157_10_kpsT;KL157_11_DB_group_2;KL157_12_DB_group_101;KL157_13_kpsM	0		0 / 13 (0.00%)		1	KL128_09_DB_group_51,100.00%,3.64%,truncated	KL128_09_DB_group_51,100.00%,3.64%,truncated		ST10
3.3.2	Escherichia_coli_Group_2_and_3_K	4.0.0	GCA_049379845.1	ST10	KL176		Typeable		98.28%	100.00%	0	10 / 10 (100.00%)	KL176_01_kpsF,100.00%,99.70%;KL176_02_kpsE,99.73%,99.73%;KL176_03_kpsD,98.92%,99.82%;KL176_04_kpsU,97.56%,99.60%;KL176_05_kpsC,93.19%,99.85%;KL176_06_kpsS,97.99%,99.75%;KL176_07_kpsM,100.00%,99.61%;KL176_08_kpsT,97.31%,99.55%;KL176_09_DB_group_108,100.00%,99.68%;KL176_10_DB_group_102,98.14%,99.81%		0		0 / 10 (0.00%)		1	KL147_13_rmlB,100.00%,3.16%,truncated	KL147_13_rmlB,100.00%,3.16%,truncated		ST10
3.3.2	Escherichia_coli_Group_2_and_3_K	4.0.0	GCA_049379945.1	ST10	KL176		Typeable		98.28%	100.00%	0	10 / 10 (100.00%)	KL176_01_kpsF,100.00%,99.70%;KL176_02_kpsE,99.73%,99.73%;KL176_03_kpsD,98.92%,99.82%;KL176_04_kpsU,97.56%,99.60%;KL176_05_kpsC,93.19%,99.85%;KL176_06_kpsS,97.99%,99.75%;KL176_07_kpsM,100.00%,99.61%;KL176_08_kpsT,97.31%,99.55%;KL176_09_DB_group_108,100.00%,99.68%;KL176_10_DB_group_102,98.14%,99.81%		0		0 / 10 (0.00%)		1	KL147_13_rmlB,100.00%,3.16%,truncated	KL147_13_rmlB,100.00%,3.16%,truncated		ST10
3.3.2	Escherichia_coli_Group_2_and_3_K	4.0.0	GCA_049380025.1	ST10	KL176		Typeable		98.28%	100.00%	0	10 / 10 (100.00%)	KL176_01_kpsF,100.00%,99.70%;KL176_02_kpsE,99.73%,99.73%;KL176_03_kpsD,98.92%,99.82%;KL176_04_kpsU,97.56%,99.60%;KL176_05_kpsC,93.19%,99.85%;KL176_06_kpsS,97.99%,99.75%;KL176_07_kpsM,100.00%,99.61%;KL176_08_kpsT,97.31%,99.55%;KL176_09_DB_group_108,100.00%,99.68%;KL176_10_DB_group_102,98.14%,99.81%		0		0 / 10 (0.00%)		1	KL147_13_rmlB,100.00%,3.16%,truncated	KL147_13_rmlB,100.00%,3.16%,truncated		ST10
3.3.2	Escherichia_coli_Group_2_and_3_K	4.0.0	GCA_050955345.1	ST10	KL162		Untypeable	-!	0.00%	4.15%	-21702	1 / 16 (6.25%)	KL162_07_ugd_2,78.53%,80.21%,truncated	KL162_01_kpsD_5;KL162_02_kpsM_8;KL162_03_kpsT_7;KL162_04_kpsE_2;KL162_05_DB_group_212;KL162_06_DB_group_195;KL162_08_K96-09;KL162_09_wckE;KL162_10_DB_group_184;KL162_11_rmlB_2;KL162_12_rmlD_2;KL162_13_rmlA_2;KL162_14_rmlC_2;KL162_15_kpsC_5;KL162_16_kpsS_5	0		0 / 16 (0.00%)		2	KL128_09_DB_group_51,100.00%,3.64%,truncated;KL147_13_rmlB,100.00%,7.11%,truncated;KL147_13_rmlB,100.00%,7.11%,truncated;KL147_13_rmlB,100.00%,3.16%,truncated;KL147_13_rmlB,100.00%,3.16%,truncated;KL147_13_rmlB,100.00%,3.16%,truncated;KL147_13_rmlB,100.00%,3.16%,truncated	KL128_09_DB_group_51,100.00%,3.64%,truncated;KL147_13_rmlB,100.00%,7.11%,truncated;KL147_13_rmlB,100.00%,7.11%,truncated;KL147_13_rmlB,100.00%,3.16%,truncated;KL147_13_rmlB,100.00%,3.16%,truncated;KL147_13_rmlB,100.00%,3.16%,truncated;KL147_13_rmlB,100.00%,3.16%,truncated;KL162_07_ugd_2,78.53%,80.21%,truncated		ST10
3.3.2	Escherichia_coli_Group_2_and_3_K	4.0.0	GCA_053164725.1	ST10	KL152		Untypeable	-*	0.00%	3.88%	-24528	1 / 19 (5.26%)	KL152_14_rmlB_2,76.63%,91.16%,below_id_threshold	KL152_01_kpsD_5;KL152_02_kpsM_8;KL152_03_kpsT_7;KL152_04_kpsE_2;KL152_05_DB_group_206;KL152_06_DB_group_207;KL152_07_DB_group_214;KL152_08_DB_group_188;KL152_09_ugd_2;KL152_10_DB_group_194;KL152_11_K96-09;KL152_12_wckE;KL152_13_DB_group_184;KL152_15_rmlD_2;KL152_16_rmlA_2;KL152_17_rmlC_2;KL152_18_kpsC_5;KL152_19_kpsS_5	0		0 / 19 (0.00%)		2	KL128_09_DB_group_51,100.00%,3.64%,truncated;KL147_13_rmlB,96.30%,7.11%,truncated	KL128_09_DB_group_51,100.00%,3.64%,truncated;KL147_13_rmlB,96.30%,7.11%,truncated		ST10
3.3.2	Escherichia_coli_Group_2_and_3_K	4.0.0	GCA_907163995.1	ST10	KL145		Untypeable	-	99.23%	0.48%	-16691	1 / 14 (7.14%)	KL145_11_DB_group_98,100.00%,92.86%	KL145_01_kpsF;KL145_02_kpsE;KL145_03_kpsD;KL145_04_kpsU;KL145_05_kpsC;KL145_06_kpsS;KL145_07_DB_group_91;KL145_08_ugd;KL145_09_wcaK;KL145_10_kfoC;KL145_12_kpsT;KL145_13_kpsM	0		1 / 14 (7.14%)	KL145_11_DB_group_98,100.00%,92.86%;KL145_11_DB_group_98,100.00%,92.86%;KL145_11_DB_group_98,100.00%,92.86%;KL145_11_DB_group_98,100.00%,92.86%,partial;KL145_11_DB_group_98,96.15%,92.86%	2	KL186_09_DB_group_269,100.00%,24.39%,truncated;KL186_09_DB_group_269,100.00%,24.39%,truncated;KL173_12_DB_group_98_wckE_2,100.00%,6.13%,truncated	KL145_11_DB_group_98,100.00%,92.86%,partial;KL186_09_DB_group_269,100.00%,24.39%,truncated;KL186_09_DB_group_269,100.00%,24.39%,truncated;KL173_12_DB_group_98_wckE_2,100.00%,6.13%,truncated		ST10
3.3.2	Escherichia_coli_Group_2_and_3_K	4.0.0	GCA_964006435.1	ST10	KL1	K1	Typeable		99.44%	100.00%	0	14 / 14 (100.00%)	KL1_01_kpsF,99.39%,99.70%;KL1_02_kpsE,99.74%,99.74%;KL1_03_kpsD,99.82%,99.82%;KL1_04_kpsU,98.37%,99.60%;KL1_05_kpsC,98.07%,99.85%;KL1_06_kpsS,99.25%,99.75%;KL1_07_neuS,100.00%,99.76%;KL1_08_neuE,99.48%,99.74%;KL1_09_neuC,99.74%,99.74%;KL1_10_neuA,100.00%,99.76%;KL1_11_neuB,99.71%,99.71%;KL1_12_neuD,100.00%,99.52%;KL1_13_kpsT,100.00%,99.55%;KL1_14_kpsM,98.06%,99.61%		0		0 / 14 (0.00%)		4	KL157_08_DB_group_38,100.00%,92.59%;KL186_09_DB_group_269,93.33%,24.39%,truncated;KL147_13_rmlB,100.00%,3.16%,truncated;KL147_13_rmlB,100.00%,5.79%,partial;KL173_12_DB_group_98_wckE_2,96.15%,6.13%,truncated	KL186_09_DB_group_269,93.33%,24.39%,truncated;KL147_13_rmlB,100.00%,3.16%,truncated;KL147_13_rmlB,100.00%,5.79%,partial;KL173_12_DB_group_98_wckE_2,96.15%,6.13%,truncated		ST10
3.3.2	Escherichia_coli_Group_2_and_3_K	4.0.0	GCA_964006445.1	ST10	KL145		Untypeable	-	96.15%	0.48%	-16691	1 / 13 (7.69%)	KL145_11_DB_group_98,96.15%,92.86%	KL145_01_kpsF;KL145_02_kpsE;KL145_03_kpsD;KL145_04_kpsU;KL145_05_kpsC;KL145_06_kpsS;KL145_07_DB_group_91;KL145_08_ugd;KL145_09_wcaK;KL145_10_kfoC;KL145_12_kpsT;KL145_13_kpsM	0		0 / 13 (0.00%)		3	KL128_09_DB_group_51,100.00%,2.66%,partial;KL186_09_DB_group_269,100.00%,24.39%,truncated;KL147_13_rmlB,88.89%,7.11%,truncated;KL147_13_rmlB,100.00%,3.16%,truncated	KL128_09_DB_group_51,100.00%,2.66%,partial;KL186_09_DB_group_269,100.00%,24.39%,truncated;KL147_13_rmlB,88.89%,7.11%,truncated;KL147_13_rmlB,100.00%,3.16%,truncated		ST10
3.3.2	Escherichia_coli_Group_2_and_3_K	4.0.0	GCA_964006655.1	ST10	KL145		Untypeable	-	96.78%	0.49%	-16690	1 / 14 (7.14%)	KL145_11_DB_group_98,96.15%,92.86%	KL145_01_kpsF;KL145_02_kpsE;KL145_03_kpsD;KL145_04_kpsU;KL145_05_kpsC;KL145_06_kpsS;KL145_07_DB_group_91;KL145_08_ugd;KL145_09_wcaK;KL145_10_kfoC;KL145_12_kpsT;KL145_13_kpsM	0		1 / 14 (7.14%)	KL145_11_DB_group_98,100.00%,92.86%;KL145_11_DB_group_98,96.15%,92.86%;KL145_11_DB_group_98,96.15%,92.86%;KL145_11_DB_group_98,95.45%,92.86%	2	KL186_09_DB_group_269,100.00%,24.39%,truncated;KL147_13_rmlB,88.89%,7.11%,truncated	KL186_09_DB_group_269,100.00%,24.39%,truncated;KL147_13_rmlB,88.89%,7.11%,truncated		ST10
3.3.2	Escherichia_coli_Group_2_and_3_K	4.0.0	GCA_966512345.1	ST10	KL1	K1	Typeable		99.48%	100.00%	0	14 / 14 (100.00%)	KL1_01_kpsF,99.39%,99.70%;KL1_02_kpsE,99.74%,99.74%;KL1_03_kpsD,99.82%,99.82%;KL1_04_kpsU,98.37%,99.60%;KL1_05_kpsC,98.07%,99.85%;KL1_06_kpsS,99.25%,99.75%;KL1_07_neuS,100.00%,99.76%;KL1_08_neuE,99.48%,99.74%;KL1_09_neuC,99.74%,99.74%;KL1_10_neuA,100.00%,99.76%;KL1_11_neuB,99.71%,99.71%;KL1_12_neuD,100.00%,99.52%;KL1_13_kpsT,100.00%,99.55%;KL1_14_kpsM,98.06%,99.61%		0		0 / 14 (0.00%)		5	KL128_09_DB_group_51,100.00%,3.64%,truncated;KL145_11_DB_group_98,100.00%,92.86%;KL157_08_DB_group_38,100.00%,92.59%;KL186_09_DB_group_269,93.33%,24.39%,truncated;KL173_12_DB_group_98_wckE_2,100.00%,6.13%,truncated;KL173_12_DB_group_98_wckE_2,100.00%,6.13%,truncated;KL173_12_DB_group_98_wckE_2,100.00%,6.13%,truncated;KL173_12_DB_group_98_wckE_2,100.00%,6.13%,truncated;KL173_12_DB_group_98_wckE_2,100.00%,6.13%,truncated;KL173_12_DB_group_98_wckE_2,100.00%,6.13%,truncated	KL128_09_DB_group_51,100.00%,3.64%,truncated;KL186_09_DB_group_269,93.33%,24.39%,truncated;KL173_12_DB_group_98_wckE_2,100.00%,6.13%,truncated;KL173_12_DB_group_98_wckE_2,100.00%,6.13%,truncated;KL173_12_DB_group_98_wckE_2,100.00%,6.13%,truncated;KL173_12_DB_group_98_wckE_2,100.00%,6.13%,truncated;KL173_12_DB_group_98_wckE_2,100.00%,6.13%,truncated;KL173_12_DB_group_98_wckE_2,100.00%,6.13%,truncated		ST10
3.3.2	Escherichia_coli_Group_2_and_3_K	4.0.0	GCA_966516095.1	ST10	KL152		Untypeable	-*	0.00%	3.90%	-24524	1 / 19 (5.26%)	KL152_14_rmlB_2,76.33%,91.44%,below_id_threshold	KL152_01_kpsD_5;KL152_02_kpsM_8;KL152_03_kpsT_7;KL152_04_kpsE_2;KL152_05_DB_group_206;KL152_06_DB_group_207;KL152_07_DB_group_214;KL152_08_DB_group_188;KL152_09_ugd_2;KL152_10_DB_group_194;KL152_11_K96-09;KL152_12_wckE;KL152_13_DB_group_184;KL152_15_rmlD_2;KL152_16_rmlA_2;KL152_17_rmlC_2;KL152_18_kpsC_5;KL152_19_kpsS_5	0		0 / 19 (0.00%)		0				ST10
3.3.2	Escherichia_coli_Group_2_and_3_K	4.0.0	GCA_966518725.1	ST10	KL157		Untypeable	-	100.00%	0.40%	-19131	1 / 13 (7.69%)	KL157_08_DB_group_38,100.00%,92.59%	KL157_01_kpsF;KL157_02_kpsE;KL157_03_kpsD;KL157_04_kpsU;KL157_05_kpsC;KL157_06_kpsS;KL157_07_DB_group_44;KL157_09_DB_group_75;KL157_10_kpsT;KL157_11_DB_group_2;KL157_12_DB_group_101;KL157_13_kpsM	0		0 / 13 (0.00%)		2	KL128_09_DB_group_51,100.00%,3.64%,truncated;KL128_09_DB_group_51,100.00%,3.64%,truncated;KL128_09_DB_group_51,100.00%,3.64%,truncated;KL128_09_DB_group_51,100.00%,3.64%,partial;KL128_09_DB_group_51,100.00%,3.64%,truncated;KL128_09_DB_group_51,100.00%,3.64%,truncated;KL173_12_DB_group_98_wckE_2,100.00%,6.13%,truncated;KL173_12_DB_group_98_wckE_2,96.15%,6.13%,truncated;KL173_12_DB_group_98_wckE_2,96.15%,6.13%,truncated;KL173_12_DB_group_98_wckE_2,96.15%,6.13%,truncated;KL173_12_DB_group_98_wckE_2,96.15%,6.13%,truncated;KL173_12_DB_group_98_wckE_2,100.00%,6.13%,truncated	KL128_09_DB_group_51,100.00%,3.64%,truncated;KL128_09_DB_group_51,100.00%,3.64%,truncated;KL128_09_DB_group_51,100.00%,3.64%,truncated;KL128_09_DB_group_51,100.00%,3.64%,partial;KL128_09_DB_group_51,100.00%,3.64%,truncated;KL128_09_DB_group_51,100.00%,3.64%,truncated;KL173_12_DB_group_98_wckE_2,100.00%,6.13%,truncated;KL173_12_DB_group_98_wckE_2,96.15%,6.13%,truncated;KL173_12_DB_group_98_wckE_2,96.15%,6.13%,truncated;KL173_12_DB_group_98_wckE_2,96.15%,6.13%,truncated;KL173_12_DB_group_98_wckE_2,96.15%,6.13%,truncated;KL173_12_DB_group_98_wckE_2,100.00%,6.13%,truncated		ST10
3.3.2	Escherichia_coli_Group_2_and_3_K	4.0.0	GCA_966555485.1	ST10	KL162		Untypeable	-!	0.00%	4.15%	-21702	1 / 16 (6.25%)	KL162_07_ugd_2,78.21%,80.21%,truncated	KL162_01_kpsD_5;KL162_02_kpsM_8;KL162_03_kpsT_7;KL162_04_kpsE_2;KL162_05_DB_group_212;KL162_06_DB_group_195;KL162_08_K96-09;KL162_09_wckE;KL162_10_DB_group_184;KL162_11_rmlB_2;KL162_12_rmlD_2;KL162_13_rmlA_2;KL162_14_rmlC_2;KL162_15_kpsC_5;KL162_16_kpsS_5	0		0 / 16 (0.00%)		1	KL186_09_DB_group_269,100.00%,14.63%,truncated	KL186_09_DB_group_269,100.00%,14.63%,truncated;KL162_07_ugd_2,78.21%,80.21%,truncated		ST10
3.3.2	Escherichia_coli_Group_2_and_3_K	4.0.0	GCA_966556535.1	ST10	KL1	K1	Typeable		99.48%	100.00%	0	14 / 14 (100.00%)	KL1_01_kpsF,99.39%,99.70%;KL1_02_kpsE,99.74%,99.74%;KL1_03_kpsD,99.82%,99.82%;KL1_04_kpsU,98.37%,99.60%;KL1_05_kpsC,98.07%,99.85%;KL1_06_kpsS,99.25%,99.75%;KL1_07_neuS,100.00%,99.76%;KL1_08_neuE,99.48%,99.74%;KL1_09_neuC,99.74%,99.74%;KL1_10_neuA,100.00%,99.76%;KL1_11_neuB,99.71%,99.71%;KL1_12_neuD,100.00%,99.52%;KL1_13_kpsT,100.00%,99.55%;KL1_14_kpsM,98.06%,99.61%		0		0 / 14 (0.00%)		5	KL128_09_DB_group_51,100.00%,3.64%,truncated;KL145_11_DB_group_98,100.00%,92.86%;KL157_08_DB_group_38,100.00%,92.59%;KL186_09_DB_group_269,93.33%,24.39%,truncated;KL173_12_DB_group_98_wckE_2,100.00%,6.13%,truncated;KL173_12_DB_group_98_wckE_2,100.00%,6.13%,truncated;KL173_12_DB_group_98_wckE_2,100.00%,6.13%,truncated;KL173_12_DB_group_98_wckE_2,100.00%,6.13%,truncated;KL173_12_DB_group_98_wckE_2,100.00%,6.13%,truncated;KL173_12_DB_group_98_wckE_2,100.00%,6.13%,truncated	KL128_09_DB_group_51,100.00%,3.64%,truncated;KL186_09_DB_group_269,93.33%,24.39%,truncated;KL173_12_DB_group_98_wckE_2,100.00%,6.13%,truncated;KL173_12_DB_group_98_wckE_2,100.00%,6.13%,truncated;KL173_12_DB_group_98_wckE_2,100.00%,6.13%,truncated;KL173_12_DB_group_98_wckE_2,100.00%,6.13%,truncated;KL173_12_DB_group_98_wckE_2,100.00%,6.13%,truncated;KL173_12_DB_group_98_wckE_2,100.00%,6.13%,truncated		ST10
3.3.2	Escherichia_coli_Group_2_and_3_K	4.0.0	GCA_966562275.1	ST10	KL1	K1	Typeable		99.44%	100.00%	0	14 / 14 (100.00%)	KL1_01_kpsF,99.39%,99.70%;KL1_02_kpsE,99.74%,99.74%;KL1_03_kpsD,99.82%,99.82%;KL1_04_kpsU,98.37%,99.60%;KL1_05_kpsC,98.07%,99.85%;KL1_06_kpsS,99.25%,99.75%;KL1_07_neuS,100.00%,99.76%;KL1_08_neuE,99.48%,99.74%;KL1_09_neuC,99.74%,99.74%;KL1_10_neuA,100.00%,99.76%;KL1_11_neuB,99.71%,99.71%;KL1_12_neuD,100.00%,99.52%;KL1_13_kpsT,100.00%,99.55%;KL1_14_kpsM,98.06%,99.61%		0		0 / 14 (0.00%)		3	KL157_08_DB_group_38,100.00%,92.59%;KL186_09_DB_group_269,93.33%,24.39%,truncated;KL173_12_DB_group_98_wckE_2,100.00%,6.13%,truncated;KL173_12_DB_group_98_wckE_2,100.00%,6.13%,truncated;KL173_12_DB_group_98_wckE_2,96.15%,6.13%,truncated	KL186_09_DB_group_269,93.33%,24.39%,truncated;KL173_12_DB_group_98_wckE_2,100.00%,6.13%,truncated;KL173_12_DB_group_98_wckE_2,100.00%,6.13%,truncated;KL173_12_DB_group_98_wckE_2,96.15%,6.13%,truncated		ST10
3.3.2	Escherichia_coli_Group_2_and_3_K	4.0.0	GCA_966562775.1	ST10	KL145		Untypeable	-	96.70%	0.49%	-16690	1 / 14 (7.14%)	KL145_11_DB_group_98,96.15%,92.86%	KL145_01_kpsF;KL145_02_kpsE;KL145_03_kpsD;KL145_04_kpsU;KL145_05_kpsC;KL145_06_kpsS;KL145_07_DB_group_91;KL145_08_ugd;KL145_09_wcaK;KL145_10_kfoC;KL145_12_kpsT;KL145_13_kpsM	0		1 / 14 (7.14%)	KL145_11_DB_group_98,96.15%,92.86%;KL145_11_DB_group_98,96.15%,92.86%;KL145_11_DB_group_98,96.15%,92.86%;KL145_11_DB_group_98,96.15%,92.86%;KL145_11_DB_group_98,96.15%,92.86%	3	KL128_09_DB_group_51,100.00%,3.64%,truncated;KL157_08_DB_group_38,100.00%,92.59%;KL173_12_DB_group_98_wckE_2,100.00%,6.13%,truncated;KL173_12_DB_group_98_wckE_2,96.15%,6.13%,truncated;KL173_12_DB_group_98_wckE_2,96.15%,6.13%,truncated;KL173_12_DB_group_98_wckE_2,96.15%,6.13%,truncated;KL173_12_DB_group_98_wckE_2,96.15%,6.13%,truncated;KL173_12_DB_group_98_wckE_2,100.00%,6.13%,truncated	KL128_09_DB_group_51,100.00%,3.64%,truncated;KL173_12_DB_group_98_wckE_2,100.00%,6.13%,truncated;KL173_12_DB_group_98_wckE_2,96.15%,6.13%,truncated;KL173_12_DB_group_98_wckE_2,96.15%,6.13%,truncated;KL173_12_DB_group_98_wckE_2,96.15%,6.13%,truncated;KL173_12_DB_group_98_wckE_2,96.15%,6.13%,truncated;KL173_12_DB_group_98_wckE_2,100.00%,6.13%,truncated		ST10
3.3.2	Escherichia_coli_Group_2_and_3_K	4.0.0	GCA_966564195.1	ST10	KL52	K52	Typeable		99.96%	100.00%	-1	14 / 14 (100.00%)	KL52_01_kpsF,100.00%,99.70%;KL52_02_kpsE,100.00%,99.74%;KL52_03_kpsD,100.00%,99.82%;KL52_04_kpsU,100.00%,99.60%;KL52_05_kpsC,100.00%,99.85%;KL52_06_kpsS,100.00%,99.76%;KL52_07_DB_group_44,99.62%,99.81%;KL52_08_DB_group_105,100.00%,99.19%;KL52_09_DB_group_157,100.00%,99.60%;KL52_10_DB_group_75,100.00%,99.88%;KL52_11_kpsT,100.00%,99.56%;KL52_12_DB_group_2,99.76%,99.92%;KL52_13_DB_group_101,100.00%,99.70%;KL52_14_kpsM,100.00%,99.61%		0		0 / 14 (0.00%)		2	KL157_08_DB_group_38,100.00%,92.59%;KL186_09_DB_group_269,100.00%,24.39%,truncated;KL186_09_DB_group_269,100.00%,24.39%,truncated;KL186_09_DB_group_269,100.00%,24.39%,truncated;KL186_09_DB_group_269,100.00%,24.39%,truncated;KL186_09_DB_group_269,100.00%,24.39%,truncated;KL186_09_DB_group_269,100.00%,24.39%,truncated	KL186_09_DB_group_269,100.00%,24.39%,truncated;KL186_09_DB_group_269,100.00%,24.39%,truncated;KL186_09_DB_group_269,100.00%,24.39%,truncated;KL186_09_DB_group_269,100.00%,24.39%,truncated;KL186_09_DB_group_269,100.00%,24.39%,truncated;KL186_09_DB_group_269,100.00%,24.39%,truncated		ST10
3.3.2	Escherichia_coli_Group_2_and_3_K	4.0.0	GCA_966565785.1	ST10	KL52	K52	Typeable		99.96%	100.00%	-1	14 / 14 (100.00%)	KL52_01_kpsF,100.00%,99.70%;KL52_02_kpsE,100.00%,99.74%;KL52_03_kpsD,100.00%,99.82%;KL52_04_kpsU,100.00%,99.60%;KL52_05_kpsC,100.00%,99.85%;KL52_06_kpsS,100.00%,99.76%;KL52_07_DB_group_44,99.62%,99.81%;KL52_08_DB_group_105,100.00%,99.19%;KL52_09_DB_group_157,100.00%,99.60%;KL52_10_DB_group_75,100.00%,99.88%;KL52_11_kpsT,100.00%,99.56%;KL52_12_DB_group_2,99.76%,99.92%;KL52_13_DB_group_101,100.00%,99.70%;KL52_14_kpsM,100.00%,99.61%		0		0 / 14 (0.00%)		2	KL157_08_DB_group_38,100.00%,92.59%;KL186_09_DB_group_269,100.00%,24.39%,truncated;KL186_09_DB_group_269,100.00%,24.39%,truncated;KL186_09_DB_group_269,100.00%,24.39%,truncated;KL186_09_DB_group_269,100.00%,24.39%,truncated;KL186_09_DB_group_269,100.00%,24.39%,truncated;KL186_09_DB_group_269,100.00%,24.39%,truncated	KL186_09_DB_group_269,100.00%,24.39%,truncated;KL186_09_DB_group_269,100.00%,24.39%,truncated;KL186_09_DB_group_269,100.00%,24.39%,truncated;KL186_09_DB_group_269,100.00%,24.39%,truncated;KL186_09_DB_group_269,100.00%,24.39%,truncated;KL186_09_DB_group_269,100.00%,24.39%,truncated		ST10
3.3.2	Escherichia_coli_Group_2_and_3_K	4.0.0	GCA_966570365.1	ST10	KL145		Untypeable	-	96.70%	0.49%	-16690	1 / 14 (7.14%)	KL145_11_DB_group_98,96.15%,92.86%	KL145_01_kpsF;KL145_02_kpsE;KL145_03_kpsD;KL145_04_kpsU;KL145_05_kpsC;KL145_06_kpsS;KL145_07_DB_group_91;KL145_08_ugd;KL145_09_wcaK;KL145_10_kfoC;KL145_12_kpsT;KL145_13_kpsM	0		1 / 14 (7.14%)	KL145_11_DB_group_98,96.15%,92.86%;KL145_11_DB_group_98,96.15%,92.86%;KL145_11_DB_group_98,96.15%,92.86%;KL145_11_DB_group_98,96.15%,92.86%;KL145_11_DB_group_98,96.15%,92.86%	3	KL128_09_DB_group_51,100.00%,3.64%,truncated;KL157_08_DB_group_38,100.00%,92.59%;KL173_12_DB_group_98_wckE_2,100.00%,6.13%,truncated;KL173_12_DB_group_98_wckE_2,96.15%,6.13%,truncated;KL173_12_DB_group_98_wckE_2,96.15%,6.13%,truncated;KL173_12_DB_group_98_wckE_2,96.15%,6.13%,truncated;KL173_12_DB_group_98_wckE_2,96.15%,6.13%,partial;KL173_12_DB_group_98_wckE_2,96.15%,6.13%,truncated	KL128_09_DB_group_51,100.00%,3.64%,truncated;KL173_12_DB_group_98_wckE_2,100.00%,6.13%,truncated;KL173_12_DB_group_98_wckE_2,96.15%,6.13%,truncated;KL173_12_DB_group_98_wckE_2,96.15%,6.13%,truncated;KL173_12_DB_group_98_wckE_2,96.15%,6.13%,truncated;KL173_12_DB_group_98_wckE_2,96.15%,6.13%,partial;KL173_12_DB_group_98_wckE_2,96.15%,6.13%,truncated		ST10
3.3.2	Escherichia_coli_Group_2_and_3_K	4.0.0	GCA_966572575.1	ST10	KL1	K1	Typeable		99.48%	100.00%	0	14 / 14 (100.00%)	KL1_01_kpsF,99.39%,99.70%;KL1_02_kpsE,99.74%,99.74%;KL1_03_kpsD,99.82%,99.82%;KL1_04_kpsU,98.37%,99.60%;KL1_05_kpsC,98.07%,99.85%;KL1_06_kpsS,99.25%,99.75%;KL1_07_neuS,100.00%,99.76%;KL1_08_neuE,99.48%,99.74%;KL1_09_neuC,99.74%,99.74%;KL1_10_neuA,100.00%,99.76%;KL1_11_neuB,99.71%,99.71%;KL1_12_neuD,100.00%,99.52%;KL1_13_kpsT,100.00%,99.55%;KL1_14_kpsM,98.06%,99.61%		0		0 / 14 (0.00%)		5	KL128_09_DB_group_51,100.00%,3.64%,truncated;KL145_11_DB_group_98,100.00%,92.86%;KL145_11_DB_group_98,100.00%,92.86%,partial;KL157_08_DB_group_38,100.00%,92.59%;KL186_09_DB_group_269,93.33%,24.39%,truncated;KL173_12_DB_group_98_wckE_2,100.00%,6.13%,truncated;KL173_12_DB_group_98_wckE_2,100.00%,6.13%,truncated;KL173_12_DB_group_98_wckE_2,100.00%,6.13%,truncated;KL173_12_DB_group_98_wckE_2,100.00%,6.13%,truncated;KL173_12_DB_group_98_wckE_2,100.00%,6.13%,truncated;KL173_12_DB_group_98_wckE_2,100.00%,6.13%,truncated	KL128_09_DB_group_51,100.00%,3.64%,truncated;KL145_11_DB_group_98,100.00%,92.86%,partial;KL186_09_DB_group_269,93.33%,24.39%,truncated;KL173_12_DB_group_98_wckE_2,100.00%,6.13%,truncated;KL173_12_DB_group_98_wckE_2,100.00%,6.13%,truncated;KL173_12_DB_group_98_wckE_2,100.00%,6.13%,truncated;KL173_12_DB_group_98_wckE_2,100.00%,6.13%,truncated;KL173_12_DB_group_98_wckE_2,100.00%,6.13%,truncated;KL173_12_DB_group_98_wckE_2,100.00%,6.13%,truncated		ST10
3.3.2	Escherichia_coli_Group_2_and_3_K	4.0.0	GCA_966573225.1	ST10	KL1	K1	Typeable		99.44%	100.00%	0	14 / 14 (100.00%)	KL1_01_kpsF,99.39%,99.70%;KL1_02_kpsE,99.74%,99.74%;KL1_03_kpsD,99.82%,99.82%;KL1_04_kpsU,98.37%,99.60%;KL1_05_kpsC,98.07%,99.85%;KL1_06_kpsS,99.25%,99.75%;KL1_07_neuS,100.00%,99.76%;KL1_08_neuE,99.48%,99.74%;KL1_09_neuC,99.74%,99.74%;KL1_10_neuA,100.00%,99.76%;KL1_11_neuB,99.71%,99.71%;KL1_12_neuD,100.00%,99.52%;KL1_13_kpsT,100.00%,99.55%;KL1_14_kpsM,98.06%,99.61%		0		0 / 14 (0.00%)		3	KL157_08_DB_group_38,100.00%,92.59%;KL186_09_DB_group_269,93.33%,24.39%,truncated;KL186_09_DB_group_269,100.00%,14.63%,truncated;KL173_12_DB_group_98_wckE_2,100.00%,6.13%,truncated;KL173_12_DB_group_98_wckE_2,100.00%,6.13%,partial;KL173_12_DB_group_98_wckE_2,100.00%,6.13%,truncated;KL173_12_DB_group_98_wckE_2,100.00%,6.13%,truncated;KL173_12_DB_group_98_wckE_2,100.00%,6.13%,truncated;KL173_12_DB_group_98_wckE_2,96.15%,6.13%,truncated	KL186_09_DB_group_269,93.33%,24.39%,truncated;KL186_09_DB_group_269,100.00%,14.63%,truncated;KL173_12_DB_group_98_wckE_2,100.00%,6.13%,truncated;KL173_12_DB_group_98_wckE_2,100.00%,6.13%,partial;KL173_12_DB_group_98_wckE_2,100.00%,6.13%,truncated;KL173_12_DB_group_98_wckE_2,100.00%,6.13%,truncated;KL173_12_DB_group_98_wckE_2,100.00%,6.13%,truncated;KL173_12_DB_group_98_wckE_2,96.15%,6.13%,truncated		ST10
3.3.2	Escherichia_coli_Group_2_and_3_K	4.0.0	GCA_966573385.1	ST10	KL145		Untypeable	-	96.70%	0.49%	-16690	1 / 14 (7.14%)	KL145_11_DB_group_98,96.15%,92.86%	KL145_01_kpsF;KL145_02_kpsE;KL145_03_kpsD;KL145_04_kpsU;KL145_05_kpsC;KL145_06_kpsS;KL145_07_DB_group_91;KL145_08_ugd;KL145_09_wcaK;KL145_10_kfoC;KL145_12_kpsT;KL145_13_kpsM	0		1 / 14 (7.14%)	KL145_11_DB_group_98,96.15%,92.86%;KL145_11_DB_group_98,96.15%,92.86%;KL145_11_DB_group_98,96.15%,92.86%;KL145_11_DB_group_98,96.15%,92.86%;KL145_11_DB_group_98,96.15%,92.86%	3	KL128_09_DB_group_51,100.00%,3.64%,truncated;KL157_08_DB_group_38,100.00%,92.59%;KL173_12_DB_group_98_wckE_2,96.15%,6.13%,truncated;KL173_12_DB_group_98_wckE_2,96.15%,6.13%,truncated;KL173_12_DB_group_98_wckE_2,96.15%,6.13%,truncated;KL173_12_DB_group_98_wckE_2,100.00%,6.13%,truncated;KL173_12_DB_group_98_wckE_2,96.15%,6.13%,truncated;KL173_12_DB_group_98_wckE_2,96.15%,6.13%,truncated	KL128_09_DB_group_51,100.00%,3.64%,truncated;KL173_12_DB_group_98_wckE_2,96.15%,6.13%,truncated;KL173_12_DB_group_98_wckE_2,96.15%,6.13%,truncated;KL173_12_DB_group_98_wckE_2,96.15%,6.13%,truncated;KL173_12_DB_group_98_wckE_2,100.00%,6.13%,truncated;KL173_12_DB_group_98_wckE_2,96.15%,6.13%,truncated;KL173_12_DB_group_98_wckE_2,96.15%,6.13%,truncated		ST10
3.3.2	Escherichia_coli_Group_2_and_3_K	4.0.0	GCA_966576395.1	ST10	KL1	K1	Typeable		99.44%	100.00%	0	14 / 14 (100.00%)	KL1_01_kpsF,99.39%,99.70%;KL1_02_kpsE,99.74%,99.74%;KL1_03_kpsD,99.82%,99.82%;KL1_04_kpsU,98.37%,99.60%;KL1_05_kpsC,98.07%,99.85%;KL1_06_kpsS,99.25%,99.75%;KL1_07_neuS,100.00%,99.76%;KL1_08_neuE,99.48%,99.74%;KL1_09_neuC,99.74%,99.74%;KL1_10_neuA,100.00%,99.76%;KL1_11_neuB,99.71%,99.71%;KL1_12_neuD,100.00%,99.52%;KL1_13_kpsT,100.00%,99.55%;KL1_14_kpsM,98.06%,99.61%		0		0 / 14 (0.00%)		3	KL128_09_DB_group_51,100.00%,3.64%,truncated;KL157_08_DB_group_38,100.00%,92.59%;KL186_09_DB_group_269,93.33%,24.39%,truncated;KL186_09_DB_group_269,100.00%,14.63%,truncated	KL128_09_DB_group_51,100.00%,3.64%,truncated;KL186_09_DB_group_269,93.33%,24.39%,truncated;KL186_09_DB_group_269,100.00%,14.63%,truncated		ST10
3.3.2	Escherichia_coli_Group_2_and_3_K	4.0.0	GCA_966591305.1	ST10	KL52	K52	Typeable		99.96%	100.00%	-1	14 / 14 (100.00%)	KL52_01_kpsF,100.00%,99.70%;KL52_02_kpsE,100.00%,99.74%;KL52_03_kpsD,100.00%,99.82%;KL52_04_kpsU,100.00%,99.60%;KL52_05_kpsC,100.00%,99.85%;KL52_06_kpsS,100.00%,99.76%;KL52_07_DB_group_44,99.62%,99.81%;KL52_08_DB_group_105,100.00%,99.19%;KL52_09_DB_group_157,100.00%,99.60%;KL52_10_DB_group_75,100.00%,99.88%;KL52_11_kpsT,100.00%,99.56%;KL52_12_DB_group_2,99.76%,99.92%;KL52_13_DB_group_101,100.00%,99.70%;KL52_14_kpsM,100.00%,99.61%		0		0 / 14 (0.00%)		2	KL157_08_DB_group_38,100.00%,92.59%;KL186_09_DB_group_269,100.00%,24.39%,truncated;KL186_09_DB_group_269,100.00%,24.39%,truncated;KL186_09_DB_group_269,100.00%,24.39%,truncated;KL186_09_DB_group_269,100.00%,24.39%,truncated;KL186_09_DB_group_269,100.00%,24.39%,truncated;KL186_09_DB_group_269,100.00%,24.39%,truncated	KL186_09_DB_group_269,100.00%,24.39%,truncated;KL186_09_DB_group_269,100.00%,24.39%,truncated;KL186_09_DB_group_269,100.00%,24.39%,truncated;KL186_09_DB_group_269,100.00%,24.39%,truncated;KL186_09_DB_group_269,100.00%,24.39%,truncated;KL186_09_DB_group_269,100.00%,24.39%,truncated		ST10
3.3.2	Escherichia_coli_Group_2_and_3_K	4.0.0	GCA_966652735.1	ST10	KL162		Untypeable	-!	0.00%	4.16%	-21701	1 / 16 (6.25%)	KL162_07_ugd_2,76.36%,80.46%,truncated	KL162_01_kpsD_5;KL162_02_kpsM_8;KL162_03_kpsT_7;KL162_04_kpsE_2;KL162_05_DB_group_212;KL162_06_DB_group_195;KL162_08_K96-09;KL162_09_wckE;KL162_10_DB_group_184;KL162_11_rmlB_2;KL162_12_rmlD_2;KL162_13_rmlA_2;KL162_14_rmlC_2;KL162_15_kpsC_5;KL162_16_kpsS_5	0		0 / 16 (0.00%)		4	KL128_09_DB_group_51,100.00%,3.64%,truncated;KL186_09_DB_group_269,100.00%,24.39%,truncated;KL147_13_rmlB,100.00%,7.11%,truncated;KL147_13_rmlB,96.30%,7.11%,truncated;KL147_13_rmlB,96.30%,7.11%,truncated;KL147_13_rmlB,88.89%,7.11%,truncated;KL173_12_DB_group_98_wckE_2,100.00%,6.13%,truncated;KL173_12_DB_group_98_wckE_2,100.00%,6.13%,truncated;KL173_12_DB_group_98_wckE_2,100.00%,6.13%,truncated;KL173_12_DB_group_98_wckE_2,100.00%,6.13%,truncated;KL173_12_DB_group_98_wckE_2,100.00%,6.13%,truncated;KL173_12_DB_group_98_wckE_2,100.00%,6.13%,truncated	KL128_09_DB_group_51,100.00%,3.64%,truncated;KL186_09_DB_group_269,100.00%,24.39%,truncated;KL147_13_rmlB,100.00%,7.11%,truncated;KL147_13_rmlB,96.30%,7.11%,truncated;KL147_13_rmlB,96.30%,7.11%,truncated;KL147_13_rmlB,88.89%,7.11%,truncated;KL162_07_ugd_2,76.36%,80.46%,truncated;KL173_12_DB_group_98_wckE_2,100.00%,6.13%,truncated;KL173_12_DB_group_98_wckE_2,100.00%,6.13%,truncated;KL173_12_DB_group_98_wckE_2,100.00%,6.13%,truncated;KL173_12_DB_group_98_wckE_2,100.00%,6.13%,truncated;KL173_12_DB_group_98_wckE_2,100.00%,6.13%,truncated;KL173_12_DB_group_98_wckE_2,100.00%,6.13%,truncated		ST10
3.3.2	Escherichia_coli_Group_2_and_3_K	4.0.0	GCA_968938235.1	ST10	KL96	K96-K54	Untypeable	-!	0.00%	4.31%	-22134	1 / 17 (5.88%)	KL96_08_ugd,78.01%,85.35%,truncated	KL96_01_kpsD_2;KL96_02_kpsM_2;KL96_03_kpsT_2;KL96_04_kpsE_4;KL96_05_K96-05;KL96_06_wcaA_2;KL96_07_K96-07;KL96_09_wckC;KL96_10_DB_group_98_wckE_2;KL96_11_wckF;KL96_12_rmlB;KL96_13_rmlD;KL96_14_rmlA;KL96_15_rmlC;KL96_16_kpsC_2;KL96_17_kpsS_2	0		0 / 17 (0.00%)		2	KL128_09_DB_group_51,100.00%,3.64%,truncated;KL186_09_DB_group_269,100.00%,24.39%,truncated	KL128_09_DB_group_51,100.00%,3.64%,truncated;KL186_09_DB_group_269,100.00%,24.39%,truncated;KL96_08_ugd,78.01%,85.35%,truncated		ST10
3.3.2	Escherichia_coli_Group_2_and_3_K	4.0.0	GCA_969779115.1	ST10	KL157		Untypeable	-	96.15%	0.42%	-19127	1 / 13 (7.69%)	KL157_08_DB_group_38,96.15%,96.30%	KL157_01_kpsF;KL157_02_kpsE;KL157_03_kpsD;KL157_04_kpsU;KL157_05_kpsC;KL157_06_kpsS;KL157_07_DB_group_44;KL157_09_DB_group_75;KL157_10_kpsT;KL157_11_DB_group_2;KL157_12_DB_group_101;KL157_13_kpsM	0		0 / 13 (0.00%)		1	KL186_09_DB_group_269,96.67%,24.39%,truncated	KL186_09_DB_group_269,96.67%,24.39%,truncated		ST10
3.3.2	Escherichia_coli_Group_2_and_3_K	4.0.0	GCA_009720065.1	ST131	KL174		Typeable		99.24%	100.00%	1547	15 / 15 (100.00%)	KL174_01_kpsF,100.00%,99.70%;KL174_02_kpsE,100.00%,99.74%;KL174_03_kpsD,100.00%,99.82%;KL174_04_kpsU,100.00%,99.60%;KL174_05_kpsC,100.00%,99.85%;KL174_06_kpsS,100.00%,99.76%;KL174_07_kslE,100.00%,99.70%;KL174_08_kslD,100.00%,99.47%;KL174_09_kslD,100.00%,100.00%;KL174_10_kslC,99.69%,99.69%;KL174_11_kslC,100.00%,92.71%;KL174_12_kslB,100.00%,99.76%;KL174_13_kslA,100.00%,99.24%;KL174_14_kpsT,100.00%,99.55%;KL174_15_kpsM,100.00%,99.61%		0		0 / 15 (0.00%)		4	KL128_09_DB_group_51,100.00%,3.64%,partial;KL128_09_DB_group_51,100.00%,3.50%,partial;KL128_09_DB_group_51,100.00%,3.50%,partial;KL147_13_rmlB,100.00%,7.11%,truncated;KL147_13_rmlB,85.19%,7.11%,truncated;KL162_13_rmlA_2,88.19%,98.97%;KL173_12_DB_group_98_wckE_2,100.00%,6.13%,partial;KL173_12_DB_group_98_wckE_2,100.00%,5.90%,partial;KL173_12_DB_group_98_wckE_2,100.00%,5.90%,partial;KL173_12_DB_group_98_wckE_2,100.00%,5.90%,partial;KL173_12_DB_group_98_wckE_2,100.00%,5.90%,partial	KL128_09_DB_group_51,100.00%,3.64%,partial;KL128_09_DB_group_51,100.00%,3.50%,partial;KL128_09_DB_group_51,100.00%,3.50%,partial;KL147_13_rmlB,100.00%,7.11%,truncated;KL147_13_rmlB,85.19%,7.11%,truncated;KL173_12_DB_group_98_wckE_2,100.00%,6.13%,partial;KL173_12_DB_group_98_wckE_2,100.00%,5.90%,partial;KL173_12_DB_group_98_wckE_2,100.00%,5.90%,partial;KL173_12_DB_group_98_wckE_2,100.00%,5.90%,partial;KL173_12_DB_group_98_wckE_2,100.00%,5.90%,partial		ST131
3.3.2	Escherichia_coli_Group_2_and_3_K	4.0.0	GCA_018972205.1	ST131	KL127		Typeable		99.11%	95.31%	-860	14 / 14 (100.00%)	KL127_01_kpsF,100.00%,99.70%;KL127_02_kpsE,100.00%,99.74%;KL127_03_kpsD,100.00%,99.82%;KL127_04_kpsU,99.59%,99.60%;KL127_05_kpsC,100.00%,99.85%;KL127_06_kpsS,100.00%,99.74%;KL127_07_kfiD,100.00%,99.75%;KL127_08_kfiC,100.00%,99.69%;KL127_09_kfiC,100.00%,98.84%;KL127_10_kfiB,100.00%,98.20%;KL127_11_kfiB,99.73%,99.73%;KL127_12_kfiA,99.58%,99.58%;KL127_13_kpsT,99.55%,99.56%;KL127_14_kpsM,100.00%,99.61%		0		0 / 14 (0.00%)		3	KL147_13_rmlB,100.00%,7.63%,truncated;KL147_13_rmlB,100.00%,7.11%,truncated;KL147_13_rmlB,100.00%,7.11%,truncated;KL147_13_rmlB,85.19%,7.11%,truncated;KL162_13_rmlA_2,88.19%,98.97%;KL173_12_DB_group_98_wckE_2,100.00%,6.13%,truncated;KL173_12_DB_group_98_wckE_2,100.00%,6.13%,truncated	KL147_13_rmlB,100.00%,7.63%,truncated;KL147_13_rmlB,100.00%,7.11%,truncated;KL147_13_rmlB,100.00%,7.11%,truncated;KL147_13_rmlB,85.19%,7.11%,truncated;KL173_12_DB_group_98_wckE_2,100.00%,6.13%,truncated;KL173_12_DB_group_98_wckE_2,100.00%,6.13%,truncated		ST131
3.3.2	Escherichia_coli_Group_2_and_3_K	4.0.0	GCA_018972225.1	ST131	KL127		Typeable		99.15%	95.77%	-776	14 / 14 (100.00%)	KL127_01_kpsF,100.00%,99.70%;KL127_02_kpsE,100.00%,99.74%;KL127_03_kpsD,99.82%,99.82%;KL127_04_kpsU,99.59%,99.60%;KL127_05_kpsC,100.00%,99.85%;KL127_06_kpsS,100.00%,99.74%;KL127_07_kfiD,100.00%,99.75%;KL127_08_kfiC,100.00%,99.69%;KL127_09_kfiC,100.00%,98.84%;KL127_10_kfiB,100.00%,99.40%;KL127_11_kfiB,100.00%,99.73%;KL127_12_kfiA,99.58%,99.58%;KL127_13_kpsT,100.00%,99.56%;KL127_14_kpsM,100.00%,99.61%		0		0 / 14 (0.00%)		3	KL147_13_rmlB,100.00%,7.63%,truncated;KL147_13_rmlB,100.00%,7.11%,truncated;KL147_13_rmlB,100.00%,7.11%,truncated;KL147_13_rmlB,85.19%,7.11%,truncated;KL162_13_rmlA_2,88.19%,98.97%;KL173_12_DB_group_98_wckE_2,100.00%,6.13%,truncated;KL173_12_DB_group_98_wckE_2,100.00%,6.13%,truncated	KL147_13_rmlB,100.00%,7.63%,truncated;KL147_13_rmlB,100.00%,7.11%,truncated;KL147_13_rmlB,100.00%,7.11%,truncated;KL147_13_rmlB,85.19%,7.11%,truncated;KL173_12_DB_group_98_wckE_2,100.00%,6.13%,truncated;KL173_12_DB_group_98_wckE_2,100.00%,6.13%,truncated		ST131
3.3.2	Escherichia_coli_Group_2_and_3_K	4.0.0	GCA_018972245.1	ST131	KL138		Typeable		99.02%	95.30%	-776	12 / 12 (100.00%)	KL138_01_kpsF,100.00%,99.70%;KL138_02_kpsE,100.00%,99.74%;KL138_03_kpsD,99.82%,99.82%;KL138_04_kpsU,100.00%,99.60%;KL138_05_kpsC,99.85%,99.85%;KL138_06_kpsS,100.00%,99.75%;KL138_07_ybl128,100.00%,99.74%;KL138_08_DB_group_110,100.00%,99.79%;KL138_09_DB_group_43,99.39%,99.39%;KL138_10_DB_group_43,100.00%,99.78%;KL138_11_kpsT,100.00%,99.55%;KL138_12_kpsM,100.00%,99.61%		0		0 / 12 (0.00%)		4	KL128_09_DB_group_51,100.00%,3.64%,truncated;KL128_09_DB_group_51,100.00%,3.64%,truncated;KL147_13_rmlB,100.00%,7.11%,truncated;KL147_13_rmlB,85.19%,7.11%,truncated;KL162_13_rmlA_2,88.19%,98.97%;KL173_12_DB_group_98_wckE_2,100.00%,6.13%,truncated;KL173_12_DB_group_98_wckE_2,100.00%,6.13%,truncated;KL173_12_DB_group_98_wckE_2,100.00%,6.13%,truncated;KL173_12_DB_group_98_wckE_2,100.00%,6.13%,truncated;KL173_12_DB_group_98_wckE_2,100.00%,6.13%,truncated;KL173_12_DB_group_98_wckE_2,100.00%,6.13%,truncated	KL128_09_DB_group_51,100.00%,3.64%,truncated;KL128_09_DB_group_51,100.00%,3.64%,truncated;KL147_13_rmlB,100.00%,7.11%,truncated;KL147_13_rmlB,85.19%,7.11%,truncated;KL173_12_DB_group_98_wckE_2,100.00%,6.13%,truncated;KL173_12_DB_group_98_wckE_2,100.00%,6.13%,truncated;KL173_12_DB_group_98_wckE_2,100.00%,6.13%,truncated;KL173_12_DB_group_98_wckE_2,100.00%,6.13%,truncated;KL173_12_DB_group_98_wckE_2,100.00%,6.13%,truncated;KL173_12_DB_group_98_wckE_2,100.00%,6.13%,truncated		ST131
3.3.2	Escherichia_coli_Group_2_and_3_K	4.0.0	GCA_018972265.1	ST131	KL128		Typeable	-	99.06%	94.83%	-777	11 / 12 (91.67%)	KL128_01_kpsF,100.00%,99.70%;KL128_02_kpsE,100.00%,99.74%;KL128_03_kpsD,100.00%,99.82%;KL128_04_kpsU,100.00%,99.60%;KL128_05_kpsC,99.85%,99.85%;KL128_06_kpsS,100.00%,99.76%;KL128_07_DB_group_140,100.00%,99.70%;KL128_08_DB_group_51,99.78%,99.78%;KL128_09_DB_group_51,100.00%,96.22%;KL128_10_kpsT,100.00%,99.55%;KL128_11_kpsM,100.00%,99.61%		0		1 / 12 (8.33%)	KL128_09_DB_group_51,100.00%,3.64%,truncated;KL128_09_DB_group_51,96.15%,3.64%,truncated;KL128_09_DB_group_51,96.15%,3.64%,truncated;KL128_09_DB_group_51,96.15%,3.64%,truncated;KL128_09_DB_group_51,96.15%,3.64%,truncated;KL128_09_DB_group_51,96.15%,3.64%,truncated	3	KL157_08_DB_group_38,100.00%,92.59%;KL147_13_rmlB,100.00%,7.11%,truncated;KL147_13_rmlB,96.30%,7.63%,truncated;KL147_13_rmlB,85.19%,7.11%,truncated;KL162_13_rmlA_2,88.19%,98.97%	KL128_09_DB_group_51,100.00%,3.64%,truncated;KL128_09_DB_group_51,96.15%,3.64%,truncated;KL128_09_DB_group_51,96.15%,3.64%,truncated;KL128_09_DB_group_51,96.15%,3.64%,truncated;KL128_09_DB_group_51,96.15%,3.64%,truncated;KL128_09_DB_group_51,96.15%,3.64%,truncated;KL147_13_rmlB,100.00%,7.11%,truncated;KL147_13_rmlB,96.30%,7.63%,truncated;KL147_13_rmlB,85.19%,7.11%,truncated		ST131
3.3.2	Escherichia_coli_Group_2_and_3_K	4.0.0	GCA_019355495.1	ST131	KL174		Typeable		99.20%	100.00%	1547	15 / 15 (100.00%)	KL174_01_kpsF,100.00%,99.70%;KL174_02_kpsE,100.00%,99.74%;KL174_03_kpsD,100.00%,99.82%;KL174_04_kpsU,100.00%,99.60%;KL174_05_kpsC,100.00%,99.85%;KL174_06_kpsS,99.76%,99.76%;KL174_07_kslE,100.00%,99.70%;KL174_08_kslD,100.00%,99.47%;KL174_09_kslD,100.00%,100.00%;KL174_10_kslC,99.69%,99.69%;KL174_11_kslC,100.00%,92.71%;KL174_12_kslB,100.00%,99.76%;KL174_13_kslA,99.24%,99.24%;KL174_14_kpsT,99.55%,99.55%;KL174_15_kpsM,100.00%,99.61%		0		0 / 15 (0.00%)		6	KL128_09_DB_group_51,100.00%,3.64%,truncated;KL128_09_DB_group_51,100.00%,3.64%,truncated;KL128_09_DB_group_51,100.00%,3.64%,truncated;KL145_11_DB_group_98,100.00%,92.86%;KL186_09_DB_group_269,100.00%,14.63%,truncated;KL147_13_rmlB,100.00%,7.11%,truncated;KL147_13_rmlB,100.00%,7.11%,truncated;KL147_13_rmlB,85.19%,7.11%,truncated;KL162_13_rmlA_2,88.19%,98.97%;KL173_12_DB_group_98_wckE_2,100.00%,6.13%,truncated;KL173_12_DB_group_98_wckE_2,100.00%,6.13%,truncated	KL128_09_DB_group_51,100.00%,3.64%,truncated;KL128_09_DB_group_51,100.00%,3.64%,truncated;KL128_09_DB_group_51,100.00%,3.64%,truncated;KL186_09_DB_group_269,100.00%,14.63%,truncated;KL147_13_rmlB,100.00%,7.11%,truncated;KL147_13_rmlB,100.00%,7.11%,truncated;KL147_13_rmlB,85.19%,7.11%,truncated;KL173_12_DB_group_98_wckE_2,100.00%,6.13%,truncated;KL173_12_DB_group_98_wckE_2,100.00%,6.13%,truncated		ST131
3.3.2	Escherichia_coli_Group_2_and_3_K	4.0.0	GCA_030024465.1	ST131	KL174		Typeable	?!	99.04%	100.00%		15 / 15 (100.00%)	KL174_01_kpsF,99.39%,99.70%;KL174_02_kpsE,100.00%,99.74%;KL174_03_kpsD,99.28%,99.82%;KL174_04_kpsU,94.72%,99.60%;KL174_05_kpsC,96.74%,99.85%;KL174_06_kpsS,99.76%,99.76%;KL174_07_kslE,100.00%,15.96%,partial;KL174_08_kslD,100.00%,44.39%,partial;KL174_09_kslD,100.00%,100.00%;KL174_10_kslC,99.69%,99.69%;KL174_11_kslC,100.00%,92.71%;KL174_12_kslB,100.00%,99.76%;KL174_13_kslA,99.24%,99.24%;KL174_14_kpsT,99.55%,99.55%;KL174_15_kpsM,97.29%,99.61%		0		0 / 15 (0.00%)		6	KL128_09_DB_group_51,100.00%,3.78%,truncated;KL128_09_DB_group_51,100.00%,3.64%,truncated;KL128_09_DB_group_51,100.00%,3.64%,partial;KL145_11_DB_group_98,100.00%,92.86%;KL145_11_DB_group_98,100.00%,92.86%,partial;KL157_08_DB_group_38,100.00%,92.59%;KL186_09_DB_group_269,100.00%,14.63%,truncated;KL147_13_rmlB,100.00%,7.63%,truncated;KL147_13_rmlB,100.00%,7.11%,truncated;KL147_13_rmlB,100.00%,3.16%,partial;KL147_13_rmlB,85.19%,7.11%,truncated;KL173_12_DB_group_98_wckE_2,100.00%,6.13%,truncated;KL173_12_DB_group_98_wckE_2,100.00%,6.13%,truncated;KL173_12_DB_group_98_wckE_2,92.31%,6.13%,truncated;KL173_12_DB_group_98_wckE_2,92.31%,6.13%,truncated	KL128_09_DB_group_51,100.00%,3.78%,truncated;KL128_09_DB_group_51,100.00%,3.64%,truncated;KL128_09_DB_group_51,100.00%,3.64%,partial;KL145_11_DB_group_98,100.00%,92.86%,partial;KL174_07_kslE,100.00%,15.96%,partial;KL174_08_kslD,100.00%,44.39%,partial;KL186_09_DB_group_269,100.00%,14.63%,truncated;KL147_13_rmlB,100.00%,7.63%,truncated;KL147_13_rmlB,100.00%,7.11%,truncated;KL147_13_rmlB,100.00%,3.16%,partial;KL147_13_rmlB,85.19%,7.11%,truncated;KL173_12_DB_group_98_wckE_2,100.00%,6.13%,truncated;KL173_12_DB_group_98_wckE_2,100.00%,6.13%,truncated;KL173_12_DB_group_98_wckE_2,92.31%,6.13%,truncated;KL173_12_DB_group_98_wckE_2,92.31%,6.13%,truncated		ST131
3.3.2	Escherichia_coli_Group_2_and_3_K	4.0.0	GCA_030025055.1	ST131	KL174		Typeable	?	99.20%	100.00%		15 / 15 (100.00%)	KL174_01_kpsF,99.39%,99.70%;KL174_02_kpsE,100.00%,99.74%;KL174_03_kpsD,99.28%,99.82%;KL174_04_kpsU,94.72%,99.60%;KL174_05_kpsC,96.74%,99.85%;KL174_06_kpsS,99.76%,99.76%;KL174_07_kslE,100.00%,99.70%;KL174_08_kslD,100.00%,99.47%;KL174_09_kslD,100.00%,100.00%;KL174_10_kslC,99.69%,99.69%;KL174_11_kslC,100.00%,92.71%;KL174_12_kslB,100.00%,99.76%;KL174_13_kslA,99.24%,99.24%;KL174_14_kpsT,99.55%,99.55%;KL174_15_kpsM,97.29%,99.61%		0		0 / 15 (0.00%)		6	KL128_09_DB_group_51,100.00%,3.78%,truncated;KL128_09_DB_group_51,100.00%,3.64%,partial;KL145_11_DB_group_98,100.00%,92.86%;KL145_11_DB_group_98,100.00%,92.86%,partial;KL145_11_DB_group_98,100.00%,92.86%;KL157_08_DB_group_38,100.00%,92.59%;KL186_09_DB_group_269,100.00%,14.63%,truncated;KL147_13_rmlB,100.00%,7.63%,truncated;KL147_13_rmlB,100.00%,7.11%,truncated;KL147_13_rmlB,100.00%,7.11%,truncated;KL147_13_rmlB,100.00%,3.16%,truncated;KL147_13_rmlB,85.19%,7.11%,truncated;KL173_12_DB_group_98_wckE_2,100.00%,6.13%,partial;KL173_12_DB_group_98_wckE_2,100.00%,6.13%,partial	KL128_09_DB_group_51,100.00%,3.78%,truncated;KL128_09_DB_group_51,100.00%,3.64%,partial;KL145_11_DB_group_98,100.00%,92.86%,partial;KL186_09_DB_group_269,100.00%,14.63%,truncated;KL147_13_rmlB,100.00%,7.63%,truncated;KL147_13_rmlB,100.00%,7.11%,truncated;KL147_13_rmlB,100.00%,7.11%,truncated;KL147_13_rmlB,100.00%,3.16%,truncated;KL147_13_rmlB,85.19%,7.11%,truncated;KL173_12_DB_group_98_wckE_2,100.00%,6.13%,partial;KL173_12_DB_group_98_wckE_2,100.00%,6.13%,partial		ST131
3.3.2	Escherichia_coli_Group_2_and_3_K	4.0.0	GCA_037046935.1	ST131	KL174		Typeable	?-!	98.75%	100.00%		15 / 16 (93.75%)	KL174_01_kpsF,99.69%,99.70%;KL174_02_kpsE,100.00%,99.74%;KL174_03_kpsD,100.00%,99.82%;KL174_04_kpsU,95.93%,99.60%;KL174_05_kpsC,98.67%,99.85%;KL174_06_kpsS,99.76%,99.76%;KL174_07_kslE,100.00%,99.70%;KL174_08_kslD,100.00%,99.47%;KL174_09_kslD,100.00%,100.00%;KL174_10_kslC,99.69%,99.69%;KL174_11_kslC,100.00%,92.71%;KL174_12_kslB,100.00%,80.83%,partial;KL174_13_kslA,99.24%,99.24%;KL174_14_kpsT,100.00%,99.55%;KL174_15_kpsM,100.00%,99.61%		0		1 / 16 (6.25%)	KL174_12_kslB,100.00%,18.69%,partial	4	KL128_09_DB_group_51,100.00%,3.64%,truncated;KL128_09_DB_group_51,100.00%,3.50%,partial;KL147_13_rmlB,85.19%,7.11%,truncated;KL162_13_rmlA_2,88.19%,98.97%;KL173_12_DB_group_98_wckE_2,100.00%,6.13%,truncated	KL128_09_DB_group_51,100.00%,3.64%,truncated;KL128_09_DB_group_51,100.00%,3.50%,partial;KL174_12_kslB,100.00%,80.83%,partial;KL174_12_kslB,100.00%,18.69%,partial;KL147_13_rmlB,85.19%,7.11%,truncated;KL173_12_DB_group_98_wckE_2,100.00%,6.13%,truncated		ST131
3.3.2	Escherichia_coli_Group_2_and_3_K	4.0.0	GCA_037047175.1	ST131	KL127		Typeable	?-!	99.16%	94.77%		14 / 15 (93.33%)	KL127_01_kpsF,100.00%,99.70%;KL127_02_kpsE,100.00%,99.74%;KL127_03_kpsD,100.00%,99.82%;KL127_04_kpsU,100.00%,99.60%;KL127_05_kpsC,100.00%,99.85%;KL127_06_kpsS,100.00%,99.74%;KL127_07_kfiD,100.00%,99.75%;KL127_08_kfiC,100.00%,99.69%;KL127_09_kfiC,100.00%,98.84%;KL127_10_kfiB,99.26%,81.44%,partial;KL127_11_kfiB,100.00%,99.73%;KL127_12_kfiA,99.58%,99.58%;KL127_13_kpsT,100.00%,99.56%;KL127_14_kpsM,99.61%,99.61%		0		1 / 15 (6.67%)	KL127_10_kfiB,100.00%,16.77%,partial	5	KL145_11_DB_group_98,100.00%,92.86%,partial;KL157_08_DB_group_38,100.00%,92.59%;KL186_09_DB_group_269,100.00%,14.63%,partial;KL147_13_rmlB,100.00%,7.11%,truncated;KL147_13_rmlB,100.00%,7.11%,truncated;KL147_13_rmlB,85.19%,7.11%,truncated;KL162_13_rmlA_2,88.19%,98.97%	KL127_10_kfiB,99.26%,81.44%,partial;KL127_10_kfiB,100.00%,16.77%,partial;KL145_11_DB_group_98,100.00%,92.86%,partial;KL186_09_DB_group_269,100.00%,14.63%,partial;KL147_13_rmlB,100.00%,7.11%,truncated;KL147_13_rmlB,100.00%,7.11%,truncated;KL147_13_rmlB,85.19%,7.11%,truncated		ST131
3.3.2	Escherichia_coli_Group_2_and_3_K	4.0.0	GCA_037047235.1	ST131	KL138		Typeable		100.00%	95.29%	-777	12 / 12 (100.00%)	KL138_01_kpsF,100.00%,99.70%;KL138_02_kpsE,100.00%,99.74%;KL138_03_kpsD,100.00%,99.82%;KL138_04_kpsU,100.00%,99.60%;KL138_05_kpsC,100.00%,99.85%;KL138_06_kpsS,100.00%,99.75%;KL138_07_ybl128,100.00%,99.74%;KL138_08_DB_group_110,100.00%,99.79%;KL138_09_DB_group_43,100.00%,99.39%;KL138_10_DB_group_43,100.00%,99.78%;KL138_11_kpsT,100.00%,99.55%;KL138_12_kpsM,100.00%,99.61%		0		0 / 12 (0.00%)		1	KL147_13_rmlB,85.19%,7.11%,truncated;KL147_13_rmlB,92.31%,6.84%,truncated	KL147_13_rmlB,85.19%,7.11%,truncated;KL147_13_rmlB,92.31%,6.84%,truncated		ST131
3.3.2	Escherichia_coli_Group_2_and_3_K	4.0.0	GCA_037047245.1	ST131	KL174		Typeable		98.82%	100.00%	1547	15 / 15 (100.00%)	KL174_01_kpsF,99.69%,99.70%;KL174_02_kpsE,100.00%,99.74%;KL174_03_kpsD,100.00%,99.82%;KL174_04_kpsU,95.93%,99.60%;KL174_05_kpsC,98.67%,99.85%;KL174_06_kpsS,99.76%,99.76%;KL174_07_kslE,100.00%,99.70%;KL174_08_kslD,100.00%,99.47%;KL174_09_kslD,100.00%,100.00%;KL174_10_kslC,99.69%,99.69%;KL174_11_kslC,100.00%,92.71%;KL174_12_kslB,100.00%,99.76%;KL174_13_kslA,99.24%,99.24%;KL174_14_kpsT,100.00%,99.55%;KL174_15_kpsM,100.00%,99.61%		0		0 / 15 (0.00%)		4	KL128_09_DB_group_51,100.00%,3.64%,truncated;KL128_09_DB_group_51,100.00%,3.50%,partial;KL147_13_rmlB,85.19%,7.11%,truncated;KL162_13_rmlA_2,88.19%,98.97%;KL173_12_DB_group_98_wckE_2,100.00%,6.13%,truncated	KL128_09_DB_group_51,100.00%,3.64%,truncated;KL128_09_DB_group_51,100.00%,3.50%,partial;KL147_13_rmlB,85.19%,7.11%,truncated;KL173_12_DB_group_98_wckE_2,100.00%,6.13%,truncated		ST131
3.3.2	Escherichia_coli_Group_2_and_3_K	4.0.0	GCA_037047345.1	ST131	KL112		Typeable		98.36%	100.00%	0	11 / 11 (100.00%)	KL112_01_kpsF,99.69%,99.70%;KL112_02_kpsE,100.00%,99.74%;KL112_03_kpsD,99.28%,99.82%;KL112_04_kpsU,98.78%,99.60%;KL112_05_kpsC,97.04%,99.85%;KL112_06_kpsS,99.25%,99.75%;KL112_07_DB_group_33,97.67%,97.73%;KL112_08_kpsM_3,100.00%,99.61%;KL112_09_kpsT,99.55%,99.55%;KL112_10_DB_group_10,99.46%,99.91%;KL112_11_DB_group_79,99.77%,99.77%		0		0 / 11 (0.00%)		5	KL128_09_DB_group_51,100.00%,2.66%,partial;KL157_08_DB_group_38,100.00%,92.59%;KL186_09_DB_group_269,100.00%,14.63%,partial;KL147_13_rmlB,100.00%,7.11%,truncated;KL147_13_rmlB,100.00%,7.11%,truncated;KL147_13_rmlB,85.19%,7.11%,truncated;KL162_13_rmlA_2,88.19%,98.97%	KL128_09_DB_group_51,100.00%,2.66%,partial;KL186_09_DB_group_269,100.00%,14.63%,partial;KL147_13_rmlB,100.00%,7.11%,truncated;KL147_13_rmlB,100.00%,7.11%,truncated;KL147_13_rmlB,85.19%,7.11%,truncated		ST131
3.3.2	Escherichia_coli_Group_2_and_3_K	4.0.0	GCA_037047485.1	ST131	KL138		Typeable		100.00%	95.29%	-777	12 / 12 (100.00%)	KL138_01_kpsF,100.00%,99.70%;KL138_02_kpsE,100.00%,99.74%;KL138_03_kpsD,100.00%,99.82%;KL138_04_kpsU,100.00%,99.60%;KL138_05_kpsC,100.00%,99.85%;KL138_06_kpsS,100.00%,99.75%;KL138_07_ybl128,100.00%,99.74%;KL138_08_DB_group_110,100.00%,99.79%;KL138_09_DB_group_43,100.00%,99.39%;KL138_10_DB_group_43,100.00%,99.78%;KL138_11_kpsT,100.00%,99.55%;KL138_12_kpsM,100.00%,99.61%		0		0 / 12 (0.00%)		2	KL128_09_DB_group_51,100.00%,3.78%,truncated;KL147_13_rmlB,100.00%,7.11%,truncated;KL147_13_rmlB,85.19%,7.11%,truncated;KL147_13_rmlB,92.31%,6.84%,truncated	KL128_09_DB_group_51,100.00%,3.78%,truncated;KL147_13_rmlB,100.00%,7.11%,truncated;KL147_13_rmlB,85.19%,7.11%,truncated;KL147_13_rmlB,92.31%,6.84%,truncated		ST131
3.3.2	Escherichia_coli_Group_2_and_3_K	4.0.0	GCA_037047525.1	ST131	KL127		Typeable		99.12%	95.76%	-777	14 / 14 (100.00%)	KL127_01_kpsF,100.00%,99.70%;KL127_02_kpsE,100.00%,99.74%;KL127_03_kpsD,100.00%,99.82%;KL127_04_kpsU,100.00%,99.60%;KL127_05_kpsC,100.00%,99.85%;KL127_06_kpsS,100.00%,99.74%;KL127_07_kfiD,100.00%,99.75%;KL127_08_kfiC,100.00%,99.69%;KL127_09_kfiC,100.00%,98.84%;KL127_10_kfiB,99.40%,99.40%;KL127_11_kfiB,100.00%,99.73%;KL127_12_kfiA,99.58%,99.58%;KL127_13_kpsT,100.00%,99.56%;KL127_14_kpsM,99.61%,99.61%		0		0 / 14 (0.00%)		4	KL128_09_DB_group_51,100.00%,3.64%,truncated;KL147_13_rmlB,100.00%,7.11%,partial;KL147_13_rmlB,85.19%,7.11%,truncated;KL162_13_rmlA_2,88.19%,98.97%;KL173_12_DB_group_98_wckE_2,100.00%,6.13%,truncated;KL173_12_DB_group_98_wckE_2,100.00%,6.13%,truncated	KL128_09_DB_group_51,100.00%,3.64%,truncated;KL147_13_rmlB,100.00%,7.11%,partial;KL147_13_rmlB,85.19%,7.11%,truncated;KL173_12_DB_group_98_wckE_2,100.00%,6.13%,truncated;KL173_12_DB_group_98_wckE_2,100.00%,6.13%,truncated		ST131
3.3.2	Escherichia_coli_Group_2_and_3_K	4.0.0	GCA_037047605.1	ST131	KL112		Untypeable	-!	99.89%	30.87%	-9986	2 / 11 (18.18%)	KL112_10_DB_group_10,99.42%,92.93%,partial;KL112_11_DB_group_79,99.77%,99.77%	KL112_01_kpsF;KL112_02_kpsE;KL112_03_kpsD;KL112_04_kpsU;KL112_05_kpsC;KL112_06_kpsS;KL112_07_DB_group_33;KL112_08_kpsM_3;KL112_09_kpsT	0		0 / 11 (0.00%)		3	KL157_08_DB_group_38,100.00%,92.59%;KL186_09_DB_group_269,100.00%,14.63%,partial;KL147_13_rmlB,100.00%,7.11%,partial;KL147_13_rmlB,100.00%,7.11%,truncated;KL147_13_rmlB,85.19%,7.11%,truncated	KL112_10_DB_group_10,99.42%,92.93%,partial;KL186_09_DB_group_269,100.00%,14.63%,partial;KL147_13_rmlB,100.00%,7.11%,partial;KL147_13_rmlB,100.00%,7.11%,truncated;KL147_13_rmlB,85.19%,7.11%,truncated		ST131
3.3.2	Escherichia_coli_Group_2_and_3_K	4.0.0	GCA_037047645.1	ST131	KL174		Typeable		98.82%	100.00%	1547	15 / 15 (100.00%)	KL174_01_kpsF,99.69%,99.70%;KL174_02_kpsE,100.00%,99.74%;KL174_03_kpsD,100.00%,99.82%;KL174_04_kpsU,95.93%,99.60%;KL174_05_kpsC,98.67%,99.85%;KL174_06_kpsS,99.76%,99.76%;KL174_07_kslE,100.00%,99.70%;KL174_08_kslD,100.00%,99.47%;KL174_09_kslD,100.00%,100.00%;KL174_10_kslC,99.69%,99.69%;KL174_11_kslC,100.00%,92.71%;KL174_12_kslB,100.00%,99.76%;KL174_13_kslA,99.24%,99.24%;KL174_14_kpsT,100.00%,99.55%;KL174_15_kpsM,100.00%,99.61%		0		0 / 15 (0.00%)		4	KL128_09_DB_group_51,100.00%,3.64%,truncated;KL147_13_rmlB,100.00%,7.11%,truncated;KL147_13_rmlB,85.19%,7.11%,truncated;KL162_13_rmlA_2,88.19%,98.97%;KL173_12_DB_group_98_wckE_2,100.00%,6.13%,truncated	KL128_09_DB_group_51,100.00%,3.64%,truncated;KL147_13_rmlB,100.00%,7.11%,truncated;KL147_13_rmlB,85.19%,7.11%,truncated;KL173_12_DB_group_98_wckE_2,100.00%,6.13%,truncated		ST131
3.3.2	Escherichia_coli_Group_2_and_3_K	4.0.0	GCA_037047685.1	ST131	KL127		Typeable	?!	99.10%	94.77%		14 / 14 (100.00%)	KL127_01_kpsF,100.00%,99.70%;KL127_02_kpsE,100.00%,99.74%;KL127_03_kpsD,100.00%,99.82%;KL127_04_kpsU,100.00%,99.60%;KL127_05_kpsC,100.00%,99.85%;KL127_06_kpsS,100.00%,99.74%;KL127_07_kfiD,100.00%,99.75%;KL127_08_kfiC,100.00%,99.69%;KL127_09_kfiC,100.00%,98.84%;KL127_10_kfiB,99.26%,81.44%,partial;KL127_11_kfiB,100.00%,99.73%;KL127_12_kfiA,99.58%,99.58%;KL127_13_kpsT,100.00%,99.56%;KL127_14_kpsM,99.61%,99.61%		0		0 / 14 (0.00%)		5	KL128_09_DB_group_51,100.00%,3.64%,partial;KL128_09_DB_group_51,100.00%,3.64%,truncated;KL186_09_DB_group_269,100.00%,14.63%,partial;KL147_13_rmlB,100.00%,7.11%,truncated;KL147_13_rmlB,85.19%,7.11%,truncated;KL162_13_rmlA_2,88.19%,98.97%;KL173_12_DB_group_98_wckE_2,100.00%,6.13%,truncated	KL127_10_kfiB,99.26%,81.44%,partial;KL128_09_DB_group_51,100.00%,3.64%,partial;KL128_09_DB_group_51,100.00%,3.64%,truncated;KL186_09_DB_group_269,100.00%,14.63%,partial;KL147_13_rmlB,100.00%,7.11%,truncated;KL147_13_rmlB,85.19%,7.11%,truncated;KL173_12_DB_group_98_wckE_2,100.00%,6.13%,truncated		ST131
3.3.2	Escherichia_coli_Group_2_and_3_K	4.0.0	GCA_037047825.1	ST131	KL128		Typeable	-	98.46%	94.87%	-771	11 / 12 (91.67%)	KL128_01_kpsF,99.69%,99.70%;KL128_02_kpsE,100.00%,99.74%;KL128_03_kpsD,100.00%,99.82%;KL128_04_kpsU,97.97%,99.60%;KL128_05_kpsC,97.33%,99.85%;KL128_06_kpsS,98.51%,97.34%;KL128_07_DB_group_140,99.70%,99.39%;KL128_08_DB_group_51,99.78%,99.78%;KL128_09_DB_group_51,99.71%,96.22%;KL128_10_kpsT,99.10%,99.55%;KL128_11_kpsM,100.00%,99.61%		0		1 / 12 (8.33%)	KL128_09_DB_group_51,100.00%,3.64%,truncated;KL128_09_DB_group_51,100.00%,3.64%,truncated	4	KL145_11_DB_group_98,100.00%,67.86%,partial;KL157_08_DB_group_38,100.00%,92.59%;KL147_13_rmlB,100.00%,7.11%,truncated;KL147_13_rmlB,100.00%,7.11%,truncated;KL147_13_rmlB,85.19%,7.11%,truncated;KL162_13_rmlA_2,88.19%,98.97%	KL128_09_DB_group_51,100.00%,3.64%,truncated;KL128_09_DB_group_51,100.00%,3.64%,truncated;KL145_11_DB_group_98,100.00%,67.86%,partial;KL147_13_rmlB,100.00%,7.11%,truncated;KL147_13_rmlB,100.00%,7.11%,truncated;KL147_13_rmlB,85.19%,7.11%,truncated		ST131
3.3.2	Escherichia_coli_Group_2_and_3_K	4.0.0	GCA_037047925.1	ST131	KL112		Typeable		98.22%	100.00%	0	11 / 11 (100.00%)	KL112_01_kpsF,99.69%,99.70%;KL112_02_kpsE,100.00%,99.74%;KL112_03_kpsD,99.28%,99.82%;KL112_04_kpsU,98.78%,99.60%;KL112_05_kpsC,97.04%,99.85%;KL112_06_kpsS,99.25%,99.75%;KL112_07_DB_group_33,97.67%,97.73%;KL112_08_kpsM_3,100.00%,99.61%;KL112_09_kpsT,99.55%,99.55%;KL112_10_DB_group_10,99.46%,99.91%;KL112_11_DB_group_79,99.77%,99.77%		0		0 / 11 (0.00%)		4	KL128_09_DB_group_51,100.00%,3.64%,truncated;KL128_09_DB_group_51,100.00%,3.64%,truncated;KL147_13_rmlB,100.00%,7.11%,truncated;KL147_13_rmlB,100.00%,7.11%,truncated;KL147_13_rmlB,85.19%,7.11%,truncated;KL162_13_rmlA_2,88.19%,98.97%;KL173_12_DB_group_98_wckE_2,94.74%,4.48%,partial	KL128_09_DB_group_51,100.00%,3.64%,truncated;KL128_09_DB_group_51,100.00%,3.64%,truncated;KL147_13_rmlB,100.00%,7.11%,truncated;KL147_13_rmlB,100.00%,7.11%,truncated;KL147_13_rmlB,85.19%,7.11%,truncated;KL173_12_DB_group_98_wckE_2,94.74%,4.48%,partial		ST131
3.3.2	Escherichia_coli_Group_2_and_3_K	4.0.0	GCA_037048105.1	ST131	KL114		Typeable	+	98.96%	100.00%	1	11 / 11 (100.00%)	KL114_01_kpsF,100.00%,99.70%;KL114_02_kpsE,100.00%,99.74%;KL114_03_kpsD,100.00%,99.82%;KL114_04_kpsU,100.00%,99.60%;KL114_05_kpsC,100.00%,99.85%;KL114_06_kpsS,100.00%,99.75%;KL114_07_DB_group_97,100.00%,99.87%;KL114_08_kfoA,99.60%,99.61%;KL114_09_kfoA,100.00%,98.25%;KL114_10_kpsT,100.00%,99.55%;KL114_11_kpsM,100.00%,99.61%		1	KL14_07_vatD,97.61%,99.52%	0 / 11 (0.00%)		5	KL128_09_DB_group_51,100.00%,3.64%,truncated;KL145_11_DB_group_98,100.00%,92.86%;KL147_13_rmlB,100.00%,7.11%,truncated;KL147_13_rmlB,85.19%,7.11%,truncated;KL162_13_rmlA_2,88.19%,98.97%;KL173_12_DB_group_98_wckE_2,100.00%,6.13%,partial	KL128_09_DB_group_51,100.00%,3.64%,truncated;KL147_13_rmlB,100.00%,7.11%,truncated;KL147_13_rmlB,85.19%,7.11%,truncated;KL173_12_DB_group_98_wckE_2,100.00%,6.13%,partial		ST131
3.3.2	Escherichia_coli_Group_2_and_3_K	4.0.0	GCA_037048185.1	ST131	KL114		Typeable	+	98.96%	100.00%	1	11 / 11 (100.00%)	KL114_01_kpsF,100.00%,99.70%;KL114_02_kpsE,100.00%,99.74%;KL114_03_kpsD,100.00%,99.82%;KL114_04_kpsU,100.00%,99.60%;KL114_05_kpsC,100.00%,99.85%;KL114_06_kpsS,100.00%,99.75%;KL114_07_DB_group_97,100.00%,99.87%;KL114_08_kfoA,99.60%,99.61%;KL114_09_kfoA,100.00%,98.25%;KL114_10_kpsT,100.00%,99.55%;KL114_11_kpsM,100.00%,99.61%		1	KL14_07_vatD,97.61%,99.52%	0 / 11 (0.00%)		5	KL128_09_DB_group_51,100.00%,3.64%,truncated;KL145_11_DB_group_98,100.00%,92.86%;KL147_13_rmlB,100.00%,7.11%,truncated;KL147_13_rmlB,85.19%,7.11%,truncated;KL162_13_rmlA_2,88.19%,98.97%;KL173_12_DB_group_98_wckE_2,100.00%,6.13%,partial	KL128_09_DB_group_51,100.00%,3.64%,truncated;KL147_13_rmlB,100.00%,7.11%,truncated;KL147_13_rmlB,85.19%,7.11%,truncated;KL173_12_DB_group_98_wckE_2,100.00%,6.13%,partial		ST131
3.3.2	Escherichia_coli_Group_2_and_3_K	4.0.0	GCA_037048265.1	ST131	KL112		Typeable	?-!	98.27%	88.70%		11 / 12 (91.67%)	KL112_01_kpsF,99.69%,99.70%;KL112_02_kpsE,100.00%,99.74%;KL112_03_kpsD,99.28%,99.82%;KL112_04_kpsU,98.78%,99.60%;KL112_05_kpsC,97.04%,99.85%;KL112_06_kpsS,99.25%,99.75%;KL112_07_DB_group_33,97.67%,97.73%;KL112_08_kpsM_3,100.00%,99.61%;KL112_09_kpsT,99.55%,99.55%;KL112_10_DB_group_10,99.47%,51.36%,partial;KL112_11_DB_group_79,99.77%,99.77%		0		1 / 12 (8.33%)	KL112_10_DB_group_10,99.44%,48.46%,partial	5	KL128_09_DB_group_51,100.00%,3.64%,truncated;KL157_08_DB_group_38,100.00%,92.59%;KL186_09_DB_group_269,100.00%,14.63%,partial;KL147_13_rmlB,100.00%,7.11%,truncated;KL147_13_rmlB,100.00%,7.11%,truncated;KL147_13_rmlB,85.19%,7.11%,truncated;KL162_13_rmlA_2,88.19%,98.97%	KL112_10_DB_group_10,99.47%,51.36%,partial;KL112_10_DB_group_10,99.44%,48.46%,partial;KL128_09_DB_group_51,100.00%,3.64%,truncated;KL186_09_DB_group_269,100.00%,14.63%,partial;KL147_13_rmlB,100.00%,7.11%,truncated;KL147_13_rmlB,100.00%,7.11%,truncated;KL147_13_rmlB,85.19%,7.11%,truncated		ST131
3.3.2	Escherichia_coli_Group_2_and_3_K	4.0.0	GCA_037048405.1	ST131	KL127		Typeable	?!	99.16%	94.77%		14 / 14 (100.00%)	KL127_01_kpsF,100.00%,99.70%;KL127_02_kpsE,100.00%,99.74%;KL127_03_kpsD,100.00%,99.82%;KL127_04_kpsU,100.00%,99.60%;KL127_05_kpsC,100.00%,99.85%;KL127_06_kpsS,100.00%,99.74%;KL127_07_kfiD,100.00%,99.75%;KL127_08_kfiC,100.00%,99.69%;KL127_09_kfiC,100.00%,98.84%;KL127_10_kfiB,99.26%,80.84%,partial;KL127_11_kfiB,100.00%,99.73%;KL127_12_kfiA,99.58%,99.58%;KL127_13_kpsT,100.00%,99.56%;KL127_14_kpsM,99.61%,99.61%		0		0 / 14 (0.00%)		5	KL128_09_DB_group_51,100.00%,3.64%,truncated;KL157_08_DB_group_38,100.00%,92.59%;KL186_09_DB_group_269,100.00%,14.63%,truncated;KL147_13_rmlB,100.00%,7.11%,truncated;KL147_13_rmlB,100.00%,7.11%,truncated;KL147_13_rmlB,85.19%,7.11%,truncated;KL162_13_rmlA_2,88.19%,98.97%	KL127_10_kfiB,99.26%,80.84%,partial;KL128_09_DB_group_51,100.00%,3.64%,truncated;KL186_09_DB_group_269,100.00%,14.63%,truncated;KL147_13_rmlB,100.00%,7.11%,truncated;KL147_13_rmlB,100.00%,7.11%,truncated;KL147_13_rmlB,85.19%,7.11%,truncated		ST131
3.3.2	Escherichia_coli_Group_2_and_3_K	4.0.0	GCA_037048425.1	ST131	KL127		Typeable		99.21%	95.31%	-860	14 / 14 (100.00%)	KL127_01_kpsF,100.00%,99.70%;KL127_02_kpsE,100.00%,99.74%;KL127_03_kpsD,100.00%,99.82%;KL127_04_kpsU,100.00%,99.60%;KL127_05_kpsC,100.00%,99.85%;KL127_06_kpsS,100.00%,99.74%;KL127_07_kfiD,100.00%,99.75%;KL127_08_kfiC,100.00%,99.69%;KL127_09_kfiC,100.00%,98.84%;KL127_10_kfiB,99.39%,98.20%;KL127_11_kfiB,99.73%,99.73%;KL127_12_kfiA,99.58%,99.58%;KL127_13_kpsT,100.00%,99.56%;KL127_14_kpsM,99.61%,99.61%		0		0 / 14 (0.00%)		6	KL128_09_DB_group_51,100.00%,3.64%,truncated;KL145_11_DB_group_98,100.00%,92.86%;KL145_11_DB_group_98,100.00%,67.86%,partial;KL157_08_DB_group_38,100.00%,92.59%;KL186_09_DB_group_269,100.00%,14.63%,truncated;KL147_13_rmlB,100.00%,7.11%,truncated;KL147_13_rmlB,85.19%,7.11%,truncated;KL162_13_rmlA_2,88.19%,98.97%	KL128_09_DB_group_51,100.00%,3.64%,truncated;KL145_11_DB_group_98,100.00%,67.86%,partial;KL186_09_DB_group_269,100.00%,14.63%,truncated;KL147_13_rmlB,100.00%,7.11%,truncated;KL147_13_rmlB,85.19%,7.11%,truncated		ST131
3.3.2	Escherichia_coli_Group_2_and_3_K	4.0.0	GCA_037048485.1	ST131	KL127		Typeable		99.16%	95.31%	-860	14 / 14 (100.00%)	KL127_01_kpsF,100.00%,99.70%;KL127_02_kpsE,100.00%,99.74%;KL127_03_kpsD,100.00%,99.82%;KL127_04_kpsU,100.00%,99.60%;KL127_05_kpsC,100.00%,99.85%;KL127_06_kpsS,100.00%,99.74%;KL127_07_kfiD,100.00%,99.75%;KL127_08_kfiC,100.00%,99.69%;KL127_09_kfiC,100.00%,98.84%;KL127_10_kfiB,99.39%,98.20%;KL127_11_kfiB,99.73%,99.73%;KL127_12_kfiA,99.58%,99.58%;KL127_13_kpsT,100.00%,99.56%;KL127_14_kpsM,99.61%,99.61%		0		0 / 14 (0.00%)		4	KL157_08_DB_group_38,100.00%,92.59%;KL186_09_DB_group_269,100.00%,14.63%,partial;KL147_13_rmlB,100.00%,7.11%,truncated;KL147_13_rmlB,85.19%,7.11%,truncated;KL162_13_rmlA_2,88.19%,98.97%	KL186_09_DB_group_269,100.00%,14.63%,partial;KL147_13_rmlB,100.00%,7.11%,truncated;KL147_13_rmlB,85.19%,7.11%,truncated		ST131
3.3.2	Escherichia_coli_Group_2_and_3_K	4.0.0	GCA_037048945.1	ST131	KL138		Typeable		100.00%	95.29%	-777	12 / 12 (100.00%)	KL138_01_kpsF,100.00%,99.70%;KL138_02_kpsE,100.00%,99.74%;KL138_03_kpsD,100.00%,99.82%;KL138_04_kpsU,100.00%,99.60%;KL138_05_kpsC,100.00%,99.85%;KL138_06_kpsS,100.00%,99.75%;KL138_07_ybl128,100.00%,99.74%;KL138_08_DB_group_110,100.00%,99.79%;KL138_09_DB_group_43,100.00%,99.39%;KL138_10_DB_group_43,100.00%,99.78%;KL138_11_kpsT,100.00%,99.55%;KL138_12_kpsM,100.00%,99.61%		0		0 / 12 (0.00%)		3	KL128_09_DB_group_51,100.00%,3.64%,truncated;KL147_13_rmlB,100.00%,7.11%,truncated;KL147_13_rmlB,100.00%,7.11%,truncated;KL147_13_rmlB,100.00%,6.84%,partial;KL147_13_rmlB,85.19%,7.11%,truncated;KL147_13_rmlB,92.31%,6.84%,truncated;KL173_12_DB_group_98_wckE_2,100.00%,6.13%,truncated	KL128_09_DB_group_51,100.00%,3.64%,truncated;KL147_13_rmlB,100.00%,7.11%,truncated;KL147_13_rmlB,100.00%,7.11%,truncated;KL147_13_rmlB,100.00%,6.84%,partial;KL147_13_rmlB,85.19%,7.11%,truncated;KL147_13_rmlB,92.31%,6.84%,truncated;KL173_12_DB_group_98_wckE_2,100.00%,6.13%,truncated		ST131
3.3.2	Escherichia_coli_Group_2_and_3_K	4.0.0	GCA_037049045.1	ST131	KL174		Typeable	?!	98.71%	100.00%		15 / 15 (100.00%)	KL174_01_kpsF,99.69%,99.70%;KL174_02_kpsE,100.00%,99.74%;KL174_03_kpsD,100.00%,99.82%;KL174_04_kpsU,95.93%,99.60%;KL174_05_kpsC,98.67%,99.85%;KL174_06_kpsS,99.76%,99.76%;KL174_07_kslE,100.00%,99.70%;KL174_08_kslD,100.00%,99.47%;KL174_09_kslD,100.00%,96.77%,partial;KL174_10_kslC,99.39%,99.69%;KL174_11_kslC,99.75%,92.71%;KL174_12_kslB,100.00%,99.76%;KL174_13_kslA,99.24%,99.24%;KL174_14_kpsT,100.00%,99.55%;KL174_15_kpsM,100.00%,99.61%		0		0 / 15 (0.00%)		4	KL128_09_DB_group_51,100.00%,3.64%,truncated;KL147_13_rmlB,100.00%,7.11%,truncated;KL147_13_rmlB,85.19%,7.11%,truncated;KL162_13_rmlA_2,88.19%,98.97%;KL173_12_DB_group_98_wckE_2,100.00%,6.13%,truncated;KL173_12_DB_group_98_wckE_2,100.00%,6.13%,truncated	KL128_09_DB_group_51,100.00%,3.64%,truncated;KL174_09_kslD,100.00%,96.77%,partial;KL147_13_rmlB,100.00%,7.11%,truncated;KL147_13_rmlB,85.19%,7.11%,truncated;KL173_12_DB_group_98_wckE_2,100.00%,6.13%,truncated;KL173_12_DB_group_98_wckE_2,100.00%,6.13%,truncated		ST131
3.3.2	Escherichia_coli_Group_2_and_3_K	4.0.0	GCA_037049065.1	ST131	KL174		Typeable		98.82%	100.00%	1547	15 / 15 (100.00%)	KL174_01_kpsF,99.69%,99.70%;KL174_02_kpsE,100.00%,99.74%;KL174_03_kpsD,100.00%,99.82%;KL174_04_kpsU,95.93%,99.60%;KL174_05_kpsC,98.67%,99.85%;KL174_06_kpsS,99.76%,99.76%;KL174_07_kslE,100.00%,99.70%;KL174_08_kslD,100.00%,99.47%;KL174_09_kslD,100.00%,100.00%;KL174_10_kslC,99.69%,99.69%;KL174_11_kslC,100.00%,92.71%;KL174_12_kslB,100.00%,99.76%;KL174_13_kslA,99.24%,99.24%;KL174_14_kpsT,100.00%,99.55%;KL174_15_kpsM,100.00%,99.61%		0		0 / 15 (0.00%)		4	KL128_09_DB_group_51,100.00%,3.64%,truncated;KL147_13_rmlB,85.19%,7.11%,truncated;KL162_13_rmlA_2,88.19%,98.97%;KL173_12_DB_group_98_wckE_2,100.00%,6.13%,truncated	KL128_09_DB_group_51,100.00%,3.64%,truncated;KL147_13_rmlB,85.19%,7.11%,truncated;KL173_12_DB_group_98_wckE_2,100.00%,6.13%,truncated		ST131
3.3.2	Escherichia_coli_Group_2_and_3_K	4.0.0	GCA_037049145.1	ST131	KL112		Typeable		98.36%	100.00%	0	11 / 11 (100.00%)	KL112_01_kpsF,99.69%,99.70%;KL112_02_kpsE,100.00%,99.74%;KL112_03_kpsD,99.28%,99.82%;KL112_04_kpsU,98.78%,99.60%;KL112_05_kpsC,97.04%,99.85%;KL112_06_kpsS,99.25%,99.75%;KL112_07_DB_group_33,97.67%,97.73%;KL112_08_kpsM_3,100.00%,99.61%;KL112_09_kpsT,99.55%,99.55%;KL112_10_DB_group_10,99.46%,99.91%;KL112_11_DB_group_79,99.77%,99.77%		0		0 / 11 (0.00%)		4	KL157_08_DB_group_38,100.00%,92.59%;KL186_09_DB_group_269,100.00%,14.63%,partial;KL147_13_rmlB,100.00%,7.11%,truncated;KL147_13_rmlB,100.00%,7.11%,truncated;KL147_13_rmlB,85.19%,7.11%,truncated;KL162_13_rmlA_2,88.19%,98.97%	KL186_09_DB_group_269,100.00%,14.63%,partial;KL147_13_rmlB,100.00%,7.11%,truncated;KL147_13_rmlB,100.00%,7.11%,truncated;KL147_13_rmlB,85.19%,7.11%,truncated		ST131
3.3.2	Escherichia_coli_Group_2_and_3_K	4.0.0	GCA_037049305.1	ST131	KL174		Typeable	?!	98.71%	100.00%		15 / 15 (100.00%)	KL174_01_kpsF,99.69%,99.70%;KL174_02_kpsE,100.00%,99.74%;KL174_03_kpsD,100.00%,99.82%;KL174_04_kpsU,95.93%,99.60%;KL174_05_kpsC,98.67%,99.85%;KL174_06_kpsS,99.76%,99.76%;KL174_07_kslE,100.00%,99.70%;KL174_08_kslD,100.00%,99.47%;KL174_09_kslD,100.00%,96.77%,partial;KL174_10_kslC,99.39%,99.69%;KL174_11_kslC,99.75%,92.71%;KL174_12_kslB,100.00%,99.76%;KL174_13_kslA,99.24%,99.24%;KL174_14_kpsT,100.00%,99.55%;KL174_15_kpsM,100.00%,99.61%		0		0 / 15 (0.00%)		4	KL128_09_DB_group_51,100.00%,3.64%,truncated;KL147_13_rmlB,100.00%,7.11%,truncated;KL147_13_rmlB,85.19%,7.11%,truncated;KL162_13_rmlA_2,88.19%,98.97%;KL173_12_DB_group_98_wckE_2,100.00%,6.13%,truncated;KL173_12_DB_group_98_wckE_2,100.00%,6.13%,truncated	KL128_09_DB_group_51,100.00%,3.64%,truncated;KL174_09_kslD,100.00%,96.77%,partial;KL147_13_rmlB,100.00%,7.11%,truncated;KL147_13_rmlB,85.19%,7.11%,truncated;KL173_12_DB_group_98_wckE_2,100.00%,6.13%,truncated;KL173_12_DB_group_98_wckE_2,100.00%,6.13%,truncated		ST131
3.3.2	Escherichia_coli_Group_2_and_3_K	4.0.0	GCA_037049765.1	ST131	KL112		Typeable	!	98.37%	100.00%	1	11 / 11 (100.00%)	KL112_01_kpsF,98.88%,86.59%,truncated;KL112_02_kpsE,100.00%,99.74%;KL112_03_kpsD,99.28%,99.82%;KL112_04_kpsU,98.78%,99.60%;KL112_05_kpsC,96.89%,99.85%;KL112_06_kpsS,99.25%,99.75%;KL112_07_DB_group_33,97.67%,97.73%;KL112_08_kpsM_3,100.00%,99.61%;KL112_09_kpsT,99.55%,99.55%;KL112_10_DB_group_10,99.46%,99.91%;KL112_11_DB_group_79,99.77%,99.77%		0		0 / 11 (0.00%)		6	KL128_09_DB_group_51,100.00%,3.64%,truncated;KL145_11_DB_group_98,100.00%,92.86%;KL157_08_DB_group_38,100.00%,92.59%;KL147_13_rmlB,100.00%,7.11%,truncated;KL147_13_rmlB,100.00%,7.11%,truncated;KL147_13_rmlB,85.19%,7.11%,truncated;KL162_13_rmlA_2,88.19%,98.97%;KL173_12_DB_group_98_wckE_2,100.00%,4.95%,partial	KL112_01_kpsF,98.88%,86.59%,truncated;KL128_09_DB_group_51,100.00%,3.64%,truncated;KL147_13_rmlB,100.00%,7.11%,truncated;KL147_13_rmlB,100.00%,7.11%,truncated;KL147_13_rmlB,85.19%,7.11%,truncated;KL173_12_DB_group_98_wckE_2,100.00%,4.95%,partial		ST131
3.3.2	Escherichia_coli_Group_2_and_3_K	4.0.0	GCA_037049825.1	ST131	KL127		Typeable		99.30%	95.77%	-776	14 / 14 (100.00%)	KL127_01_kpsF,100.00%,99.70%;KL127_02_kpsE,100.00%,99.74%;KL127_03_kpsD,100.00%,99.82%;KL127_04_kpsU,100.00%,99.60%;KL127_05_kpsC,100.00%,99.85%;KL127_06_kpsS,100.00%,99.74%;KL127_07_kfiD,100.00%,99.75%;KL127_08_kfiC,100.00%,99.69%;KL127_09_kfiC,100.00%,98.84%;KL127_10_kfiB,99.40%,99.40%;KL127_11_kfiB,100.00%,99.73%;KL127_12_kfiA,99.58%,99.58%;KL127_13_kpsT,100.00%,99.56%;KL127_14_kpsM,99.61%,99.61%		0		0 / 14 (0.00%)		5	KL128_09_DB_group_51,100.00%,3.64%,truncated;KL128_09_DB_group_51,100.00%,3.64%,truncated;KL145_11_DB_group_98,100.00%,92.86%;KL145_11_DB_group_98,100.00%,92.86%;KL145_11_DB_group_98,100.00%,92.86%;KL145_11_DB_group_98,100.00%,92.86%;KL145_11_DB_group_98,100.00%,92.86%,partial;KL147_13_rmlB,100.00%,7.11%,truncated;KL147_13_rmlB,85.19%,7.11%,truncated;KL162_13_rmlA_2,88.19%,98.97%;KL173_12_DB_group_98_wckE_2,100.00%,6.13%,truncated;KL173_12_DB_group_98_wckE_2,100.00%,6.13%,truncated;KL173_12_DB_group_98_wckE_2,100.00%,6.13%,truncated	KL128_09_DB_group_51,100.00%,3.64%,truncated;KL128_09_DB_group_51,100.00%,3.64%,truncated;KL145_11_DB_group_98,100.00%,92.86%,partial;KL147_13_rmlB,100.00%,7.11%,truncated;KL147_13_rmlB,85.19%,7.11%,truncated;KL173_12_DB_group_98_wckE_2,100.00%,6.13%,truncated;KL173_12_DB_group_98_wckE_2,100.00%,6.13%,truncated;KL173_12_DB_group_98_wckE_2,100.00%,6.13%,truncated		ST131
3.3.2	Escherichia_coli_Group_2_and_3_K	4.0.0	GCA_040713425.1	ST131	KL1	K1	Typeable		99.21%	100.00%	1	14 / 14 (100.00%)	KL1_01_kpsF,99.08%,99.70%;KL1_02_kpsE,100.00%,99.74%;KL1_03_kpsD,99.82%,99.82%;KL1_04_kpsU,98.37%,99.60%;KL1_05_kpsC,96.89%,99.85%;KL1_06_kpsS,97.71%,99.00%;KL1_07_neuS,100.00%,99.76%;KL1_08_neuE,98.43%,99.74%;KL1_09_neuC,99.74%,99.74%;KL1_10_neuA,99.52%,99.76%;KL1_11_neuB,99.42%,99.71%;KL1_12_neuD,100.00%,99.52%;KL1_13_kpsT,100.00%,99.55%;KL1_14_kpsM,100.00%,99.61%		0		0 / 14 (0.00%)		2	KL147_13_rmlB,100.00%,7.11%,truncated;KL147_13_rmlB,100.00%,3.16%,truncated;KL147_13_rmlB,85.19%,7.11%,truncated;KL173_12_DB_group_98_wckE_2,100.00%,6.13%,truncated;KL173_12_DB_group_98_wckE_2,100.00%,6.13%,truncated;KL173_12_DB_group_98_wckE_2,100.00%,6.13%,truncated;KL173_12_DB_group_98_wckE_2,100.00%,6.13%,truncated;KL173_12_DB_group_98_wckE_2,100.00%,6.13%,truncated	KL147_13_rmlB,100.00%,7.11%,truncated;KL147_13_rmlB,100.00%,3.16%,truncated;KL147_13_rmlB,85.19%,7.11%,truncated;KL173_12_DB_group_98_wckE_2,100.00%,6.13%,truncated;KL173_12_DB_group_98_wckE_2,100.00%,6.13%,truncated;KL173_12_DB_group_98_wckE_2,100.00%,6.13%,truncated;KL173_12_DB_group_98_wckE_2,100.00%,6.13%,truncated;KL173_12_DB_group_98_wckE_2,100.00%,6.13%,truncated		ST131
3.3.2	Escherichia_coli_Group_2_and_3_K	4.0.0	GCA_040716695.1	ST131	KL1	K1	Typeable		99.27%	100.00%	1	14 / 14 (100.00%)	KL1_01_kpsF,99.08%,99.70%;KL1_02_kpsE,100.00%,99.74%;KL1_03_kpsD,99.82%,99.82%;KL1_04_kpsU,98.37%,99.60%;KL1_05_kpsC,96.89%,99.85%;KL1_06_kpsS,97.71%,99.00%;KL1_07_neuS,100.00%,99.76%;KL1_08_neuE,98.43%,99.74%;KL1_09_neuC,99.74%,99.74%;KL1_10_neuA,99.52%,99.76%;KL1_11_neuB,99.42%,99.71%;KL1_12_neuD,100.00%,99.52%;KL1_13_kpsT,100.00%,99.55%;KL1_14_kpsM,100.00%,99.61%		0		0 / 14 (0.00%)		4	KL145_11_DB_group_98,100.00%,92.86%;KL186_09_DB_group_269,100.00%,26.83%,truncated;KL186_09_DB_group_269,100.00%,24.39%,truncated;KL186_09_DB_group_269,100.00%,24.39%,partial;KL147_13_rmlB,100.00%,7.11%,truncated;KL147_13_rmlB,100.00%,3.16%,truncated;KL147_13_rmlB,100.00%,3.16%,truncated;KL147_13_rmlB,85.19%,7.11%,truncated;KL173_12_DB_group_98_wckE_2,100.00%,6.13%,truncated;KL173_12_DB_group_98_wckE_2,100.00%,6.13%,truncated;KL173_12_DB_group_98_wckE_2,100.00%,6.13%,truncated;KL173_12_DB_group_98_wckE_2,100.00%,6.13%,truncated;KL173_12_DB_group_98_wckE_2,100.00%,6.13%,truncated;KL173_12_DB_group_98_wckE_2,100.00%,6.13%,truncated	KL186_09_DB_group_269,100.00%,26.83%,truncated;KL186_09_DB_group_269,100.00%,24.39%,truncated;KL186_09_DB_group_269,100.00%,24.39%,partial;KL147_13_rmlB,100.00%,7.11%,truncated;KL147_13_rmlB,100.00%,3.16%,truncated;KL147_13_rmlB,100.00%,3.16%,truncated;KL147_13_rmlB,85.19%,7.11%,truncated;KL173_12_DB_group_98_wckE_2,100.00%,6.13%,truncated;KL173_12_DB_group_98_wckE_2,100.00%,6.13%,truncated;KL173_12_DB_group_98_wckE_2,100.00%,6.13%,truncated;KL173_12_DB_group_98_wckE_2,100.00%,6.13%,truncated;KL173_12_DB_group_98_wckE_2,100.00%,6.13%,truncated;KL173_12_DB_group_98_wckE_2,100.00%,6.13%,truncated		ST131
3.3.2	Escherichia_coli_Group_2_and_3_K	4.0.0	GCA_907163515.1	ST131	KL174		Typeable		98.82%	100.00%	1547	15 / 15 (100.00%)	KL174_01_kpsF,99.69%,99.70%;KL174_02_kpsE,100.00%,99.74%;KL174_03_kpsD,100.00%,99.82%;KL174_04_kpsU,95.93%,99.60%;KL174_05_kpsC,98.67%,99.85%;KL174_06_kpsS,99.76%,99.76%;KL174_07_kslE,100.00%,99.70%;KL174_08_kslD,100.00%,99.47%;KL174_09_kslD,100.00%,100.00%;KL174_10_kslC,99.69%,99.69%;KL174_11_kslC,100.00%,92.71%;KL174_12_kslB,100.00%,99.76%;KL174_13_kslA,99.24%,99.24%;KL174_14_kpsT,100.00%,99.55%;KL174_15_kpsM,100.00%,99.61%		0		0 / 15 (0.00%)		4	KL128_09_DB_group_51,100.00%,3.64%,truncated;KL128_09_DB_group_51,100.00%,3.64%,partial;KL128_09_DB_group_51,100.00%,3.64%,truncated;KL128_09_DB_group_51,100.00%,3.64%,truncated;KL128_09_DB_group_51,100.00%,3.64%,truncated;KL147_13_rmlB,100.00%,7.11%,truncated;KL147_13_rmlB,100.00%,7.11%,truncated;KL147_13_rmlB,85.19%,7.11%,truncated;KL162_13_rmlA_2,88.19%,98.97%;KL173_12_DB_group_98_wckE_2,100.00%,6.13%,truncated;KL173_12_DB_group_98_wckE_2,100.00%,6.13%,truncated;KL173_12_DB_group_98_wckE_2,100.00%,6.13%,partial;KL173_12_DB_group_98_wckE_2,100.00%,6.13%,truncated;KL173_12_DB_group_98_wckE_2,100.00%,6.13%,truncated;KL173_12_DB_group_98_wckE_2,100.00%,6.13%,truncated	KL128_09_DB_group_51,100.00%,3.64%,truncated;KL128_09_DB_group_51,100.00%,3.64%,partial;KL128_09_DB_group_51,100.00%,3.64%,truncated;KL128_09_DB_group_51,100.00%,3.64%,truncated;KL128_09_DB_group_51,100.00%,3.64%,truncated;KL147_13_rmlB,100.00%,7.11%,truncated;KL147_13_rmlB,100.00%,7.11%,truncated;KL147_13_rmlB,85.19%,7.11%,truncated;KL173_12_DB_group_98_wckE_2,100.00%,6.13%,truncated;KL173_12_DB_group_98_wckE_2,100.00%,6.13%,truncated;KL173_12_DB_group_98_wckE_2,100.00%,6.13%,partial;KL173_12_DB_group_98_wckE_2,100.00%,6.13%,truncated;KL173_12_DB_group_98_wckE_2,100.00%,6.13%,truncated;KL173_12_DB_group_98_wckE_2,100.00%,6.13%,truncated		ST131
3.3.2	Escherichia_coli_Group_2_and_3_K	4.0.0	GCA_907163575.1	ST131	KL174		Typeable		98.82%	100.00%	1547	15 / 15 (100.00%)	KL174_01_kpsF,99.69%,99.70%;KL174_02_kpsE,100.00%,99.74%;KL174_03_kpsD,100.00%,99.82%;KL174_04_kpsU,95.93%,99.60%;KL174_05_kpsC,98.67%,99.85%;KL174_06_kpsS,99.76%,99.76%;KL174_07_kslE,100.00%,99.70%;KL174_08_kslD,100.00%,99.47%;KL174_09_kslD,100.00%,100.00%;KL174_10_kslC,99.69%,99.69%;KL174_11_kslC,100.00%,92.71%;KL174_12_kslB,100.00%,99.76%;KL174_13_kslA,99.24%,99.24%;KL174_14_kpsT,100.00%,99.55%;KL174_15_kpsM,100.00%,99.61%		0		0 / 15 (0.00%)		4	KL128_09_DB_group_51,100.00%,3.64%,truncated;KL128_09_DB_group_51,100.00%,3.64%,truncated;KL128_09_DB_group_51,100.00%,3.64%,truncated;KL128_09_DB_group_51,100.00%,3.64%,truncated;KL128_09_DB_group_51,100.00%,3.64%,truncated;KL147_13_rmlB,100.00%,7.11%,truncated;KL147_13_rmlB,100.00%,7.11%,truncated;KL147_13_rmlB,85.19%,7.11%,truncated;KL162_13_rmlA_2,88.19%,98.97%;KL173_12_DB_group_98_wckE_2,100.00%,6.13%,truncated;KL173_12_DB_group_98_wckE_2,100.00%,6.13%,truncated;KL173_12_DB_group_98_wckE_2,100.00%,6.13%,partial;KL173_12_DB_group_98_wckE_2,100.00%,6.13%,truncated;KL173_12_DB_group_98_wckE_2,100.00%,6.13%,truncated;KL173_12_DB_group_98_wckE_2,100.00%,6.13%,truncated	KL128_09_DB_group_51,100.00%,3.64%,truncated;KL128_09_DB_group_51,100.00%,3.64%,truncated;KL128_09_DB_group_51,100.00%,3.64%,truncated;KL128_09_DB_group_51,100.00%,3.64%,truncated;KL128_09_DB_group_51,100.00%,3.64%,truncated;KL147_13_rmlB,100.00%,7.11%,truncated;KL147_13_rmlB,100.00%,7.11%,truncated;KL147_13_rmlB,85.19%,7.11%,truncated;KL173_12_DB_group_98_wckE_2,100.00%,6.13%,truncated;KL173_12_DB_group_98_wckE_2,100.00%,6.13%,truncated;KL173_12_DB_group_98_wckE_2,100.00%,6.13%,partial;KL173_12_DB_group_98_wckE_2,100.00%,6.13%,truncated;KL173_12_DB_group_98_wckE_2,100.00%,6.13%,truncated;KL173_12_DB_group_98_wckE_2,100.00%,6.13%,truncated		ST131
3.3.2	Escherichia_coli_Group_2_and_3_K	4.0.0	GCA_907163605.1	ST131	KL174		Typeable		98.82%	100.00%	1547	15 / 15 (100.00%)	KL174_01_kpsF,99.69%,99.70%;KL174_02_kpsE,100.00%,99.74%;KL174_03_kpsD,100.00%,99.82%;KL174_04_kpsU,95.93%,99.60%;KL174_05_kpsC,98.67%,99.85%;KL174_06_kpsS,99.76%,99.76%;KL174_07_kslE,100.00%,99.70%;KL174_08_kslD,100.00%,99.47%;KL174_09_kslD,100.00%,100.00%;KL174_10_kslC,99.69%,99.69%;KL174_11_kslC,100.00%,92.71%;KL174_12_kslB,100.00%,99.76%;KL174_13_kslA,99.24%,99.24%;KL174_14_kpsT,100.00%,99.55%;KL174_15_kpsM,100.00%,99.61%		0		0 / 15 (0.00%)		4	KL128_09_DB_group_51,100.00%,3.64%,partial;KL128_09_DB_group_51,100.00%,3.64%,truncated;KL128_09_DB_group_51,100.00%,3.64%,truncated;KL128_09_DB_group_51,100.00%,3.64%,truncated;KL128_09_DB_group_51,100.00%,3.64%,truncated;KL147_13_rmlB,100.00%,7.11%,truncated;KL147_13_rmlB,100.00%,7.11%,truncated;KL147_13_rmlB,85.19%,7.11%,truncated;KL162_13_rmlA_2,88.19%,98.97%;KL173_12_DB_group_98_wckE_2,100.00%,6.13%,truncated;KL173_12_DB_group_98_wckE_2,100.00%,6.13%,truncated;KL173_12_DB_group_98_wckE_2,100.00%,6.13%,truncated;KL173_12_DB_group_98_wckE_2,100.00%,6.13%,truncated;KL173_12_DB_group_98_wckE_2,100.00%,6.13%,truncated;KL173_12_DB_group_98_wckE_2,100.00%,6.13%,truncated	KL128_09_DB_group_51,100.00%,3.64%,partial;KL128_09_DB_group_51,100.00%,3.64%,truncated;KL128_09_DB_group_51,100.00%,3.64%,truncated;KL128_09_DB_group_51,100.00%,3.64%,truncated;KL128_09_DB_group_51,100.00%,3.64%,truncated;KL147_13_rmlB,100.00%,7.11%,truncated;KL147_13_rmlB,100.00%,7.11%,truncated;KL147_13_rmlB,85.19%,7.11%,truncated;KL173_12_DB_group_98_wckE_2,100.00%,6.13%,truncated;KL173_12_DB_group_98_wckE_2,100.00%,6.13%,truncated;KL173_12_DB_group_98_wckE_2,100.00%,6.13%,truncated;KL173_12_DB_group_98_wckE_2,100.00%,6.13%,truncated;KL173_12_DB_group_98_wckE_2,100.00%,6.13%,truncated;KL173_12_DB_group_98_wckE_2,100.00%,6.13%,truncated		ST131
3.3.2	Escherichia_coli_Group_2_and_3_K	4.0.0	GCA_907163625.1	ST131	KL174		Typeable		98.82%	100.00%	1547	15 / 15 (100.00%)	KL174_01_kpsF,99.69%,99.70%;KL174_02_kpsE,100.00%,99.74%;KL174_03_kpsD,100.00%,99.82%;KL174_04_kpsU,95.93%,99.60%;KL174_05_kpsC,98.67%,99.85%;KL174_06_kpsS,99.76%,99.76%;KL174_07_kslE,100.00%,99.70%;KL174_08_kslD,100.00%,99.47%;KL174_09_kslD,100.00%,100.00%;KL174_10_kslC,99.69%,99.69%;KL174_11_kslC,100.00%,92.71%;KL174_12_kslB,100.00%,99.76%;KL174_13_kslA,99.24%,99.24%;KL174_14_kpsT,100.00%,99.55%;KL174_15_kpsM,100.00%,99.61%		0		0 / 15 (0.00%)		4	KL128_09_DB_group_51,100.00%,3.64%,partial;KL128_09_DB_group_51,100.00%,3.64%,truncated;KL128_09_DB_group_51,100.00%,3.64%,truncated;KL128_09_DB_group_51,100.00%,3.64%,truncated;KL128_09_DB_group_51,100.00%,3.64%,truncated;KL147_13_rmlB,100.00%,7.11%,truncated;KL147_13_rmlB,100.00%,7.11%,truncated;KL147_13_rmlB,85.19%,7.11%,truncated;KL162_13_rmlA_2,88.19%,98.97%;KL173_12_DB_group_98_wckE_2,100.00%,6.13%,truncated;KL173_12_DB_group_98_wckE_2,100.00%,6.13%,truncated;KL173_12_DB_group_98_wckE_2,100.00%,6.13%,truncated;KL173_12_DB_group_98_wckE_2,100.00%,6.13%,truncated;KL173_12_DB_group_98_wckE_2,100.00%,6.13%,partial;KL173_12_DB_group_98_wckE_2,100.00%,6.13%,truncated	KL128_09_DB_group_51,100.00%,3.64%,partial;KL128_09_DB_group_51,100.00%,3.64%,truncated;KL128_09_DB_group_51,100.00%,3.64%,truncated;KL128_09_DB_group_51,100.00%,3.64%,truncated;KL128_09_DB_group_51,100.00%,3.64%,truncated;KL147_13_rmlB,100.00%,7.11%,truncated;KL147_13_rmlB,100.00%,7.11%,truncated;KL147_13_rmlB,85.19%,7.11%,truncated;KL173_12_DB_group_98_wckE_2,100.00%,6.13%,truncated;KL173_12_DB_group_98_wckE_2,100.00%,6.13%,truncated;KL173_12_DB_group_98_wckE_2,100.00%,6.13%,truncated;KL173_12_DB_group_98_wckE_2,100.00%,6.13%,truncated;KL173_12_DB_group_98_wckE_2,100.00%,6.13%,partial;KL173_12_DB_group_98_wckE_2,100.00%,6.13%,truncated		ST131
3.3.2	Escherichia_coli_Group_2_and_3_K	4.0.0	GCA_907163635.1	ST131	KL174		Typeable		98.82%	100.00%	1547	15 / 15 (100.00%)	KL174_01_kpsF,99.69%,99.70%;KL174_02_kpsE,100.00%,99.74%;KL174_03_kpsD,100.00%,99.82%;KL174_04_kpsU,95.93%,99.60%;KL174_05_kpsC,98.67%,99.85%;KL174_06_kpsS,99.76%,99.76%;KL174_07_kslE,100.00%,99.70%;KL174_08_kslD,100.00%,99.47%;KL174_09_kslD,100.00%,100.00%;KL174_10_kslC,99.69%,99.69%;KL174_11_kslC,100.00%,92.71%;KL174_12_kslB,100.00%,99.76%;KL174_13_kslA,99.24%,99.24%;KL174_14_kpsT,100.00%,99.55%;KL174_15_kpsM,100.00%,99.61%		0		0 / 15 (0.00%)		4	KL128_09_DB_group_51,100.00%,3.64%,truncated;KL128_09_DB_group_51,100.00%,3.64%,truncated;KL128_09_DB_group_51,100.00%,3.64%,truncated;KL128_09_DB_group_51,100.00%,3.64%,truncated;KL128_09_DB_group_51,100.00%,3.64%,partial;KL147_13_rmlB,100.00%,7.11%,truncated;KL147_13_rmlB,100.00%,7.11%,truncated;KL147_13_rmlB,85.19%,7.11%,truncated;KL162_13_rmlA_2,88.19%,98.97%;KL173_12_DB_group_98_wckE_2,100.00%,6.13%,truncated;KL173_12_DB_group_98_wckE_2,100.00%,6.13%,truncated;KL173_12_DB_group_98_wckE_2,100.00%,6.13%,truncated;KL173_12_DB_group_98_wckE_2,100.00%,6.13%,truncated;KL173_12_DB_group_98_wckE_2,100.00%,6.13%,truncated;KL173_12_DB_group_98_wckE_2,100.00%,6.13%,partial	KL128_09_DB_group_51,100.00%,3.64%,truncated;KL128_09_DB_group_51,100.00%,3.64%,truncated;KL128_09_DB_group_51,100.00%,3.64%,truncated;KL128_09_DB_group_51,100.00%,3.64%,truncated;KL128_09_DB_group_51,100.00%,3.64%,partial;KL147_13_rmlB,100.00%,7.11%,truncated;KL147_13_rmlB,100.00%,7.11%,truncated;KL147_13_rmlB,85.19%,7.11%,truncated;KL173_12_DB_group_98_wckE_2,100.00%,6.13%,truncated;KL173_12_DB_group_98_wckE_2,100.00%,6.13%,truncated;KL173_12_DB_group_98_wckE_2,100.00%,6.13%,truncated;KL173_12_DB_group_98_wckE_2,100.00%,6.13%,truncated;KL173_12_DB_group_98_wckE_2,100.00%,6.13%,truncated;KL173_12_DB_group_98_wckE_2,100.00%,6.13%,partial		ST131
3.3.2	Escherichia_coli_Group_2_and_3_K	4.0.0	GCA_907163705.1	ST131	KL127		Typeable		99.30%	95.77%	-776	14 / 14 (100.00%)	KL127_01_kpsF,100.00%,99.70%;KL127_02_kpsE,100.00%,99.74%;KL127_03_kpsD,100.00%,99.82%;KL127_04_kpsU,100.00%,99.60%;KL127_05_kpsC,100.00%,99.85%;KL127_06_kpsS,100.00%,99.74%;KL127_07_kfiD,100.00%,99.75%;KL127_08_kfiC,100.00%,99.69%;KL127_09_kfiC,100.00%,98.84%;KL127_10_kfiB,99.40%,99.40%;KL127_11_kfiB,100.00%,99.73%;KL127_12_kfiA,99.58%,99.58%;KL127_13_kpsT,100.00%,99.56%;KL127_14_kpsM,99.61%,99.61%		0		0 / 14 (0.00%)		7	KL128_09_DB_group_51,100.00%,3.64%,truncated;KL128_09_DB_group_51,100.00%,3.64%,partial;KL128_09_DB_group_51,100.00%,3.64%,truncated;KL128_09_DB_group_51,100.00%,3.64%,truncated;KL128_09_DB_group_51,100.00%,3.64%,truncated;KL128_09_DB_group_51,100.00%,3.64%,truncated;KL145_11_DB_group_98,100.00%,92.86%;KL145_11_DB_group_98,100.00%,92.86%;KL145_11_DB_group_98,100.00%,92.86%;KL145_11_DB_group_98,100.00%,92.86%,partial;KL157_08_DB_group_38,100.00%,92.59%;KL186_09_DB_group_269,100.00%,14.63%,truncated;KL147_13_rmlB,100.00%,7.11%,truncated;KL147_13_rmlB,100.00%,7.11%,truncated;KL147_13_rmlB,85.19%,7.11%,truncated;KL162_13_rmlA_2,88.19%,98.97%;KL173_12_DB_group_98_wckE_2,100.00%,6.13%,partial;KL173_12_DB_group_98_wckE_2,96.15%,6.13%,truncated	KL128_09_DB_group_51,100.00%,3.64%,truncated;KL128_09_DB_group_51,100.00%,3.64%,partial;KL128_09_DB_group_51,100.00%,3.64%,truncated;KL128_09_DB_group_51,100.00%,3.64%,truncated;KL128_09_DB_group_51,100.00%,3.64%,truncated;KL128_09_DB_group_51,100.00%,3.64%,truncated;KL145_11_DB_group_98,100.00%,92.86%,partial;KL186_09_DB_group_269,100.00%,14.63%,truncated;KL147_13_rmlB,100.00%,7.11%,truncated;KL147_13_rmlB,100.00%,7.11%,truncated;KL147_13_rmlB,85.19%,7.11%,truncated;KL173_12_DB_group_98_wckE_2,100.00%,6.13%,partial;KL173_12_DB_group_98_wckE_2,96.15%,6.13%,truncated		ST131
3.3.2	Escherichia_coli_Group_2_and_3_K	4.0.0	GCA_907163735.1	ST131	KL114		Typeable	+	98.88%	100.00%	1	11 / 11 (100.00%)	KL114_01_kpsF,100.00%,99.70%;KL114_02_kpsE,100.00%,99.74%;KL114_03_kpsD,100.00%,99.82%;KL114_04_kpsU,100.00%,99.60%;KL114_05_kpsC,100.00%,99.85%;KL114_06_kpsS,100.00%,99.75%;KL114_07_DB_group_97,100.00%,99.87%;KL114_08_kfoA,99.60%,99.61%;KL114_09_kfoA,100.00%,98.25%;KL114_10_kpsT,100.00%,99.55%;KL114_11_kpsM,100.00%,99.61%		1	KL14_07_vatD,97.61%,99.52%	0 / 11 (0.00%)		4	KL128_09_DB_group_51,100.00%,3.64%,truncated;KL128_09_DB_group_51,100.00%,3.64%,truncated;KL147_13_rmlB,100.00%,7.11%,truncated;KL147_13_rmlB,85.19%,7.11%,truncated;KL162_13_rmlA_2,88.19%,98.97%;KL173_12_DB_group_98_wckE_2,100.00%,6.13%,truncated;KL173_12_DB_group_98_wckE_2,100.00%,6.13%,truncated;KL173_12_DB_group_98_wckE_2,100.00%,6.13%,truncated;KL173_12_DB_group_98_wckE_2,100.00%,6.13%,truncated;KL173_12_DB_group_98_wckE_2,100.00%,6.13%,truncated	KL128_09_DB_group_51,100.00%,3.64%,truncated;KL128_09_DB_group_51,100.00%,3.64%,truncated;KL147_13_rmlB,100.00%,7.11%,truncated;KL147_13_rmlB,85.19%,7.11%,truncated;KL173_12_DB_group_98_wckE_2,100.00%,6.13%,truncated;KL173_12_DB_group_98_wckE_2,100.00%,6.13%,truncated;KL173_12_DB_group_98_wckE_2,100.00%,6.13%,truncated;KL173_12_DB_group_98_wckE_2,100.00%,6.13%,truncated;KL173_12_DB_group_98_wckE_2,100.00%,6.13%,truncated		ST131
3.3.2	Escherichia_coli_Group_2_and_3_K	4.0.0	GCA_907163765.1	ST131	KL127		Typeable		99.30%	95.77%	-776	14 / 14 (100.00%)	KL127_01_kpsF,100.00%,99.70%;KL127_02_kpsE,100.00%,99.74%;KL127_03_kpsD,100.00%,99.82%;KL127_04_kpsU,100.00%,99.60%;KL127_05_kpsC,100.00%,99.85%;KL127_06_kpsS,100.00%,99.74%;KL127_07_kfiD,100.00%,99.75%;KL127_08_kfiC,100.00%,99.69%;KL127_09_kfiC,100.00%,98.84%;KL127_10_kfiB,99.40%,99.40%;KL127_11_kfiB,100.00%,99.73%;KL127_12_kfiA,99.58%,99.58%;KL127_13_kpsT,100.00%,99.56%;KL127_14_kpsM,99.61%,99.61%		0		0 / 14 (0.00%)		7	KL128_09_DB_group_51,100.00%,3.64%,truncated;KL128_09_DB_group_51,100.00%,3.64%,truncated;KL128_09_DB_group_51,100.00%,3.64%,truncated;KL128_09_DB_group_51,100.00%,3.64%,truncated;KL128_09_DB_group_51,100.00%,3.64%,partial;KL128_09_DB_group_51,100.00%,3.64%,truncated;KL145_11_DB_group_98,100.00%,92.86%;KL145_11_DB_group_98,100.00%,92.86%;KL145_11_DB_group_98,100.00%,92.86%;KL157_08_DB_group_38,100.00%,92.59%;KL186_09_DB_group_269,100.00%,14.63%,truncated;KL147_13_rmlB,100.00%,7.11%,truncated;KL147_13_rmlB,100.00%,7.11%,truncated;KL147_13_rmlB,85.19%,7.11%,truncated;KL162_13_rmlA_2,88.19%,98.97%;KL173_12_DB_group_98_wckE_2,100.00%,6.13%,partial;KL173_12_DB_group_98_wckE_2,96.15%,6.13%,truncated	KL128_09_DB_group_51,100.00%,3.64%,truncated;KL128_09_DB_group_51,100.00%,3.64%,truncated;KL128_09_DB_group_51,100.00%,3.64%,truncated;KL128_09_DB_group_51,100.00%,3.64%,truncated;KL128_09_DB_group_51,100.00%,3.64%,partial;KL128_09_DB_group_51,100.00%,3.64%,truncated;KL186_09_DB_group_269,100.00%,14.63%,truncated;KL147_13_rmlB,100.00%,7.11%,truncated;KL147_13_rmlB,100.00%,7.11%,truncated;KL147_13_rmlB,85.19%,7.11%,truncated;KL173_12_DB_group_98_wckE_2,100.00%,6.13%,partial;KL173_12_DB_group_98_wckE_2,96.15%,6.13%,truncated		ST131
3.3.2	Escherichia_coli_Group_2_and_3_K	4.0.0	GCA_907163805.1	ST131	KL127		Typeable		99.33%	95.77%	-776	14 / 14 (100.00%)	KL127_01_kpsF,100.00%,99.70%;KL127_02_kpsE,100.00%,99.74%;KL127_03_kpsD,99.82%,99.82%;KL127_04_kpsU,100.00%,99.60%;KL127_05_kpsC,100.00%,99.85%;KL127_06_kpsS,100.00%,99.74%;KL127_07_kfiD,100.00%,99.75%;KL127_08_kfiC,100.00%,99.69%;KL127_09_kfiC,100.00%,98.84%;KL127_10_kfiB,99.40%,99.40%;KL127_11_kfiB,100.00%,99.73%;KL127_12_kfiA,99.58%,99.58%;KL127_13_kpsT,100.00%,99.56%;KL127_14_kpsM,99.61%,99.61%		0		0 / 14 (0.00%)		7	KL128_09_DB_group_51,100.00%,3.64%,truncated;KL128_09_DB_group_51,100.00%,3.64%,truncated;KL128_09_DB_group_51,100.00%,3.64%,truncated;KL128_09_DB_group_51,100.00%,3.64%,truncated;KL145_11_DB_group_98,100.00%,92.86%;KL145_11_DB_group_98,100.00%,92.86%;KL145_11_DB_group_98,100.00%,92.86%;KL145_11_DB_group_98,100.00%,92.86%,partial;KL145_11_DB_group_98,100.00%,92.86%;KL157_08_DB_group_38,100.00%,92.59%;KL186_09_DB_group_269,100.00%,14.63%,truncated;KL147_13_rmlB,100.00%,7.11%,truncated;KL147_13_rmlB,100.00%,7.11%,truncated;KL147_13_rmlB,85.19%,7.11%,truncated;KL162_13_rmlA_2,88.19%,98.97%;KL173_12_DB_group_98_wckE_2,100.00%,6.13%,partial;KL173_12_DB_group_98_wckE_2,96.15%,6.13%,truncated	KL128_09_DB_group_51,100.00%,3.64%,truncated;KL128_09_DB_group_51,100.00%,3.64%,truncated;KL128_09_DB_group_51,100.00%,3.64%,truncated;KL128_09_DB_group_51,100.00%,3.64%,truncated;KL145_11_DB_group_98,100.00%,92.86%,partial;KL186_09_DB_group_269,100.00%,14.63%,truncated;KL147_13_rmlB,100.00%,7.11%,truncated;KL147_13_rmlB,100.00%,7.11%,truncated;KL147_13_rmlB,85.19%,7.11%,truncated;KL173_12_DB_group_98_wckE_2,100.00%,6.13%,partial;KL173_12_DB_group_98_wckE_2,96.15%,6.13%,truncated		ST131
3.3.2	Escherichia_coli_Group_2_and_3_K	4.0.0	GCA_907163815.1	ST131	KL127		Typeable		99.30%	95.77%	-776	14 / 14 (100.00%)	KL127_01_kpsF,100.00%,99.70%;KL127_02_kpsE,100.00%,99.74%;KL127_03_kpsD,100.00%,99.82%;KL127_04_kpsU,100.00%,99.60%;KL127_05_kpsC,100.00%,99.85%;KL127_06_kpsS,100.00%,99.74%;KL127_07_kfiD,100.00%,99.75%;KL127_08_kfiC,100.00%,99.69%;KL127_09_kfiC,100.00%,98.84%;KL127_10_kfiB,99.40%,99.40%;KL127_11_kfiB,100.00%,99.73%;KL127_12_kfiA,99.58%,99.58%;KL127_13_kpsT,100.00%,99.56%;KL127_14_kpsM,99.61%,99.61%		0		0 / 14 (0.00%)		7	KL128_09_DB_group_51,100.00%,3.64%,truncated;KL128_09_DB_group_51,100.00%,3.64%,truncated;KL128_09_DB_group_51,100.00%,3.64%,truncated;KL128_09_DB_group_51,100.00%,3.64%,truncated;KL128_09_DB_group_51,100.00%,3.64%,truncated;KL145_11_DB_group_98,100.00%,92.86%;KL145_11_DB_group_98,100.00%,92.86%;KL145_11_DB_group_98,100.00%,92.86%;KL145_11_DB_group_98,100.00%,92.86%,partial;KL157_08_DB_group_38,100.00%,92.59%;KL186_09_DB_group_269,100.00%,14.63%,truncated;KL147_13_rmlB,100.00%,7.11%,truncated;KL147_13_rmlB,100.00%,7.11%,truncated;KL147_13_rmlB,85.19%,7.11%,truncated;KL162_13_rmlA_2,88.19%,98.97%;KL173_12_DB_group_98_wckE_2,100.00%,6.13%,partial;KL173_12_DB_group_98_wckE_2,100.00%,6.13%,truncated	KL128_09_DB_group_51,100.00%,3.64%,truncated;KL128_09_DB_group_51,100.00%,3.64%,truncated;KL128_09_DB_group_51,100.00%,3.64%,truncated;KL128_09_DB_group_51,100.00%,3.64%,truncated;KL128_09_DB_group_51,100.00%,3.64%,truncated;KL145_11_DB_group_98,100.00%,92.86%,partial;KL186_09_DB_group_269,100.00%,14.63%,truncated;KL147_13_rmlB,100.00%,7.11%,truncated;KL147_13_rmlB,100.00%,7.11%,truncated;KL147_13_rmlB,85.19%,7.11%,truncated;KL173_12_DB_group_98_wckE_2,100.00%,6.13%,partial;KL173_12_DB_group_98_wckE_2,100.00%,6.13%,truncated		ST131
3.3.2	Escherichia_coli_Group_2_and_3_K	4.0.0	GCA_907163825.1	ST131	KL127		Typeable		99.33%	95.77%	-776	14 / 14 (100.00%)	KL127_01_kpsF,100.00%,99.70%;KL127_02_kpsE,100.00%,99.74%;KL127_03_kpsD,99.82%,99.82%;KL127_04_kpsU,100.00%,99.60%;KL127_05_kpsC,100.00%,99.85%;KL127_06_kpsS,100.00%,99.74%;KL127_07_kfiD,100.00%,99.75%;KL127_08_kfiC,100.00%,99.69%;KL127_09_kfiC,100.00%,98.84%;KL127_10_kfiB,99.40%,99.40%;KL127_11_kfiB,100.00%,99.73%;KL127_12_kfiA,99.58%,99.58%;KL127_13_kpsT,100.00%,99.56%;KL127_14_kpsM,99.61%,99.61%		0		0 / 14 (0.00%)		7	KL128_09_DB_group_51,100.00%,3.64%,truncated;KL128_09_DB_group_51,100.00%,3.64%,partial;KL128_09_DB_group_51,100.00%,3.64%,truncated;KL128_09_DB_group_51,100.00%,3.64%,truncated;KL128_09_DB_group_51,100.00%,3.64%,truncated;KL145_11_DB_group_98,100.00%,92.86%;KL145_11_DB_group_98,100.00%,92.86%;KL145_11_DB_group_98,100.00%,92.86%;KL145_11_DB_group_98,100.00%,92.86%;KL145_11_DB_group_98,100.00%,92.86%,partial;KL157_08_DB_group_38,100.00%,92.59%;KL186_09_DB_group_269,100.00%,14.63%,truncated;KL147_13_rmlB,100.00%,7.11%,truncated;KL147_13_rmlB,100.00%,7.11%,truncated;KL147_13_rmlB,85.19%,7.11%,truncated;KL162_13_rmlA_2,88.19%,98.97%;KL173_12_DB_group_98_wckE_2,100.00%,6.13%,partial;KL173_12_DB_group_98_wckE_2,96.15%,6.13%,truncated	KL128_09_DB_group_51,100.00%,3.64%,truncated;KL128_09_DB_group_51,100.00%,3.64%,partial;KL128_09_DB_group_51,100.00%,3.64%,truncated;KL128_09_DB_group_51,100.00%,3.64%,truncated;KL128_09_DB_group_51,100.00%,3.64%,truncated;KL145_11_DB_group_98,100.00%,92.86%,partial;KL186_09_DB_group_269,100.00%,14.63%,truncated;KL147_13_rmlB,100.00%,7.11%,truncated;KL147_13_rmlB,100.00%,7.11%,truncated;KL147_13_rmlB,85.19%,7.11%,truncated;KL173_12_DB_group_98_wckE_2,100.00%,6.13%,partial;KL173_12_DB_group_98_wckE_2,96.15%,6.13%,truncated		ST131
3.3.2	Escherichia_coli_Group_2_and_3_K	4.0.0	GCA_907163915.1	ST131	KL114		Typeable	+	98.88%	100.00%	1	11 / 11 (100.00%)	KL114_01_kpsF,100.00%,99.70%;KL114_02_kpsE,100.00%,99.74%;KL114_03_kpsD,100.00%,99.82%;KL114_04_kpsU,100.00%,99.60%;KL114_05_kpsC,100.00%,99.85%;KL114_06_kpsS,100.00%,99.75%;KL114_07_DB_group_97,100.00%,99.87%;KL114_08_kfoA,99.60%,99.61%;KL114_09_kfoA,100.00%,98.25%;KL114_10_kpsT,100.00%,99.55%;KL114_11_kpsM,100.00%,99.61%		1	KL14_07_vatD,97.61%,99.52%	0 / 11 (0.00%)		4	KL128_09_DB_group_51,100.00%,3.64%,truncated;KL128_09_DB_group_51,100.00%,3.64%,truncated;KL147_13_rmlB,100.00%,7.11%,truncated;KL147_13_rmlB,85.19%,7.11%,truncated;KL162_13_rmlA_2,88.19%,98.97%;KL173_12_DB_group_98_wckE_2,100.00%,6.13%,truncated;KL173_12_DB_group_98_wckE_2,100.00%,6.13%,truncated;KL173_12_DB_group_98_wckE_2,100.00%,6.13%,partial;KL173_12_DB_group_98_wckE_2,100.00%,6.13%,truncated;KL173_12_DB_group_98_wckE_2,100.00%,6.13%,truncated;KL173_12_DB_group_98_wckE_2,100.00%,6.13%,truncated	KL128_09_DB_group_51,100.00%,3.64%,truncated;KL128_09_DB_group_51,100.00%,3.64%,truncated;KL147_13_rmlB,100.00%,7.11%,truncated;KL147_13_rmlB,85.19%,7.11%,truncated;KL173_12_DB_group_98_wckE_2,100.00%,6.13%,truncated;KL173_12_DB_group_98_wckE_2,100.00%,6.13%,truncated;KL173_12_DB_group_98_wckE_2,100.00%,6.13%,partial;KL173_12_DB_group_98_wckE_2,100.00%,6.13%,truncated;KL173_12_DB_group_98_wckE_2,100.00%,6.13%,truncated;KL173_12_DB_group_98_wckE_2,100.00%,6.13%,truncated		ST131
3.3.2	Escherichia_coli_Group_2_and_3_K	4.0.0	GCA_907164245.1	ST131	KL127		Typeable		99.17%	95.31%	-860	14 / 14 (100.00%)	KL127_01_kpsF,100.00%,99.70%;KL127_02_kpsE,100.00%,99.74%;KL127_03_kpsD,100.00%,99.82%;KL127_04_kpsU,100.00%,99.60%;KL127_05_kpsC,100.00%,99.85%;KL127_06_kpsS,100.00%,99.74%;KL127_07_kfiD,100.00%,99.75%;KL127_08_kfiC,100.00%,99.69%;KL127_09_kfiC,100.00%,98.84%;KL127_10_kfiB,99.39%,98.20%;KL127_11_kfiB,100.00%,99.73%;KL127_12_kfiA,99.58%,99.58%;KL127_13_kpsT,100.00%,99.56%;KL127_14_kpsM,99.61%,99.61%		0		0 / 14 (0.00%)		6	KL128_09_DB_group_51,100.00%,3.64%,truncated;KL128_09_DB_group_51,100.00%,3.64%,truncated;KL128_09_DB_group_51,100.00%,3.64%,truncated;KL128_09_DB_group_51,100.00%,3.64%,truncated;KL157_08_DB_group_38,100.00%,92.59%;KL186_09_DB_group_269,100.00%,14.63%,truncated;KL147_13_rmlB,100.00%,7.11%,truncated;KL147_13_rmlB,100.00%,7.11%,truncated;KL147_13_rmlB,85.19%,7.11%,truncated;KL162_13_rmlA_2,88.19%,98.97%;KL173_12_DB_group_98_wckE_2,100.00%,6.13%,partial;KL173_12_DB_group_98_wckE_2,96.15%,6.13%,truncated	KL128_09_DB_group_51,100.00%,3.64%,truncated;KL128_09_DB_group_51,100.00%,3.64%,truncated;KL128_09_DB_group_51,100.00%,3.64%,truncated;KL128_09_DB_group_51,100.00%,3.64%,truncated;KL186_09_DB_group_269,100.00%,14.63%,truncated;KL147_13_rmlB,100.00%,7.11%,truncated;KL147_13_rmlB,100.00%,7.11%,truncated;KL147_13_rmlB,85.19%,7.11%,truncated;KL173_12_DB_group_98_wckE_2,100.00%,6.13%,partial;KL173_12_DB_group_98_wckE_2,96.15%,6.13%,truncated		ST131
3.3.2	Escherichia_coli_Group_2_and_3_K	4.0.0	GCA_907164365.1	ST131	KL127		Typeable		99.33%	95.77%	-776	14 / 14 (100.00%)	KL127_01_kpsF,100.00%,99.70%;KL127_02_kpsE,100.00%,99.74%;KL127_03_kpsD,99.82%,99.82%;KL127_04_kpsU,100.00%,99.60%;KL127_05_kpsC,100.00%,99.85%;KL127_06_kpsS,100.00%,99.74%;KL127_07_kfiD,100.00%,99.75%;KL127_08_kfiC,100.00%,99.69%;KL127_09_kfiC,100.00%,98.84%;KL127_10_kfiB,99.40%,99.40%;KL127_11_kfiB,100.00%,99.73%;KL127_12_kfiA,99.58%,99.58%;KL127_13_kpsT,100.00%,99.56%;KL127_14_kpsM,99.61%,99.61%		0		0 / 14 (0.00%)		7	KL128_09_DB_group_51,100.00%,3.64%,truncated;KL128_09_DB_group_51,100.00%,3.64%,truncated;KL128_09_DB_group_51,100.00%,3.64%,truncated;KL128_09_DB_group_51,100.00%,3.64%,partial;KL128_09_DB_group_51,100.00%,3.64%,truncated;KL145_11_DB_group_98,100.00%,92.86%;KL145_11_DB_group_98,100.00%,92.86%;KL145_11_DB_group_98,100.00%,92.86%,partial;KL145_11_DB_group_98,100.00%,92.86%;KL145_11_DB_group_98,100.00%,92.86%;KL157_08_DB_group_38,100.00%,92.59%;KL186_09_DB_group_269,100.00%,14.63%,truncated;KL147_13_rmlB,100.00%,7.11%,truncated;KL147_13_rmlB,100.00%,7.11%,truncated;KL147_13_rmlB,85.19%,7.11%,truncated;KL162_13_rmlA_2,88.19%,98.97%;KL173_12_DB_group_98_wckE_2,100.00%,6.13%,partial;KL173_12_DB_group_98_wckE_2,96.15%,6.13%,truncated	KL128_09_DB_group_51,100.00%,3.64%,truncated;KL128_09_DB_group_51,100.00%,3.64%,truncated;KL128_09_DB_group_51,100.00%,3.64%,truncated;KL128_09_DB_group_51,100.00%,3.64%,partial;KL128_09_DB_group_51,100.00%,3.64%,truncated;KL145_11_DB_group_98,100.00%,92.86%,partial;KL186_09_DB_group_269,100.00%,14.63%,truncated;KL147_13_rmlB,100.00%,7.11%,truncated;KL147_13_rmlB,100.00%,7.11%,truncated;KL147_13_rmlB,85.19%,7.11%,truncated;KL173_12_DB_group_98_wckE_2,100.00%,6.13%,partial;KL173_12_DB_group_98_wckE_2,96.15%,6.13%,truncated		ST131
3.3.2	Escherichia_coli_Group_2_and_3_K	4.0.0	GCA_907164375.1	ST131	KL127		Typeable		99.33%	95.31%	-860	14 / 14 (100.00%)	KL127_01_kpsF,100.00%,99.70%;KL127_02_kpsE,100.00%,99.74%;KL127_03_kpsD,99.82%,99.82%;KL127_04_kpsU,100.00%,99.60%;KL127_05_kpsC,100.00%,99.85%;KL127_06_kpsS,100.00%,99.74%;KL127_07_kfiD,100.00%,99.75%;KL127_08_kfiC,100.00%,99.69%;KL127_09_kfiC,100.00%,98.84%;KL127_10_kfiB,99.39%,98.20%;KL127_11_kfiB,100.00%,99.73%;KL127_12_kfiA,99.58%,99.58%;KL127_13_kpsT,100.00%,99.56%;KL127_14_kpsM,99.61%,99.61%		0		0 / 14 (0.00%)		7	KL128_09_DB_group_51,100.00%,3.64%,truncated;KL128_09_DB_group_51,100.00%,3.64%,partial;KL128_09_DB_group_51,100.00%,3.64%,truncated;KL128_09_DB_group_51,100.00%,3.64%,truncated;KL128_09_DB_group_51,100.00%,3.64%,truncated;KL145_11_DB_group_98,100.00%,92.86%;KL145_11_DB_group_98,100.00%,92.86%,partial;KL145_11_DB_group_98,100.00%,92.86%;KL145_11_DB_group_98,100.00%,92.86%;KL145_11_DB_group_98,100.00%,92.86%;KL157_08_DB_group_38,100.00%,92.59%;KL186_09_DB_group_269,100.00%,14.63%,truncated;KL147_13_rmlB,100.00%,7.11%,truncated;KL147_13_rmlB,100.00%,7.11%,truncated;KL147_13_rmlB,85.19%,7.11%,truncated;KL162_13_rmlA_2,88.19%,98.97%;KL173_12_DB_group_98_wckE_2,100.00%,6.13%,partial;KL173_12_DB_group_98_wckE_2,96.15%,6.13%,truncated	KL128_09_DB_group_51,100.00%,3.64%,truncated;KL128_09_DB_group_51,100.00%,3.64%,partial;KL128_09_DB_group_51,100.00%,3.64%,truncated;KL128_09_DB_group_51,100.00%,3.64%,truncated;KL128_09_DB_group_51,100.00%,3.64%,truncated;KL145_11_DB_group_98,100.00%,92.86%,partial;KL186_09_DB_group_269,100.00%,14.63%,truncated;KL147_13_rmlB,100.00%,7.11%,truncated;KL147_13_rmlB,100.00%,7.11%,truncated;KL147_13_rmlB,85.19%,7.11%,truncated;KL173_12_DB_group_98_wckE_2,100.00%,6.13%,partial;KL173_12_DB_group_98_wckE_2,96.15%,6.13%,truncated		ST131
3.3.2	Escherichia_coli_Group_2_and_3_K	4.0.0	GCA_964006015.1	ST131	KL138		Typeable		100.00%	95.29%	-777	12 / 12 (100.00%)	KL138_01_kpsF,100.00%,99.70%;KL138_02_kpsE,100.00%,99.74%;KL138_03_kpsD,100.00%,99.82%;KL138_04_kpsU,100.00%,99.60%;KL138_05_kpsC,100.00%,99.85%;KL138_06_kpsS,100.00%,99.75%;KL138_07_ybl128,100.00%,99.74%;KL138_08_DB_group_110,100.00%,99.79%;KL138_09_DB_group_43,100.00%,99.39%;KL138_10_DB_group_43,100.00%,99.78%;KL138_11_kpsT,100.00%,99.55%;KL138_12_kpsM,100.00%,99.61%		0		0 / 12 (0.00%)		3	KL128_09_DB_group_51,100.00%,3.78%,truncated;KL128_09_DB_group_51,100.00%,3.64%,truncated;KL128_09_DB_group_51,100.00%,3.64%,truncated;KL147_13_rmlB,100.00%,7.11%,truncated;KL147_13_rmlB,100.00%,7.11%,truncated;KL147_13_rmlB,85.19%,7.11%,truncated;KL173_12_DB_group_98_wckE_2,100.00%,6.13%,truncated;KL173_12_DB_group_98_wckE_2,100.00%,6.13%,truncated	KL128_09_DB_group_51,100.00%,3.78%,truncated;KL128_09_DB_group_51,100.00%,3.64%,truncated;KL128_09_DB_group_51,100.00%,3.64%,truncated;KL147_13_rmlB,100.00%,7.11%,truncated;KL147_13_rmlB,100.00%,7.11%,truncated;KL147_13_rmlB,85.19%,7.11%,truncated;KL173_12_DB_group_98_wckE_2,100.00%,6.13%,truncated;KL173_12_DB_group_98_wckE_2,100.00%,6.13%,truncated		ST131
3.3.2	Escherichia_coli_Group_2_and_3_K	4.0.0	GCA_964006025.1	ST131	KL127		Typeable		99.12%	95.77%	-776	14 / 14 (100.00%)	KL127_01_kpsF,100.00%,99.70%;KL127_02_kpsE,100.00%,99.74%;KL127_03_kpsD,100.00%,99.82%;KL127_04_kpsU,100.00%,99.60%;KL127_05_kpsC,100.00%,99.85%;KL127_06_kpsS,100.00%,99.74%;KL127_07_kfiD,100.00%,99.75%;KL127_08_kfiC,100.00%,99.69%;KL127_09_kfiC,100.00%,98.84%;KL127_10_kfiB,99.40%,99.40%;KL127_11_kfiB,100.00%,99.73%;KL127_12_kfiA,99.58%,99.58%;KL127_13_kpsT,100.00%,99.56%;KL127_14_kpsM,99.61%,99.61%		0		0 / 14 (0.00%)		4	KL128_09_DB_group_51,100.00%,3.64%,truncated;KL147_13_rmlB,100.00%,7.11%,truncated;KL147_13_rmlB,100.00%,7.11%,truncated;KL147_13_rmlB,96.30%,7.63%,truncated;KL147_13_rmlB,85.19%,7.11%,truncated;KL162_13_rmlA_2,88.19%,98.97%;KL173_12_DB_group_98_wckE_2,100.00%,6.13%,truncated	KL128_09_DB_group_51,100.00%,3.64%,truncated;KL147_13_rmlB,100.00%,7.11%,truncated;KL147_13_rmlB,100.00%,7.11%,truncated;KL147_13_rmlB,96.30%,7.63%,truncated;KL147_13_rmlB,85.19%,7.11%,truncated;KL173_12_DB_group_98_wckE_2,100.00%,6.13%,truncated		ST131
3.3.2	Escherichia_coli_Group_2_and_3_K	4.0.0	GCA_964006055.1	ST131	KL174		Typeable		99.24%	100.00%	1547	15 / 15 (100.00%)	KL174_01_kpsF,100.00%,99.70%;KL174_02_kpsE,100.00%,99.74%;KL174_03_kpsD,100.00%,99.82%;KL174_04_kpsU,100.00%,99.60%;KL174_05_kpsC,100.00%,99.85%;KL174_06_kpsS,100.00%,99.76%;KL174_07_kslE,100.00%,99.70%;KL174_08_kslD,100.00%,99.47%;KL174_09_kslD,100.00%,100.00%;KL174_10_kslC,99.69%,99.69%;KL174_11_kslC,100.00%,92.71%;KL174_12_kslB,100.00%,99.76%;KL174_13_kslA,100.00%,99.24%;KL174_14_kpsT,100.00%,99.55%;KL174_15_kpsM,100.00%,99.61%		0		0 / 15 (0.00%)		3	KL128_09_DB_group_51,100.00%,3.64%,truncated;KL128_09_DB_group_51,100.00%,3.64%,truncated;KL147_13_rmlB,100.00%,7.11%,truncated;KL147_13_rmlB,85.19%,7.11%,truncated;KL162_13_rmlA_2,88.19%,98.97%	KL128_09_DB_group_51,100.00%,3.64%,truncated;KL128_09_DB_group_51,100.00%,3.64%,truncated;KL147_13_rmlB,100.00%,7.11%,truncated;KL147_13_rmlB,85.19%,7.11%,truncated		ST131
3.3.2	Escherichia_coli_Group_2_and_3_K	4.0.0	GCA_964006105.1	ST131	KL138		Typeable		100.00%	95.29%	-777	12 / 12 (100.00%)	KL138_01_kpsF,100.00%,99.70%;KL138_02_kpsE,100.00%,99.74%;KL138_03_kpsD,100.00%,99.82%;KL138_04_kpsU,100.00%,99.60%;KL138_05_kpsC,100.00%,99.85%;KL138_06_kpsS,100.00%,99.75%;KL138_07_ybl128,100.00%,99.74%;KL138_08_DB_group_110,100.00%,99.79%;KL138_09_DB_group_43,100.00%,99.39%;KL138_10_DB_group_43,100.00%,99.78%;KL138_11_kpsT,100.00%,99.55%;KL138_12_kpsM,100.00%,99.61%		0		0 / 12 (0.00%)		3	KL128_09_DB_group_51,100.00%,3.78%,truncated;KL128_09_DB_group_51,100.00%,3.64%,truncated;KL147_13_rmlB,100.00%,7.63%,truncated;KL147_13_rmlB,100.00%,7.11%,truncated;KL147_13_rmlB,85.19%,7.11%,truncated;KL173_12_DB_group_98_wckE_2,100.00%,6.13%,truncated;KL173_12_DB_group_98_wckE_2,100.00%,6.13%,truncated	KL128_09_DB_group_51,100.00%,3.78%,truncated;KL128_09_DB_group_51,100.00%,3.64%,truncated;KL147_13_rmlB,100.00%,7.63%,truncated;KL147_13_rmlB,100.00%,7.11%,truncated;KL147_13_rmlB,85.19%,7.11%,truncated;KL173_12_DB_group_98_wckE_2,100.00%,6.13%,truncated;KL173_12_DB_group_98_wckE_2,100.00%,6.13%,truncated		ST131
3.3.2	Escherichia_coli_Group_2_and_3_K	4.0.0	GCA_964006175.1	ST131	KL127		Typeable	?!	99.10%	95.15%		14 / 14 (100.00%)	KL127_01_kpsF,100.00%,99.70%;KL127_02_kpsE,100.00%,99.74%;KL127_03_kpsD,100.00%,99.82%;KL127_04_kpsU,99.59%,99.60%;KL127_05_kpsC,100.00%,99.85%;KL127_06_kpsS,100.00%,99.74%;KL127_07_kfiD,100.00%,99.75%;KL127_08_kfiC,100.00%,99.69%;KL127_09_kfiC,100.00%,98.84%;KL127_10_kfiB,100.00%,99.40%;KL127_11_kfiB,100.00%,97.81%,partial;KL127_12_kfiA,99.58%,99.58%;KL127_13_kpsT,100.00%,99.56%;KL127_14_kpsM,100.00%,99.61%		0		0 / 14 (0.00%)		3	KL128_09_DB_group_51,100.00%,3.64%,truncated;KL147_13_rmlB,100.00%,7.63%,truncated;KL147_13_rmlB,100.00%,7.11%,truncated;KL147_13_rmlB,100.00%,7.11%,truncated;KL147_13_rmlB,85.19%,7.11%,truncated;KL162_13_rmlA_2,88.19%,98.97%	KL127_11_kfiB,100.00%,97.81%,partial;KL128_09_DB_group_51,100.00%,3.64%,truncated;KL147_13_rmlB,100.00%,7.63%,truncated;KL147_13_rmlB,100.00%,7.11%,truncated;KL147_13_rmlB,100.00%,7.11%,truncated;KL147_13_rmlB,85.19%,7.11%,truncated		ST131
3.3.2	Escherichia_coli_Group_2_and_3_K	4.0.0	GCA_964006185.1	ST131	KL7	K7	Typeable		98.90%	100.00%	0	15 / 15 (100.00%)	KL7_01_kpsF,99.69%,99.70%;KL7_02_kpsE,100.00%,99.74%;KL7_03_kpsD,99.28%,99.82%;KL7_04_kpsU,98.78%,99.60%;KL7_05_kpsC,99.85%,99.85%;KL7_06_kpsS,97.10%,99.76%;KL7_07_kpsT,100.00%,99.56%;KL7_08_DB_group_158,99.59%,99.59%;KL7_09_DB_group_70,99.78%,99.89%;KL7_10_rffD,100.00%,99.76%;KL7_11_rffE_2,100.00%,99.74%;KL7_12_DB_group_139,99.70%,99.70%;KL7_13_DB_group_101,99.70%,99.70%;KL7_14_DB_group_50,100.00%,97.06%;KL7_15_kpsM,99.61%,99.61%		0		0 / 15 (0.00%)		7	KL128_09_DB_group_51,100.00%,3.64%,truncated;KL128_09_DB_group_51,100.00%,3.64%,truncated;KL145_11_DB_group_98,100.00%,92.86%;KL157_08_DB_group_38,100.00%,62.96%,partial;KL157_08_DB_group_38,100.00%,62.96%,partial;KL186_09_DB_group_269,100.00%,14.63%,truncated;KL147_13_rmlB,100.00%,6.32%,partial;KL147_13_rmlB,85.19%,7.11%,truncated;KL162_13_rmlA_2,88.19%,98.97%;KL173_12_DB_group_98_wckE_2,100.00%,4.95%,partial	KL128_09_DB_group_51,100.00%,3.64%,truncated;KL128_09_DB_group_51,100.00%,3.64%,truncated;KL157_08_DB_group_38,100.00%,62.96%,partial;KL157_08_DB_group_38,100.00%,62.96%,partial;KL186_09_DB_group_269,100.00%,14.63%,truncated;KL147_13_rmlB,100.00%,6.32%,partial;KL147_13_rmlB,85.19%,7.11%,truncated;KL173_12_DB_group_98_wckE_2,100.00%,4.95%,partial		ST131
3.3.2	Escherichia_coli_Group_2_and_3_K	4.0.0	GCA_964006205.1	ST131	KL127		Typeable	?-!	99.01%	81.70%		14 / 15 (93.33%)	KL127_01_kpsF,100.00%,99.70%;KL127_02_kpsE,100.00%,99.74%;KL127_03_kpsD,100.00%,99.82%;KL127_04_kpsU,100.00%,99.60%;KL127_05_kpsC,100.00%,99.85%;KL127_06_kpsS,100.00%,99.74%;KL127_07_kfiD,100.00%,99.75%;KL127_08_kfiC,100.00%,75.00%,partial;KL127_09_kfiC,100.00%,79.77%,partial;KL127_10_kfiB,98.80%,99.40%;KL127_11_kfiB,100.00%,59.56%,partial;KL127_12_kfiA,99.58%,99.58%;KL127_13_kpsT,100.00%,99.56%;KL127_14_kpsM,99.61%,99.61%		0		1 / 15 (6.67%)	KL127_11_kfiB,100.00%,31.15%,partial	5	KL128_09_DB_group_51,100.00%,3.64%,truncated;KL145_11_DB_group_98,100.00%,92.86%;KL157_08_DB_group_38,100.00%,92.59%;KL147_13_rmlB,100.00%,7.11%,truncated;KL147_13_rmlB,85.19%,7.11%,truncated;KL162_13_rmlA_2,88.19%,98.97%	KL127_08_kfiC,100.00%,75.00%,partial;KL127_09_kfiC,100.00%,79.77%,partial;KL127_11_kfiB,100.00%,59.56%,partial;KL127_11_kfiB,100.00%,31.15%,partial;KL128_09_DB_group_51,100.00%,3.64%,truncated;KL147_13_rmlB,100.00%,7.11%,truncated;KL147_13_rmlB,85.19%,7.11%,truncated		ST131
3.3.2	Escherichia_coli_Group_2_and_3_K	4.0.0	GCA_964006225.1	ST131	KL7	K7	Typeable		98.83%	100.00%	0	15 / 15 (100.00%)	KL7_01_kpsF,99.69%,99.70%;KL7_02_kpsE,100.00%,99.74%;KL7_03_kpsD,99.28%,99.82%;KL7_04_kpsU,98.78%,99.60%;KL7_05_kpsC,99.85%,99.85%;KL7_06_kpsS,97.10%,99.76%;KL7_07_kpsT,100.00%,99.56%;KL7_08_DB_group_158,99.59%,99.59%;KL7_09_DB_group_70,99.78%,99.89%;KL7_10_rffD,100.00%,99.76%;KL7_11_rffE_2,100.00%,99.74%;KL7_12_DB_group_139,99.70%,99.70%;KL7_13_DB_group_101,99.70%,99.70%;KL7_14_DB_group_50,100.00%,97.06%;KL7_15_kpsM,99.61%,99.61%		0		0 / 15 (0.00%)		6	KL128_09_DB_group_51,100.00%,3.64%,truncated;KL128_09_DB_group_51,100.00%,3.64%,truncated;KL157_08_DB_group_38,100.00%,62.96%,partial;KL186_09_DB_group_269,100.00%,14.63%,partial;KL147_13_rmlB,100.00%,7.11%,truncated;KL147_13_rmlB,85.19%,7.11%,truncated;KL162_13_rmlA_2,88.19%,98.97%;KL173_12_DB_group_98_wckE_2,100.00%,4.95%,partial	KL128_09_DB_group_51,100.00%,3.64%,truncated;KL128_09_DB_group_51,100.00%,3.64%,truncated;KL157_08_DB_group_38,100.00%,62.96%,partial;KL186_09_DB_group_269,100.00%,14.63%,partial;KL147_13_rmlB,100.00%,7.11%,truncated;KL147_13_rmlB,85.19%,7.11%,truncated;KL173_12_DB_group_98_wckE_2,100.00%,4.95%,partial		ST131
3.3.2	Escherichia_coli_Group_2_and_3_K	4.0.0	GCA_964006265.1	ST131	KL7	K7	Typeable	?-!	98.77%	93.84%		15 / 16 (93.75%)	KL7_01_kpsF,99.69%,99.70%;KL7_02_kpsE,100.00%,99.74%;KL7_03_kpsD,99.28%,99.82%;KL7_04_kpsU,98.78%,99.60%;KL7_05_kpsC,99.85%,99.85%;KL7_06_kpsS,97.10%,99.76%;KL7_07_kpsT,100.00%,99.56%;KL7_08_DB_group_158,99.59%,99.59%;KL7_09_DB_group_70,99.82%,60.15%,partial;KL7_10_rffD,100.00%,99.76%;KL7_11_rffE_2,100.00%,99.74%;KL7_12_DB_group_139,99.70%,99.70%;KL7_13_DB_group_101,99.70%,99.70%;KL7_14_DB_group_50,100.00%,97.06%;KL7_15_kpsM,99.61%,99.61%		0		1 / 16 (6.25%)	KL7_09_DB_group_70,99.73%,39.85%,partial	5	KL128_09_DB_group_51,100.00%,3.64%,truncated;KL128_09_DB_group_51,100.00%,3.64%,truncated;KL157_08_DB_group_38,100.00%,62.96%,partial;KL147_13_rmlB,100.00%,7.11%,truncated;KL147_13_rmlB,85.19%,7.11%,truncated;KL162_13_rmlA_2,88.19%,98.97%;KL173_12_DB_group_98_wckE_2,100.00%,4.95%,partial	KL128_09_DB_group_51,100.00%,3.64%,truncated;KL128_09_DB_group_51,100.00%,3.64%,truncated;KL157_08_DB_group_38,100.00%,62.96%,partial;KL147_13_rmlB,100.00%,7.11%,truncated;KL147_13_rmlB,85.19%,7.11%,truncated;KL173_12_DB_group_98_wckE_2,100.00%,4.95%,partial;KL7_09_DB_group_70,99.82%,60.15%,partial;KL7_09_DB_group_70,99.73%,39.85%,partial		ST131
3.3.2	Escherichia_coli_Group_2_and_3_K	4.0.0	GCA_964006295.1	ST131	KL112		Typeable	?-!	98.40%	93.87%		11 / 12 (91.67%)	KL112_01_kpsF,99.69%,99.70%;KL112_02_kpsE,100.00%,99.74%;KL112_03_kpsD,99.28%,99.82%;KL112_04_kpsU,98.78%,99.60%;KL112_05_kpsC,97.04%,99.85%;KL112_06_kpsS,99.25%,99.75%;KL112_07_DB_group_33,97.67%,97.73%;KL112_08_kpsM_3,100.00%,99.61%;KL112_09_kpsT,99.55%,99.55%;KL112_10_DB_group_10,99.26%,73.91%,partial;KL112_11_DB_group_79,99.77%,99.77%		0		1 / 12 (8.33%)	KL112_10_DB_group_10,100.00%,26.09%,partial	7	KL128_09_DB_group_51,100.00%,3.64%,truncated;KL145_11_DB_group_98,100.00%,92.86%;KL157_08_DB_group_38,100.00%,92.59%;KL186_09_DB_group_269,100.00%,14.63%,partial;KL147_13_rmlB,100.00%,7.11%,truncated;KL147_13_rmlB,100.00%,7.11%,truncated;KL147_13_rmlB,96.30%,7.11%,truncated;KL147_13_rmlB,85.19%,7.11%,truncated;KL162_13_rmlA_2,88.19%,98.97%;KL173_12_DB_group_98_wckE_2,100.00%,4.95%,partial	KL112_10_DB_group_10,99.26%,73.91%,partial;KL112_10_DB_group_10,100.00%,26.09%,partial;KL128_09_DB_group_51,100.00%,3.64%,truncated;KL186_09_DB_group_269,100.00%,14.63%,partial;KL147_13_rmlB,100.00%,7.11%,truncated;KL147_13_rmlB,100.00%,7.11%,truncated;KL147_13_rmlB,96.30%,7.11%,truncated;KL147_13_rmlB,85.19%,7.11%,truncated;KL173_12_DB_group_98_wckE_2,100.00%,4.95%,partial		ST131
3.3.2	Escherichia_coli_Group_2_and_3_K	4.0.0	GCA_964006315.1	ST131	KL14	K14	Typeable		98.63%	100.00%	1	11 / 11 (100.00%)	KL14_01_kpsF,99.39%,99.70%;KL14_02_kpsE,100.00%,99.74%;KL14_03_kpsD,99.64%,99.82%;KL14_04_kpsU,97.56%,99.60%;KL14_05_kpsC,96.59%,99.85%;KL14_06_kpsS,99.75%,91.01%;KL14_07_vatD,100.00%,99.52%;KL14_08_DB_group_97,99.74%,99.87%;KL14_09_kfoA,100.00%,99.71%;KL14_10_kpsT,100.00%,99.55%;KL14_11_kpsM,100.00%,99.61%		0		0 / 11 (0.00%)		7	KL128_09_DB_group_51,100.00%,3.64%,truncated;KL145_11_DB_group_98,100.00%,92.86%;KL157_08_DB_group_38,100.00%,92.59%;KL186_09_DB_group_269,100.00%,14.63%,partial;KL147_13_rmlB,100.00%,7.11%,truncated;KL147_13_rmlB,100.00%,7.11%,truncated;KL147_13_rmlB,85.19%,7.11%,truncated;KL162_13_rmlA_2,88.19%,98.97%;KL173_12_DB_group_98_wckE_2,100.00%,4.95%,partial	KL128_09_DB_group_51,100.00%,3.64%,truncated;KL186_09_DB_group_269,100.00%,14.63%,partial;KL147_13_rmlB,100.00%,7.11%,truncated;KL147_13_rmlB,100.00%,7.11%,truncated;KL147_13_rmlB,85.19%,7.11%,truncated;KL173_12_DB_group_98_wckE_2,100.00%,4.95%,partial		ST131
3.3.2	Escherichia_coli_Group_2_and_3_K	4.0.0	GCA_964006325.1	ST131	KL127		Typeable		99.35%	95.77%	-776	14 / 14 (100.00%)	KL127_01_kpsF,100.00%,99.70%;KL127_02_kpsE,100.00%,99.74%;KL127_03_kpsD,100.00%,99.82%;KL127_04_kpsU,100.00%,99.60%;KL127_05_kpsC,100.00%,99.85%;KL127_06_kpsS,100.00%,99.74%;KL127_07_kfiD,100.00%,99.75%;KL127_08_kfiC,100.00%,99.69%;KL127_09_kfiC,100.00%,98.84%;KL127_10_kfiB,99.40%,99.40%;KL127_11_kfiB,100.00%,99.73%;KL127_12_kfiA,99.58%,99.58%;KL127_13_kpsT,100.00%,99.56%;KL127_14_kpsM,99.61%,99.61%		0		0 / 14 (0.00%)		11	KL128_09_DB_group_51,100.00%,3.64%,truncated;KL130_06_kpsS,100.00%,70.90%,partial;KL130_07_neuS,100.00%,99.76%;KL130_08_neuE,99.74%,99.74%;KL130_09_neuC,99.74%,99.74%;KL145_11_DB_group_98,100.00%,92.86%;KL157_08_DB_group_38,100.00%,92.59%;KL147_13_rmlB,100.00%,7.11%,truncated;KL147_13_rmlB,100.00%,7.11%,truncated;KL147_13_rmlB,96.30%,7.11%,truncated;KL147_13_rmlB,85.19%,7.11%,truncated;KL162_13_rmlA_2,88.19%,98.97%;KL1_10_neuA,100.00%,99.76%;KL1_11_neuB,99.70%,96.54%,partial	KL128_09_DB_group_51,100.00%,3.64%,truncated;KL130_06_kpsS,100.00%,70.90%,partial;KL147_13_rmlB,100.00%,7.11%,truncated;KL147_13_rmlB,100.00%,7.11%,truncated;KL147_13_rmlB,96.30%,7.11%,truncated;KL147_13_rmlB,85.19%,7.11%,truncated;KL1_11_neuB,99.70%,96.54%,partial		ST131
3.3.2	Escherichia_coli_Group_2_and_3_K	4.0.0	GCA_964006355.1	ST131	KL14	K14	Typeable		98.63%	100.00%	1	11 / 11 (100.00%)	KL14_01_kpsF,99.39%,99.70%;KL14_02_kpsE,100.00%,99.74%;KL14_03_kpsD,99.64%,99.82%;KL14_04_kpsU,97.56%,99.60%;KL14_05_kpsC,96.59%,99.85%;KL14_06_kpsS,99.75%,91.01%;KL14_07_vatD,100.00%,99.52%;KL14_08_DB_group_97,99.74%,99.87%;KL14_09_kfoA,100.00%,99.71%;KL14_10_kpsT,100.00%,99.55%;KL14_11_kpsM,100.00%,99.61%		0		0 / 11 (0.00%)		7	KL128_09_DB_group_51,100.00%,3.64%,truncated;KL145_11_DB_group_98,100.00%,92.86%;KL157_08_DB_group_38,100.00%,92.59%;KL186_09_DB_group_269,100.00%,14.63%,partial;KL147_13_rmlB,100.00%,7.11%,truncated;KL147_13_rmlB,100.00%,7.11%,truncated;KL147_13_rmlB,85.19%,7.11%,truncated;KL162_13_rmlA_2,88.19%,98.97%;KL173_12_DB_group_98_wckE_2,96.15%,6.13%,truncated	KL128_09_DB_group_51,100.00%,3.64%,truncated;KL186_09_DB_group_269,100.00%,14.63%,partial;KL147_13_rmlB,100.00%,7.11%,truncated;KL147_13_rmlB,100.00%,7.11%,truncated;KL147_13_rmlB,85.19%,7.11%,truncated;KL173_12_DB_group_98_wckE_2,96.15%,6.13%,truncated		ST131
3.3.2	Escherichia_coli_Group_2_and_3_K	4.0.0	GCA_964006385.1	ST131	KL112		Typeable		98.58%	100.00%	0	11 / 11 (100.00%)	KL112_01_kpsF,99.69%,99.70%;KL112_02_kpsE,100.00%,99.74%;KL112_03_kpsD,99.28%,99.82%;KL112_04_kpsU,98.78%,99.60%;KL112_05_kpsC,97.04%,99.85%;KL112_06_kpsS,99.25%,99.75%;KL112_07_DB_group_33,97.67%,97.73%;KL112_08_kpsM_3,100.00%,99.61%;KL112_09_kpsT,99.55%,99.55%;KL112_10_DB_group_10,99.46%,99.91%;KL112_11_DB_group_79,99.77%,99.77%		0		0 / 11 (0.00%)		7	KL128_09_DB_group_51,100.00%,3.64%,truncated;KL145_11_DB_group_98,100.00%,92.86%;KL145_11_DB_group_98,100.00%,92.86%;KL157_08_DB_group_38,100.00%,92.59%;KL186_09_DB_group_269,100.00%,14.63%,truncated;KL147_13_rmlB,100.00%,7.11%,truncated;KL147_13_rmlB,100.00%,7.11%,truncated;KL147_13_rmlB,96.30%,7.11%,truncated;KL147_13_rmlB,85.19%,7.11%,truncated;KL162_13_rmlA_2,88.19%,98.97%;KL173_12_DB_group_98_wckE_2,96.15%,6.13%,truncated	KL128_09_DB_group_51,100.00%,3.64%,truncated;KL186_09_DB_group_269,100.00%,14.63%,truncated;KL147_13_rmlB,100.00%,7.11%,truncated;KL147_13_rmlB,100.00%,7.11%,truncated;KL147_13_rmlB,96.30%,7.11%,truncated;KL147_13_rmlB,85.19%,7.11%,truncated;KL173_12_DB_group_98_wckE_2,96.15%,6.13%,truncated		ST131
3.3.2	Escherichia_coli_Group_2_and_3_K	4.0.0	GCA_964006395.1	ST131	KL14	K14	Typeable	!	98.99%	100.00%	1	11 / 11 (100.00%)	KL14_01_kpsF,99.39%,99.70%;KL14_02_kpsE,100.00%,99.74%;KL14_03_kpsD,99.64%,99.82%;KL14_04_kpsU,98.25%,23.08%,truncated;KL14_05_kpsC,99.85%,99.85%;KL14_06_kpsS,100.00%,91.01%;KL14_07_vatD,100.00%,99.52%;KL14_08_DB_group_97,99.74%,99.87%;KL14_09_kfoA,100.00%,99.71%;KL14_10_kpsT,100.00%,99.55%;KL14_11_kpsM,100.00%,99.61%		0		0 / 11 (0.00%)		6	KL128_09_DB_group_51,100.00%,3.64%,truncated;KL145_11_DB_group_98,100.00%,92.86%;KL157_08_DB_group_38,100.00%,92.59%;KL147_13_rmlB,100.00%,7.11%,truncated;KL147_13_rmlB,100.00%,7.11%,truncated;KL147_13_rmlB,85.19%,7.11%,truncated;KL162_13_rmlA_2,88.19%,98.97%;KL173_12_DB_group_98_wckE_2,100.00%,4.95%,partial	KL128_09_DB_group_51,100.00%,3.64%,truncated;KL147_13_rmlB,100.00%,7.11%,truncated;KL147_13_rmlB,100.00%,7.11%,truncated;KL147_13_rmlB,85.19%,7.11%,truncated;KL173_12_DB_group_98_wckE_2,100.00%,4.95%,partial;KL14_04_kpsU,98.25%,23.08%,truncated		ST131
3.3.2	Escherichia_coli_Group_2_and_3_K	4.0.0	GCA_964006405.1	ST131	KL14	K14	Typeable		98.63%	100.00%	1	11 / 11 (100.00%)	KL14_01_kpsF,99.39%,99.70%;KL14_02_kpsE,100.00%,99.74%;KL14_03_kpsD,99.64%,99.82%;KL14_04_kpsU,97.56%,99.60%;KL14_05_kpsC,96.59%,99.85%;KL14_06_kpsS,99.75%,91.01%;KL14_07_vatD,100.00%,99.52%;KL14_08_DB_group_97,99.74%,99.87%;KL14_09_kfoA,100.00%,99.71%;KL14_10_kpsT,100.00%,99.55%;KL14_11_kpsM,100.00%,99.61%		0		0 / 11 (0.00%)		7	KL128_09_DB_group_51,100.00%,3.64%,truncated;KL145_11_DB_group_98,100.00%,92.86%;KL157_08_DB_group_38,100.00%,92.59%;KL186_09_DB_group_269,100.00%,14.63%,partial;KL147_13_rmlB,100.00%,7.11%,truncated;KL147_13_rmlB,100.00%,7.11%,truncated;KL147_13_rmlB,85.19%,7.11%,truncated;KL162_13_rmlA_2,88.19%,98.97%;KL173_12_DB_group_98_wckE_2,100.00%,6.13%,truncated;KL173_12_DB_group_98_wckE_2,96.15%,6.13%,truncated	KL128_09_DB_group_51,100.00%,3.64%,truncated;KL186_09_DB_group_269,100.00%,14.63%,partial;KL147_13_rmlB,100.00%,7.11%,truncated;KL147_13_rmlB,100.00%,7.11%,truncated;KL147_13_rmlB,85.19%,7.11%,truncated;KL173_12_DB_group_98_wckE_2,100.00%,6.13%,truncated;KL173_12_DB_group_98_wckE_2,96.15%,6.13%,truncated		ST131
3.3.2	Escherichia_coli_Group_2_and_3_K	4.0.0	GCA_964006475.1	ST131	KL14	K14	Typeable		98.72%	100.00%	1	11 / 11 (100.00%)	KL14_01_kpsF,99.39%,99.70%;KL14_02_kpsE,100.00%,99.74%;KL14_03_kpsD,99.64%,99.82%;KL14_04_kpsU,97.56%,99.60%;KL14_05_kpsC,96.59%,99.85%;KL14_06_kpsS,99.75%,91.01%;KL14_07_vatD,100.00%,99.52%;KL14_08_DB_group_97,99.74%,99.87%;KL14_09_kfoA,100.00%,99.71%;KL14_10_kpsT,100.00%,99.55%;KL14_11_kpsM,100.00%,99.61%		0		0 / 11 (0.00%)		7	KL128_09_DB_group_51,100.00%,3.64%,truncated;KL145_11_DB_group_98,100.00%,92.86%;KL145_11_DB_group_98,100.00%,92.86%;KL157_08_DB_group_38,100.00%,92.59%;KL186_09_DB_group_269,100.00%,14.63%,truncated;KL147_13_rmlB,100.00%,7.11%,truncated;KL147_13_rmlB,100.00%,7.11%,truncated;KL147_13_rmlB,85.19%,7.11%,truncated;KL162_13_rmlA_2,88.19%,98.97%;KL173_12_DB_group_98_wckE_2,96.15%,6.13%,truncated	KL128_09_DB_group_51,100.00%,3.64%,truncated;KL186_09_DB_group_269,100.00%,14.63%,truncated;KL147_13_rmlB,100.00%,7.11%,truncated;KL147_13_rmlB,100.00%,7.11%,truncated;KL147_13_rmlB,85.19%,7.11%,truncated;KL173_12_DB_group_98_wckE_2,96.15%,6.13%,truncated		ST131
3.3.2	Escherichia_coli_Group_2_and_3_K	4.0.0	GCA_964006505.1	ST131	KL127		Typeable		99.22%	95.77%	-776	14 / 14 (100.00%)	KL127_01_kpsF,100.00%,99.70%;KL127_02_kpsE,100.00%,99.74%;KL127_03_kpsD,100.00%,99.82%;KL127_04_kpsU,100.00%,99.60%;KL127_05_kpsC,100.00%,99.85%;KL127_06_kpsS,100.00%,99.74%;KL127_07_kfiD,100.00%,99.75%;KL127_08_kfiC,100.00%,99.69%;KL127_09_kfiC,100.00%,98.84%;KL127_10_kfiB,99.40%,99.40%;KL127_11_kfiB,100.00%,99.73%;KL127_12_kfiA,99.58%,99.58%;KL127_13_kpsT,100.00%,99.56%;KL127_14_kpsM,99.61%,99.61%		0		0 / 14 (0.00%)		7	KL128_09_DB_group_51,100.00%,3.64%,truncated;KL145_11_DB_group_98,100.00%,92.86%;KL157_08_DB_group_38,100.00%,92.59%;KL186_09_DB_group_269,100.00%,14.63%,partial;KL147_13_rmlB,100.00%,7.11%,truncated;KL147_13_rmlB,100.00%,7.11%,truncated;KL147_13_rmlB,85.19%,7.11%,truncated;KL162_13_rmlA_2,88.19%,98.97%;KL173_12_DB_group_98_wckE_2,96.15%,6.13%,truncated	KL128_09_DB_group_51,100.00%,3.64%,truncated;KL186_09_DB_group_269,100.00%,14.63%,partial;KL147_13_rmlB,100.00%,7.11%,truncated;KL147_13_rmlB,100.00%,7.11%,truncated;KL147_13_rmlB,85.19%,7.11%,truncated;KL173_12_DB_group_98_wckE_2,96.15%,6.13%,truncated		ST131
3.3.2	Escherichia_coli_Group_2_and_3_K	4.0.0	GCA_964006545.1	ST131	KL127		Typeable		99.17%	95.31%	-860	14 / 14 (100.00%)	KL127_01_kpsF,100.00%,99.70%;KL127_02_kpsE,100.00%,99.74%;KL127_03_kpsD,100.00%,99.82%;KL127_04_kpsU,100.00%,99.60%;KL127_05_kpsC,100.00%,99.85%;KL127_06_kpsS,100.00%,99.74%;KL127_07_kfiD,100.00%,99.75%;KL127_08_kfiC,100.00%,99.69%;KL127_09_kfiC,100.00%,98.84%;KL127_10_kfiB,99.39%,98.20%;KL127_11_kfiB,100.00%,99.73%;KL127_12_kfiA,99.58%,99.58%;KL127_13_kpsT,100.00%,99.56%;KL127_14_kpsM,99.61%,99.61%		0		0 / 14 (0.00%)		4	KL145_11_DB_group_98,100.00%,92.86%;KL186_09_DB_group_269,100.00%,14.63%,partial;KL147_13_rmlB,100.00%,7.11%,truncated;KL147_13_rmlB,100.00%,7.11%,truncated;KL147_13_rmlB,96.30%,7.63%,truncated;KL147_13_rmlB,85.19%,7.11%,truncated;KL162_13_rmlA_2,88.19%,98.97%	KL186_09_DB_group_269,100.00%,14.63%,partial;KL147_13_rmlB,100.00%,7.11%,truncated;KL147_13_rmlB,100.00%,7.11%,truncated;KL147_13_rmlB,96.30%,7.63%,truncated;KL147_13_rmlB,85.19%,7.11%,truncated		ST131
3.3.2	Escherichia_coli_Group_2_and_3_K	4.0.0	GCA_964006555.1	ST131	KL127		Typeable		99.95%	95.77%	-776	14 / 14 (100.00%)	KL127_01_kpsF,100.00%,99.70%;KL127_02_kpsE,100.00%,99.74%;KL127_03_kpsD,100.00%,99.82%;KL127_04_kpsU,99.59%,99.60%;KL127_05_kpsC,100.00%,99.85%;KL127_06_kpsS,100.00%,99.74%;KL127_07_kfiD,100.00%,99.75%;KL127_08_kfiC,100.00%,99.69%;KL127_09_kfiC,100.00%,98.84%;KL127_10_kfiB,100.00%,99.40%;KL127_11_kfiB,100.00%,99.73%;KL127_12_kfiA,99.58%,99.58%;KL127_13_kpsT,100.00%,99.56%;KL127_14_kpsM,100.00%,99.61%		0		0 / 14 (0.00%)		6	KL128_09_DB_group_51,100.00%,3.78%,truncated;KL145_11_DB_group_98,100.00%,92.86%;KL145_11_DB_group_98,100.00%,92.86%;KL157_08_DB_group_38,100.00%,92.59%;KL186_09_DB_group_269,100.00%,14.63%,truncated;KL147_13_rmlB,100.00%,7.11%,truncated;KL147_13_rmlB,100.00%,3.16%,truncated;KL147_13_rmlB,85.19%,7.11%,truncated;KL173_12_DB_group_98_wckE_2,100.00%,6.13%,truncated;KL173_12_DB_group_98_wckE_2,100.00%,4.95%,partial;KL173_12_DB_group_98_wckE_2,100.00%,4.95%,partial	KL128_09_DB_group_51,100.00%,3.78%,truncated;KL186_09_DB_group_269,100.00%,14.63%,truncated;KL147_13_rmlB,100.00%,7.11%,truncated;KL147_13_rmlB,100.00%,3.16%,truncated;KL147_13_rmlB,85.19%,7.11%,truncated;KL173_12_DB_group_98_wckE_2,100.00%,6.13%,truncated;KL173_12_DB_group_98_wckE_2,100.00%,4.95%,partial;KL173_12_DB_group_98_wckE_2,100.00%,4.95%,partial		ST131
3.3.2	Escherichia_coli_Group_2_and_3_K	4.0.0	GCA_964006615.1	ST131	KL7	K7	Typeable		98.96%	100.00%	0	15 / 15 (100.00%)	KL7_01_kpsF,99.69%,99.70%;KL7_02_kpsE,100.00%,99.74%;KL7_03_kpsD,99.28%,99.82%;KL7_04_kpsU,98.78%,99.60%;KL7_05_kpsC,99.85%,99.85%;KL7_06_kpsS,97.10%,99.76%;KL7_07_kpsT,100.00%,99.56%;KL7_08_DB_group_158,99.59%,99.59%;KL7_09_DB_group_70,99.78%,99.89%;KL7_10_rffD,100.00%,99.76%;KL7_11_rffE_2,100.00%,99.74%;KL7_12_DB_group_139,99.70%,99.70%;KL7_13_DB_group_101,99.70%,99.70%;KL7_14_DB_group_50,100.00%,97.06%;KL7_15_kpsM,99.61%,99.61%		0		0 / 15 (0.00%)		5	KL145_11_DB_group_98,100.00%,92.86%;KL157_08_DB_group_38,100.00%,92.59%;KL186_09_DB_group_269,100.00%,14.63%,partial;KL147_13_rmlB,100.00%,7.11%,truncated;KL147_13_rmlB,85.19%,7.11%,truncated;KL162_13_rmlA_2,88.19%,98.97%	KL186_09_DB_group_269,100.00%,14.63%,partial;KL147_13_rmlB,100.00%,7.11%,truncated;KL147_13_rmlB,85.19%,7.11%,truncated		ST131
3.3.2	Escherichia_coli_Group_2_and_3_K	4.0.0	GCA_964006635.1	ST131	KL14	K14	Typeable		99.73%	100.00%	1	11 / 11 (100.00%)	KL14_01_kpsF,99.39%,99.70%;KL14_02_kpsE,100.00%,99.74%;KL14_03_kpsD,99.64%,99.82%;KL14_04_kpsU,98.37%,99.60%;KL14_05_kpsC,99.85%,99.85%;KL14_06_kpsS,100.00%,91.01%;KL14_07_vatD,100.00%,99.52%;KL14_08_DB_group_97,99.74%,99.87%;KL14_09_kfoA,100.00%,99.71%;KL14_10_kpsT,100.00%,99.55%;KL14_11_kpsM,100.00%,99.61%		0		0 / 11 (0.00%)		4	KL128_09_DB_group_51,100.00%,3.78%,truncated;KL128_09_DB_group_51,100.00%,2.80%,partial;KL186_09_DB_group_269,100.00%,14.63%,partial;KL147_13_rmlB,100.00%,7.63%,truncated;KL147_13_rmlB,100.00%,7.11%,truncated;KL147_13_rmlB,100.00%,6.05%,partial;KL147_13_rmlB,85.19%,7.11%,truncated;KL173_12_DB_group_98_wckE_2,100.00%,6.13%,truncated	KL128_09_DB_group_51,100.00%,3.78%,truncated;KL128_09_DB_group_51,100.00%,2.80%,partial;KL186_09_DB_group_269,100.00%,14.63%,partial;KL147_13_rmlB,100.00%,7.63%,truncated;KL147_13_rmlB,100.00%,7.11%,truncated;KL147_13_rmlB,100.00%,6.05%,partial;KL147_13_rmlB,85.19%,7.11%,truncated;KL173_12_DB_group_98_wckE_2,100.00%,6.13%,truncated		ST131
3.3.2	Escherichia_coli_Group_2_and_3_K	4.0.0	GCA_964006675.1	ST131	KL127		Typeable	!	99.06%	95.31%	-861	14 / 14 (100.00%)	KL127_01_kpsF,100.00%,99.70%;KL127_02_kpsE,100.00%,99.74%;KL127_03_kpsD,100.00%,99.82%;KL127_04_kpsU,100.00%,99.60%;KL127_05_kpsC,100.00%,99.85%;KL127_06_kpsS,100.00%,99.74%;KL127_07_kfiD,100.00%,99.75%;KL127_08_kfiC,91.30%,21.60%,truncated;KL127_09_kfiC,100.00%,98.84%;KL127_10_kfiB,99.39%,98.20%;KL127_11_kfiB,100.00%,99.73%;KL127_12_kfiA,99.58%,99.58%;KL127_13_kpsT,100.00%,99.56%;KL127_14_kpsM,99.61%,99.61%		0		0 / 14 (0.00%)		4	KL128_09_DB_group_51,100.00%,3.64%,truncated;KL186_09_DB_group_269,100.00%,14.63%,partial;KL147_13_rmlB,100.00%,7.11%,truncated;KL147_13_rmlB,100.00%,7.11%,truncated;KL147_13_rmlB,96.30%,7.63%,truncated;KL147_13_rmlB,85.19%,7.11%,truncated;KL162_13_rmlA_2,88.19%,98.97%	KL127_08_kfiC,91.30%,21.60%,truncated;KL128_09_DB_group_51,100.00%,3.64%,truncated;KL186_09_DB_group_269,100.00%,14.63%,partial;KL147_13_rmlB,100.00%,7.11%,truncated;KL147_13_rmlB,100.00%,7.11%,truncated;KL147_13_rmlB,96.30%,7.63%,truncated;KL147_13_rmlB,85.19%,7.11%,truncated		ST131
3.3.2	Escherichia_coli_Group_2_and_3_K	4.0.0	GCA_964006685.1	ST131	KL138		Typeable	?	100.00%	93.96%		12 / 12 (100.00%)	KL138_01_kpsF,100.00%,99.70%;KL138_02_kpsE,100.00%,99.74%;KL138_03_kpsD,100.00%,99.82%;KL138_04_kpsU,100.00%,99.60%;KL138_05_kpsC,100.00%,99.85%;KL138_06_kpsS,100.00%,99.75%;KL138_07_ybl128,100.00%,99.74%;KL138_08_DB_group_110,100.00%,99.79%;KL138_09_DB_group_43,100.00%,99.39%;KL138_10_DB_group_43,100.00%,99.78%;KL138_11_kpsT,100.00%,99.55%;KL138_12_kpsM,100.00%,99.61%		0		0 / 12 (0.00%)		3	KL128_09_DB_group_51,100.00%,3.78%,truncated;KL147_13_rmlB,100.00%,7.11%,truncated;KL147_13_rmlB,100.00%,6.05%,partial;KL147_13_rmlB,85.19%,7.11%,truncated;KL147_13_rmlB,100.00%,6.05%,partial;KL173_12_DB_group_98_wckE_2,100.00%,6.13%,truncated	KL128_09_DB_group_51,100.00%,3.78%,truncated;KL147_13_rmlB,100.00%,7.11%,truncated;KL147_13_rmlB,100.00%,6.05%,partial;KL147_13_rmlB,85.19%,7.11%,truncated;KL147_13_rmlB,100.00%,6.05%,partial;KL173_12_DB_group_98_wckE_2,100.00%,6.13%,truncated		ST131
3.3.2	Escherichia_coli_Group_2_and_3_K	4.0.0	GCA_964006725.1	ST131	KL138		Typeable		100.00%	95.29%	-777	12 / 12 (100.00%)	KL138_01_kpsF,100.00%,99.70%;KL138_02_kpsE,100.00%,99.74%;KL138_03_kpsD,100.00%,99.82%;KL138_04_kpsU,100.00%,99.60%;KL138_05_kpsC,100.00%,99.85%;KL138_06_kpsS,100.00%,99.75%;KL138_07_ybl128,100.00%,99.74%;KL138_08_DB_group_110,100.00%,99.79%;KL138_09_DB_group_43,100.00%,99.39%;KL138_10_DB_group_43,100.00%,99.78%;KL138_11_kpsT,100.00%,99.55%;KL138_12_kpsM,100.00%,99.61%		0		0 / 12 (0.00%)		3	KL128_09_DB_group_51,100.00%,3.78%,truncated;KL128_09_DB_group_51,100.00%,3.64%,truncated;KL147_13_rmlB,100.00%,7.11%,truncated;KL147_13_rmlB,85.19%,7.11%,truncated;KL173_12_DB_group_98_wckE_2,100.00%,6.13%,truncated	KL128_09_DB_group_51,100.00%,3.78%,truncated;KL128_09_DB_group_51,100.00%,3.64%,truncated;KL147_13_rmlB,100.00%,7.11%,truncated;KL147_13_rmlB,85.19%,7.11%,truncated;KL173_12_DB_group_98_wckE_2,100.00%,6.13%,truncated		ST131
3.3.2	Escherichia_coli_Group_2_and_3_K	4.0.0	GCA_964006755.1	ST131	KL174		Typeable		99.24%	100.00%	1546	15 / 15 (100.00%)	KL174_01_kpsF,100.00%,99.70%;KL174_02_kpsE,100.00%,99.74%;KL174_03_kpsD,100.00%,99.82%;KL174_04_kpsU,100.00%,99.60%;KL174_05_kpsC,100.00%,99.85%;KL174_06_kpsS,100.00%,99.76%;KL174_07_kslE,100.00%,99.70%;KL174_08_kslD,100.00%,99.47%;KL174_09_kslD,100.00%,100.00%;KL174_10_kslC,99.69%,99.69%;KL174_11_kslC,100.00%,92.71%;KL174_12_kslB,100.00%,99.76%;KL174_13_kslA,100.00%,99.24%;KL174_14_kpsT,100.00%,99.55%;KL174_15_kpsM,100.00%,99.61%		0		0 / 15 (0.00%)		3	KL128_09_DB_group_51,100.00%,3.64%,truncated;KL128_09_DB_group_51,100.00%,3.64%,truncated;KL147_13_rmlB,100.00%,7.11%,truncated;KL147_13_rmlB,85.19%,7.11%,truncated;KL162_13_rmlA_2,88.19%,98.97%	KL128_09_DB_group_51,100.00%,3.64%,truncated;KL128_09_DB_group_51,100.00%,3.64%,truncated;KL147_13_rmlB,100.00%,7.11%,truncated;KL147_13_rmlB,85.19%,7.11%,truncated		ST131
3.3.2	Escherichia_coli_Group_2_and_3_K	4.0.0	GCA_964006795.1	ST131	KL138		Typeable		100.00%	95.29%	-777	12 / 12 (100.00%)	KL138_01_kpsF,100.00%,99.70%;KL138_02_kpsE,100.00%,99.74%;KL138_03_kpsD,100.00%,99.82%;KL138_04_kpsU,100.00%,99.60%;KL138_05_kpsC,100.00%,99.85%;KL138_06_kpsS,100.00%,99.75%;KL138_07_ybl128,100.00%,99.74%;KL138_08_DB_group_110,100.00%,99.79%;KL138_09_DB_group_43,100.00%,99.39%;KL138_10_DB_group_43,100.00%,99.78%;KL138_11_kpsT,100.00%,99.55%;KL138_12_kpsM,100.00%,99.61%		0		0 / 12 (0.00%)		2	KL147_13_rmlB,100.00%,7.11%,truncated;KL147_13_rmlB,85.19%,7.11%,truncated;KL173_12_DB_group_98_wckE_2,100.00%,6.13%,truncated;KL173_12_DB_group_98_wckE_2,100.00%,6.13%,truncated	KL147_13_rmlB,100.00%,7.11%,truncated;KL147_13_rmlB,85.19%,7.11%,truncated;KL173_12_DB_group_98_wckE_2,100.00%,6.13%,truncated;KL173_12_DB_group_98_wckE_2,100.00%,6.13%,truncated		ST131
3.3.2	Escherichia_coli_Group_2_and_3_K	4.0.0	GCA_964006855.1	ST131	KL127		Typeable		99.22%	95.77%	-776	14 / 14 (100.00%)	KL127_01_kpsF,100.00%,99.70%;KL127_02_kpsE,100.00%,99.74%;KL127_03_kpsD,100.00%,99.82%;KL127_04_kpsU,100.00%,99.60%;KL127_05_kpsC,100.00%,99.85%;KL127_06_kpsS,100.00%,99.74%;KL127_07_kfiD,100.00%,99.75%;KL127_08_kfiC,100.00%,99.69%;KL127_09_kfiC,100.00%,98.84%;KL127_10_kfiB,99.40%,99.40%;KL127_11_kfiB,100.00%,99.73%;KL127_12_kfiA,99.58%,99.58%;KL127_13_kpsT,100.00%,99.56%;KL127_14_kpsM,99.61%,99.61%		0		0 / 14 (0.00%)		6	KL128_09_DB_group_51,100.00%,3.64%,truncated;KL145_11_DB_group_98,100.00%,92.86%;KL157_08_DB_group_38,100.00%,92.59%;KL147_13_rmlB,100.00%,7.11%,truncated;KL147_13_rmlB,100.00%,7.11%,truncated;KL147_13_rmlB,85.19%,7.11%,truncated;KL162_13_rmlA_2,88.19%,98.97%;KL173_12_DB_group_98_wckE_2,96.15%,6.13%,truncated	KL128_09_DB_group_51,100.00%,3.64%,truncated;KL147_13_rmlB,100.00%,7.11%,truncated;KL147_13_rmlB,100.00%,7.11%,truncated;KL147_13_rmlB,85.19%,7.11%,truncated;KL173_12_DB_group_98_wckE_2,96.15%,6.13%,truncated		ST131
3.3.2	Escherichia_coli_Group_2_and_3_K	4.0.0	GCA_964006865.1	ST131	KL14	K14	Typeable		98.63%	100.00%	1	11 / 11 (100.00%)	KL14_01_kpsF,99.39%,99.70%;KL14_02_kpsE,100.00%,99.74%;KL14_03_kpsD,99.64%,99.82%;KL14_04_kpsU,97.56%,99.60%;KL14_05_kpsC,96.59%,99.85%;KL14_06_kpsS,99.75%,91.01%;KL14_07_vatD,100.00%,99.52%;KL14_08_DB_group_97,99.74%,99.87%;KL14_09_kfoA,100.00%,99.71%;KL14_10_kpsT,100.00%,99.55%;KL14_11_kpsM,100.00%,99.61%		0		0 / 11 (0.00%)		7	KL128_09_DB_group_51,100.00%,3.64%,truncated;KL145_11_DB_group_98,100.00%,92.86%;KL157_08_DB_group_38,100.00%,92.59%;KL186_09_DB_group_269,100.00%,14.63%,partial;KL147_13_rmlB,100.00%,7.11%,truncated;KL147_13_rmlB,100.00%,7.11%,truncated;KL147_13_rmlB,85.19%,7.11%,truncated;KL162_13_rmlA_2,88.19%,98.97%;KL173_12_DB_group_98_wckE_2,100.00%,6.13%,truncated;KL173_12_DB_group_98_wckE_2,96.15%,6.13%,truncated	KL128_09_DB_group_51,100.00%,3.64%,truncated;KL186_09_DB_group_269,100.00%,14.63%,partial;KL147_13_rmlB,100.00%,7.11%,truncated;KL147_13_rmlB,100.00%,7.11%,truncated;KL147_13_rmlB,85.19%,7.11%,truncated;KL173_12_DB_group_98_wckE_2,100.00%,6.13%,truncated;KL173_12_DB_group_98_wckE_2,96.15%,6.13%,truncated		ST131
3.3.2	Escherichia_coli_Group_2_and_3_K	4.0.0	GCA_964006875.1	ST131	KL138		Typeable		100.00%	95.29%	-777	12 / 12 (100.00%)	KL138_01_kpsF,100.00%,99.70%;KL138_02_kpsE,100.00%,99.74%;KL138_03_kpsD,100.00%,99.82%;KL138_04_kpsU,100.00%,99.60%;KL138_05_kpsC,100.00%,99.85%;KL138_06_kpsS,100.00%,99.75%;KL138_07_ybl128,100.00%,99.74%;KL138_08_DB_group_110,100.00%,99.79%;KL138_09_DB_group_43,100.00%,99.39%;KL138_10_DB_group_43,100.00%,99.78%;KL138_11_kpsT,100.00%,99.55%;KL138_12_kpsM,100.00%,99.61%		0		0 / 12 (0.00%)		3	KL128_09_DB_group_51,100.00%,3.78%,truncated;KL147_13_rmlB,100.00%,7.11%,truncated;KL147_13_rmlB,100.00%,7.11%,truncated;KL147_13_rmlB,85.19%,7.11%,truncated;KL173_12_DB_group_98_wckE_2,100.00%,6.13%,truncated	KL128_09_DB_group_51,100.00%,3.78%,truncated;KL147_13_rmlB,100.00%,7.11%,truncated;KL147_13_rmlB,100.00%,7.11%,truncated;KL147_13_rmlB,85.19%,7.11%,truncated;KL173_12_DB_group_98_wckE_2,100.00%,6.13%,truncated		ST131
3.3.2	Escherichia_coli_Group_2_and_3_K	4.0.0	GCA_964006905.1	ST131	KL7	K7	Typeable	?-!	98.95%	89.91%		15 / 17 (88.24%)	KL7_01_kpsF,99.69%,99.70%;KL7_02_kpsE,100.00%,99.74%;KL7_03_kpsD,98.10%,37.75%,partial;KL7_04_kpsU,98.78%,99.60%;KL7_05_kpsC,99.76%,61.54%,partial;KL7_05_kpsC,100.00%,3.70%,partial;KL7_06_kpsS,97.10%,99.76%;KL7_07_kpsT,100.00%,99.56%;KL7_08_DB_group_158,99.59%,99.59%;KL7_09_DB_group_70,99.78%,99.89%;KL7_10_rffD,100.00%,99.76%;KL7_11_rffE_2,100.00%,99.74%;KL7_12_DB_group_139,99.70%,99.70%;KL7_13_DB_group_101,99.70%,99.70%;KL7_14_DB_group_50,100.00%,97.06%;KL7_15_kpsM,99.61%,99.61%		0		2 / 17 (11.76%)	KL7_03_kpsD,100.00%,22.18%,partial;KL7_03_kpsD,100.00%,21.29%,partial;KL7_05_kpsC,100.00%,35.36%,partial	16	KL145_11_DB_group_98,100.00%,92.86%;KL157_08_DB_group_38,100.00%,62.96%,partial;KL186_09_DB_group_269,100.00%,14.63%,truncated;KL147_13_rmlB,100.00%,7.11%,truncated;KL147_13_rmlB,85.19%,7.11%,truncated;KL162_13_rmlA_2,88.19%,98.97%;KL173_12_DB_group_98_wckE_2,100.00%,4.95%,partial;KL15_06_kpsS_4,100.00%,43.88%,partial;KL15_06_kpsS_4,100.00%,30.94%,partial;KL15_06_kpsS_4,100.00%,17.03%,partial;KL15_07_kpsC_3,100.00%,32.96%,partial;KL15_07_kpsC_3,99.43%,24.65%,partial;KL15_07_kpsC_3,100.00%,6.20%,partial;KL15_07_kpsC_3,100.00%,15.77%,partial;KL15_08_DB_group_146,100.00%,23.64%,truncated;KL15_09_DB_group_19,99.03%,83.06%,truncated;KL15_10_DB_group_170,100.00%,99.53%;KL15_11_DB_group_145,100.00%,51.10%,partial;KL15_11_DB_group_145,100.00%,42.32%,partial;KL15_12_DB_group_141,99.39%,49.39%,partial;KL15_12_DB_group_141,100.00%,46.97%,partial;KL15_13_DB_group_149,100.00%,99.65%;KL15_14_kpsT_6,100.00%,64.13%,partial;KL15_14_kpsT_6,100.00%,23.32%,partial;KL15_15_kpsM_7,100.00%,53.67%,partial;KL15_15_kpsM_7,100.00%,39.77%,partial	KL157_08_DB_group_38,100.00%,62.96%,partial;KL186_09_DB_group_269,100.00%,14.63%,truncated;KL147_13_rmlB,100.00%,7.11%,truncated;KL147_13_rmlB,85.19%,7.11%,truncated;KL173_12_DB_group_98_wckE_2,100.00%,4.95%,partial;KL15_06_kpsS_4,100.00%,43.88%,partial;KL15_06_kpsS_4,100.00%,30.94%,partial;KL15_06_kpsS_4,100.00%,17.03%,partial;KL15_07_kpsC_3,100.00%,32.96%,partial;KL15_07_kpsC_3,99.43%,24.65%,partial;KL15_07_kpsC_3,100.00%,6.20%,partial;KL15_07_kpsC_3,100.00%,15.77%,partial;KL15_08_DB_group_146,100.00%,23.64%,truncated;KL15_09_DB_group_19,99.03%,83.06%,truncated;KL15_11_DB_group_145,100.00%,51.10%,partial;KL15_11_DB_group_145,100.00%,42.32%,partial;KL15_12_DB_group_141,99.39%,49.39%,partial;KL15_12_DB_group_141,100.00%,46.97%,partial;KL15_14_kpsT_6,100.00%,64.13%,partial;KL15_14_kpsT_6,100.00%,23.32%,partial;KL15_15_kpsM_7,100.00%,53.67%,partial;KL15_15_kpsM_7,100.00%,39.77%,partial;KL7_03_kpsD,98.10%,37.75%,partial;KL7_03_kpsD,100.00%,22.18%,partial;KL7_03_kpsD,100.00%,21.29%,partial;KL7_05_kpsC,99.76%,61.54%,partial;KL7_05_kpsC,100.00%,35.36%,partial;KL7_05_kpsC,100.00%,3.70%,partial		ST131
3.3.2	Escherichia_coli_Group_2_and_3_K	4.0.0	GCA_964006915.1	ST131	KL127		Typeable		99.22%	95.77%	-776	14 / 14 (100.00%)	KL127_01_kpsF,100.00%,99.70%;KL127_02_kpsE,100.00%,99.74%;KL127_03_kpsD,100.00%,99.82%;KL127_04_kpsU,100.00%,99.60%;KL127_05_kpsC,100.00%,99.85%;KL127_06_kpsS,100.00%,99.74%;KL127_07_kfiD,100.00%,99.75%;KL127_08_kfiC,100.00%,99.69%;KL127_09_kfiC,100.00%,98.84%;KL127_10_kfiB,99.40%,99.40%;KL127_11_kfiB,100.00%,99.73%;KL127_12_kfiA,99.58%,99.58%;KL127_13_kpsT,100.00%,99.56%;KL127_14_kpsM,99.61%,99.61%		0		0 / 14 (0.00%)		6	KL128_09_DB_group_51,100.00%,3.64%,truncated;KL145_11_DB_group_98,100.00%,92.86%;KL157_08_DB_group_38,100.00%,92.59%;KL147_13_rmlB,100.00%,7.11%,truncated;KL147_13_rmlB,100.00%,7.11%,truncated;KL147_13_rmlB,85.19%,7.11%,truncated;KL162_13_rmlA_2,88.19%,98.97%;KL173_12_DB_group_98_wckE_2,100.00%,4.95%,partial	KL128_09_DB_group_51,100.00%,3.64%,truncated;KL147_13_rmlB,100.00%,7.11%,truncated;KL147_13_rmlB,100.00%,7.11%,truncated;KL147_13_rmlB,85.19%,7.11%,truncated;KL173_12_DB_group_98_wckE_2,100.00%,4.95%,partial		ST131
3.3.2	Escherichia_coli_Group_2_and_3_K	4.0.0	GCA_964006945.1	ST131	KL7	K7	Typeable		98.90%	100.00%	0	15 / 15 (100.00%)	KL7_01_kpsF,99.69%,99.70%;KL7_02_kpsE,100.00%,99.74%;KL7_03_kpsD,99.28%,99.82%;KL7_04_kpsU,98.78%,99.60%;KL7_05_kpsC,99.85%,99.85%;KL7_06_kpsS,97.10%,99.76%;KL7_07_kpsT,100.00%,99.56%;KL7_08_DB_group_158,99.59%,99.59%;KL7_09_DB_group_70,99.78%,99.89%;KL7_10_rffD,100.00%,99.76%;KL7_11_rffE_2,100.00%,99.74%;KL7_12_DB_group_139,99.70%,99.70%;KL7_13_DB_group_101,99.70%,99.70%;KL7_14_DB_group_50,100.00%,97.06%;KL7_15_kpsM,99.61%,99.61%		0		0 / 15 (0.00%)		6	KL128_09_DB_group_51,100.00%,3.64%,truncated;KL128_09_DB_group_51,100.00%,3.64%,truncated;KL145_11_DB_group_98,100.00%,92.86%;KL157_08_DB_group_38,100.00%,62.96%,partial;KL147_13_rmlB,100.00%,7.11%,truncated;KL147_13_rmlB,85.19%,7.11%,truncated;KL162_13_rmlA_2,88.19%,98.97%;KL173_12_DB_group_98_wckE_2,100.00%,4.95%,partial	KL128_09_DB_group_51,100.00%,3.64%,truncated;KL128_09_DB_group_51,100.00%,3.64%,truncated;KL157_08_DB_group_38,100.00%,62.96%,partial;KL147_13_rmlB,100.00%,7.11%,truncated;KL147_13_rmlB,85.19%,7.11%,truncated;KL173_12_DB_group_98_wckE_2,100.00%,4.95%,partial		ST131
3.3.2	Escherichia_coli_Group_2_and_3_K	4.0.0	GCA_964006965.1	ST131	KL127		Typeable		99.12%	95.77%	-776	14 / 14 (100.00%)	KL127_01_kpsF,100.00%,99.70%;KL127_02_kpsE,100.00%,99.74%;KL127_03_kpsD,100.00%,99.82%;KL127_04_kpsU,100.00%,99.60%;KL127_05_kpsC,100.00%,99.85%;KL127_06_kpsS,100.00%,99.74%;KL127_07_kfiD,100.00%,99.75%;KL127_08_kfiC,100.00%,99.69%;KL127_09_kfiC,100.00%,98.84%;KL127_10_kfiB,99.40%,99.40%;KL127_11_kfiB,100.00%,99.73%;KL127_12_kfiA,99.58%,99.58%;KL127_13_kpsT,100.00%,99.56%;KL127_14_kpsM,99.61%,99.61%		0		0 / 14 (0.00%)		3	KL128_09_DB_group_51,100.00%,3.64%,truncated;KL147_13_rmlB,100.00%,7.11%,truncated;KL147_13_rmlB,100.00%,7.11%,truncated;KL147_13_rmlB,96.30%,7.63%,truncated;KL147_13_rmlB,85.19%,7.11%,truncated;KL162_13_rmlA_2,88.19%,98.97%	KL128_09_DB_group_51,100.00%,3.64%,truncated;KL147_13_rmlB,100.00%,7.11%,truncated;KL147_13_rmlB,100.00%,7.11%,truncated;KL147_13_rmlB,96.30%,7.63%,truncated;KL147_13_rmlB,85.19%,7.11%,truncated		ST131
3.3.2	Escherichia_coli_Group_2_and_3_K	4.0.0	GCA_964006995.1	ST131	KL7	K7	Typeable		98.83%	100.00%	0	15 / 15 (100.00%)	KL7_01_kpsF,99.69%,99.70%;KL7_02_kpsE,100.00%,99.74%;KL7_03_kpsD,99.28%,99.82%;KL7_04_kpsU,98.78%,99.60%;KL7_05_kpsC,99.85%,99.85%;KL7_06_kpsS,97.10%,99.76%;KL7_07_kpsT,100.00%,99.56%;KL7_08_DB_group_158,99.59%,99.59%;KL7_09_DB_group_70,99.78%,99.89%;KL7_10_rffD,100.00%,99.76%;KL7_11_rffE_2,100.00%,99.74%;KL7_12_DB_group_139,99.70%,99.70%;KL7_13_DB_group_101,99.70%,99.70%;KL7_14_DB_group_50,100.00%,97.06%;KL7_15_kpsM,99.61%,99.61%		0		0 / 15 (0.00%)		5	KL128_09_DB_group_51,100.00%,3.64%,truncated;KL128_09_DB_group_51,100.00%,3.64%,truncated;KL157_08_DB_group_38,100.00%,62.96%,partial;KL147_13_rmlB,100.00%,7.11%,truncated;KL147_13_rmlB,85.19%,7.11%,truncated;KL162_13_rmlA_2,88.19%,98.97%;KL173_12_DB_group_98_wckE_2,100.00%,6.13%,truncated	KL128_09_DB_group_51,100.00%,3.64%,truncated;KL128_09_DB_group_51,100.00%,3.64%,truncated;KL157_08_DB_group_38,100.00%,62.96%,partial;KL147_13_rmlB,100.00%,7.11%,truncated;KL147_13_rmlB,85.19%,7.11%,truncated;KL173_12_DB_group_98_wckE_2,100.00%,6.13%,truncated		ST131
3.3.2	Escherichia_coli_Group_2_and_3_K	4.0.0	GCA_964007005.1	ST131	KL138		Typeable		100.00%	95.29%	-777	12 / 12 (100.00%)	KL138_01_kpsF,100.00%,99.70%;KL138_02_kpsE,100.00%,99.74%;KL138_03_kpsD,100.00%,99.82%;KL138_04_kpsU,100.00%,99.60%;KL138_05_kpsC,100.00%,99.85%;KL138_06_kpsS,100.00%,99.75%;KL138_07_ybl128,100.00%,99.74%;KL138_08_DB_group_110,100.00%,99.79%;KL138_09_DB_group_43,100.00%,99.39%;KL138_10_DB_group_43,100.00%,99.78%;KL138_11_kpsT,100.00%,99.55%;KL138_12_kpsM,100.00%,99.61%		0		0 / 12 (0.00%)		4	KL128_09_DB_group_51,100.00%,3.78%,truncated;KL145_11_DB_group_98,100.00%,60.71%,partial;KL147_13_rmlB,100.00%,7.11%,truncated;KL147_13_rmlB,85.19%,7.11%,truncated;KL173_12_DB_group_98_wckE_2,100.00%,6.13%,truncated	KL128_09_DB_group_51,100.00%,3.78%,truncated;KL145_11_DB_group_98,100.00%,60.71%,partial;KL147_13_rmlB,100.00%,7.11%,truncated;KL147_13_rmlB,85.19%,7.11%,truncated;KL173_12_DB_group_98_wckE_2,100.00%,6.13%,truncated		ST131
3.3.2	Escherichia_coli_Group_2_and_3_K	4.0.0	GCA_964007025.1	ST131	KL14	K14	Typeable		98.63%	100.00%	1	11 / 11 (100.00%)	KL14_01_kpsF,99.39%,99.70%;KL14_02_kpsE,100.00%,99.74%;KL14_03_kpsD,99.64%,99.82%;KL14_04_kpsU,97.56%,99.60%;KL14_05_kpsC,96.59%,99.85%;KL14_06_kpsS,99.75%,91.01%;KL14_07_vatD,100.00%,99.52%;KL14_08_DB_group_97,99.74%,99.87%;KL14_09_kfoA,100.00%,99.71%;KL14_10_kpsT,100.00%,99.55%;KL14_11_kpsM,100.00%,99.61%		0		0 / 11 (0.00%)		7	KL128_09_DB_group_51,100.00%,3.64%,truncated;KL145_11_DB_group_98,100.00%,92.86%;KL157_08_DB_group_38,100.00%,92.59%;KL186_09_DB_group_269,100.00%,13.82%,partial;KL147_13_rmlB,100.00%,7.11%,truncated;KL147_13_rmlB,100.00%,7.11%,truncated;KL147_13_rmlB,85.19%,7.11%,truncated;KL162_13_rmlA_2,88.19%,98.97%;KL173_12_DB_group_98_wckE_2,96.15%,6.13%,truncated	KL128_09_DB_group_51,100.00%,3.64%,truncated;KL186_09_DB_group_269,100.00%,13.82%,partial;KL147_13_rmlB,100.00%,7.11%,truncated;KL147_13_rmlB,100.00%,7.11%,truncated;KL147_13_rmlB,85.19%,7.11%,truncated;KL173_12_DB_group_98_wckE_2,96.15%,6.13%,truncated		ST131
3.3.2	Escherichia_coli_Group_2_and_3_K	4.0.0	GCA_964007035.1	ST131	KL174		Typeable		98.77%	100.00%	1547	15 / 15 (100.00%)	KL174_01_kpsF,99.69%,99.70%;KL174_02_kpsE,100.00%,99.74%;KL174_03_kpsD,100.00%,99.82%;KL174_04_kpsU,95.93%,99.60%;KL174_05_kpsC,98.67%,99.85%;KL174_06_kpsS,99.76%,99.76%;KL174_07_kslE,100.00%,99.70%;KL174_08_kslD,100.00%,99.47%;KL174_09_kslD,100.00%,100.00%;KL174_10_kslC,99.69%,99.69%;KL174_11_kslC,99.75%,92.71%;KL174_12_kslB,99.76%,99.76%;KL174_13_kslA,99.24%,99.24%;KL174_14_kpsT,100.00%,99.55%;KL174_15_kpsM,100.00%,99.61%		0		0 / 15 (0.00%)		4	KL128_09_DB_group_51,100.00%,3.64%,truncated;KL147_13_rmlB,100.00%,7.11%,truncated;KL147_13_rmlB,100.00%,7.11%,truncated;KL147_13_rmlB,85.19%,7.11%,truncated;KL162_13_rmlA_2,87.85%,98.97%;KL173_12_DB_group_98_wckE_2,100.00%,6.13%,truncated;KL173_12_DB_group_98_wckE_2,100.00%,6.13%,truncated;KL173_12_DB_group_98_wckE_2,100.00%,6.13%,partial	KL128_09_DB_group_51,100.00%,3.64%,truncated;KL147_13_rmlB,100.00%,7.11%,truncated;KL147_13_rmlB,100.00%,7.11%,truncated;KL147_13_rmlB,85.19%,7.11%,truncated;KL173_12_DB_group_98_wckE_2,100.00%,6.13%,truncated;KL173_12_DB_group_98_wckE_2,100.00%,6.13%,truncated;KL173_12_DB_group_98_wckE_2,100.00%,6.13%,partial		ST131
3.3.2	Escherichia_coli_Group_2_and_3_K	4.0.0	GCA_964007055.1	ST131	KL174		Typeable		98.79%	100.00%	1547	15 / 15 (100.00%)	KL174_01_kpsF,99.69%,99.70%;KL174_02_kpsE,100.00%,99.74%;KL174_03_kpsD,100.00%,99.82%;KL174_04_kpsU,95.93%,99.60%;KL174_05_kpsC,98.67%,99.85%;KL174_06_kpsS,99.76%,99.76%;KL174_07_kslE,100.00%,99.70%;KL174_08_kslD,100.00%,99.47%;KL174_09_kslD,100.00%,100.00%;KL174_10_kslC,99.69%,99.69%;KL174_11_kslC,100.00%,92.71%;KL174_12_kslB,99.76%,99.76%;KL174_13_kslA,99.24%,99.24%;KL174_14_kpsT,100.00%,95.98%;KL174_15_kpsM,100.00%,99.61%		0		0 / 15 (0.00%)		4	KL128_09_DB_group_51,100.00%,3.64%,truncated;KL147_13_rmlB,100.00%,7.11%,truncated;KL147_13_rmlB,100.00%,7.11%,truncated;KL147_13_rmlB,85.19%,7.11%,truncated;KL162_13_rmlA_2,87.85%,98.97%;KL173_12_DB_group_98_wckE_2,100.00%,6.13%,truncated;KL173_12_DB_group_98_wckE_2,100.00%,6.13%,truncated	KL128_09_DB_group_51,100.00%,3.64%,truncated;KL147_13_rmlB,100.00%,7.11%,truncated;KL147_13_rmlB,100.00%,7.11%,truncated;KL147_13_rmlB,85.19%,7.11%,truncated;KL173_12_DB_group_98_wckE_2,100.00%,6.13%,truncated;KL173_12_DB_group_98_wckE_2,100.00%,6.13%,truncated		ST131
3.3.2	Escherichia_coli_Group_2_and_3_K	4.0.0	GCA_964007175.1	ST131	KL127		Typeable		99.22%	95.77%	-776	14 / 14 (100.00%)	KL127_01_kpsF,100.00%,99.70%;KL127_02_kpsE,100.00%,99.74%;KL127_03_kpsD,100.00%,99.82%;KL127_04_kpsU,100.00%,99.60%;KL127_05_kpsC,100.00%,99.85%;KL127_06_kpsS,100.00%,99.74%;KL127_07_kfiD,100.00%,99.75%;KL127_08_kfiC,100.00%,99.69%;KL127_09_kfiC,100.00%,98.84%;KL127_10_kfiB,99.40%,99.40%;KL127_11_kfiB,100.00%,99.73%;KL127_12_kfiA,99.58%,99.58%;KL127_13_kpsT,100.00%,99.56%;KL127_14_kpsM,99.61%,99.61%		0		0 / 14 (0.00%)		7	KL128_09_DB_group_51,100.00%,3.64%,truncated;KL145_11_DB_group_98,100.00%,92.86%;KL157_08_DB_group_38,100.00%,92.59%;KL186_09_DB_group_269,100.00%,14.63%,partial;KL147_13_rmlB,100.00%,7.11%,truncated;KL147_13_rmlB,100.00%,7.11%,truncated;KL147_13_rmlB,85.19%,7.11%,truncated;KL162_13_rmlA_2,88.19%,98.97%;KL173_12_DB_group_98_wckE_2,96.15%,6.13%,truncated	KL128_09_DB_group_51,100.00%,3.64%,truncated;KL186_09_DB_group_269,100.00%,14.63%,partial;KL147_13_rmlB,100.00%,7.11%,truncated;KL147_13_rmlB,100.00%,7.11%,truncated;KL147_13_rmlB,85.19%,7.11%,truncated;KL173_12_DB_group_98_wckE_2,96.15%,6.13%,truncated		ST131
3.3.2	Escherichia_coli_Group_2_and_3_K	4.0.0	GCA_964007215.1	ST131	KL127		Typeable		99.22%	95.77%	-776	14 / 14 (100.00%)	KL127_01_kpsF,100.00%,99.70%;KL127_02_kpsE,100.00%,99.74%;KL127_03_kpsD,100.00%,99.82%;KL127_04_kpsU,100.00%,99.60%;KL127_05_kpsC,100.00%,99.85%;KL127_06_kpsS,100.00%,99.74%;KL127_07_kfiD,100.00%,99.75%;KL127_08_kfiC,100.00%,99.69%;KL127_09_kfiC,100.00%,98.84%;KL127_10_kfiB,99.40%,99.40%;KL127_11_kfiB,100.00%,99.73%;KL127_12_kfiA,99.58%,99.58%;KL127_13_kpsT,100.00%,99.56%;KL127_14_kpsM,99.61%,99.61%		0		0 / 14 (0.00%)		6	KL128_09_DB_group_51,100.00%,3.64%,truncated;KL145_11_DB_group_98,100.00%,92.86%;KL157_08_DB_group_38,100.00%,92.59%;KL147_13_rmlB,100.00%,7.11%,truncated;KL147_13_rmlB,100.00%,7.11%,truncated;KL147_13_rmlB,85.19%,7.11%,truncated;KL162_13_rmlA_2,88.19%,98.97%;KL173_12_DB_group_98_wckE_2,96.15%,6.13%,truncated	KL128_09_DB_group_51,100.00%,3.64%,truncated;KL147_13_rmlB,100.00%,7.11%,truncated;KL147_13_rmlB,100.00%,7.11%,truncated;KL147_13_rmlB,85.19%,7.11%,truncated;KL173_12_DB_group_98_wckE_2,96.15%,6.13%,truncated		ST131
3.3.2	Escherichia_coli_Group_2_and_3_K	4.0.0	GCA_964007225.1	ST131	KL14	K14	Typeable		99.73%	100.00%	1	11 / 11 (100.00%)	KL14_01_kpsF,99.39%,99.70%;KL14_02_kpsE,100.00%,99.74%;KL14_03_kpsD,99.64%,99.82%;KL14_04_kpsU,98.37%,99.60%;KL14_05_kpsC,99.85%,99.85%;KL14_06_kpsS,100.00%,91.01%;KL14_07_vatD,100.00%,99.52%;KL14_08_DB_group_97,99.74%,99.87%;KL14_09_kfoA,100.00%,99.71%;KL14_10_kpsT,100.00%,99.55%;KL14_11_kpsM,100.00%,99.61%		0		0 / 11 (0.00%)		5	KL128_09_DB_group_51,100.00%,3.78%,truncated;KL145_11_DB_group_98,100.00%,60.71%,partial;KL186_09_DB_group_269,100.00%,14.63%,partial;KL147_13_rmlB,100.00%,7.63%,truncated;KL147_13_rmlB,100.00%,7.11%,truncated;KL147_13_rmlB,100.00%,6.05%,partial;KL147_13_rmlB,85.19%,7.11%,truncated;KL173_12_DB_group_98_wckE_2,100.00%,6.13%,truncated	KL128_09_DB_group_51,100.00%,3.78%,truncated;KL145_11_DB_group_98,100.00%,60.71%,partial;KL186_09_DB_group_269,100.00%,14.63%,partial;KL147_13_rmlB,100.00%,7.63%,truncated;KL147_13_rmlB,100.00%,7.11%,truncated;KL147_13_rmlB,100.00%,6.05%,partial;KL147_13_rmlB,85.19%,7.11%,truncated;KL173_12_DB_group_98_wckE_2,100.00%,6.13%,truncated		ST131
3.3.2	Escherichia_coli_Group_2_and_3_K	4.0.0	GCA_964007255.1	ST131	KL14	K14	Typeable		98.72%	100.00%	1	11 / 11 (100.00%)	KL14_01_kpsF,99.39%,99.70%;KL14_02_kpsE,100.00%,99.74%;KL14_03_kpsD,99.64%,99.82%;KL14_04_kpsU,97.56%,99.60%;KL14_05_kpsC,96.59%,99.85%;KL14_06_kpsS,99.75%,91.01%;KL14_07_vatD,100.00%,99.52%;KL14_08_DB_group_97,99.74%,99.87%;KL14_09_kfoA,100.00%,99.71%;KL14_10_kpsT,100.00%,99.55%;KL14_11_kpsM,100.00%,99.61%		0		0 / 11 (0.00%)		7	KL128_09_DB_group_51,100.00%,3.64%,truncated;KL145_11_DB_group_98,100.00%,92.86%;KL145_11_DB_group_98,100.00%,92.86%;KL157_08_DB_group_38,100.00%,92.59%;KL186_09_DB_group_269,100.00%,14.63%,truncated;KL147_13_rmlB,100.00%,7.11%,truncated;KL147_13_rmlB,100.00%,7.11%,truncated;KL147_13_rmlB,85.19%,7.11%,truncated;KL162_13_rmlA_2,88.19%,98.97%;KL173_12_DB_group_98_wckE_2,96.15%,6.13%,truncated	KL128_09_DB_group_51,100.00%,3.64%,truncated;KL186_09_DB_group_269,100.00%,14.63%,truncated;KL147_13_rmlB,100.00%,7.11%,truncated;KL147_13_rmlB,100.00%,7.11%,truncated;KL147_13_rmlB,85.19%,7.11%,truncated;KL173_12_DB_group_98_wckE_2,96.15%,6.13%,truncated		ST131
3.3.2	Escherichia_coli_Group_2_and_3_K	4.0.0	GCA_964007285.1	ST131	KL14	K14	Typeable		98.63%	100.00%	1	11 / 11 (100.00%)	KL14_01_kpsF,99.39%,99.70%;KL14_02_kpsE,100.00%,99.74%;KL14_03_kpsD,99.64%,99.82%;KL14_04_kpsU,97.56%,99.60%;KL14_05_kpsC,96.59%,99.85%;KL14_06_kpsS,99.75%,91.01%;KL14_07_vatD,100.00%,99.52%;KL14_08_DB_group_97,99.74%,99.87%;KL14_09_kfoA,100.00%,99.71%;KL14_10_kpsT,100.00%,99.55%;KL14_11_kpsM,100.00%,99.61%		0		0 / 11 (0.00%)		7	KL128_09_DB_group_51,100.00%,3.64%,truncated;KL145_11_DB_group_98,100.00%,92.86%;KL157_08_DB_group_38,100.00%,92.59%;KL186_09_DB_group_269,100.00%,14.63%,partial;KL147_13_rmlB,100.00%,7.11%,truncated;KL147_13_rmlB,100.00%,7.11%,truncated;KL147_13_rmlB,85.19%,7.11%,truncated;KL162_13_rmlA_2,88.19%,98.97%;KL173_12_DB_group_98_wckE_2,96.15%,6.13%,truncated	KL128_09_DB_group_51,100.00%,3.64%,truncated;KL186_09_DB_group_269,100.00%,14.63%,partial;KL147_13_rmlB,100.00%,7.11%,truncated;KL147_13_rmlB,100.00%,7.11%,truncated;KL147_13_rmlB,85.19%,7.11%,truncated;KL173_12_DB_group_98_wckE_2,96.15%,6.13%,truncated		ST131
3.3.2	Escherichia_coli_Group_2_and_3_K	4.0.0	GCA_964007325.1	ST131	KL128		Typeable	-	99.95%	94.82%	-778	11 / 12 (91.67%)	KL128_01_kpsF,100.00%,99.70%;KL128_02_kpsE,100.00%,99.74%;KL128_03_kpsD,100.00%,99.82%;KL128_04_kpsU,100.00%,99.60%;KL128_05_kpsC,99.85%,99.85%;KL128_06_kpsS,99.75%,97.34%;KL128_07_DB_group_140,100.00%,99.70%;KL128_08_DB_group_51,99.78%,99.78%;KL128_09_DB_group_51,100.00%,96.22%;KL128_10_kpsT,100.00%,99.55%;KL128_11_kpsM,100.00%,99.61%		0		1 / 12 (8.33%)	KL128_09_DB_group_51,96.15%,3.64%,truncated;KL128_09_DB_group_51,96.15%,3.64%,truncated	3	KL157_08_DB_group_38,100.00%,92.59%;KL147_13_rmlB,100.00%,7.11%,truncated;KL147_13_rmlB,85.19%,7.11%,truncated;KL173_12_DB_group_98_wckE_2,100.00%,4.95%,partial	KL128_09_DB_group_51,96.15%,3.64%,truncated;KL128_09_DB_group_51,96.15%,3.64%,truncated;KL147_13_rmlB,100.00%,7.11%,truncated;KL147_13_rmlB,85.19%,7.11%,truncated;KL173_12_DB_group_98_wckE_2,100.00%,4.95%,partial		ST131
3.3.2	Escherichia_coli_Group_2_and_3_K	4.0.0	GCA_964007355.1	ST131	KL14	K14	Typeable		98.63%	100.00%	1	11 / 11 (100.00%)	KL14_01_kpsF,99.39%,99.70%;KL14_02_kpsE,100.00%,99.74%;KL14_03_kpsD,99.64%,99.82%;KL14_04_kpsU,97.56%,99.60%;KL14_05_kpsC,96.59%,99.85%;KL14_06_kpsS,99.75%,91.01%;KL14_07_vatD,100.00%,99.52%;KL14_08_DB_group_97,99.74%,99.87%;KL14_09_kfoA,100.00%,99.71%;KL14_10_kpsT,100.00%,99.55%;KL14_11_kpsM,100.00%,99.61%		0		0 / 11 (0.00%)		7	KL128_09_DB_group_51,100.00%,3.64%,truncated;KL145_11_DB_group_98,100.00%,92.86%;KL157_08_DB_group_38,100.00%,92.59%;KL186_09_DB_group_269,100.00%,14.63%,partial;KL147_13_rmlB,100.00%,7.11%,truncated;KL147_13_rmlB,100.00%,7.11%,truncated;KL147_13_rmlB,85.19%,7.11%,truncated;KL162_13_rmlA_2,88.19%,98.97%;KL173_12_DB_group_98_wckE_2,100.00%,6.13%,truncated;KL173_12_DB_group_98_wckE_2,96.15%,6.13%,truncated	KL128_09_DB_group_51,100.00%,3.64%,truncated;KL186_09_DB_group_269,100.00%,14.63%,partial;KL147_13_rmlB,100.00%,7.11%,truncated;KL147_13_rmlB,100.00%,7.11%,truncated;KL147_13_rmlB,85.19%,7.11%,truncated;KL173_12_DB_group_98_wckE_2,100.00%,6.13%,truncated;KL173_12_DB_group_98_wckE_2,96.15%,6.13%,truncated		ST131
3.3.2	Escherichia_coli_Group_2_and_3_K	4.0.0	GCA_964007395.1	ST131	KL7	K7	Typeable		98.90%	100.00%	0	15 / 15 (100.00%)	KL7_01_kpsF,99.69%,99.70%;KL7_02_kpsE,100.00%,99.74%;KL7_03_kpsD,99.28%,99.82%;KL7_04_kpsU,98.78%,99.60%;KL7_05_kpsC,99.85%,99.85%;KL7_06_kpsS,97.10%,99.76%;KL7_07_kpsT,100.00%,99.56%;KL7_08_DB_group_158,99.59%,99.59%;KL7_09_DB_group_70,99.78%,99.89%;KL7_10_rffD,100.00%,99.76%;KL7_11_rffE_2,100.00%,99.74%;KL7_12_DB_group_139,99.70%,99.70%;KL7_13_DB_group_101,99.70%,99.70%;KL7_14_DB_group_50,100.00%,97.06%;KL7_15_kpsM,99.61%,99.61%		0		0 / 15 (0.00%)		5	KL128_09_DB_group_51,100.00%,3.64%,truncated;KL128_09_DB_group_51,100.00%,3.64%,truncated;KL145_11_DB_group_98,100.00%,92.86%;KL157_08_DB_group_38,100.00%,62.96%,partial;KL147_13_rmlB,100.00%,7.11%,truncated;KL147_13_rmlB,85.19%,7.11%,truncated;KL162_13_rmlA_2,88.19%,98.97%	KL128_09_DB_group_51,100.00%,3.64%,truncated;KL128_09_DB_group_51,100.00%,3.64%,truncated;KL157_08_DB_group_38,100.00%,62.96%,partial;KL147_13_rmlB,100.00%,7.11%,truncated;KL147_13_rmlB,85.19%,7.11%,truncated		ST131
3.3.2	Escherichia_coli_Group_2_and_3_K	4.0.0	GCA_964007445.1	ST131	KL138		Typeable		100.00%	95.29%	-777	12 / 12 (100.00%)	KL138_01_kpsF,100.00%,99.70%;KL138_02_kpsE,100.00%,99.74%;KL138_03_kpsD,100.00%,99.82%;KL138_04_kpsU,100.00%,99.60%;KL138_05_kpsC,100.00%,99.85%;KL138_06_kpsS,100.00%,99.75%;KL138_07_ybl128,100.00%,99.74%;KL138_08_DB_group_110,100.00%,99.79%;KL138_09_DB_group_43,100.00%,99.39%;KL138_10_DB_group_43,100.00%,99.78%;KL138_11_kpsT,100.00%,99.55%;KL138_12_kpsM,100.00%,99.61%		0		0 / 12 (0.00%)		3	KL128_09_DB_group_51,100.00%,3.78%,truncated;KL128_09_DB_group_51,100.00%,3.64%,truncated;KL147_13_rmlB,100.00%,7.63%,truncated;KL147_13_rmlB,100.00%,7.11%,truncated;KL147_13_rmlB,100.00%,7.11%,truncated;KL147_13_rmlB,85.19%,7.11%,truncated;KL173_12_DB_group_98_wckE_2,100.00%,6.13%,truncated	KL128_09_DB_group_51,100.00%,3.78%,truncated;KL128_09_DB_group_51,100.00%,3.64%,truncated;KL147_13_rmlB,100.00%,7.63%,truncated;KL147_13_rmlB,100.00%,7.11%,truncated;KL147_13_rmlB,100.00%,7.11%,truncated;KL147_13_rmlB,85.19%,7.11%,truncated;KL173_12_DB_group_98_wckE_2,100.00%,6.13%,truncated		ST131
3.3.2	Escherichia_coli_Group_2_and_3_K	4.0.0	GCA_964205365.1	ST131	KL14	K14	Typeable		98.63%	100.00%	1	11 / 11 (100.00%)	KL14_01_kpsF,99.39%,99.70%;KL14_02_kpsE,100.00%,99.74%;KL14_03_kpsD,99.64%,99.82%;KL14_04_kpsU,97.56%,99.60%;KL14_05_kpsC,96.59%,99.85%;KL14_06_kpsS,99.75%,91.01%;KL14_07_vatD,100.00%,99.52%;KL14_08_DB_group_97,99.74%,99.87%;KL14_09_kfoA,100.00%,99.71%;KL14_10_kpsT,100.00%,99.55%;KL14_11_kpsM,100.00%,99.61%		0		0 / 11 (0.00%)		7	KL128_09_DB_group_51,100.00%,3.64%,truncated;KL145_11_DB_group_98,100.00%,92.86%;KL157_08_DB_group_38,100.00%,92.59%;KL186_09_DB_group_269,100.00%,14.63%,partial;KL147_13_rmlB,100.00%,7.11%,truncated;KL147_13_rmlB,100.00%,7.11%,truncated;KL147_13_rmlB,85.19%,7.11%,truncated;KL162_13_rmlA_2,88.19%,98.97%;KL173_12_DB_group_98_wckE_2,100.00%,4.95%,partial	KL128_09_DB_group_51,100.00%,3.64%,truncated;KL186_09_DB_group_269,100.00%,14.63%,partial;KL147_13_rmlB,100.00%,7.11%,truncated;KL147_13_rmlB,100.00%,7.11%,truncated;KL147_13_rmlB,85.19%,7.11%,truncated;KL173_12_DB_group_98_wckE_2,100.00%,4.95%,partial		ST131
3.3.2	Escherichia_coli_Group_2_and_3_K	4.0.0	GCA_964205425.1	ST131	KL14	K14	Typeable		98.63%	100.00%	1	11 / 11 (100.00%)	KL14_01_kpsF,99.39%,99.70%;KL14_02_kpsE,100.00%,99.74%;KL14_03_kpsD,99.64%,99.82%;KL14_04_kpsU,97.56%,99.60%;KL14_05_kpsC,96.59%,99.85%;KL14_06_kpsS,99.75%,91.01%;KL14_07_vatD,100.00%,99.52%;KL14_08_DB_group_97,99.74%,99.87%;KL14_09_kfoA,100.00%,99.71%;KL14_10_kpsT,100.00%,99.55%;KL14_11_kpsM,100.00%,99.61%		0		0 / 11 (0.00%)		7	KL128_09_DB_group_51,100.00%,3.64%,truncated;KL145_11_DB_group_98,100.00%,92.86%;KL157_08_DB_group_38,100.00%,92.59%;KL186_09_DB_group_269,100.00%,14.63%,partial;KL147_13_rmlB,100.00%,7.11%,truncated;KL147_13_rmlB,100.00%,7.11%,truncated;KL147_13_rmlB,85.19%,7.11%,truncated;KL162_13_rmlA_2,88.19%,98.97%;KL173_12_DB_group_98_wckE_2,100.00%,4.95%,partial	KL128_09_DB_group_51,100.00%,3.64%,truncated;KL186_09_DB_group_269,100.00%,14.63%,partial;KL147_13_rmlB,100.00%,7.11%,truncated;KL147_13_rmlB,100.00%,7.11%,truncated;KL147_13_rmlB,85.19%,7.11%,truncated;KL173_12_DB_group_98_wckE_2,100.00%,4.95%,partial		ST131
3.3.2	Escherichia_coli_Group_2_and_3_K	4.0.0	GCA_964205435.1	ST131	KL15	K15	Typeable	?-!	99.10%	82.10%		14 / 19 (73.68%)	KL15_01_kpsF,99.63%,82.32%,partial;KL15_02_kpsE,99.57%,60.31%,partial;KL15_03_kpsD,100.00%,58.14%,partial;KL15_04_kpsU,99.03%,83.81%,partial;KL15_05_kpsC,97.97%,61.08%,partial;KL15_06_kpsS_4,100.00%,99.76%;KL15_07_kpsC_3,99.86%,99.86%;KL15_08_DB_group_146,100.00%,23.64%,truncated;KL15_10_DB_group_170,100.00%,99.53%;KL15_11_DB_group_145,100.00%,99.69%;KL15_12_DB_group_141,99.70%,99.70%;KL15_13_DB_group_149,100.00%,99.65%;KL15_14_kpsT_6,100.00%,99.55%;KL15_15_kpsM_7,100.00%,99.61%	KL15_09_DB_group_19	0		4 / 19 (21.05%)	KL15_01_kpsF,100.00%,14.94%,partial;KL15_02_kpsE,100.00%,20.37%,partial;KL15_03_kpsD,97.32%,26.65%,partial;KL15_03_kpsD,100.00%,12.16%,partial;KL15_05_kpsC,100.00%,25.67%,partial;KL15_05_kpsC,100.00%,13.25%,partial	18	KL111_01_kpsF,100.00%,14.94%,partial;KL114_04_kpsU,100.00%,57.89%,partial;KL128_09_DB_group_51,100.00%,3.64%,truncated;KL131_13_kpsM,99.22%,99.61%;KL146_13_DB_group_101,99.70%,99.70%;KL157_08_DB_group_38,100.00%,62.96%,partial;KL170_06_kpsS,97.10%,99.76%;KL170_07_kpsT,100.00%,99.56%;KL170_08_DB_group_158,99.59%,99.59%;KL170_10_DB_group_139,99.70%,99.70%;KL170_12_DB_group_50,100.00%,97.06%;KL186_09_DB_group_269,100.00%,14.63%,partial;KL147_13_rmlB,100.00%,7.11%,truncated;KL147_13_rmlB,85.19%,7.11%,truncated;KL162_13_rmlA_2,88.19%,98.97%;KL173_12_DB_group_98_wckE_2,100.00%,4.95%,partial;KL7_09_DB_group_70,99.78%,99.89%;KL7_10_rffD,100.00%,99.76%;KL7_11_rffE_2,100.00%,99.74%	KL111_01_kpsF,100.00%,14.94%,partial;KL114_04_kpsU,100.00%,57.89%,partial;KL128_09_DB_group_51,100.00%,3.64%,truncated;KL157_08_DB_group_38,100.00%,62.96%,partial;KL186_09_DB_group_269,100.00%,14.63%,partial;KL147_13_rmlB,100.00%,7.11%,truncated;KL147_13_rmlB,85.19%,7.11%,truncated;KL173_12_DB_group_98_wckE_2,100.00%,4.95%,partial;KL15_01_kpsF,99.63%,82.32%,partial;KL15_01_kpsF,100.00%,14.94%,partial;KL15_02_kpsE,99.57%,60.31%,partial;KL15_02_kpsE,100.00%,20.37%,partial;KL15_03_kpsD,100.00%,58.14%,partial;KL15_03_kpsD,97.32%,26.65%,partial;KL15_03_kpsD,100.00%,12.16%,partial;KL15_04_kpsU,99.03%,83.81%,partial;KL15_05_kpsC,97.97%,61.08%,partial;KL15_05_kpsC,100.00%,25.67%,partial;KL15_05_kpsC,100.00%,13.25%,partial;KL15_08_DB_group_146,100.00%,23.64%,truncated		ST131
3.3.2	Escherichia_coli_Group_2_and_3_K	4.0.0	GCA_964205455.1	ST131	KL14	K14	Typeable		99.73%	100.00%	1	11 / 11 (100.00%)	KL14_01_kpsF,99.39%,99.70%;KL14_02_kpsE,100.00%,99.74%;KL14_03_kpsD,99.64%,99.82%;KL14_04_kpsU,98.37%,99.60%;KL14_05_kpsC,99.85%,99.85%;KL14_06_kpsS,100.00%,91.01%;KL14_07_vatD,100.00%,99.52%;KL14_08_DB_group_97,99.74%,99.87%;KL14_09_kfoA,100.00%,99.71%;KL14_10_kpsT,100.00%,99.55%;KL14_11_kpsM,100.00%,99.61%		0		0 / 11 (0.00%)		4	KL128_09_DB_group_51,100.00%,3.78%,truncated;KL128_09_DB_group_51,100.00%,3.64%,truncated;KL186_09_DB_group_269,100.00%,14.63%,partial;KL147_13_rmlB,100.00%,7.63%,truncated;KL147_13_rmlB,100.00%,7.11%,truncated;KL147_13_rmlB,100.00%,6.05%,partial;KL147_13_rmlB,85.19%,7.11%,truncated;KL173_12_DB_group_98_wckE_2,100.00%,6.13%,truncated	KL128_09_DB_group_51,100.00%,3.78%,truncated;KL128_09_DB_group_51,100.00%,3.64%,truncated;KL186_09_DB_group_269,100.00%,14.63%,partial;KL147_13_rmlB,100.00%,7.63%,truncated;KL147_13_rmlB,100.00%,7.11%,truncated;KL147_13_rmlB,100.00%,6.05%,partial;KL147_13_rmlB,85.19%,7.11%,truncated;KL173_12_DB_group_98_wckE_2,100.00%,6.13%,truncated		ST131
3.3.2	Escherichia_coli_Group_2_and_3_K	4.0.0	GCA_964205485.1	ST131	KL127		Typeable		99.12%	95.77%	-776	14 / 14 (100.00%)	KL127_01_kpsF,100.00%,99.70%;KL127_02_kpsE,100.00%,99.74%;KL127_03_kpsD,100.00%,99.82%;KL127_04_kpsU,100.00%,99.60%;KL127_05_kpsC,100.00%,99.85%;KL127_06_kpsS,100.00%,99.74%;KL127_07_kfiD,100.00%,99.75%;KL127_08_kfiC,100.00%,99.69%;KL127_09_kfiC,100.00%,98.84%;KL127_10_kfiB,99.40%,99.40%;KL127_11_kfiB,100.00%,99.73%;KL127_12_kfiA,99.58%,99.58%;KL127_13_kpsT,100.00%,99.56%;KL127_14_kpsM,99.61%,99.61%		0		0 / 14 (0.00%)		4	KL128_09_DB_group_51,100.00%,3.64%,truncated;KL186_09_DB_group_269,100.00%,14.63%,partial;KL147_13_rmlB,100.00%,7.11%,truncated;KL147_13_rmlB,100.00%,7.11%,truncated;KL147_13_rmlB,96.30%,7.63%,truncated;KL147_13_rmlB,85.19%,7.11%,truncated;KL162_13_rmlA_2,88.19%,98.97%	KL128_09_DB_group_51,100.00%,3.64%,truncated;KL186_09_DB_group_269,100.00%,14.63%,partial;KL147_13_rmlB,100.00%,7.11%,truncated;KL147_13_rmlB,100.00%,7.11%,truncated;KL147_13_rmlB,96.30%,7.63%,truncated;KL147_13_rmlB,85.19%,7.11%,truncated		ST131
3.3.2	Escherichia_coli_Group_2_and_3_K	4.0.0	GCA_964205495.1	ST131	KL14	K14	Typeable		98.63%	100.00%	1	11 / 11 (100.00%)	KL14_01_kpsF,99.39%,99.70%;KL14_02_kpsE,100.00%,99.74%;KL14_03_kpsD,99.64%,99.82%;KL14_04_kpsU,97.56%,99.60%;KL14_05_kpsC,96.59%,99.85%;KL14_06_kpsS,99.75%,91.01%;KL14_07_vatD,100.00%,99.52%;KL14_08_DB_group_97,99.74%,99.87%;KL14_09_kfoA,100.00%,99.71%;KL14_10_kpsT,100.00%,99.55%;KL14_11_kpsM,100.00%,99.61%		0		0 / 11 (0.00%)		7	KL128_09_DB_group_51,100.00%,3.64%,truncated;KL145_11_DB_group_98,100.00%,92.86%;KL157_08_DB_group_38,100.00%,92.59%;KL186_09_DB_group_269,100.00%,14.63%,partial;KL147_13_rmlB,100.00%,7.11%,truncated;KL147_13_rmlB,100.00%,7.11%,truncated;KL147_13_rmlB,85.19%,7.11%,truncated;KL162_13_rmlA_2,88.19%,98.97%;KL173_12_DB_group_98_wckE_2,96.15%,6.13%,truncated	KL128_09_DB_group_51,100.00%,3.64%,truncated;KL186_09_DB_group_269,100.00%,14.63%,partial;KL147_13_rmlB,100.00%,7.11%,truncated;KL147_13_rmlB,100.00%,7.11%,truncated;KL147_13_rmlB,85.19%,7.11%,truncated;KL173_12_DB_group_98_wckE_2,96.15%,6.13%,truncated		ST131
3.3.2	Escherichia_coli_Group_2_and_3_K	4.0.0	GCA_964205505.1	ST131	KL14	K14	Typeable		98.63%	100.00%	1	11 / 11 (100.00%)	KL14_01_kpsF,99.39%,99.70%;KL14_02_kpsE,100.00%,99.74%;KL14_03_kpsD,99.64%,99.82%;KL14_04_kpsU,97.56%,99.60%;KL14_05_kpsC,96.59%,99.85%;KL14_06_kpsS,99.75%,91.01%;KL14_07_vatD,100.00%,99.52%;KL14_08_DB_group_97,99.74%,99.87%;KL14_09_kfoA,100.00%,99.71%;KL14_10_kpsT,100.00%,99.55%;KL14_11_kpsM,100.00%,99.61%		0		0 / 11 (0.00%)		7	KL128_09_DB_group_51,100.00%,3.64%,truncated;KL145_11_DB_group_98,100.00%,92.86%;KL157_08_DB_group_38,100.00%,92.59%;KL186_09_DB_group_269,100.00%,14.63%,partial;KL147_13_rmlB,100.00%,7.11%,truncated;KL147_13_rmlB,100.00%,7.11%,truncated;KL147_13_rmlB,85.19%,7.11%,truncated;KL162_13_rmlA_2,88.19%,98.97%;KL173_12_DB_group_98_wckE_2,96.15%,6.13%,truncated	KL128_09_DB_group_51,100.00%,3.64%,truncated;KL186_09_DB_group_269,100.00%,14.63%,partial;KL147_13_rmlB,100.00%,7.11%,truncated;KL147_13_rmlB,100.00%,7.11%,truncated;KL147_13_rmlB,85.19%,7.11%,truncated;KL173_12_DB_group_98_wckE_2,96.15%,6.13%,truncated		ST131
3.3.2	Escherichia_coli_Group_2_and_3_K	4.0.0	GCA_964205525.1	ST131	KL114		Typeable	+	98.88%	100.00%	1	11 / 11 (100.00%)	KL114_01_kpsF,100.00%,99.70%;KL114_02_kpsE,100.00%,99.74%;KL114_03_kpsD,100.00%,99.82%;KL114_04_kpsU,100.00%,99.60%;KL114_05_kpsC,100.00%,99.85%;KL114_06_kpsS,100.00%,99.75%;KL114_07_DB_group_97,100.00%,99.87%;KL114_08_kfoA,99.60%,99.61%;KL114_09_kfoA,100.00%,98.25%;KL114_10_kpsT,100.00%,99.55%;KL114_11_kpsM,100.00%,99.61%		1	KL14_07_vatD,97.61%,99.52%	0 / 11 (0.00%)		4	KL128_09_DB_group_51,100.00%,3.64%,truncated;KL128_09_DB_group_51,100.00%,3.64%,truncated;KL147_13_rmlB,100.00%,7.11%,truncated;KL147_13_rmlB,85.19%,7.11%,truncated;KL162_13_rmlA_2,88.19%,98.97%;KL173_12_DB_group_98_wckE_2,100.00%,6.13%,truncated;KL173_12_DB_group_98_wckE_2,100.00%,6.13%,truncated	KL128_09_DB_group_51,100.00%,3.64%,truncated;KL128_09_DB_group_51,100.00%,3.64%,truncated;KL147_13_rmlB,100.00%,7.11%,truncated;KL147_13_rmlB,85.19%,7.11%,truncated;KL173_12_DB_group_98_wckE_2,100.00%,6.13%,truncated;KL173_12_DB_group_98_wckE_2,100.00%,6.13%,truncated		ST131
3.3.2	Escherichia_coli_Group_2_and_3_K	4.0.0	GCA_964205535.1	ST131	KL174		Typeable		99.26%	100.00%	1547	15 / 15 (100.00%)	KL174_01_kpsF,99.39%,99.70%;KL174_02_kpsE,100.00%,99.74%;KL174_03_kpsD,99.46%,99.82%;KL174_04_kpsU,94.31%,99.60%;KL174_05_kpsC,96.44%,99.85%;KL174_06_kpsS,100.00%,99.76%;KL174_07_kslE,99.70%,99.70%;KL174_08_kslD,100.00%,99.47%;KL174_09_kslD,100.00%,100.00%;KL174_10_kslC,99.69%,99.69%;KL174_11_kslC,100.00%,92.71%;KL174_12_kslB,100.00%,99.76%;KL174_13_kslA,99.24%,99.24%;KL174_14_kpsT,100.00%,99.55%;KL174_15_kpsM,100.00%,99.61%		0		0 / 15 (0.00%)		4	KL128_09_DB_group_51,100.00%,3.78%,truncated;KL128_09_DB_group_51,100.00%,3.64%,truncated;KL157_08_DB_group_38,100.00%,92.59%;KL147_13_rmlB,100.00%,7.63%,truncated;KL147_13_rmlB,100.00%,7.11%,truncated;KL147_13_rmlB,100.00%,6.05%,partial;KL147_13_rmlB,85.19%,7.11%,truncated;KL173_12_DB_group_98_wckE_2,100.00%,6.13%,truncated	KL128_09_DB_group_51,100.00%,3.78%,truncated;KL128_09_DB_group_51,100.00%,3.64%,truncated;KL147_13_rmlB,100.00%,7.63%,truncated;KL147_13_rmlB,100.00%,7.11%,truncated;KL147_13_rmlB,100.00%,6.05%,partial;KL147_13_rmlB,85.19%,7.11%,truncated;KL173_12_DB_group_98_wckE_2,100.00%,6.13%,truncated		ST131
3.3.2	Escherichia_coli_Group_2_and_3_K	4.0.0	GCA_964205545.1	ST131	KL14	K14	Typeable		98.63%	100.00%	1	11 / 11 (100.00%)	KL14_01_kpsF,99.39%,99.70%;KL14_02_kpsE,100.00%,99.74%;KL14_03_kpsD,99.64%,99.82%;KL14_04_kpsU,97.56%,99.60%;KL14_05_kpsC,96.59%,99.85%;KL14_06_kpsS,99.75%,91.01%;KL14_07_vatD,100.00%,99.52%;KL14_08_DB_group_97,99.74%,99.87%;KL14_09_kfoA,100.00%,99.71%;KL14_10_kpsT,100.00%,99.55%;KL14_11_kpsM,100.00%,99.61%		0		0 / 11 (0.00%)		7	KL128_09_DB_group_51,100.00%,3.64%,truncated;KL145_11_DB_group_98,100.00%,92.86%;KL157_08_DB_group_38,100.00%,92.59%;KL186_09_DB_group_269,100.00%,14.63%,partial;KL147_13_rmlB,100.00%,7.11%,truncated;KL147_13_rmlB,100.00%,7.11%,truncated;KL147_13_rmlB,85.19%,7.11%,truncated;KL162_13_rmlA_2,88.19%,98.97%;KL173_12_DB_group_98_wckE_2,96.15%,6.13%,truncated	KL128_09_DB_group_51,100.00%,3.64%,truncated;KL186_09_DB_group_269,100.00%,14.63%,partial;KL147_13_rmlB,100.00%,7.11%,truncated;KL147_13_rmlB,100.00%,7.11%,truncated;KL147_13_rmlB,85.19%,7.11%,truncated;KL173_12_DB_group_98_wckE_2,96.15%,6.13%,truncated		ST131
3.3.2	Escherichia_coli_Group_2_and_3_K	4.0.0	GCA_964205555.1	ST131	KL14	K14	Typeable		98.63%	100.00%	1	11 / 11 (100.00%)	KL14_01_kpsF,99.39%,99.70%;KL14_02_kpsE,100.00%,99.74%;KL14_03_kpsD,99.64%,99.82%;KL14_04_kpsU,97.56%,99.60%;KL14_05_kpsC,96.59%,99.85%;KL14_06_kpsS,99.75%,91.01%;KL14_07_vatD,100.00%,99.52%;KL14_08_DB_group_97,99.74%,99.87%;KL14_09_kfoA,100.00%,99.71%;KL14_10_kpsT,100.00%,99.55%;KL14_11_kpsM,100.00%,99.61%		0		0 / 11 (0.00%)		7	KL128_09_DB_group_51,100.00%,3.64%,truncated;KL145_11_DB_group_98,100.00%,92.86%;KL157_08_DB_group_38,100.00%,92.59%;KL186_09_DB_group_269,100.00%,14.63%,partial;KL147_13_rmlB,100.00%,7.11%,truncated;KL147_13_rmlB,100.00%,7.11%,truncated;KL147_13_rmlB,85.19%,7.11%,truncated;KL162_13_rmlA_2,88.19%,98.97%;KL173_12_DB_group_98_wckE_2,100.00%,4.95%,partial;KL173_12_DB_group_98_wckE_2,100.00%,4.72%,partial	KL128_09_DB_group_51,100.00%,3.64%,truncated;KL186_09_DB_group_269,100.00%,14.63%,partial;KL147_13_rmlB,100.00%,7.11%,truncated;KL147_13_rmlB,100.00%,7.11%,truncated;KL147_13_rmlB,85.19%,7.11%,truncated;KL173_12_DB_group_98_wckE_2,100.00%,4.95%,partial;KL173_12_DB_group_98_wckE_2,100.00%,4.72%,partial		ST131
3.3.2	Escherichia_coli_Group_2_and_3_K	4.0.0	GCA_964205565.1	ST131	KL14	K14	Typeable		98.63%	100.00%	1	11 / 11 (100.00%)	KL14_01_kpsF,99.39%,99.70%;KL14_02_kpsE,100.00%,99.74%;KL14_03_kpsD,99.64%,99.82%;KL14_04_kpsU,97.56%,99.60%;KL14_05_kpsC,96.59%,99.85%;KL14_06_kpsS,99.75%,91.01%;KL14_07_vatD,100.00%,99.52%;KL14_08_DB_group_97,99.74%,99.87%;KL14_09_kfoA,100.00%,99.71%;KL14_10_kpsT,100.00%,99.55%;KL14_11_kpsM,100.00%,99.61%		0		0 / 11 (0.00%)		7	KL128_09_DB_group_51,100.00%,3.64%,truncated;KL145_11_DB_group_98,100.00%,92.86%;KL157_08_DB_group_38,100.00%,92.59%;KL186_09_DB_group_269,100.00%,14.63%,partial;KL147_13_rmlB,100.00%,7.11%,truncated;KL147_13_rmlB,100.00%,7.11%,truncated;KL147_13_rmlB,85.19%,7.11%,truncated;KL162_13_rmlA_2,88.19%,98.97%;KL173_12_DB_group_98_wckE_2,96.15%,6.13%,truncated	KL128_09_DB_group_51,100.00%,3.64%,truncated;KL186_09_DB_group_269,100.00%,14.63%,partial;KL147_13_rmlB,100.00%,7.11%,truncated;KL147_13_rmlB,100.00%,7.11%,truncated;KL147_13_rmlB,85.19%,7.11%,truncated;KL173_12_DB_group_98_wckE_2,96.15%,6.13%,truncated		ST131
3.3.2	Escherichia_coli_Group_2_and_3_K	4.0.0	GCA_964205585.1	ST131	KL128		Typeable	-	99.97%	94.83%	-777	11 / 12 (91.67%)	KL128_01_kpsF,100.00%,99.70%;KL128_02_kpsE,100.00%,99.74%;KL128_03_kpsD,100.00%,99.82%;KL128_04_kpsU,100.00%,99.60%;KL128_05_kpsC,99.85%,99.85%;KL128_06_kpsS,100.00%,99.76%;KL128_07_DB_group_140,100.00%,99.70%;KL128_08_DB_group_51,99.78%,99.78%;KL128_09_DB_group_51,100.00%,96.22%;KL128_10_kpsT,100.00%,99.55%;KL128_11_kpsM,100.00%,99.61%		0		1 / 12 (8.33%)	KL128_09_DB_group_51,100.00%,3.78%,truncated;KL128_09_DB_group_51,100.00%,3.64%,truncated;KL128_09_DB_group_51,96.15%,3.64%,truncated	3	KL157_08_DB_group_38,100.00%,92.59%;KL147_13_rmlB,100.00%,7.11%,truncated;KL147_13_rmlB,100.00%,7.11%,truncated;KL147_13_rmlB,85.19%,7.11%,truncated;KL173_12_DB_group_98_wckE_2,100.00%,4.95%,partial	KL128_09_DB_group_51,100.00%,3.78%,truncated;KL128_09_DB_group_51,100.00%,3.64%,truncated;KL128_09_DB_group_51,96.15%,3.64%,truncated;KL147_13_rmlB,100.00%,7.11%,truncated;KL147_13_rmlB,100.00%,7.11%,truncated;KL147_13_rmlB,85.19%,7.11%,truncated;KL173_12_DB_group_98_wckE_2,100.00%,4.95%,partial		ST131
3.3.2	Escherichia_coli_Group_2_and_3_K	4.0.0	GCA_964205595.1	ST131	KL14	K14	Typeable		98.63%	100.00%	1	11 / 11 (100.00%)	KL14_01_kpsF,99.39%,99.70%;KL14_02_kpsE,100.00%,99.74%;KL14_03_kpsD,99.64%,99.82%;KL14_04_kpsU,97.56%,99.60%;KL14_05_kpsC,96.59%,99.85%;KL14_06_kpsS,99.75%,91.01%;KL14_07_vatD,100.00%,99.52%;KL14_08_DB_group_97,99.74%,99.87%;KL14_09_kfoA,100.00%,99.71%;KL14_10_kpsT,100.00%,99.55%;KL14_11_kpsM,100.00%,99.61%		0		0 / 11 (0.00%)		7	KL128_09_DB_group_51,100.00%,3.64%,truncated;KL145_11_DB_group_98,100.00%,92.86%;KL157_08_DB_group_38,100.00%,92.59%;KL186_09_DB_group_269,100.00%,14.63%,partial;KL147_13_rmlB,100.00%,7.11%,truncated;KL147_13_rmlB,100.00%,7.11%,truncated;KL147_13_rmlB,85.19%,7.11%,truncated;KL162_13_rmlA_2,88.19%,98.97%;KL173_12_DB_group_98_wckE_2,96.15%,6.13%,truncated	KL128_09_DB_group_51,100.00%,3.64%,truncated;KL186_09_DB_group_269,100.00%,14.63%,partial;KL147_13_rmlB,100.00%,7.11%,truncated;KL147_13_rmlB,100.00%,7.11%,truncated;KL147_13_rmlB,85.19%,7.11%,truncated;KL173_12_DB_group_98_wckE_2,96.15%,6.13%,truncated		ST131
3.3.2	Escherichia_coli_Group_2_and_3_K	4.0.0	GCA_964205635.1	ST131	KL14	K14	Typeable		98.63%	100.00%	1	11 / 11 (100.00%)	KL14_01_kpsF,99.39%,99.70%;KL14_02_kpsE,100.00%,99.74%;KL14_03_kpsD,99.64%,99.82%;KL14_04_kpsU,97.56%,99.60%;KL14_05_kpsC,96.59%,99.85%;KL14_06_kpsS,99.75%,91.01%;KL14_07_vatD,100.00%,99.52%;KL14_08_DB_group_97,99.74%,99.87%;KL14_09_kfoA,100.00%,99.71%;KL14_10_kpsT,100.00%,99.55%;KL14_11_kpsM,100.00%,99.61%		0		0 / 11 (0.00%)		7	KL128_09_DB_group_51,100.00%,3.64%,truncated;KL145_11_DB_group_98,100.00%,92.86%;KL157_08_DB_group_38,100.00%,92.59%;KL186_09_DB_group_269,100.00%,14.63%,partial;KL147_13_rmlB,100.00%,7.11%,truncated;KL147_13_rmlB,100.00%,7.11%,truncated;KL147_13_rmlB,85.19%,7.11%,truncated;KL162_13_rmlA_2,88.19%,98.97%;KL173_12_DB_group_98_wckE_2,96.15%,6.13%,truncated	KL128_09_DB_group_51,100.00%,3.64%,truncated;KL186_09_DB_group_269,100.00%,14.63%,partial;KL147_13_rmlB,100.00%,7.11%,truncated;KL147_13_rmlB,100.00%,7.11%,truncated;KL147_13_rmlB,85.19%,7.11%,truncated;KL173_12_DB_group_98_wckE_2,96.15%,6.13%,truncated		ST131
3.3.2	Escherichia_coli_Group_2_and_3_K	4.0.0	GCA_964205655.1	ST131	KL7	K7	Typeable		98.83%	100.00%	0	15 / 15 (100.00%)	KL7_01_kpsF,99.69%,99.70%;KL7_02_kpsE,100.00%,99.74%;KL7_03_kpsD,99.28%,99.82%;KL7_04_kpsU,98.78%,99.60%;KL7_05_kpsC,99.85%,99.85%;KL7_06_kpsS,97.10%,99.76%;KL7_07_kpsT,100.00%,99.56%;KL7_08_DB_group_158,99.59%,99.59%;KL7_09_DB_group_70,99.78%,99.89%;KL7_10_rffD,100.00%,99.76%;KL7_11_rffE_2,100.00%,99.74%;KL7_12_DB_group_139,99.70%,99.70%;KL7_13_DB_group_101,99.70%,99.70%;KL7_14_DB_group_50,100.00%,97.06%;KL7_15_kpsM,99.61%,99.61%		0		0 / 15 (0.00%)		5	KL128_09_DB_group_51,100.00%,3.64%,truncated;KL128_09_DB_group_51,100.00%,3.64%,truncated;KL157_08_DB_group_38,100.00%,62.96%,partial;KL147_13_rmlB,85.19%,7.11%,truncated;KL162_13_rmlA_2,88.19%,98.97%;KL173_12_DB_group_98_wckE_2,100.00%,4.95%,partial	KL128_09_DB_group_51,100.00%,3.64%,truncated;KL128_09_DB_group_51,100.00%,3.64%,truncated;KL157_08_DB_group_38,100.00%,62.96%,partial;KL147_13_rmlB,85.19%,7.11%,truncated;KL173_12_DB_group_98_wckE_2,100.00%,4.95%,partial		ST131
3.3.2	Escherichia_coli_Group_2_and_3_K	4.0.0	GCA_964205675.1	ST131	KL14	K14	Typeable		98.53%	100.00%	1	11 / 11 (100.00%)	KL14_01_kpsF,99.39%,99.70%;KL14_02_kpsE,100.00%,99.74%;KL14_03_kpsD,99.64%,99.82%;KL14_04_kpsU,97.56%,99.60%;KL14_05_kpsC,96.59%,99.85%;KL14_06_kpsS,99.75%,91.01%;KL14_07_vatD,100.00%,99.52%;KL14_08_DB_group_97,99.74%,99.87%;KL14_09_kfoA,100.00%,99.71%;KL14_10_kpsT,100.00%,99.55%;KL14_11_kpsM,100.00%,99.61%		0		0 / 11 (0.00%)		6	KL128_09_DB_group_51,100.00%,3.64%,truncated;KL157_08_DB_group_38,100.00%,92.59%;KL186_09_DB_group_269,100.00%,14.63%,partial;KL147_13_rmlB,100.00%,7.11%,truncated;KL147_13_rmlB,85.19%,7.11%,truncated;KL147_13_rmlB,100.00%,5.79%,partial;KL162_13_rmlA_2,88.19%,98.97%;KL173_12_DB_group_98_wckE_2,100.00%,4.95%,partial	KL128_09_DB_group_51,100.00%,3.64%,truncated;KL186_09_DB_group_269,100.00%,14.63%,partial;KL147_13_rmlB,100.00%,7.11%,truncated;KL147_13_rmlB,85.19%,7.11%,truncated;KL147_13_rmlB,100.00%,5.79%,partial;KL173_12_DB_group_98_wckE_2,100.00%,4.95%,partial		ST131
3.3.2	Escherichia_coli_Group_2_and_3_K	4.0.0	GCA_964205705.1	ST131	KL14	K14	Typeable		98.63%	100.00%	1	11 / 11 (100.00%)	KL14_01_kpsF,99.39%,99.70%;KL14_02_kpsE,100.00%,99.74%;KL14_03_kpsD,99.64%,99.82%;KL14_04_kpsU,97.56%,99.60%;KL14_05_kpsC,96.59%,99.85%;KL14_06_kpsS,99.75%,91.01%;KL14_07_vatD,100.00%,99.52%;KL14_08_DB_group_97,99.74%,99.87%;KL14_09_kfoA,100.00%,99.71%;KL14_10_kpsT,100.00%,99.55%;KL14_11_kpsM,100.00%,99.61%		0		0 / 11 (0.00%)		7	KL128_09_DB_group_51,100.00%,3.64%,truncated;KL145_11_DB_group_98,100.00%,92.86%;KL157_08_DB_group_38,100.00%,92.59%;KL186_09_DB_group_269,100.00%,14.63%,partial;KL147_13_rmlB,100.00%,7.11%,truncated;KL147_13_rmlB,100.00%,7.11%,truncated;KL147_13_rmlB,85.19%,7.11%,truncated;KL162_13_rmlA_2,88.19%,98.97%;KL173_12_DB_group_98_wckE_2,96.15%,6.13%,truncated	KL128_09_DB_group_51,100.00%,3.64%,truncated;KL186_09_DB_group_269,100.00%,14.63%,partial;KL147_13_rmlB,100.00%,7.11%,truncated;KL147_13_rmlB,100.00%,7.11%,truncated;KL147_13_rmlB,85.19%,7.11%,truncated;KL173_12_DB_group_98_wckE_2,96.15%,6.13%,truncated		ST131
3.3.2	Escherichia_coli_Group_2_and_3_K	4.0.0	GCA_964205715.1	ST131	KL14	K14	Typeable		98.63%	100.00%	1	11 / 11 (100.00%)	KL14_01_kpsF,99.39%,99.70%;KL14_02_kpsE,100.00%,99.74%;KL14_03_kpsD,99.64%,99.82%;KL14_04_kpsU,97.56%,99.60%;KL14_05_kpsC,96.59%,99.85%;KL14_06_kpsS,99.75%,91.01%;KL14_07_vatD,100.00%,99.52%;KL14_08_DB_group_97,99.74%,99.87%;KL14_09_kfoA,100.00%,99.71%;KL14_10_kpsT,100.00%,99.55%;KL14_11_kpsM,100.00%,99.61%		0		0 / 11 (0.00%)		7	KL128_09_DB_group_51,100.00%,3.64%,truncated;KL145_11_DB_group_98,100.00%,92.86%;KL157_08_DB_group_38,100.00%,92.59%;KL186_09_DB_group_269,100.00%,14.63%,partial;KL147_13_rmlB,100.00%,7.11%,truncated;KL147_13_rmlB,100.00%,7.11%,truncated;KL147_13_rmlB,85.19%,7.11%,truncated;KL162_13_rmlA_2,88.19%,98.97%;KL173_12_DB_group_98_wckE_2,100.00%,6.13%,truncated;KL173_12_DB_group_98_wckE_2,96.15%,6.13%,truncated	KL128_09_DB_group_51,100.00%,3.64%,truncated;KL186_09_DB_group_269,100.00%,14.63%,partial;KL147_13_rmlB,100.00%,7.11%,truncated;KL147_13_rmlB,100.00%,7.11%,truncated;KL147_13_rmlB,85.19%,7.11%,truncated;KL173_12_DB_group_98_wckE_2,100.00%,6.13%,truncated;KL173_12_DB_group_98_wckE_2,96.15%,6.13%,truncated		ST131
3.3.2	Escherichia_coli_Group_2_and_3_K	4.0.0	GCA_964205725.1	ST131	KL7	K7	Typeable		98.83%	100.00%	0	15 / 15 (100.00%)	KL7_01_kpsF,99.69%,99.70%;KL7_02_kpsE,100.00%,99.74%;KL7_03_kpsD,99.28%,99.82%;KL7_04_kpsU,98.78%,99.60%;KL7_05_kpsC,99.85%,99.85%;KL7_06_kpsS,97.10%,99.76%;KL7_07_kpsT,100.00%,99.56%;KL7_08_DB_group_158,99.59%,99.59%;KL7_09_DB_group_70,99.78%,99.89%;KL7_10_rffD,100.00%,99.76%;KL7_11_rffE_2,100.00%,99.74%;KL7_12_DB_group_139,99.70%,99.70%;KL7_13_DB_group_101,99.70%,99.70%;KL7_14_DB_group_50,100.00%,97.06%;KL7_15_kpsM,99.61%,99.61%		0		0 / 15 (0.00%)		5	KL128_09_DB_group_51,100.00%,3.64%,truncated;KL128_09_DB_group_51,100.00%,3.64%,truncated;KL157_08_DB_group_38,100.00%,62.96%,partial;KL147_13_rmlB,100.00%,7.11%,truncated;KL147_13_rmlB,85.19%,7.11%,truncated;KL162_13_rmlA_2,88.19%,98.97%;KL173_12_DB_group_98_wckE_2,100.00%,4.95%,partial	KL128_09_DB_group_51,100.00%,3.64%,truncated;KL128_09_DB_group_51,100.00%,3.64%,truncated;KL157_08_DB_group_38,100.00%,62.96%,partial;KL147_13_rmlB,100.00%,7.11%,truncated;KL147_13_rmlB,85.19%,7.11%,truncated;KL173_12_DB_group_98_wckE_2,100.00%,4.95%,partial		ST131
3.3.2	Escherichia_coli_Group_2_and_3_K	4.0.0	GCA_964205745.1	ST131	KL128		Typeable	-	99.97%	94.83%	-777	11 / 12 (91.67%)	KL128_01_kpsF,100.00%,99.70%;KL128_02_kpsE,100.00%,99.74%;KL128_03_kpsD,100.00%,99.82%;KL128_04_kpsU,100.00%,99.60%;KL128_05_kpsC,99.85%,99.85%;KL128_06_kpsS,100.00%,99.76%;KL128_07_DB_group_140,100.00%,99.70%;KL128_08_DB_group_51,99.78%,99.78%;KL128_09_DB_group_51,100.00%,96.22%;KL128_10_kpsT,100.00%,99.55%;KL128_11_kpsM,100.00%,99.61%		0		1 / 12 (8.33%)	KL128_09_DB_group_51,100.00%,3.78%,truncated;KL128_09_DB_group_51,100.00%,3.64%,truncated;KL128_09_DB_group_51,96.15%,3.64%,truncated;KL128_09_DB_group_51,96.15%,3.64%,truncated	3	KL157_08_DB_group_38,100.00%,92.59%;KL147_13_rmlB,100.00%,7.63%,truncated;KL147_13_rmlB,100.00%,7.11%,truncated;KL147_13_rmlB,100.00%,7.11%,truncated;KL147_13_rmlB,85.19%,7.11%,truncated;KL173_12_DB_group_98_wckE_2,96.15%,6.13%,truncated	KL128_09_DB_group_51,100.00%,3.78%,truncated;KL128_09_DB_group_51,100.00%,3.64%,truncated;KL128_09_DB_group_51,96.15%,3.64%,truncated;KL128_09_DB_group_51,96.15%,3.64%,truncated;KL147_13_rmlB,100.00%,7.63%,truncated;KL147_13_rmlB,100.00%,7.11%,truncated;KL147_13_rmlB,100.00%,7.11%,truncated;KL147_13_rmlB,85.19%,7.11%,truncated;KL173_12_DB_group_98_wckE_2,96.15%,6.13%,truncated		ST131
3.3.2	Escherichia_coli_Group_2_and_3_K	4.0.0	GCA_964205785.1	ST131	KL14	K14	Typeable		98.63%	100.00%	1	11 / 11 (100.00%)	KL14_01_kpsF,99.39%,99.70%;KL14_02_kpsE,100.00%,99.74%;KL14_03_kpsD,99.64%,99.82%;KL14_04_kpsU,97.56%,99.60%;KL14_05_kpsC,96.59%,99.85%;KL14_06_kpsS,99.75%,91.01%;KL14_07_vatD,100.00%,99.52%;KL14_08_DB_group_97,99.74%,99.87%;KL14_09_kfoA,100.00%,99.71%;KL14_10_kpsT,100.00%,99.55%;KL14_11_kpsM,100.00%,99.61%		0		0 / 11 (0.00%)		7	KL128_09_DB_group_51,100.00%,3.64%,truncated;KL145_11_DB_group_98,100.00%,92.86%;KL157_08_DB_group_38,100.00%,92.59%;KL186_09_DB_group_269,100.00%,14.63%,partial;KL147_13_rmlB,100.00%,7.11%,truncated;KL147_13_rmlB,100.00%,7.11%,truncated;KL147_13_rmlB,85.19%,7.11%,truncated;KL162_13_rmlA_2,88.19%,98.97%;KL173_12_DB_group_98_wckE_2,96.15%,6.13%,truncated	KL128_09_DB_group_51,100.00%,3.64%,truncated;KL186_09_DB_group_269,100.00%,14.63%,partial;KL147_13_rmlB,100.00%,7.11%,truncated;KL147_13_rmlB,100.00%,7.11%,truncated;KL147_13_rmlB,85.19%,7.11%,truncated;KL173_12_DB_group_98_wckE_2,96.15%,6.13%,truncated		ST131
3.3.2	Escherichia_coli_Group_2_and_3_K	4.0.0	GCA_964205825.1	ST131	KL14	K14	Typeable		98.63%	100.00%	1	11 / 11 (100.00%)	KL14_01_kpsF,99.39%,99.70%;KL14_02_kpsE,100.00%,99.74%;KL14_03_kpsD,99.64%,99.82%;KL14_04_kpsU,97.56%,99.60%;KL14_05_kpsC,96.59%,99.85%;KL14_06_kpsS,99.75%,91.01%;KL14_07_vatD,100.00%,99.52%;KL14_08_DB_group_97,99.74%,99.87%;KL14_09_kfoA,100.00%,99.71%;KL14_10_kpsT,100.00%,99.55%;KL14_11_kpsM,100.00%,99.61%		0		0 / 11 (0.00%)		7	KL128_09_DB_group_51,100.00%,3.64%,truncated;KL145_11_DB_group_98,100.00%,92.86%;KL157_08_DB_group_38,100.00%,92.59%;KL186_09_DB_group_269,100.00%,14.63%,partial;KL147_13_rmlB,100.00%,7.11%,truncated;KL147_13_rmlB,100.00%,7.11%,truncated;KL147_13_rmlB,85.19%,7.11%,truncated;KL162_13_rmlA_2,88.19%,98.97%;KL173_12_DB_group_98_wckE_2,96.15%,6.13%,truncated	KL128_09_DB_group_51,100.00%,3.64%,truncated;KL186_09_DB_group_269,100.00%,14.63%,partial;KL147_13_rmlB,100.00%,7.11%,truncated;KL147_13_rmlB,100.00%,7.11%,truncated;KL147_13_rmlB,85.19%,7.11%,truncated;KL173_12_DB_group_98_wckE_2,96.15%,6.13%,truncated		ST131
3.3.2	Escherichia_coli_Group_2_and_3_K	4.0.0	GCA_964205855.1	ST131	KL14	K14	Typeable		98.63%	100.00%	1	11 / 11 (100.00%)	KL14_01_kpsF,99.39%,99.70%;KL14_02_kpsE,100.00%,99.74%;KL14_03_kpsD,99.64%,99.82%;KL14_04_kpsU,97.56%,99.60%;KL14_05_kpsC,96.59%,99.85%;KL14_06_kpsS,99.75%,91.01%;KL14_07_vatD,100.00%,99.52%;KL14_08_DB_group_97,99.74%,99.87%;KL14_09_kfoA,100.00%,99.71%;KL14_10_kpsT,100.00%,99.55%;KL14_11_kpsM,100.00%,99.61%		0		0 / 11 (0.00%)		7	KL128_09_DB_group_51,100.00%,3.64%,truncated;KL145_11_DB_group_98,100.00%,92.86%;KL157_08_DB_group_38,100.00%,92.59%;KL186_09_DB_group_269,100.00%,14.63%,partial;KL147_13_rmlB,100.00%,7.11%,truncated;KL147_13_rmlB,100.00%,7.11%,truncated;KL147_13_rmlB,85.19%,7.11%,truncated;KL162_13_rmlA_2,88.19%,98.97%;KL173_12_DB_group_98_wckE_2,96.15%,6.13%,truncated	KL128_09_DB_group_51,100.00%,3.64%,truncated;KL186_09_DB_group_269,100.00%,14.63%,partial;KL147_13_rmlB,100.00%,7.11%,truncated;KL147_13_rmlB,100.00%,7.11%,truncated;KL147_13_rmlB,85.19%,7.11%,truncated;KL173_12_DB_group_98_wckE_2,96.15%,6.13%,truncated		ST131
3.3.2	Escherichia_coli_Group_2_and_3_K	4.0.0	GCA_964205905.1	ST131	KL127		Typeable		99.94%	95.77%	-776	14 / 14 (100.00%)	KL127_01_kpsF,100.00%,99.70%;KL127_02_kpsE,100.00%,99.74%;KL127_03_kpsD,100.00%,99.82%;KL127_04_kpsU,99.59%,99.60%;KL127_05_kpsC,100.00%,99.85%;KL127_06_kpsS,100.00%,99.74%;KL127_07_kfiD,100.00%,99.75%;KL127_08_kfiC,100.00%,99.69%;KL127_09_kfiC,100.00%,98.84%;KL127_10_kfiB,100.00%,99.40%;KL127_11_kfiB,100.00%,99.73%;KL127_12_kfiA,99.58%,99.58%;KL127_13_kpsT,100.00%,99.56%;KL127_14_kpsM,100.00%,99.61%		0		0 / 14 (0.00%)		3	KL128_09_DB_group_51,100.00%,3.64%,truncated;KL145_11_DB_group_98,100.00%,67.86%,partial;KL147_13_rmlB,100.00%,7.11%,truncated;KL147_13_rmlB,85.19%,7.11%,truncated;KL147_13_rmlB,100.00%,5.53%,partial	KL128_09_DB_group_51,100.00%,3.64%,truncated;KL145_11_DB_group_98,100.00%,67.86%,partial;KL147_13_rmlB,100.00%,7.11%,truncated;KL147_13_rmlB,85.19%,7.11%,truncated;KL147_13_rmlB,100.00%,5.53%,partial		ST131
3.3.2	Escherichia_coli_Group_2_and_3_K	4.0.0	GCA_964205925.1	ST131	KL14	K14	Typeable		98.63%	100.00%	1	11 / 11 (100.00%)	KL14_01_kpsF,99.39%,99.70%;KL14_02_kpsE,100.00%,99.74%;KL14_03_kpsD,99.64%,99.82%;KL14_04_kpsU,97.56%,99.60%;KL14_05_kpsC,96.59%,99.85%;KL14_06_kpsS,99.75%,91.01%;KL14_07_vatD,100.00%,99.52%;KL14_08_DB_group_97,99.74%,99.87%;KL14_09_kfoA,100.00%,99.71%;KL14_10_kpsT,100.00%,99.55%;KL14_11_kpsM,100.00%,99.61%		0		0 / 11 (0.00%)		7	KL128_09_DB_group_51,100.00%,3.64%,truncated;KL145_11_DB_group_98,100.00%,92.86%;KL157_08_DB_group_38,100.00%,92.59%;KL186_09_DB_group_269,100.00%,14.63%,partial;KL147_13_rmlB,100.00%,7.11%,truncated;KL147_13_rmlB,100.00%,7.11%,truncated;KL147_13_rmlB,85.19%,7.11%,truncated;KL162_13_rmlA_2,88.19%,98.97%;KL173_12_DB_group_98_wckE_2,100.00%,4.95%,partial	KL128_09_DB_group_51,100.00%,3.64%,truncated;KL186_09_DB_group_269,100.00%,14.63%,partial;KL147_13_rmlB,100.00%,7.11%,truncated;KL147_13_rmlB,100.00%,7.11%,truncated;KL147_13_rmlB,85.19%,7.11%,truncated;KL173_12_DB_group_98_wckE_2,100.00%,4.95%,partial		ST131
3.3.2	Escherichia_coli_Group_2_and_3_K	4.0.0	GCA_964205945.1	ST131	KL145		Untypeable	-	92.17%	0.48%	-16691	1 / 13 (7.69%)	KL145_11_DB_group_98,96.15%,92.86%	KL145_01_kpsF;KL145_02_kpsE;KL145_03_kpsD;KL145_04_kpsU;KL145_05_kpsC;KL145_06_kpsS;KL145_07_DB_group_91;KL145_08_ugd;KL145_09_wcaK;KL145_10_kfoC;KL145_12_kpsT;KL145_13_kpsM	0		0 / 13 (0.00%)		2	KL147_13_rmlB,85.19%,7.11%,truncated;KL162_13_rmlA_2,88.19%,98.97%	KL147_13_rmlB,85.19%,7.11%,truncated		ST131
3.3.2	Escherichia_coli_Group_2_and_3_K	4.0.0	GCA_964205975.1	ST131	KL127		Typeable		99.12%	95.77%	-776	14 / 14 (100.00%)	KL127_01_kpsF,100.00%,99.70%;KL127_02_kpsE,100.00%,99.74%;KL127_03_kpsD,100.00%,99.82%;KL127_04_kpsU,100.00%,99.60%;KL127_05_kpsC,100.00%,99.85%;KL127_06_kpsS,100.00%,99.74%;KL127_07_kfiD,100.00%,99.75%;KL127_08_kfiC,100.00%,99.69%;KL127_09_kfiC,100.00%,98.84%;KL127_10_kfiB,99.40%,99.40%;KL127_11_kfiB,100.00%,99.73%;KL127_12_kfiA,99.58%,99.58%;KL127_13_kpsT,100.00%,99.56%;KL127_14_kpsM,99.61%,99.61%		0		0 / 14 (0.00%)		3	KL128_09_DB_group_51,100.00%,3.64%,truncated;KL147_13_rmlB,100.00%,7.11%,truncated;KL147_13_rmlB,100.00%,7.11%,truncated;KL147_13_rmlB,96.30%,7.63%,truncated;KL147_13_rmlB,85.19%,7.11%,truncated;KL162_13_rmlA_2,88.19%,98.97%	KL128_09_DB_group_51,100.00%,3.64%,truncated;KL147_13_rmlB,100.00%,7.11%,truncated;KL147_13_rmlB,100.00%,7.11%,truncated;KL147_13_rmlB,96.30%,7.63%,truncated;KL147_13_rmlB,85.19%,7.11%,truncated		ST131
3.3.2	Escherichia_coli_Group_2_and_3_K	4.0.0	GCA_964205995.1	ST131	KL114		Typeable	+	98.91%	100.00%	1	11 / 11 (100.00%)	KL114_01_kpsF,100.00%,99.70%;KL114_02_kpsE,100.00%,99.74%;KL114_03_kpsD,100.00%,99.82%;KL114_04_kpsU,100.00%,99.60%;KL114_05_kpsC,100.00%,99.85%;KL114_06_kpsS,100.00%,99.75%;KL114_07_DB_group_97,100.00%,99.87%;KL114_08_kfoA,100.00%,99.61%;KL114_09_kfoA,100.00%,98.25%;KL114_10_kpsT,100.00%,99.55%;KL114_11_kpsM,100.00%,99.61%		1	KL14_07_vatD,97.61%,99.52%	0 / 11 (0.00%)		4	KL128_09_DB_group_51,100.00%,3.64%,truncated;KL147_13_rmlB,100.00%,7.11%,truncated;KL147_13_rmlB,96.30%,7.63%,truncated;KL147_13_rmlB,85.19%,7.11%,truncated;KL162_13_rmlA_2,88.19%,98.97%;KL173_12_DB_group_98_wckE_2,100.00%,6.13%,truncated	KL128_09_DB_group_51,100.00%,3.64%,truncated;KL147_13_rmlB,100.00%,7.11%,truncated;KL147_13_rmlB,96.30%,7.63%,truncated;KL147_13_rmlB,85.19%,7.11%,truncated;KL173_12_DB_group_98_wckE_2,100.00%,6.13%,truncated		ST131
3.3.2	Escherichia_coli_Group_2_and_3_K	4.0.0	GCA_964206005.1	ST131	KL174		Typeable		99.26%	100.00%	1547	15 / 15 (100.00%)	KL174_01_kpsF,99.39%,99.70%;KL174_02_kpsE,100.00%,99.74%;KL174_03_kpsD,99.46%,99.82%;KL174_04_kpsU,94.31%,99.60%;KL174_05_kpsC,96.44%,99.85%;KL174_06_kpsS,100.00%,99.76%;KL174_07_kslE,99.70%,99.70%;KL174_08_kslD,100.00%,99.47%;KL174_09_kslD,100.00%,100.00%;KL174_10_kslC,99.69%,99.69%;KL174_11_kslC,100.00%,92.71%;KL174_12_kslB,100.00%,99.76%;KL174_13_kslA,99.24%,99.24%;KL174_14_kpsT,100.00%,99.55%;KL174_15_kpsM,100.00%,99.61%		0		0 / 15 (0.00%)		3	KL157_08_DB_group_38,100.00%,92.59%;KL147_13_rmlB,100.00%,7.11%,truncated;KL147_13_rmlB,100.00%,6.05%,partial;KL147_13_rmlB,85.19%,7.11%,truncated;KL173_12_DB_group_98_wckE_2,100.00%,6.13%,truncated	KL147_13_rmlB,100.00%,7.11%,truncated;KL147_13_rmlB,100.00%,6.05%,partial;KL147_13_rmlB,85.19%,7.11%,truncated;KL173_12_DB_group_98_wckE_2,100.00%,6.13%,truncated		ST131
3.3.2	Escherichia_coli_Group_2_and_3_K	4.0.0	GCA_964206025.1	ST131	KL14	K14	Typeable		98.63%	100.00%	1	11 / 11 (100.00%)	KL14_01_kpsF,99.39%,99.70%;KL14_02_kpsE,100.00%,99.74%;KL14_03_kpsD,99.64%,99.82%;KL14_04_kpsU,97.56%,99.60%;KL14_05_kpsC,96.59%,99.85%;KL14_06_kpsS,99.75%,91.01%;KL14_07_vatD,100.00%,99.52%;KL14_08_DB_group_97,99.74%,99.87%;KL14_09_kfoA,100.00%,99.71%;KL14_10_kpsT,100.00%,99.55%;KL14_11_kpsM,100.00%,99.61%		0		0 / 11 (0.00%)		7	KL128_09_DB_group_51,100.00%,3.64%,truncated;KL145_11_DB_group_98,100.00%,92.86%;KL157_08_DB_group_38,100.00%,92.59%;KL186_09_DB_group_269,100.00%,14.63%,partial;KL147_13_rmlB,100.00%,7.11%,truncated;KL147_13_rmlB,100.00%,7.11%,truncated;KL147_13_rmlB,85.19%,7.11%,truncated;KL162_13_rmlA_2,88.19%,98.97%;KL173_12_DB_group_98_wckE_2,96.15%,6.13%,truncated	KL128_09_DB_group_51,100.00%,3.64%,truncated;KL186_09_DB_group_269,100.00%,14.63%,partial;KL147_13_rmlB,100.00%,7.11%,truncated;KL147_13_rmlB,100.00%,7.11%,truncated;KL147_13_rmlB,85.19%,7.11%,truncated;KL173_12_DB_group_98_wckE_2,96.15%,6.13%,truncated		ST131
3.3.2	Escherichia_coli_Group_2_and_3_K	4.0.0	GCA_964206045.1	ST131	KL14	K14	Typeable	!	98.92%	100.00%	2	11 / 11 (100.00%)	KL14_01_kpsF,99.39%,99.70%;KL14_02_kpsE,100.00%,99.74%;KL14_03_kpsD,99.64%,99.82%;KL14_04_kpsU,98.25%,23.08%,truncated;KL14_05_kpsC,99.85%,99.85%;KL14_06_kpsS,100.00%,91.01%;KL14_07_vatD,100.00%,99.52%;KL14_08_DB_group_97,99.83%,75.82%,truncated;KL14_09_kfoA,100.00%,99.71%;KL14_10_kpsT,100.00%,99.55%;KL14_11_kpsM,100.00%,99.61%		0		0 / 11 (0.00%)		6	KL128_09_DB_group_51,100.00%,3.64%,truncated;KL145_11_DB_group_98,100.00%,92.86%;KL157_08_DB_group_38,100.00%,92.59%;KL147_13_rmlB,100.00%,7.11%,truncated;KL147_13_rmlB,100.00%,7.11%,truncated;KL147_13_rmlB,85.19%,7.11%,truncated;KL162_13_rmlA_2,88.19%,98.97%;KL173_12_DB_group_98_wckE_2,100.00%,4.95%,partial	KL128_09_DB_group_51,100.00%,3.64%,truncated;KL147_13_rmlB,100.00%,7.11%,truncated;KL147_13_rmlB,100.00%,7.11%,truncated;KL147_13_rmlB,85.19%,7.11%,truncated;KL173_12_DB_group_98_wckE_2,100.00%,4.95%,partial;KL14_04_kpsU,98.25%,23.08%,truncated;KL14_08_DB_group_97,99.83%,75.82%,truncated		ST131
3.3.2	Escherichia_coli_Group_2_and_3_K	4.0.0	GCA_964206175.1	ST131	KL138		Typeable		100.00%	95.29%	-777	12 / 12 (100.00%)	KL138_01_kpsF,100.00%,99.70%;KL138_02_kpsE,100.00%,99.74%;KL138_03_kpsD,100.00%,99.82%;KL138_04_kpsU,100.00%,99.60%;KL138_05_kpsC,100.00%,99.85%;KL138_06_kpsS,100.00%,99.75%;KL138_07_ybl128,100.00%,99.74%;KL138_08_DB_group_110,100.00%,99.79%;KL138_09_DB_group_43,100.00%,99.39%;KL138_10_DB_group_43,100.00%,99.78%;KL138_11_kpsT,100.00%,99.55%;KL138_12_kpsM,100.00%,99.61%		0		0 / 12 (0.00%)		2	KL147_13_rmlB,100.00%,7.11%,truncated;KL147_13_rmlB,85.19%,7.11%,truncated;KL173_12_DB_group_98_wckE_2,100.00%,6.13%,truncated	KL147_13_rmlB,100.00%,7.11%,truncated;KL147_13_rmlB,85.19%,7.11%,truncated;KL173_12_DB_group_98_wckE_2,100.00%,6.13%,truncated		ST131
3.3.2	Escherichia_coli_Group_2_and_3_K	4.0.0	GCA_964206185.1	ST131	KL127		Typeable	!	99.12%	95.32%	-859	14 / 14 (100.00%)	KL127_01_kpsF,100.00%,99.70%;KL127_02_kpsE,100.00%,99.74%;KL127_03_kpsD,100.00%,99.82%;KL127_04_kpsU,100.00%,99.60%;KL127_05_kpsC,100.00%,99.85%;KL127_06_kpsS,100.00%,99.74%;KL127_07_kfiD,100.00%,99.75%;KL127_08_kfiC,100.00%,99.69%;KL127_09_kfiC,92.31%,16.76%,truncated;KL127_10_kfiB,99.39%,98.20%;KL127_11_kfiB,100.00%,99.73%;KL127_12_kfiA,99.58%,99.58%;KL127_13_kpsT,100.00%,99.56%;KL127_14_kpsM,99.61%,99.61%		0		0 / 14 (0.00%)		5	KL128_09_DB_group_51,100.00%,3.64%,truncated;KL145_11_DB_group_98,100.00%,92.86%;KL186_09_DB_group_269,100.00%,14.63%,truncated;KL147_13_rmlB,100.00%,7.11%,truncated;KL147_13_rmlB,100.00%,7.11%,truncated;KL147_13_rmlB,96.30%,7.63%,truncated;KL147_13_rmlB,85.19%,7.11%,truncated;KL162_13_rmlA_2,88.19%,98.97%	KL127_09_kfiC,92.31%,16.76%,truncated;KL128_09_DB_group_51,100.00%,3.64%,truncated;KL186_09_DB_group_269,100.00%,14.63%,truncated;KL147_13_rmlB,100.00%,7.11%,truncated;KL147_13_rmlB,100.00%,7.11%,truncated;KL147_13_rmlB,96.30%,7.63%,truncated;KL147_13_rmlB,85.19%,7.11%,truncated		ST131
3.3.2	Escherichia_coli_Group_2_and_3_K	4.0.0	GCA_964206225.1	ST131	KL174		Typeable		99.24%	100.00%	1547	15 / 15 (100.00%)	KL174_01_kpsF,100.00%,99.70%;KL174_02_kpsE,100.00%,99.74%;KL174_03_kpsD,100.00%,99.82%;KL174_04_kpsU,100.00%,99.60%;KL174_05_kpsC,100.00%,99.85%;KL174_06_kpsS,100.00%,99.76%;KL174_07_kslE,100.00%,99.70%;KL174_08_kslD,100.00%,99.47%;KL174_09_kslD,100.00%,100.00%;KL174_10_kslC,99.69%,99.69%;KL174_11_kslC,100.00%,92.71%;KL174_12_kslB,100.00%,99.76%;KL174_13_kslA,100.00%,99.24%;KL174_14_kpsT,100.00%,99.55%;KL174_15_kpsM,100.00%,99.61%		0		0 / 15 (0.00%)		3	KL128_09_DB_group_51,100.00%,3.64%,truncated;KL128_09_DB_group_51,100.00%,3.64%,truncated;KL147_13_rmlB,85.19%,7.11%,truncated;KL162_13_rmlA_2,88.19%,98.97%	KL128_09_DB_group_51,100.00%,3.64%,truncated;KL128_09_DB_group_51,100.00%,3.64%,truncated;KL147_13_rmlB,85.19%,7.11%,truncated		ST131
3.3.2	Escherichia_coli_Group_2_and_3_K	4.0.0	GCA_964206255.1	ST131	KL174		Typeable		98.77%	100.00%	1547	15 / 15 (100.00%)	KL174_01_kpsF,99.69%,99.70%;KL174_02_kpsE,100.00%,99.74%;KL174_03_kpsD,100.00%,99.82%;KL174_04_kpsU,95.93%,99.60%;KL174_05_kpsC,98.67%,99.85%;KL174_06_kpsS,99.76%,99.76%;KL174_07_kslE,100.00%,99.70%;KL174_08_kslD,100.00%,99.47%;KL174_09_kslD,100.00%,100.00%;KL174_10_kslC,99.69%,99.69%;KL174_11_kslC,99.75%,92.71%;KL174_12_kslB,99.76%,99.76%;KL174_13_kslA,99.24%,99.24%;KL174_14_kpsT,100.00%,99.55%;KL174_15_kpsM,100.00%,99.61%		0		0 / 15 (0.00%)		4	KL128_09_DB_group_51,100.00%,3.64%,truncated;KL147_13_rmlB,100.00%,7.11%,truncated;KL147_13_rmlB,100.00%,7.11%,truncated;KL147_13_rmlB,85.19%,7.11%,truncated;KL162_13_rmlA_2,87.85%,98.97%;KL173_12_DB_group_98_wckE_2,100.00%,6.13%,truncated;KL173_12_DB_group_98_wckE_2,100.00%,6.13%,truncated;KL173_12_DB_group_98_wckE_2,100.00%,6.13%,partial	KL128_09_DB_group_51,100.00%,3.64%,truncated;KL147_13_rmlB,100.00%,7.11%,truncated;KL147_13_rmlB,100.00%,7.11%,truncated;KL147_13_rmlB,85.19%,7.11%,truncated;KL173_12_DB_group_98_wckE_2,100.00%,6.13%,truncated;KL173_12_DB_group_98_wckE_2,100.00%,6.13%,truncated;KL173_12_DB_group_98_wckE_2,100.00%,6.13%,partial		ST131
3.3.2	Escherichia_coli_Group_2_and_3_K	4.0.0	GCA_964206355.1	ST131	KL138		Typeable		100.00%	95.29%	-777	12 / 12 (100.00%)	KL138_01_kpsF,100.00%,99.70%;KL138_02_kpsE,100.00%,99.74%;KL138_03_kpsD,100.00%,99.82%;KL138_04_kpsU,100.00%,99.60%;KL138_05_kpsC,100.00%,99.85%;KL138_06_kpsS,100.00%,99.75%;KL138_07_ybl128,100.00%,99.74%;KL138_08_DB_group_110,100.00%,99.79%;KL138_09_DB_group_43,100.00%,99.39%;KL138_10_DB_group_43,100.00%,99.78%;KL138_11_kpsT,100.00%,99.55%;KL138_12_kpsM,100.00%,99.61%		0		0 / 12 (0.00%)		3	KL128_09_DB_group_51,100.00%,3.78%,truncated;KL128_09_DB_group_51,100.00%,2.52%,partial;KL147_13_rmlB,100.00%,7.63%,truncated;KL147_13_rmlB,100.00%,7.11%,truncated;KL147_13_rmlB,100.00%,7.11%,truncated;KL147_13_rmlB,85.19%,7.11%,truncated;KL173_12_DB_group_98_wckE_2,100.00%,6.13%,truncated	KL128_09_DB_group_51,100.00%,3.78%,truncated;KL128_09_DB_group_51,100.00%,2.52%,partial;KL147_13_rmlB,100.00%,7.63%,truncated;KL147_13_rmlB,100.00%,7.11%,truncated;KL147_13_rmlB,100.00%,7.11%,truncated;KL147_13_rmlB,85.19%,7.11%,truncated;KL173_12_DB_group_98_wckE_2,100.00%,6.13%,truncated		ST131
3.3.2	Escherichia_coli_Group_2_and_3_K	4.0.0	GCA_964206375.1	ST131	KL127		Typeable		99.95%	95.77%	-776	14 / 14 (100.00%)	KL127_01_kpsF,100.00%,99.70%;KL127_02_kpsE,100.00%,99.74%;KL127_03_kpsD,100.00%,99.82%;KL127_04_kpsU,99.59%,99.60%;KL127_05_kpsC,100.00%,99.85%;KL127_06_kpsS,100.00%,99.74%;KL127_07_kfiD,100.00%,99.75%;KL127_08_kfiC,100.00%,99.69%;KL127_09_kfiC,100.00%,98.84%;KL127_10_kfiB,100.00%,99.40%;KL127_11_kfiB,100.00%,99.73%;KL127_12_kfiA,99.58%,99.58%;KL127_13_kpsT,100.00%,99.56%;KL127_14_kpsM,100.00%,99.61%		0		0 / 14 (0.00%)		6	KL128_09_DB_group_51,100.00%,3.78%,truncated;KL128_09_DB_group_51,100.00%,3.64%,truncated;KL145_11_DB_group_98,100.00%,92.86%;KL145_11_DB_group_98,100.00%,92.86%;KL157_08_DB_group_38,100.00%,92.59%;KL186_09_DB_group_269,100.00%,14.63%,truncated;KL147_13_rmlB,100.00%,7.11%,truncated;KL147_13_rmlB,100.00%,3.16%,truncated;KL147_13_rmlB,85.19%,7.11%,truncated;KL147_13_rmlB,100.00%,5.00%,partial;KL173_12_DB_group_98_wckE_2,100.00%,4.95%,partial;KL173_12_DB_group_98_wckE_2,100.00%,4.95%,partial	KL128_09_DB_group_51,100.00%,3.78%,truncated;KL128_09_DB_group_51,100.00%,3.64%,truncated;KL186_09_DB_group_269,100.00%,14.63%,truncated;KL147_13_rmlB,100.00%,7.11%,truncated;KL147_13_rmlB,100.00%,3.16%,truncated;KL147_13_rmlB,85.19%,7.11%,truncated;KL147_13_rmlB,100.00%,5.00%,partial;KL173_12_DB_group_98_wckE_2,100.00%,4.95%,partial;KL173_12_DB_group_98_wckE_2,100.00%,4.95%,partial		ST131
3.3.2	Escherichia_coli_Group_2_and_3_K	4.0.0	GCA_964206405.1	ST131	KL14	K14	Typeable		99.73%	100.00%	1	11 / 11 (100.00%)	KL14_01_kpsF,99.39%,99.70%;KL14_02_kpsE,100.00%,99.74%;KL14_03_kpsD,99.64%,99.82%;KL14_04_kpsU,98.37%,99.60%;KL14_05_kpsC,99.85%,99.85%;KL14_06_kpsS,100.00%,91.01%;KL14_07_vatD,100.00%,99.52%;KL14_08_DB_group_97,99.74%,99.87%;KL14_09_kfoA,100.00%,99.71%;KL14_10_kpsT,100.00%,99.55%;KL14_11_kpsM,100.00%,99.61%		0		0 / 11 (0.00%)		3	KL186_09_DB_group_269,100.00%,14.63%,partial;KL147_13_rmlB,100.00%,7.63%,truncated;KL147_13_rmlB,100.00%,7.11%,truncated;KL147_13_rmlB,100.00%,6.05%,partial;KL147_13_rmlB,85.19%,7.11%,truncated;KL173_12_DB_group_98_wckE_2,100.00%,6.13%,truncated	KL186_09_DB_group_269,100.00%,14.63%,partial;KL147_13_rmlB,100.00%,7.63%,truncated;KL147_13_rmlB,100.00%,7.11%,truncated;KL147_13_rmlB,100.00%,6.05%,partial;KL147_13_rmlB,85.19%,7.11%,truncated;KL173_12_DB_group_98_wckE_2,100.00%,6.13%,truncated		ST131
3.3.2	Escherichia_coli_Group_2_and_3_K	4.0.0	GCA_964206415.1	ST131	KL127		Typeable		99.12%	95.31%	-860	14 / 14 (100.00%)	KL127_01_kpsF,100.00%,99.70%;KL127_02_kpsE,100.00%,99.74%;KL127_03_kpsD,100.00%,99.82%;KL127_04_kpsU,100.00%,99.60%;KL127_05_kpsC,100.00%,99.85%;KL127_06_kpsS,100.00%,99.74%;KL127_07_kfiD,100.00%,99.75%;KL127_08_kfiC,100.00%,99.69%;KL127_09_kfiC,100.00%,98.84%;KL127_10_kfiB,99.39%,98.20%;KL127_11_kfiB,100.00%,99.73%;KL127_12_kfiA,99.58%,99.58%;KL127_13_kpsT,100.00%,99.56%;KL127_14_kpsM,99.61%,99.61%		0		0 / 14 (0.00%)		3	KL186_09_DB_group_269,100.00%,14.63%,partial;KL147_13_rmlB,100.00%,7.11%,truncated;KL147_13_rmlB,100.00%,7.11%,truncated;KL147_13_rmlB,96.30%,7.63%,truncated;KL147_13_rmlB,85.19%,7.11%,truncated;KL162_13_rmlA_2,88.19%,98.97%	KL186_09_DB_group_269,100.00%,14.63%,partial;KL147_13_rmlB,100.00%,7.11%,truncated;KL147_13_rmlB,100.00%,7.11%,truncated;KL147_13_rmlB,96.30%,7.63%,truncated;KL147_13_rmlB,85.19%,7.11%,truncated		ST131
3.3.2	Escherichia_coli_Group_2_and_3_K	4.0.0	GCA_964206505.1	ST131	KL127		Typeable	!	99.06%	95.32%	-859	14 / 14 (100.00%)	KL127_01_kpsF,100.00%,99.70%;KL127_02_kpsE,100.00%,99.74%;KL127_03_kpsD,100.00%,99.82%;KL127_04_kpsU,100.00%,99.60%;KL127_05_kpsC,100.00%,99.85%;KL127_06_kpsS,100.00%,99.74%;KL127_07_kfiD,100.00%,99.75%;KL127_08_kfiC,100.00%,99.69%;KL127_09_kfiC,92.31%,16.76%,truncated;KL127_10_kfiB,99.39%,98.20%;KL127_11_kfiB,100.00%,99.73%;KL127_12_kfiA,99.58%,99.58%;KL127_13_kpsT,100.00%,99.56%;KL127_14_kpsM,99.61%,99.61%		0		0 / 14 (0.00%)		4	KL128_09_DB_group_51,100.00%,3.64%,truncated;KL186_09_DB_group_269,100.00%,14.63%,partial;KL147_13_rmlB,100.00%,7.11%,truncated;KL147_13_rmlB,100.00%,7.11%,truncated;KL147_13_rmlB,96.30%,7.63%,truncated;KL147_13_rmlB,85.19%,7.11%,truncated;KL162_13_rmlA_2,88.19%,98.97%	KL127_09_kfiC,92.31%,16.76%,truncated;KL128_09_DB_group_51,100.00%,3.64%,truncated;KL186_09_DB_group_269,100.00%,14.63%,partial;KL147_13_rmlB,100.00%,7.11%,truncated;KL147_13_rmlB,100.00%,7.11%,truncated;KL147_13_rmlB,96.30%,7.63%,truncated;KL147_13_rmlB,85.19%,7.11%,truncated		ST131
3.3.2	Escherichia_coli_Group_2_and_3_K	4.0.0	GCA_964206525.1	ST131	KL127		Typeable		99.12%	95.77%	-776	14 / 14 (100.00%)	KL127_01_kpsF,100.00%,99.70%;KL127_02_kpsE,100.00%,99.74%;KL127_03_kpsD,100.00%,99.82%;KL127_04_kpsU,100.00%,99.60%;KL127_05_kpsC,100.00%,99.85%;KL127_06_kpsS,100.00%,99.74%;KL127_07_kfiD,100.00%,99.75%;KL127_08_kfiC,100.00%,99.69%;KL127_09_kfiC,100.00%,98.84%;KL127_10_kfiB,99.40%,99.40%;KL127_11_kfiB,100.00%,99.73%;KL127_12_kfiA,99.58%,99.58%;KL127_13_kpsT,100.00%,99.56%;KL127_14_kpsM,99.61%,99.61%		0		0 / 14 (0.00%)		3	KL128_09_DB_group_51,100.00%,3.64%,truncated;KL147_13_rmlB,100.00%,7.11%,truncated;KL147_13_rmlB,100.00%,7.11%,truncated;KL147_13_rmlB,96.30%,7.63%,truncated;KL147_13_rmlB,85.19%,7.11%,truncated;KL162_13_rmlA_2,88.19%,98.97%	KL128_09_DB_group_51,100.00%,3.64%,truncated;KL147_13_rmlB,100.00%,7.11%,truncated;KL147_13_rmlB,100.00%,7.11%,truncated;KL147_13_rmlB,96.30%,7.63%,truncated;KL147_13_rmlB,85.19%,7.11%,truncated		ST131
3.3.2	Escherichia_coli_Group_2_and_3_K	4.0.0	GCA_964206535.1	ST131	KL7	K7	Typeable		98.83%	100.00%	0	15 / 15 (100.00%)	KL7_01_kpsF,99.69%,99.70%;KL7_02_kpsE,100.00%,99.74%;KL7_03_kpsD,99.28%,99.82%;KL7_04_kpsU,98.78%,99.60%;KL7_05_kpsC,99.85%,99.85%;KL7_06_kpsS,97.10%,99.76%;KL7_07_kpsT,100.00%,99.56%;KL7_08_DB_group_158,99.59%,99.59%;KL7_09_DB_group_70,99.78%,99.89%;KL7_10_rffD,100.00%,99.76%;KL7_11_rffE_2,100.00%,99.74%;KL7_12_DB_group_139,99.70%,99.70%;KL7_13_DB_group_101,99.70%,99.70%;KL7_14_DB_group_50,100.00%,97.06%;KL7_15_kpsM,99.61%,99.61%		0		0 / 15 (0.00%)		6	KL128_09_DB_group_51,100.00%,3.64%,truncated;KL128_09_DB_group_51,100.00%,3.64%,truncated;KL157_08_DB_group_38,100.00%,62.96%,partial;KL186_09_DB_group_269,100.00%,14.63%,partial;KL147_13_rmlB,100.00%,7.11%,truncated;KL147_13_rmlB,85.19%,7.11%,truncated;KL162_13_rmlA_2,88.19%,98.97%;KL173_12_DB_group_98_wckE_2,100.00%,4.95%,partial;KL173_12_DB_group_98_wckE_2,100.00%,3.54%,partial	KL128_09_DB_group_51,100.00%,3.64%,truncated;KL128_09_DB_group_51,100.00%,3.64%,truncated;KL157_08_DB_group_38,100.00%,62.96%,partial;KL186_09_DB_group_269,100.00%,14.63%,partial;KL147_13_rmlB,100.00%,7.11%,truncated;KL147_13_rmlB,85.19%,7.11%,truncated;KL173_12_DB_group_98_wckE_2,100.00%,4.95%,partial;KL173_12_DB_group_98_wckE_2,100.00%,3.54%,partial		ST131
3.3.2	Escherichia_coli_Group_2_and_3_K	4.0.0	GCA_964206545.1	ST131	KL174		Typeable		99.86%	100.00%	1547	15 / 15 (100.00%)	KL174_01_kpsF,100.00%,99.70%;KL174_02_kpsE,100.00%,99.74%;KL174_03_kpsD,100.00%,99.82%;KL174_04_kpsU,100.00%,99.60%;KL174_05_kpsC,100.00%,99.85%;KL174_06_kpsS,99.76%,99.76%;KL174_07_kslE,99.70%,99.70%;KL174_08_kslD,100.00%,99.47%;KL174_09_kslD,100.00%,100.00%;KL174_10_kslC,99.69%,99.69%;KL174_11_kslC,100.00%,92.71%;KL174_12_kslB,100.00%,99.76%;KL174_13_kslA,99.24%,99.24%;KL174_14_kpsT,99.55%,99.55%;KL174_15_kpsM,100.00%,99.61%		0		0 / 15 (0.00%)		3	KL128_09_DB_group_51,100.00%,3.78%,truncated;KL147_13_rmlB,100.00%,7.11%,truncated;KL147_13_rmlB,100.00%,3.16%,truncated;KL147_13_rmlB,85.19%,7.11%,truncated;KL173_12_DB_group_98_wckE_2,100.00%,6.13%,truncated;KL173_12_DB_group_98_wckE_2,100.00%,6.13%,truncated	KL128_09_DB_group_51,100.00%,3.78%,truncated;KL147_13_rmlB,100.00%,7.11%,truncated;KL147_13_rmlB,100.00%,3.16%,truncated;KL147_13_rmlB,85.19%,7.11%,truncated;KL173_12_DB_group_98_wckE_2,100.00%,6.13%,truncated;KL173_12_DB_group_98_wckE_2,100.00%,6.13%,truncated		ST131
3.3.2	Escherichia_coli_Group_2_and_3_K	4.0.0	GCA_964206565.1	ST131	KL138		Typeable		100.00%	95.29%	-777	12 / 12 (100.00%)	KL138_01_kpsF,100.00%,99.70%;KL138_02_kpsE,100.00%,99.74%;KL138_03_kpsD,100.00%,99.82%;KL138_04_kpsU,100.00%,99.60%;KL138_05_kpsC,100.00%,99.85%;KL138_06_kpsS,100.00%,99.75%;KL138_07_ybl128,100.00%,99.74%;KL138_08_DB_group_110,100.00%,99.79%;KL138_09_DB_group_43,100.00%,99.39%;KL138_10_DB_group_43,100.00%,99.78%;KL138_11_kpsT,100.00%,99.55%;KL138_12_kpsM,100.00%,99.61%		0		0 / 12 (0.00%)		3	KL128_09_DB_group_51,100.00%,3.78%,truncated;KL147_13_rmlB,100.00%,7.11%,truncated;KL147_13_rmlB,85.19%,7.11%,truncated;KL173_12_DB_group_98_wckE_2,100.00%,6.13%,truncated	KL128_09_DB_group_51,100.00%,3.78%,truncated;KL147_13_rmlB,100.00%,7.11%,truncated;KL147_13_rmlB,85.19%,7.11%,truncated;KL173_12_DB_group_98_wckE_2,100.00%,6.13%,truncated		ST131
3.3.2	Escherichia_coli_Group_2_and_3_K	4.0.0	GCA_964206575.1	ST131	KL7	K7	Typeable		98.96%	100.00%	0	15 / 15 (100.00%)	KL7_01_kpsF,99.69%,99.70%;KL7_02_kpsE,100.00%,99.74%;KL7_03_kpsD,99.28%,99.82%;KL7_04_kpsU,98.78%,99.60%;KL7_05_kpsC,99.85%,99.85%;KL7_06_kpsS,97.10%,99.76%;KL7_07_kpsT,100.00%,99.56%;KL7_08_DB_group_158,99.59%,99.59%;KL7_09_DB_group_70,99.78%,99.89%;KL7_10_rffD,100.00%,99.76%;KL7_11_rffE_2,100.00%,99.74%;KL7_12_DB_group_139,99.70%,99.70%;KL7_13_DB_group_101,99.70%,99.70%;KL7_14_DB_group_50,100.00%,97.06%;KL7_15_kpsM,99.61%,99.61%		0		0 / 15 (0.00%)		7	KL128_09_DB_group_51,100.00%,3.64%,truncated;KL128_09_DB_group_51,100.00%,3.64%,truncated;KL145_11_DB_group_98,100.00%,92.86%;KL145_11_DB_group_98,100.00%,92.86%;KL157_08_DB_group_38,100.00%,62.96%,partial;KL186_09_DB_group_269,100.00%,14.63%,truncated;KL147_13_rmlB,100.00%,7.11%,truncated;KL147_13_rmlB,85.19%,7.11%,truncated;KL162_13_rmlA_2,88.19%,98.97%;KL173_12_DB_group_98_wckE_2,100.00%,4.95%,partial	KL128_09_DB_group_51,100.00%,3.64%,truncated;KL128_09_DB_group_51,100.00%,3.64%,truncated;KL157_08_DB_group_38,100.00%,62.96%,partial;KL186_09_DB_group_269,100.00%,14.63%,truncated;KL147_13_rmlB,100.00%,7.11%,truncated;KL147_13_rmlB,85.19%,7.11%,truncated;KL173_12_DB_group_98_wckE_2,100.00%,4.95%,partial		ST131
3.3.2	Escherichia_coli_Group_2_and_3_K	4.0.0	GCA_964206585.1	ST131	KL7	K7	Typeable		98.83%	100.00%	0	15 / 15 (100.00%)	KL7_01_kpsF,99.69%,99.70%;KL7_02_kpsE,100.00%,99.74%;KL7_03_kpsD,99.28%,99.82%;KL7_04_kpsU,98.78%,99.60%;KL7_05_kpsC,99.85%,99.85%;KL7_06_kpsS,97.10%,99.76%;KL7_07_kpsT,100.00%,99.56%;KL7_08_DB_group_158,99.59%,99.59%;KL7_09_DB_group_70,99.78%,99.89%;KL7_10_rffD,100.00%,99.76%;KL7_11_rffE_2,100.00%,99.74%;KL7_12_DB_group_139,99.70%,99.70%;KL7_13_DB_group_101,99.70%,99.70%;KL7_14_DB_group_50,100.00%,97.06%;KL7_15_kpsM,99.61%,99.61%		0		0 / 15 (0.00%)		5	KL128_09_DB_group_51,100.00%,3.64%,truncated;KL128_09_DB_group_51,100.00%,3.64%,truncated;KL157_08_DB_group_38,100.00%,62.96%,partial;KL147_13_rmlB,100.00%,7.11%,truncated;KL147_13_rmlB,85.19%,7.11%,truncated;KL162_13_rmlA_2,88.19%,98.97%;KL173_12_DB_group_98_wckE_2,100.00%,4.95%,partial	KL128_09_DB_group_51,100.00%,3.64%,truncated;KL128_09_DB_group_51,100.00%,3.64%,truncated;KL157_08_DB_group_38,100.00%,62.96%,partial;KL147_13_rmlB,100.00%,7.11%,truncated;KL147_13_rmlB,85.19%,7.11%,truncated;KL173_12_DB_group_98_wckE_2,100.00%,4.95%,partial		ST131
3.3.2	Escherichia_coli_Group_2_and_3_K	4.0.0	GCA_964206605.1	ST131	KL7	K7	Typeable		98.83%	100.00%	0	15 / 15 (100.00%)	KL7_01_kpsF,99.69%,99.70%;KL7_02_kpsE,100.00%,99.74%;KL7_03_kpsD,99.28%,99.82%;KL7_04_kpsU,98.78%,99.60%;KL7_05_kpsC,99.85%,99.85%;KL7_06_kpsS,97.10%,99.76%;KL7_07_kpsT,100.00%,99.56%;KL7_08_DB_group_158,99.59%,99.59%;KL7_09_DB_group_70,99.78%,99.89%;KL7_10_rffD,100.00%,99.76%;KL7_11_rffE_2,100.00%,99.74%;KL7_12_DB_group_139,99.70%,99.70%;KL7_13_DB_group_101,99.70%,99.70%;KL7_14_DB_group_50,100.00%,97.06%;KL7_15_kpsM,99.61%,99.61%		0		0 / 15 (0.00%)		6	KL128_09_DB_group_51,100.00%,3.64%,truncated;KL128_09_DB_group_51,100.00%,3.64%,truncated;KL157_08_DB_group_38,100.00%,62.96%,partial;KL186_09_DB_group_269,100.00%,13.82%,partial;KL147_13_rmlB,100.00%,7.11%,truncated;KL147_13_rmlB,85.19%,7.11%,truncated;KL162_13_rmlA_2,88.19%,98.97%;KL173_12_DB_group_98_wckE_2,100.00%,4.95%,partial;KL173_12_DB_group_98_wckE_2,100.00%,4.95%,partial	KL128_09_DB_group_51,100.00%,3.64%,truncated;KL128_09_DB_group_51,100.00%,3.64%,truncated;KL157_08_DB_group_38,100.00%,62.96%,partial;KL186_09_DB_group_269,100.00%,13.82%,partial;KL147_13_rmlB,100.00%,7.11%,truncated;KL147_13_rmlB,85.19%,7.11%,truncated;KL173_12_DB_group_98_wckE_2,100.00%,4.95%,partial;KL173_12_DB_group_98_wckE_2,100.00%,4.95%,partial		ST131
3.3.2	Escherichia_coli_Group_2_and_3_K	4.0.0	GCA_966502205.1	ST131	KL127		Typeable		99.37%	95.77%	-776	14 / 14 (100.00%)	KL127_01_kpsF,100.00%,99.70%;KL127_02_kpsE,100.00%,99.74%;KL127_03_kpsD,100.00%,99.82%;KL127_04_kpsU,100.00%,99.60%;KL127_05_kpsC,100.00%,99.85%;KL127_06_kpsS,100.00%,99.74%;KL127_07_kfiD,100.00%,99.75%;KL127_08_kfiC,100.00%,99.69%;KL127_09_kfiC,100.00%,98.84%;KL127_10_kfiB,99.40%,99.40%;KL127_11_kfiB,100.00%,99.73%;KL127_12_kfiA,99.58%,99.58%;KL127_13_kpsT,100.00%,99.56%;KL127_14_kpsM,99.61%,99.61%		0		0 / 14 (0.00%)		6	KL128_09_DB_group_51,100.00%,3.64%,truncated;KL128_09_DB_group_51,100.00%,3.64%,truncated;KL128_09_DB_group_51,100.00%,3.64%,truncated;KL128_09_DB_group_51,100.00%,3.64%,truncated;KL128_09_DB_group_51,100.00%,3.64%,truncated;KL145_11_DB_group_98,100.00%,96.43%;KL145_11_DB_group_98,100.00%,92.86%;KL145_11_DB_group_98,100.00%,92.86%;KL145_11_DB_group_98,100.00%,92.86%;KL145_11_DB_group_98,100.00%,92.86%;KL157_08_DB_group_38,100.00%,92.59%;KL147_13_rmlB,100.00%,7.11%,truncated;KL147_13_rmlB,100.00%,7.11%,truncated;KL147_13_rmlB,85.19%,7.11%,truncated;KL162_13_rmlA_2,88.19%,98.97%;KL173_12_DB_group_98_wckE_2,96.15%,6.13%,truncated	KL128_09_DB_group_51,100.00%,3.64%,truncated;KL128_09_DB_group_51,100.00%,3.64%,truncated;KL128_09_DB_group_51,100.00%,3.64%,truncated;KL128_09_DB_group_51,100.00%,3.64%,truncated;KL128_09_DB_group_51,100.00%,3.64%,truncated;KL147_13_rmlB,100.00%,7.11%,truncated;KL147_13_rmlB,100.00%,7.11%,truncated;KL147_13_rmlB,85.19%,7.11%,truncated;KL173_12_DB_group_98_wckE_2,96.15%,6.13%,truncated		ST131
3.3.2	Escherichia_coli_Group_2_and_3_K	4.0.0	GCA_966555405.1	ST131	KL14	K14	Typeable	!	98.88%	100.00%	1	11 / 11 (100.00%)	KL14_01_kpsF,99.39%,99.70%;KL14_02_kpsE,100.00%,99.74%;KL14_03_kpsD,99.64%,99.82%;KL14_04_kpsU,98.25%,23.08%,truncated;KL14_05_kpsC,99.85%,99.85%;KL14_06_kpsS,99.75%,91.01%;KL14_07_vatD,100.00%,99.52%;KL14_08_DB_group_97,99.74%,99.87%;KL14_09_kfoA,100.00%,99.71%;KL14_10_kpsT,100.00%,99.55%;KL14_11_kpsM,100.00%,99.61%		0		0 / 11 (0.00%)		4	KL157_08_DB_group_38,100.00%,92.59%;KL147_13_rmlB,100.00%,7.11%,truncated;KL147_13_rmlB,100.00%,7.11%,truncated;KL147_13_rmlB,85.19%,7.11%,truncated;KL162_13_rmlA_2,88.19%,98.97%;KL173_12_DB_group_98_wckE_2,100.00%,6.13%,partial;KL173_12_DB_group_98_wckE_2,96.15%,6.13%,truncated	KL147_13_rmlB,100.00%,7.11%,truncated;KL147_13_rmlB,100.00%,7.11%,truncated;KL147_13_rmlB,85.19%,7.11%,truncated;KL173_12_DB_group_98_wckE_2,100.00%,6.13%,partial;KL173_12_DB_group_98_wckE_2,96.15%,6.13%,truncated;KL14_04_kpsU,98.25%,23.08%,truncated		ST131
3.3.2	Escherichia_coli_Group_2_and_3_K	4.0.0	GCA_970664135.1	ST131	KL138		Typeable		100.00%	95.29%	-777	12 / 12 (100.00%)	KL138_01_kpsF,100.00%,99.70%;KL138_02_kpsE,100.00%,99.74%;KL138_03_kpsD,100.00%,99.82%;KL138_04_kpsU,100.00%,99.60%;KL138_05_kpsC,100.00%,99.85%;KL138_06_kpsS,100.00%,99.75%;KL138_07_ybl128,100.00%,99.74%;KL138_08_DB_group_110,100.00%,99.79%;KL138_09_DB_group_43,100.00%,99.39%;KL138_10_DB_group_43,100.00%,99.78%;KL138_11_kpsT,100.00%,99.55%;KL138_12_kpsM,100.00%,99.61%		0		0 / 12 (0.00%)		3	KL128_09_DB_group_51,100.00%,3.78%,truncated;KL128_09_DB_group_51,100.00%,3.64%,truncated;KL128_09_DB_group_51,100.00%,3.64%,truncated;KL128_09_DB_group_51,100.00%,3.64%,truncated;KL128_09_DB_group_51,100.00%,3.64%,truncated;KL128_09_DB_group_51,100.00%,3.64%,truncated;KL147_13_rmlB,100.00%,7.63%,truncated;KL147_13_rmlB,100.00%,7.11%,truncated;KL147_13_rmlB,100.00%,7.11%,truncated;KL147_13_rmlB,85.19%,7.11%,truncated;KL173_12_DB_group_98_wckE_2,100.00%,6.13%,truncated	KL128_09_DB_group_51,100.00%,3.78%,truncated;KL128_09_DB_group_51,100.00%,3.64%,truncated;KL128_09_DB_group_51,100.00%,3.64%,truncated;KL128_09_DB_group_51,100.00%,3.64%,truncated;KL128_09_DB_group_51,100.00%,3.64%,truncated;KL128_09_DB_group_51,100.00%,3.64%,truncated;KL147_13_rmlB,100.00%,7.63%,truncated;KL147_13_rmlB,100.00%,7.11%,truncated;KL147_13_rmlB,100.00%,7.11%,truncated;KL147_13_rmlB,85.19%,7.11%,truncated;KL173_12_DB_group_98_wckE_2,100.00%,6.13%,truncated		ST131
3.3.2	Escherichia_coli_Group_2_and_3_K	4.0.0	GCA_972176215.1	ST131	KL127		Typeable		99.22%	95.77%	-776	14 / 14 (100.00%)	KL127_01_kpsF,100.00%,99.70%;KL127_02_kpsE,100.00%,99.74%;KL127_03_kpsD,100.00%,99.82%;KL127_04_kpsU,100.00%,99.60%;KL127_05_kpsC,100.00%,99.85%;KL127_06_kpsS,100.00%,99.74%;KL127_07_kfiD,100.00%,99.75%;KL127_08_kfiC,100.00%,99.69%;KL127_09_kfiC,100.00%,98.84%;KL127_10_kfiB,99.40%,99.40%;KL127_11_kfiB,100.00%,99.73%;KL127_12_kfiA,99.58%,99.58%;KL127_13_kpsT,100.00%,99.56%;KL127_14_kpsM,99.61%,99.61%		0		0 / 14 (0.00%)		6	KL128_09_DB_group_51,100.00%,3.64%,truncated;KL128_09_DB_group_51,100.00%,3.78%,truncated;KL128_09_DB_group_51,100.00%,3.64%,truncated;KL128_09_DB_group_51,100.00%,3.64%,truncated;KL128_09_DB_group_51,100.00%,3.64%,truncated;KL128_09_DB_group_51,100.00%,3.64%,truncated;KL145_11_DB_group_98,100.00%,92.86%;KL157_08_DB_group_38,100.00%,92.59%;KL147_13_rmlB,100.00%,7.11%,truncated;KL147_13_rmlB,100.00%,7.11%,truncated;KL147_13_rmlB,85.19%,7.11%,truncated;KL162_13_rmlA_2,88.19%,98.97%;KL173_12_DB_group_98_wckE_2,96.15%,6.13%,truncated;KL173_12_DB_group_98_wckE_2,96.15%,6.13%,truncated	KL128_09_DB_group_51,100.00%,3.64%,truncated;KL128_09_DB_group_51,100.00%,3.78%,truncated;KL128_09_DB_group_51,100.00%,3.64%,truncated;KL128_09_DB_group_51,100.00%,3.64%,truncated;KL128_09_DB_group_51,100.00%,3.64%,truncated;KL128_09_DB_group_51,100.00%,3.64%,truncated;KL147_13_rmlB,100.00%,7.11%,truncated;KL147_13_rmlB,100.00%,7.11%,truncated;KL147_13_rmlB,85.19%,7.11%,truncated;KL173_12_DB_group_98_wckE_2,96.15%,6.13%,truncated;KL173_12_DB_group_98_wckE_2,96.15%,6.13%,truncated		ST131
3.3.2	Escherichia_coli_Group_2_and_3_K	4.0.0	GCA_972176395.1	ST131	KL128		Typeable	-	99.99%	94.83%	-777	11 / 12 (91.67%)	KL128_01_kpsF,100.00%,99.70%;KL128_02_kpsE,100.00%,99.74%;KL128_03_kpsD,100.00%,99.82%;KL128_04_kpsU,100.00%,99.60%;KL128_05_kpsC,99.85%,99.85%;KL128_06_kpsS,100.00%,99.76%;KL128_07_DB_group_140,100.00%,99.70%;KL128_08_DB_group_51,100.00%,99.78%;KL128_09_DB_group_51,100.00%,96.22%;KL128_10_kpsT,100.00%,99.55%;KL128_11_kpsM,100.00%,99.61%		0		1 / 12 (8.33%)	KL128_09_DB_group_51,100.00%,3.78%,truncated	4	KL157_08_DB_group_38,100.00%,92.59%;KL186_09_DB_group_269,100.00%,14.63%,truncated;KL147_13_rmlB,100.00%,7.63%,truncated;KL147_13_rmlB,100.00%,7.11%,truncated;KL147_13_rmlB,100.00%,7.11%,truncated;KL147_13_rmlB,85.19%,7.11%,truncated;KL173_12_DB_group_98_wckE_2,100.00%,6.13%,truncated;KL173_12_DB_group_98_wckE_2,96.15%,6.13%,truncated	KL128_09_DB_group_51,100.00%,3.78%,truncated;KL186_09_DB_group_269,100.00%,14.63%,truncated;KL147_13_rmlB,100.00%,7.63%,truncated;KL147_13_rmlB,100.00%,7.11%,truncated;KL147_13_rmlB,100.00%,7.11%,truncated;KL147_13_rmlB,85.19%,7.11%,truncated;KL173_12_DB_group_98_wckE_2,100.00%,6.13%,truncated;KL173_12_DB_group_98_wckE_2,96.15%,6.13%,truncated		ST131
3.3.2	Escherichia_coli_Group_2_and_3_K	4.0.0	GCA_025630975.1	ST167	KL152		Untypeable	?-*!	100.00%	14.39%		3 / 19 (15.79%)	KL152_09_ugd_2,78.14%,71.72%,truncated;KL152_14_rmlB_2,76.33%,91.44%,below_id_threshold;KL152_15_rmlD_2,65.61%,63.85%,truncated	KL152_01_kpsD_5;KL152_02_kpsM_8;KL152_03_kpsT_7;KL152_04_kpsE_2;KL152_05_DB_group_206;KL152_06_DB_group_207;KL152_07_DB_group_214;KL152_08_DB_group_188;KL152_10_DB_group_194;KL152_11_K96-09;KL152_12_wckE;KL152_13_DB_group_184;KL152_16_rmlA_2;KL152_17_rmlC_2;KL152_18_kpsC_5;KL152_19_kpsS_5	0		0 / 19 (0.00%)		2	KL128_09_DB_group_51,100.00%,3.64%,truncated;KL128_09_DB_group_51,100.00%,3.64%,truncated;KL128_09_DB_group_51,100.00%,3.64%,truncated;KL145_11_DB_group_98,100.00%,92.86%;KL145_11_DB_group_98,100.00%,92.86%	KL128_09_DB_group_51,100.00%,3.64%,truncated;KL128_09_DB_group_51,100.00%,3.64%,truncated;KL128_09_DB_group_51,100.00%,3.64%,truncated;KL152_09_ugd_2,78.14%,71.72%,truncated;KL152_15_rmlD_2,65.61%,63.85%,truncated		ST167
3.3.2	Escherichia_coli_Group_2_and_3_K	4.0.0	GCA_030520165.1	ST167	KL162		Untypeable	-!	0.00%	4.15%	-21702	1 / 16 (6.25%)	KL162_07_ugd_2,78.21%,80.21%,truncated	KL162_01_kpsD_5;KL162_02_kpsM_8;KL162_03_kpsT_7;KL162_04_kpsE_2;KL162_05_DB_group_212;KL162_06_DB_group_195;KL162_08_K96-09;KL162_09_wckE;KL162_10_DB_group_184;KL162_11_rmlB_2;KL162_12_rmlD_2;KL162_13_rmlA_2;KL162_14_rmlC_2;KL162_15_kpsC_5;KL162_16_kpsS_5	0		0 / 16 (0.00%)		2	KL128_09_DB_group_51,100.00%,3.64%,truncated;KL128_09_DB_group_51,100.00%,3.64%,truncated;KL128_09_DB_group_51,100.00%,3.64%,truncated;KL128_09_DB_group_51,100.00%,3.64%,truncated;KL128_09_DB_group_51,100.00%,3.50%,truncated;KL147_13_rmlB,100.00%,7.11%,truncated;KL147_13_rmlB,96.30%,7.63%,truncated	KL128_09_DB_group_51,100.00%,3.64%,truncated;KL128_09_DB_group_51,100.00%,3.64%,truncated;KL128_09_DB_group_51,100.00%,3.64%,truncated;KL128_09_DB_group_51,100.00%,3.64%,truncated;KL128_09_DB_group_51,100.00%,3.50%,truncated;KL147_13_rmlB,100.00%,7.11%,truncated;KL147_13_rmlB,96.30%,7.63%,truncated;KL162_07_ugd_2,78.21%,80.21%,truncated		ST167
3.3.2	Escherichia_coli_Group_2_and_3_K	4.0.0	GCA_037047805.1	ST167	KL152		Untypeable	?-*!	0.00%	18.00%		3 / 19 (15.79%)	KL152_09_ugd_2,78.14%,71.72%,truncated;KL152_14_rmlB_2,76.63%,91.44%,below_id_threshold;KL152_16_rmlA_2,74.12%,87.63%,truncated	KL152_01_kpsD_5;KL152_02_kpsM_8;KL152_03_kpsT_7;KL152_04_kpsE_2;KL152_05_DB_group_206;KL152_06_DB_group_207;KL152_07_DB_group_214;KL152_08_DB_group_188;KL152_10_DB_group_194;KL152_11_K96-09;KL152_12_wckE;KL152_13_DB_group_184;KL152_15_rmlD_2;KL152_17_rmlC_2;KL152_18_kpsC_5;KL152_19_kpsS_5	0		0 / 19 (0.00%)		4	KL128_09_DB_group_51,100.00%,3.64%,truncated;KL186_09_DB_group_269,100.00%,15.45%,partial;KL186_09_DB_group_269,100.00%,15.45%,partial;KL147_13_rmlB,100.00%,7.11%,truncated;KL147_13_rmlB,100.00%,7.11%,truncated;KL173_12_DB_group_98_wckE_2,100.00%,6.13%,truncated;KL173_12_DB_group_98_wckE_2,94.44%,4.25%,partial	KL128_09_DB_group_51,100.00%,3.64%,truncated;KL186_09_DB_group_269,100.00%,15.45%,partial;KL186_09_DB_group_269,100.00%,15.45%,partial;KL147_13_rmlB,100.00%,7.11%,truncated;KL147_13_rmlB,100.00%,7.11%,truncated;KL152_09_ugd_2,78.14%,71.72%,truncated;KL152_16_rmlA_2,74.12%,87.63%,truncated;KL173_12_DB_group_98_wckE_2,100.00%,6.13%,truncated;KL173_12_DB_group_98_wckE_2,94.44%,4.25%,partial		ST167
3.3.2	Escherichia_coli_Group_2_and_3_K	4.0.0	GCA_037049325.1	ST167	KL145		Untypeable	-	96.15%	0.48%	-16691	1 / 13 (7.69%)	KL145_11_DB_group_98,96.15%,92.86%	KL145_01_kpsF;KL145_02_kpsE;KL145_03_kpsD;KL145_04_kpsU;KL145_05_kpsC;KL145_06_kpsS;KL145_07_DB_group_91;KL145_08_ugd;KL145_09_wcaK;KL145_10_kfoC;KL145_12_kpsT;KL145_13_kpsM	0		0 / 13 (0.00%)		2	KL186_09_DB_group_269,100.00%,24.39%,truncated;KL186_09_DB_group_269,100.00%,14.63%,partial;KL147_13_rmlB,100.00%,3.16%,partial	KL186_09_DB_group_269,100.00%,24.39%,truncated;KL186_09_DB_group_269,100.00%,14.63%,partial;KL147_13_rmlB,100.00%,3.16%,partial		ST167
3.3.2	Escherichia_coli_Group_2_and_3_K	4.0.0	GCA_037049365.1	ST167	KL152		Untypeable	?-*!	100.00%	5.12%		2 / 19 (10.53%)	KL152_14_rmlB_2,76.63%,91.44%,below_id_threshold;KL152_17_rmlC_2,81.73%,56.83%,truncated	KL152_01_kpsD_5;KL152_02_kpsM_8;KL152_03_kpsT_7;KL152_04_kpsE_2;KL152_05_DB_group_206;KL152_06_DB_group_207;KL152_07_DB_group_214;KL152_08_DB_group_188;KL152_09_ugd_2;KL152_10_DB_group_194;KL152_11_K96-09;KL152_12_wckE;KL152_13_DB_group_184;KL152_15_rmlD_2;KL152_16_rmlA_2;KL152_18_kpsC_5;KL152_19_kpsS_5	0		0 / 19 (0.00%)		3	KL128_09_DB_group_51,100.00%,3.08%,partial;KL145_11_DB_group_98,100.00%,92.86%;KL145_11_DB_group_98,100.00%,82.14%,partial;KL147_13_rmlB,100.00%,7.11%,truncated;KL147_13_rmlB,96.30%,7.63%,truncated	KL128_09_DB_group_51,100.00%,3.08%,partial;KL145_11_DB_group_98,100.00%,82.14%,partial;KL147_13_rmlB,100.00%,7.11%,truncated;KL147_13_rmlB,96.30%,7.63%,truncated;KL152_17_rmlC_2,81.73%,56.83%,truncated		ST167
3.3.2	Escherichia_coli_Group_2_and_3_K	4.0.0	GCA_037049385.1	ST167	KL145		Untypeable	-	96.15%	0.48%	-16691	1 / 14 (7.14%)	KL145_11_DB_group_98,96.15%,92.86%	KL145_01_kpsF;KL145_02_kpsE;KL145_03_kpsD;KL145_04_kpsU;KL145_05_kpsC;KL145_06_kpsS;KL145_07_DB_group_91;KL145_08_ugd;KL145_09_wcaK;KL145_10_kfoC;KL145_12_kpsT;KL145_13_kpsM	0		1 / 14 (7.14%)	KL145_11_DB_group_98,96.15%,92.86%	2	KL186_09_DB_group_269,100.00%,24.39%,truncated;KL186_09_DB_group_269,100.00%,14.63%,truncated;KL147_13_rmlB,100.00%,3.16%,partial	KL186_09_DB_group_269,100.00%,24.39%,truncated;KL186_09_DB_group_269,100.00%,14.63%,truncated;KL147_13_rmlB,100.00%,3.16%,partial		ST167
3.3.2	Escherichia_coli_Group_2_and_3_K	4.0.0	GCA_040415435.1	ST167	KL157		Untypeable	-	100.00%	0.42%	-19127	1 / 13 (7.69%)	KL157_08_DB_group_38,100.00%,96.30%	KL157_01_kpsF;KL157_02_kpsE;KL157_03_kpsD;KL157_04_kpsU;KL157_05_kpsC;KL157_06_kpsS;KL157_07_DB_group_44;KL157_09_DB_group_75;KL157_10_kpsT;KL157_11_DB_group_2;KL157_12_DB_group_101;KL157_13_kpsM	0		0 / 13 (0.00%)		3	KL128_09_DB_group_51,100.00%,3.64%,truncated;KL128_09_DB_group_51,100.00%,3.64%,truncated;KL128_09_DB_group_51,96.15%,3.64%,truncated;KL147_13_rmlB,100.00%,7.11%,truncated;KL147_13_rmlB,88.89%,7.11%,truncated;KL173_12_DB_group_98_wckE_2,100.00%,2.12%,truncated;KL173_12_DB_group_98_wckE_2,100.00%,6.13%,truncated;KL173_12_DB_group_98_wckE_2,100.00%,6.13%,truncated;KL173_12_DB_group_98_wckE_2,100.00%,6.13%,truncated;KL173_12_DB_group_98_wckE_2,100.00%,6.13%,truncated;KL173_12_DB_group_98_wckE_2,100.00%,6.13%,truncated	KL128_09_DB_group_51,100.00%,3.64%,truncated;KL128_09_DB_group_51,100.00%,3.64%,truncated;KL128_09_DB_group_51,96.15%,3.64%,truncated;KL147_13_rmlB,100.00%,7.11%,truncated;KL147_13_rmlB,88.89%,7.11%,truncated;KL173_12_DB_group_98_wckE_2,100.00%,2.12%,truncated;KL173_12_DB_group_98_wckE_2,100.00%,6.13%,truncated;KL173_12_DB_group_98_wckE_2,100.00%,6.13%,truncated;KL173_12_DB_group_98_wckE_2,100.00%,6.13%,truncated;KL173_12_DB_group_98_wckE_2,100.00%,6.13%,truncated;KL173_12_DB_group_98_wckE_2,100.00%,6.13%,truncated		ST167
3.3.2	Escherichia_coli_Group_2_and_3_K	4.0.0	GCA_040415445.1	ST167	KL157		Untypeable	-	100.00%	0.42%	-19127	1 / 14 (7.14%)	KL157_08_DB_group_38,100.00%,96.30%	KL157_01_kpsF;KL157_02_kpsE;KL157_03_kpsD;KL157_04_kpsU;KL157_05_kpsC;KL157_06_kpsS;KL157_07_DB_group_44;KL157_09_DB_group_75;KL157_10_kpsT;KL157_11_DB_group_2;KL157_12_DB_group_101;KL157_13_kpsM	0		1 / 14 (7.14%)	KL157_08_DB_group_38,100.00%,96.30%	3	KL128_09_DB_group_51,100.00%,3.64%,truncated;KL128_09_DB_group_51,100.00%,3.64%,truncated;KL128_09_DB_group_51,96.15%,3.64%,truncated;KL147_13_rmlB,100.00%,7.11%,truncated;KL147_13_rmlB,88.89%,7.11%,truncated;KL173_12_DB_group_98_wckE_2,100.00%,6.13%,truncated;KL173_12_DB_group_98_wckE_2,100.00%,6.13%,truncated;KL173_12_DB_group_98_wckE_2,100.00%,6.13%,truncated;KL173_12_DB_group_98_wckE_2,100.00%,6.13%,truncated;KL173_12_DB_group_98_wckE_2,100.00%,6.13%,truncated;KL173_12_DB_group_98_wckE_2,100.00%,6.13%,partial	KL128_09_DB_group_51,100.00%,3.64%,truncated;KL128_09_DB_group_51,100.00%,3.64%,truncated;KL128_09_DB_group_51,96.15%,3.64%,truncated;KL147_13_rmlB,100.00%,7.11%,truncated;KL147_13_rmlB,88.89%,7.11%,truncated;KL173_12_DB_group_98_wckE_2,100.00%,6.13%,truncated;KL173_12_DB_group_98_wckE_2,100.00%,6.13%,truncated;KL173_12_DB_group_98_wckE_2,100.00%,6.13%,truncated;KL173_12_DB_group_98_wckE_2,100.00%,6.13%,truncated;KL173_12_DB_group_98_wckE_2,100.00%,6.13%,truncated;KL173_12_DB_group_98_wckE_2,100.00%,6.13%,partial		ST167
3.3.2	Escherichia_coli_Group_2_and_3_K	4.0.0	GCA_040415455.1	ST167	KL152		Untypeable	?-*!	100.00%	7.18%		2 / 19 (10.53%)	KL152_09_ugd_2,77.78%,71.72%,truncated;KL152_14_rmlB_2,76.63%,91.44%,below_id_threshold	KL152_01_kpsD_5;KL152_02_kpsM_8;KL152_03_kpsT_7;KL152_04_kpsE_2;KL152_05_DB_group_206;KL152_06_DB_group_207;KL152_07_DB_group_214;KL152_08_DB_group_188;KL152_10_DB_group_194;KL152_11_K96-09;KL152_12_wckE;KL152_13_DB_group_184;KL152_15_rmlD_2;KL152_16_rmlA_2;KL152_17_rmlC_2;KL152_18_kpsC_5;KL152_19_kpsS_5	0		0 / 19 (0.00%)		4	KL128_09_DB_group_51,100.00%,3.64%,truncated;KL128_09_DB_group_51,100.00%,3.64%,truncated;KL128_09_DB_group_51,100.00%,3.64%,truncated;KL128_09_DB_group_51,100.00%,3.64%,truncated;KL128_09_DB_group_51,100.00%,3.36%,partial;KL157_08_DB_group_38,100.00%,92.59%;KL186_09_DB_group_269,100.00%,24.39%,truncated;KL147_13_rmlB,100.00%,7.11%,truncated;KL147_13_rmlB,88.89%,7.11%,truncated;KL147_13_rmlB,91.67%,3.16%,truncated	KL128_09_DB_group_51,100.00%,3.64%,truncated;KL128_09_DB_group_51,100.00%,3.64%,truncated;KL128_09_DB_group_51,100.00%,3.64%,truncated;KL128_09_DB_group_51,100.00%,3.64%,truncated;KL128_09_DB_group_51,100.00%,3.36%,partial;KL186_09_DB_group_269,100.00%,24.39%,truncated;KL147_13_rmlB,100.00%,7.11%,truncated;KL147_13_rmlB,88.89%,7.11%,truncated;KL147_13_rmlB,91.67%,3.16%,truncated;KL152_09_ugd_2,77.78%,71.72%,truncated		ST167
3.3.2	Escherichia_coli_Group_2_and_3_K	4.0.0	GCA_040415465.1	ST167	KL145		Untypeable	-	100.00%	0.50%	-16688	1 / 13 (7.69%)	KL145_11_DB_group_98,100.00%,96.43%	KL145_01_kpsF;KL145_02_kpsE;KL145_03_kpsD;KL145_04_kpsU;KL145_05_kpsC;KL145_06_kpsS;KL145_07_DB_group_91;KL145_08_ugd;KL145_09_wcaK;KL145_10_kfoC;KL145_12_kpsT;KL145_13_kpsM	0		0 / 13 (0.00%)		3	KL128_09_DB_group_51,100.00%,3.64%,truncated;KL128_09_DB_group_51,100.00%,3.64%,truncated;KL128_09_DB_group_51,100.00%,3.36%,partial;KL147_13_rmlB,100.00%,7.11%,truncated;KL147_13_rmlB,100.00%,7.11%,truncated;KL147_13_rmlB,96.30%,7.63%,truncated;KL173_12_DB_group_98_wckE_2,100.00%,6.13%,truncated;KL173_12_DB_group_98_wckE_2,100.00%,6.13%,truncated;KL173_12_DB_group_98_wckE_2,100.00%,6.13%,truncated;KL173_12_DB_group_98_wckE_2,100.00%,6.13%,truncated;KL173_12_DB_group_98_wckE_2,100.00%,6.13%,truncated;KL173_12_DB_group_98_wckE_2,100.00%,6.13%,truncated	KL128_09_DB_group_51,100.00%,3.64%,truncated;KL128_09_DB_group_51,100.00%,3.64%,truncated;KL128_09_DB_group_51,100.00%,3.36%,partial;KL147_13_rmlB,100.00%,7.11%,truncated;KL147_13_rmlB,100.00%,7.11%,truncated;KL147_13_rmlB,96.30%,7.63%,truncated;KL173_12_DB_group_98_wckE_2,100.00%,6.13%,truncated;KL173_12_DB_group_98_wckE_2,100.00%,6.13%,truncated;KL173_12_DB_group_98_wckE_2,100.00%,6.13%,truncated;KL173_12_DB_group_98_wckE_2,100.00%,6.13%,truncated;KL173_12_DB_group_98_wckE_2,100.00%,6.13%,truncated;KL173_12_DB_group_98_wckE_2,100.00%,6.13%,truncated		ST167
3.3.2	Escherichia_coli_Group_2_and_3_K	4.0.0	GCA_040415475.1	ST167	KL145		Untypeable	-	100.00%	0.50%	-16688	1 / 13 (7.69%)	KL145_11_DB_group_98,100.00%,96.43%	KL145_01_kpsF;KL145_02_kpsE;KL145_03_kpsD;KL145_04_kpsU;KL145_05_kpsC;KL145_06_kpsS;KL145_07_DB_group_91;KL145_08_ugd;KL145_09_wcaK;KL145_10_kfoC;KL145_12_kpsT;KL145_13_kpsM	0		0 / 13 (0.00%)		3	KL128_09_DB_group_51,100.00%,3.64%,truncated;KL128_09_DB_group_51,100.00%,3.64%,truncated;KL128_09_DB_group_51,100.00%,3.64%,truncated;KL128_09_DB_group_51,100.00%,3.36%,partial;KL147_13_rmlB,100.00%,7.11%,truncated;KL147_13_rmlB,100.00%,7.11%,truncated;KL147_13_rmlB,96.30%,7.63%,truncated;KL173_12_DB_group_98_wckE_2,100.00%,2.12%,truncated;KL173_12_DB_group_98_wckE_2,100.00%,6.13%,truncated;KL173_12_DB_group_98_wckE_2,100.00%,6.13%,truncated;KL173_12_DB_group_98_wckE_2,100.00%,6.13%,truncated;KL173_12_DB_group_98_wckE_2,100.00%,6.13%,truncated;KL173_12_DB_group_98_wckE_2,100.00%,6.13%,truncated	KL128_09_DB_group_51,100.00%,3.64%,truncated;KL128_09_DB_group_51,100.00%,3.64%,truncated;KL128_09_DB_group_51,100.00%,3.64%,truncated;KL128_09_DB_group_51,100.00%,3.36%,partial;KL147_13_rmlB,100.00%,7.11%,truncated;KL147_13_rmlB,100.00%,7.11%,truncated;KL147_13_rmlB,96.30%,7.63%,truncated;KL173_12_DB_group_98_wckE_2,100.00%,2.12%,truncated;KL173_12_DB_group_98_wckE_2,100.00%,6.13%,truncated;KL173_12_DB_group_98_wckE_2,100.00%,6.13%,truncated;KL173_12_DB_group_98_wckE_2,100.00%,6.13%,truncated;KL173_12_DB_group_98_wckE_2,100.00%,6.13%,truncated;KL173_12_DB_group_98_wckE_2,100.00%,6.13%,truncated		ST167
3.3.2	Escherichia_coli_Group_2_and_3_K	4.0.0	GCA_040415535.1	ST167	KL157		Untypeable	-	100.00%	0.42%	-19127	1 / 13 (7.69%)	KL157_08_DB_group_38,100.00%,96.30%	KL157_01_kpsF;KL157_02_kpsE;KL157_03_kpsD;KL157_04_kpsU;KL157_05_kpsC;KL157_06_kpsS;KL157_07_DB_group_44;KL157_09_DB_group_75;KL157_10_kpsT;KL157_11_DB_group_2;KL157_12_DB_group_101;KL157_13_kpsM	0		0 / 13 (0.00%)		3	KL128_09_DB_group_51,100.00%,3.64%,truncated;KL128_09_DB_group_51,100.00%,3.64%,truncated;KL128_09_DB_group_51,96.15%,3.64%,truncated;KL147_13_rmlB,100.00%,7.11%,truncated;KL147_13_rmlB,88.89%,7.11%,truncated;KL173_12_DB_group_98_wckE_2,100.00%,6.13%,truncated;KL173_12_DB_group_98_wckE_2,100.00%,6.13%,truncated;KL173_12_DB_group_98_wckE_2,100.00%,6.13%,truncated;KL173_12_DB_group_98_wckE_2,100.00%,6.13%,truncated;KL173_12_DB_group_98_wckE_2,100.00%,6.13%,truncated;KL173_12_DB_group_98_wckE_2,100.00%,6.13%,truncated	KL128_09_DB_group_51,100.00%,3.64%,truncated;KL128_09_DB_group_51,100.00%,3.64%,truncated;KL128_09_DB_group_51,96.15%,3.64%,truncated;KL147_13_rmlB,100.00%,7.11%,truncated;KL147_13_rmlB,88.89%,7.11%,truncated;KL173_12_DB_group_98_wckE_2,100.00%,6.13%,truncated;KL173_12_DB_group_98_wckE_2,100.00%,6.13%,truncated;KL173_12_DB_group_98_wckE_2,100.00%,6.13%,truncated;KL173_12_DB_group_98_wckE_2,100.00%,6.13%,truncated;KL173_12_DB_group_98_wckE_2,100.00%,6.13%,truncated;KL173_12_DB_group_98_wckE_2,100.00%,6.13%,truncated		ST167
3.3.2	Escherichia_coli_Group_2_and_3_K	4.0.0	GCA_040415565.1	ST167	KL162		Untypeable	-!	0.00%	4.15%	-21702	1 / 16 (6.25%)	KL162_07_ugd_2,78.53%,80.21%,truncated	KL162_01_kpsD_5;KL162_02_kpsM_8;KL162_03_kpsT_7;KL162_04_kpsE_2;KL162_05_DB_group_212;KL162_06_DB_group_195;KL162_08_K96-09;KL162_09_wckE;KL162_10_DB_group_184;KL162_11_rmlB_2;KL162_12_rmlD_2;KL162_13_rmlA_2;KL162_14_rmlC_2;KL162_15_kpsC_5;KL162_16_kpsS_5	0		0 / 16 (0.00%)		3	KL128_09_DB_group_51,100.00%,3.64%,truncated;KL128_09_DB_group_51,100.00%,3.64%,truncated;KL128_09_DB_group_51,100.00%,3.64%,truncated;KL128_09_DB_group_51,100.00%,3.36%,partial;KL147_13_rmlB,100.00%,7.11%,truncated;KL147_13_rmlB,100.00%,7.11%,truncated;KL147_13_rmlB,96.30%,7.63%,truncated;KL173_12_DB_group_98_wckE_2,100.00%,2.12%,truncated;KL173_12_DB_group_98_wckE_2,100.00%,6.13%,truncated;KL173_12_DB_group_98_wckE_2,100.00%,6.13%,truncated;KL173_12_DB_group_98_wckE_2,100.00%,6.13%,truncated;KL173_12_DB_group_98_wckE_2,100.00%,6.13%,truncated;KL173_12_DB_group_98_wckE_2,100.00%,6.13%,truncated	KL128_09_DB_group_51,100.00%,3.64%,truncated;KL128_09_DB_group_51,100.00%,3.64%,truncated;KL128_09_DB_group_51,100.00%,3.64%,truncated;KL128_09_DB_group_51,100.00%,3.36%,partial;KL147_13_rmlB,100.00%,7.11%,truncated;KL147_13_rmlB,100.00%,7.11%,truncated;KL147_13_rmlB,96.30%,7.63%,truncated;KL162_07_ugd_2,78.53%,80.21%,truncated;KL173_12_DB_group_98_wckE_2,100.00%,2.12%,truncated;KL173_12_DB_group_98_wckE_2,100.00%,6.13%,truncated;KL173_12_DB_group_98_wckE_2,100.00%,6.13%,truncated;KL173_12_DB_group_98_wckE_2,100.00%,6.13%,truncated;KL173_12_DB_group_98_wckE_2,100.00%,6.13%,truncated;KL173_12_DB_group_98_wckE_2,100.00%,6.13%,truncated		ST167
3.3.2	Escherichia_coli_Group_2_and_3_K	4.0.0	GCA_040415575.1	ST167	KL145		Untypeable	-	100.00%	0.50%	-16688	1 / 13 (7.69%)	KL145_11_DB_group_98,100.00%,96.43%	KL145_01_kpsF;KL145_02_kpsE;KL145_03_kpsD;KL145_04_kpsU;KL145_05_kpsC;KL145_06_kpsS;KL145_07_DB_group_91;KL145_08_ugd;KL145_09_wcaK;KL145_10_kfoC;KL145_12_kpsT;KL145_13_kpsM	0		0 / 13 (0.00%)		3	KL128_09_DB_group_51,100.00%,3.64%,truncated;KL128_09_DB_group_51,100.00%,3.64%,truncated;KL128_09_DB_group_51,100.00%,3.64%,truncated;KL147_13_rmlB,100.00%,7.11%,truncated;KL147_13_rmlB,100.00%,7.11%,truncated;KL147_13_rmlB,96.30%,7.63%,truncated;KL173_12_DB_group_98_wckE_2,100.00%,6.13%,truncated;KL173_12_DB_group_98_wckE_2,100.00%,6.13%,truncated;KL173_12_DB_group_98_wckE_2,100.00%,6.13%,truncated;KL173_12_DB_group_98_wckE_2,100.00%,6.13%,truncated;KL173_12_DB_group_98_wckE_2,100.00%,6.13%,truncated;KL173_12_DB_group_98_wckE_2,100.00%,6.13%,truncated	KL128_09_DB_group_51,100.00%,3.64%,truncated;KL128_09_DB_group_51,100.00%,3.64%,truncated;KL128_09_DB_group_51,100.00%,3.64%,truncated;KL147_13_rmlB,100.00%,7.11%,truncated;KL147_13_rmlB,100.00%,7.11%,truncated;KL147_13_rmlB,96.30%,7.63%,truncated;KL173_12_DB_group_98_wckE_2,100.00%,6.13%,truncated;KL173_12_DB_group_98_wckE_2,100.00%,6.13%,truncated;KL173_12_DB_group_98_wckE_2,100.00%,6.13%,truncated;KL173_12_DB_group_98_wckE_2,100.00%,6.13%,truncated;KL173_12_DB_group_98_wckE_2,100.00%,6.13%,truncated;KL173_12_DB_group_98_wckE_2,100.00%,6.13%,truncated		ST167
3.3.2	Escherichia_coli_Group_2_and_3_K	4.0.0	GCA_040415585.1	ST167	KL157		Untypeable	-	100.00%	0.42%	-19127	1 / 14 (7.14%)	KL157_08_DB_group_38,100.00%,96.30%	KL157_01_kpsF;KL157_02_kpsE;KL157_03_kpsD;KL157_04_kpsU;KL157_05_kpsC;KL157_06_kpsS;KL157_07_DB_group_44;KL157_09_DB_group_75;KL157_10_kpsT;KL157_11_DB_group_2;KL157_12_DB_group_101;KL157_13_kpsM	0		1 / 14 (7.14%)	KL157_08_DB_group_38,100.00%,96.30%;KL157_08_DB_group_38,100.00%,96.30%	3	KL128_09_DB_group_51,100.00%,3.64%,truncated;KL128_09_DB_group_51,100.00%,3.64%,truncated;KL128_09_DB_group_51,96.15%,3.64%,truncated;KL147_13_rmlB,100.00%,7.11%,truncated;KL147_13_rmlB,88.89%,7.11%,truncated;KL173_12_DB_group_98_wckE_2,100.00%,2.12%,truncated;KL173_12_DB_group_98_wckE_2,100.00%,6.13%,truncated;KL173_12_DB_group_98_wckE_2,100.00%,6.13%,truncated;KL173_12_DB_group_98_wckE_2,100.00%,6.13%,truncated;KL173_12_DB_group_98_wckE_2,100.00%,6.13%,truncated;KL173_12_DB_group_98_wckE_2,100.00%,6.13%,truncated	KL128_09_DB_group_51,100.00%,3.64%,truncated;KL128_09_DB_group_51,100.00%,3.64%,truncated;KL128_09_DB_group_51,96.15%,3.64%,truncated;KL147_13_rmlB,100.00%,7.11%,truncated;KL147_13_rmlB,88.89%,7.11%,truncated;KL173_12_DB_group_98_wckE_2,100.00%,2.12%,truncated;KL173_12_DB_group_98_wckE_2,100.00%,6.13%,truncated;KL173_12_DB_group_98_wckE_2,100.00%,6.13%,truncated;KL173_12_DB_group_98_wckE_2,100.00%,6.13%,truncated;KL173_12_DB_group_98_wckE_2,100.00%,6.13%,truncated;KL173_12_DB_group_98_wckE_2,100.00%,6.13%,truncated		ST167
3.3.2	Escherichia_coli_Group_2_and_3_K	4.0.0	GCA_040415655.1	ST167	KL145		Untypeable	-	100.00%	0.50%	-16688	1 / 13 (7.69%)	KL145_11_DB_group_98,100.00%,96.43%	KL145_01_kpsF;KL145_02_kpsE;KL145_03_kpsD;KL145_04_kpsU;KL145_05_kpsC;KL145_06_kpsS;KL145_07_DB_group_91;KL145_08_ugd;KL145_09_wcaK;KL145_10_kfoC;KL145_12_kpsT;KL145_13_kpsM	0		0 / 13 (0.00%)		3	KL128_09_DB_group_51,100.00%,3.64%,truncated;KL128_09_DB_group_51,100.00%,3.64%,truncated;KL128_09_DB_group_51,100.00%,3.64%,truncated;KL128_09_DB_group_51,100.00%,3.36%,partial;KL147_13_rmlB,100.00%,7.11%,truncated;KL147_13_rmlB,96.30%,7.63%,truncated;KL173_12_DB_group_98_wckE_2,100.00%,2.12%,truncated;KL173_12_DB_group_98_wckE_2,100.00%,6.13%,truncated;KL173_12_DB_group_98_wckE_2,100.00%,6.13%,truncated;KL173_12_DB_group_98_wckE_2,100.00%,6.13%,truncated;KL173_12_DB_group_98_wckE_2,100.00%,6.13%,truncated;KL173_12_DB_group_98_wckE_2,100.00%,6.13%,truncated	KL128_09_DB_group_51,100.00%,3.64%,truncated;KL128_09_DB_group_51,100.00%,3.64%,truncated;KL128_09_DB_group_51,100.00%,3.64%,truncated;KL128_09_DB_group_51,100.00%,3.36%,partial;KL147_13_rmlB,100.00%,7.11%,truncated;KL147_13_rmlB,96.30%,7.63%,truncated;KL173_12_DB_group_98_wckE_2,100.00%,2.12%,truncated;KL173_12_DB_group_98_wckE_2,100.00%,6.13%,truncated;KL173_12_DB_group_98_wckE_2,100.00%,6.13%,truncated;KL173_12_DB_group_98_wckE_2,100.00%,6.13%,truncated;KL173_12_DB_group_98_wckE_2,100.00%,6.13%,truncated;KL173_12_DB_group_98_wckE_2,100.00%,6.13%,truncated		ST167
3.3.2	Escherichia_coli_Group_2_and_3_K	4.0.0	GCA_040415665.1	ST167	KL157		Untypeable	-	100.00%	0.42%	-19127	1 / 14 (7.14%)	KL157_08_DB_group_38,100.00%,96.30%	KL157_01_kpsF;KL157_02_kpsE;KL157_03_kpsD;KL157_04_kpsU;KL157_05_kpsC;KL157_06_kpsS;KL157_07_DB_group_44;KL157_09_DB_group_75;KL157_10_kpsT;KL157_11_DB_group_2;KL157_12_DB_group_101;KL157_13_kpsM	0		1 / 14 (7.14%)	KL157_08_DB_group_38,100.00%,96.30%;KL157_08_DB_group_38,100.00%,96.30%	3	KL128_09_DB_group_51,100.00%,3.64%,truncated;KL128_09_DB_group_51,100.00%,3.64%,truncated;KL147_13_rmlB,100.00%,7.11%,truncated;KL147_13_rmlB,88.89%,7.11%,truncated;KL173_12_DB_group_98_wckE_2,100.00%,2.12%,truncated;KL173_12_DB_group_98_wckE_2,100.00%,6.13%,truncated;KL173_12_DB_group_98_wckE_2,100.00%,6.13%,truncated;KL173_12_DB_group_98_wckE_2,100.00%,6.13%,truncated;KL173_12_DB_group_98_wckE_2,100.00%,6.13%,truncated;KL173_12_DB_group_98_wckE_2,100.00%,6.13%,truncated	KL128_09_DB_group_51,100.00%,3.64%,truncated;KL128_09_DB_group_51,100.00%,3.64%,truncated;KL147_13_rmlB,100.00%,7.11%,truncated;KL147_13_rmlB,88.89%,7.11%,truncated;KL173_12_DB_group_98_wckE_2,100.00%,2.12%,truncated;KL173_12_DB_group_98_wckE_2,100.00%,6.13%,truncated;KL173_12_DB_group_98_wckE_2,100.00%,6.13%,truncated;KL173_12_DB_group_98_wckE_2,100.00%,6.13%,truncated;KL173_12_DB_group_98_wckE_2,100.00%,6.13%,truncated;KL173_12_DB_group_98_wckE_2,100.00%,6.13%,truncated		ST167
3.3.2	Escherichia_coli_Group_2_and_3_K	4.0.0	GCA_040415675.1	ST167	KL145		Untypeable	-	100.00%	0.50%	-16688	1 / 13 (7.69%)	KL145_11_DB_group_98,100.00%,96.43%	KL145_01_kpsF;KL145_02_kpsE;KL145_03_kpsD;KL145_04_kpsU;KL145_05_kpsC;KL145_06_kpsS;KL145_07_DB_group_91;KL145_08_ugd;KL145_09_wcaK;KL145_10_kfoC;KL145_12_kpsT;KL145_13_kpsM	0		0 / 13 (0.00%)		3	KL128_09_DB_group_51,100.00%,3.64%,truncated;KL128_09_DB_group_51,100.00%,3.64%,truncated;KL128_09_DB_group_51,100.00%,3.36%,partial;KL147_13_rmlB,100.00%,7.11%,truncated;KL147_13_rmlB,96.30%,7.63%,truncated;KL147_13_rmlB,100.00%,4.47%,partial;KL173_12_DB_group_98_wckE_2,100.00%,2.12%,truncated;KL173_12_DB_group_98_wckE_2,100.00%,6.13%,truncated;KL173_12_DB_group_98_wckE_2,100.00%,6.13%,truncated;KL173_12_DB_group_98_wckE_2,100.00%,6.13%,truncated;KL173_12_DB_group_98_wckE_2,100.00%,6.13%,truncated;KL173_12_DB_group_98_wckE_2,100.00%,6.13%,truncated	KL128_09_DB_group_51,100.00%,3.64%,truncated;KL128_09_DB_group_51,100.00%,3.64%,truncated;KL128_09_DB_group_51,100.00%,3.36%,partial;KL147_13_rmlB,100.00%,7.11%,truncated;KL147_13_rmlB,96.30%,7.63%,truncated;KL147_13_rmlB,100.00%,4.47%,partial;KL173_12_DB_group_98_wckE_2,100.00%,2.12%,truncated;KL173_12_DB_group_98_wckE_2,100.00%,6.13%,truncated;KL173_12_DB_group_98_wckE_2,100.00%,6.13%,truncated;KL173_12_DB_group_98_wckE_2,100.00%,6.13%,truncated;KL173_12_DB_group_98_wckE_2,100.00%,6.13%,truncated;KL173_12_DB_group_98_wckE_2,100.00%,6.13%,truncated		ST167
3.3.2	Escherichia_coli_Group_2_and_3_K	4.0.0	GCA_040415685.1	ST167	KL152		Untypeable	?-*!	100.00%	7.18%		2 / 19 (10.53%)	KL152_09_ugd_2,77.78%,71.72%,truncated;KL152_14_rmlB_2,76.63%,91.44%,below_id_threshold	KL152_01_kpsD_5;KL152_02_kpsM_8;KL152_03_kpsT_7;KL152_04_kpsE_2;KL152_05_DB_group_206;KL152_06_DB_group_207;KL152_07_DB_group_214;KL152_08_DB_group_188;KL152_10_DB_group_194;KL152_11_K96-09;KL152_12_wckE;KL152_13_DB_group_184;KL152_15_rmlD_2;KL152_16_rmlA_2;KL152_17_rmlC_2;KL152_18_kpsC_5;KL152_19_kpsS_5	0		0 / 19 (0.00%)		4	KL128_09_DB_group_51,100.00%,3.64%,truncated;KL128_09_DB_group_51,100.00%,3.64%,truncated;KL128_09_DB_group_51,100.00%,3.64%,truncated;KL128_09_DB_group_51,100.00%,3.64%,truncated;KL128_09_DB_group_51,100.00%,3.64%,truncated;KL128_09_DB_group_51,100.00%,3.36%,partial;KL157_08_DB_group_38,100.00%,96.30%;KL157_08_DB_group_38,100.00%,92.59%;KL186_09_DB_group_269,100.00%,24.39%,truncated;KL147_13_rmlB,100.00%,7.11%,truncated;KL147_13_rmlB,100.00%,7.11%,truncated;KL147_13_rmlB,91.67%,3.16%,truncated;KL147_13_rmlB,88.89%,7.11%,truncated	KL128_09_DB_group_51,100.00%,3.64%,truncated;KL128_09_DB_group_51,100.00%,3.64%,truncated;KL128_09_DB_group_51,100.00%,3.64%,truncated;KL128_09_DB_group_51,100.00%,3.64%,truncated;KL128_09_DB_group_51,100.00%,3.64%,truncated;KL128_09_DB_group_51,100.00%,3.36%,partial;KL186_09_DB_group_269,100.00%,24.39%,truncated;KL147_13_rmlB,100.00%,7.11%,truncated;KL147_13_rmlB,100.00%,7.11%,truncated;KL147_13_rmlB,91.67%,3.16%,truncated;KL147_13_rmlB,88.89%,7.11%,truncated;KL152_09_ugd_2,77.78%,71.72%,truncated		ST167
3.3.2	Escherichia_coli_Group_2_and_3_K	4.0.0	GCA_040415755.1	ST167	KL145		Untypeable	-	100.00%	0.50%	-16688	1 / 13 (7.69%)	KL145_11_DB_group_98,100.00%,96.43%	KL145_01_kpsF;KL145_02_kpsE;KL145_03_kpsD;KL145_04_kpsU;KL145_05_kpsC;KL145_06_kpsS;KL145_07_DB_group_91;KL145_08_ugd;KL145_09_wcaK;KL145_10_kfoC;KL145_12_kpsT;KL145_13_kpsM	0		0 / 13 (0.00%)		3	KL128_09_DB_group_51,100.00%,3.64%,truncated;KL128_09_DB_group_51,100.00%,3.64%,truncated;KL128_09_DB_group_51,100.00%,3.64%,truncated;KL147_13_rmlB,100.00%,7.11%,truncated;KL147_13_rmlB,96.30%,7.63%,truncated;KL147_13_rmlB,100.00%,6.32%,partial;KL173_12_DB_group_98_wckE_2,100.00%,2.12%,truncated;KL173_12_DB_group_98_wckE_2,100.00%,6.13%,truncated;KL173_12_DB_group_98_wckE_2,100.00%,6.13%,truncated;KL173_12_DB_group_98_wckE_2,100.00%,6.13%,truncated;KL173_12_DB_group_98_wckE_2,100.00%,6.13%,truncated;KL173_12_DB_group_98_wckE_2,100.00%,6.13%,truncated	KL128_09_DB_group_51,100.00%,3.64%,truncated;KL128_09_DB_group_51,100.00%,3.64%,truncated;KL128_09_DB_group_51,100.00%,3.64%,truncated;KL147_13_rmlB,100.00%,7.11%,truncated;KL147_13_rmlB,96.30%,7.63%,truncated;KL147_13_rmlB,100.00%,6.32%,partial;KL173_12_DB_group_98_wckE_2,100.00%,2.12%,truncated;KL173_12_DB_group_98_wckE_2,100.00%,6.13%,truncated;KL173_12_DB_group_98_wckE_2,100.00%,6.13%,truncated;KL173_12_DB_group_98_wckE_2,100.00%,6.13%,truncated;KL173_12_DB_group_98_wckE_2,100.00%,6.13%,truncated;KL173_12_DB_group_98_wckE_2,100.00%,6.13%,truncated		ST167
3.3.2	Escherichia_coli_Group_2_and_3_K	4.0.0	GCA_040415795.1	ST167	KL157		Untypeable	-	100.00%	0.42%	-19127	1 / 14 (7.14%)	KL157_08_DB_group_38,100.00%,96.30%	KL157_01_kpsF;KL157_02_kpsE;KL157_03_kpsD;KL157_04_kpsU;KL157_05_kpsC;KL157_06_kpsS;KL157_07_DB_group_44;KL157_09_DB_group_75;KL157_10_kpsT;KL157_11_DB_group_2;KL157_12_DB_group_101;KL157_13_kpsM	0		1 / 14 (7.14%)	KL157_08_DB_group_38,100.00%,96.30%	3	KL128_09_DB_group_51,100.00%,3.64%,truncated;KL128_09_DB_group_51,100.00%,3.64%,truncated;KL128_09_DB_group_51,96.15%,3.64%,truncated;KL147_13_rmlB,100.00%,7.11%,truncated;KL147_13_rmlB,88.89%,7.11%,truncated;KL173_12_DB_group_98_wckE_2,100.00%,6.13%,truncated;KL173_12_DB_group_98_wckE_2,100.00%,6.13%,truncated;KL173_12_DB_group_98_wckE_2,100.00%,6.13%,truncated;KL173_12_DB_group_98_wckE_2,100.00%,6.13%,truncated;KL173_12_DB_group_98_wckE_2,100.00%,6.13%,partial;KL173_12_DB_group_98_wckE_2,96.15%,6.13%,truncated	KL128_09_DB_group_51,100.00%,3.64%,truncated;KL128_09_DB_group_51,100.00%,3.64%,truncated;KL128_09_DB_group_51,96.15%,3.64%,truncated;KL147_13_rmlB,100.00%,7.11%,truncated;KL147_13_rmlB,88.89%,7.11%,truncated;KL173_12_DB_group_98_wckE_2,100.00%,6.13%,truncated;KL173_12_DB_group_98_wckE_2,100.00%,6.13%,truncated;KL173_12_DB_group_98_wckE_2,100.00%,6.13%,truncated;KL173_12_DB_group_98_wckE_2,100.00%,6.13%,truncated;KL173_12_DB_group_98_wckE_2,100.00%,6.13%,partial;KL173_12_DB_group_98_wckE_2,96.15%,6.13%,truncated		ST167
3.3.2	Escherichia_coli_Group_2_and_3_K	4.0.0	GCA_040415805.1	ST167	KL145		Untypeable	-	100.00%	0.50%	-16688	1 / 13 (7.69%)	KL145_11_DB_group_98,100.00%,96.43%	KL145_01_kpsF;KL145_02_kpsE;KL145_03_kpsD;KL145_04_kpsU;KL145_05_kpsC;KL145_06_kpsS;KL145_07_DB_group_91;KL145_08_ugd;KL145_09_wcaK;KL145_10_kfoC;KL145_12_kpsT;KL145_13_kpsM	0		0 / 13 (0.00%)		3	KL128_09_DB_group_51,100.00%,3.64%,truncated;KL128_09_DB_group_51,100.00%,3.64%,truncated;KL128_09_DB_group_51,100.00%,3.64%,truncated;KL128_09_DB_group_51,100.00%,3.36%,partial;KL147_13_rmlB,100.00%,7.11%,truncated;KL147_13_rmlB,100.00%,7.11%,truncated;KL147_13_rmlB,96.30%,7.63%,truncated;KL173_12_DB_group_98_wckE_2,100.00%,2.12%,truncated;KL173_12_DB_group_98_wckE_2,100.00%,6.13%,truncated;KL173_12_DB_group_98_wckE_2,100.00%,6.13%,truncated;KL173_12_DB_group_98_wckE_2,100.00%,6.13%,truncated;KL173_12_DB_group_98_wckE_2,100.00%,6.13%,truncated;KL173_12_DB_group_98_wckE_2,100.00%,6.13%,truncated	KL128_09_DB_group_51,100.00%,3.64%,truncated;KL128_09_DB_group_51,100.00%,3.64%,truncated;KL128_09_DB_group_51,100.00%,3.64%,truncated;KL128_09_DB_group_51,100.00%,3.36%,partial;KL147_13_rmlB,100.00%,7.11%,truncated;KL147_13_rmlB,100.00%,7.11%,truncated;KL147_13_rmlB,96.30%,7.63%,truncated;KL173_12_DB_group_98_wckE_2,100.00%,2.12%,truncated;KL173_12_DB_group_98_wckE_2,100.00%,6.13%,truncated;KL173_12_DB_group_98_wckE_2,100.00%,6.13%,truncated;KL173_12_DB_group_98_wckE_2,100.00%,6.13%,truncated;KL173_12_DB_group_98_wckE_2,100.00%,6.13%,truncated;KL173_12_DB_group_98_wckE_2,100.00%,6.13%,truncated		ST167
3.3.2	Escherichia_coli_Group_2_and_3_K	4.0.0	GCA_040415815.1	ST167	KL145		Untypeable	-	100.00%	0.50%	-16688	1 / 13 (7.69%)	KL145_11_DB_group_98,100.00%,96.43%	KL145_01_kpsF;KL145_02_kpsE;KL145_03_kpsD;KL145_04_kpsU;KL145_05_kpsC;KL145_06_kpsS;KL145_07_DB_group_91;KL145_08_ugd;KL145_09_wcaK;KL145_10_kfoC;KL145_12_kpsT;KL145_13_kpsM	0		0 / 13 (0.00%)		3	KL128_09_DB_group_51,100.00%,3.64%,truncated;KL128_09_DB_group_51,100.00%,3.64%,truncated;KL128_09_DB_group_51,100.00%,3.36%,partial;KL147_13_rmlB,100.00%,7.11%,truncated;KL147_13_rmlB,100.00%,7.11%,truncated;KL147_13_rmlB,96.30%,7.63%,truncated;KL173_12_DB_group_98_wckE_2,100.00%,6.13%,truncated;KL173_12_DB_group_98_wckE_2,100.00%,6.13%,truncated;KL173_12_DB_group_98_wckE_2,100.00%,6.13%,truncated;KL173_12_DB_group_98_wckE_2,100.00%,6.13%,truncated;KL173_12_DB_group_98_wckE_2,100.00%,6.13%,truncated;KL173_12_DB_group_98_wckE_2,100.00%,6.13%,truncated	KL128_09_DB_group_51,100.00%,3.64%,truncated;KL128_09_DB_group_51,100.00%,3.64%,truncated;KL128_09_DB_group_51,100.00%,3.36%,partial;KL147_13_rmlB,100.00%,7.11%,truncated;KL147_13_rmlB,100.00%,7.11%,truncated;KL147_13_rmlB,96.30%,7.63%,truncated;KL173_12_DB_group_98_wckE_2,100.00%,6.13%,truncated;KL173_12_DB_group_98_wckE_2,100.00%,6.13%,truncated;KL173_12_DB_group_98_wckE_2,100.00%,6.13%,truncated;KL173_12_DB_group_98_wckE_2,100.00%,6.13%,truncated;KL173_12_DB_group_98_wckE_2,100.00%,6.13%,truncated;KL173_12_DB_group_98_wckE_2,100.00%,6.13%,truncated		ST167
3.3.2	Escherichia_coli_Group_2_and_3_K	4.0.0	GCA_040415855.1	ST167	KL157		Untypeable	-	100.00%	0.42%	-19127	1 / 14 (7.14%)	KL157_08_DB_group_38,100.00%,96.30%	KL157_01_kpsF;KL157_02_kpsE;KL157_03_kpsD;KL157_04_kpsU;KL157_05_kpsC;KL157_06_kpsS;KL157_07_DB_group_44;KL157_09_DB_group_75;KL157_10_kpsT;KL157_11_DB_group_2;KL157_12_DB_group_101;KL157_13_kpsM	0		1 / 14 (7.14%)	KL157_08_DB_group_38,100.00%,96.30%;KL157_08_DB_group_38,100.00%,96.30%	3	KL128_09_DB_group_51,100.00%,3.64%,truncated;KL128_09_DB_group_51,100.00%,3.64%,truncated;KL128_09_DB_group_51,96.15%,3.64%,truncated;KL147_13_rmlB,100.00%,7.11%,truncated;KL147_13_rmlB,88.89%,7.11%,truncated;KL173_12_DB_group_98_wckE_2,100.00%,6.13%,truncated;KL173_12_DB_group_98_wckE_2,100.00%,6.13%,truncated;KL173_12_DB_group_98_wckE_2,100.00%,6.13%,truncated;KL173_12_DB_group_98_wckE_2,100.00%,6.13%,partial;KL173_12_DB_group_98_wckE_2,100.00%,6.13%,truncated;KL173_12_DB_group_98_wckE_2,100.00%,6.13%,truncated	KL128_09_DB_group_51,100.00%,3.64%,truncated;KL128_09_DB_group_51,100.00%,3.64%,truncated;KL128_09_DB_group_51,96.15%,3.64%,truncated;KL147_13_rmlB,100.00%,7.11%,truncated;KL147_13_rmlB,88.89%,7.11%,truncated;KL173_12_DB_group_98_wckE_2,100.00%,6.13%,truncated;KL173_12_DB_group_98_wckE_2,100.00%,6.13%,truncated;KL173_12_DB_group_98_wckE_2,100.00%,6.13%,truncated;KL173_12_DB_group_98_wckE_2,100.00%,6.13%,partial;KL173_12_DB_group_98_wckE_2,100.00%,6.13%,truncated;KL173_12_DB_group_98_wckE_2,100.00%,6.13%,truncated		ST167
3.3.2	Escherichia_coli_Group_2_and_3_K	4.0.0	GCA_040415875.1	ST167	KL162		Untypeable	-!	0.00%	4.15%	-21702	1 / 16 (6.25%)	KL162_07_ugd_2,78.53%,80.21%,truncated	KL162_01_kpsD_5;KL162_02_kpsM_8;KL162_03_kpsT_7;KL162_04_kpsE_2;KL162_05_DB_group_212;KL162_06_DB_group_195;KL162_08_K96-09;KL162_09_wckE;KL162_10_DB_group_184;KL162_11_rmlB_2;KL162_12_rmlD_2;KL162_13_rmlA_2;KL162_14_rmlC_2;KL162_15_kpsC_5;KL162_16_kpsS_5	0		0 / 16 (0.00%)		3	KL128_09_DB_group_51,100.00%,3.64%,truncated;KL128_09_DB_group_51,100.00%,3.64%,truncated;KL128_09_DB_group_51,100.00%,3.64%,truncated;KL128_09_DB_group_51,100.00%,3.36%,partial;KL147_13_rmlB,100.00%,7.11%,truncated;KL147_13_rmlB,100.00%,7.11%,truncated;KL147_13_rmlB,96.30%,7.63%,truncated;KL173_12_DB_group_98_wckE_2,100.00%,2.12%,truncated;KL173_12_DB_group_98_wckE_2,100.00%,6.13%,truncated;KL173_12_DB_group_98_wckE_2,100.00%,6.13%,partial;KL173_12_DB_group_98_wckE_2,100.00%,6.13%,truncated;KL173_12_DB_group_98_wckE_2,100.00%,6.13%,truncated;KL173_12_DB_group_98_wckE_2,100.00%,6.13%,truncated	KL128_09_DB_group_51,100.00%,3.64%,truncated;KL128_09_DB_group_51,100.00%,3.64%,truncated;KL128_09_DB_group_51,100.00%,3.64%,truncated;KL128_09_DB_group_51,100.00%,3.36%,partial;KL147_13_rmlB,100.00%,7.11%,truncated;KL147_13_rmlB,100.00%,7.11%,truncated;KL147_13_rmlB,96.30%,7.63%,truncated;KL162_07_ugd_2,78.53%,80.21%,truncated;KL173_12_DB_group_98_wckE_2,100.00%,2.12%,truncated;KL173_12_DB_group_98_wckE_2,100.00%,6.13%,truncated;KL173_12_DB_group_98_wckE_2,100.00%,6.13%,partial;KL173_12_DB_group_98_wckE_2,100.00%,6.13%,truncated;KL173_12_DB_group_98_wckE_2,100.00%,6.13%,truncated;KL173_12_DB_group_98_wckE_2,100.00%,6.13%,truncated		ST167
3.3.2	Escherichia_coli_Group_2_and_3_K	4.0.0	GCA_040415905.1	ST167	KL145		Untypeable	-	100.00%	0.50%	-16688	1 / 13 (7.69%)	KL145_11_DB_group_98,100.00%,96.43%	KL145_01_kpsF;KL145_02_kpsE;KL145_03_kpsD;KL145_04_kpsU;KL145_05_kpsC;KL145_06_kpsS;KL145_07_DB_group_91;KL145_08_ugd;KL145_09_wcaK;KL145_10_kfoC;KL145_12_kpsT;KL145_13_kpsM	0		0 / 13 (0.00%)		3	KL128_09_DB_group_51,100.00%,3.64%,truncated;KL128_09_DB_group_51,100.00%,3.64%,truncated;KL128_09_DB_group_51,100.00%,3.64%,truncated;KL128_09_DB_group_51,100.00%,3.36%,partial;KL147_13_rmlB,100.00%,7.11%,truncated;KL147_13_rmlB,100.00%,7.11%,truncated;KL147_13_rmlB,96.30%,7.63%,truncated;KL173_12_DB_group_98_wckE_2,100.00%,6.13%,truncated;KL173_12_DB_group_98_wckE_2,100.00%,6.13%,truncated;KL173_12_DB_group_98_wckE_2,100.00%,6.13%,truncated;KL173_12_DB_group_98_wckE_2,100.00%,6.13%,truncated;KL173_12_DB_group_98_wckE_2,100.00%,6.13%,truncated;KL173_12_DB_group_98_wckE_2,100.00%,6.13%,truncated	KL128_09_DB_group_51,100.00%,3.64%,truncated;KL128_09_DB_group_51,100.00%,3.64%,truncated;KL128_09_DB_group_51,100.00%,3.64%,truncated;KL128_09_DB_group_51,100.00%,3.36%,partial;KL147_13_rmlB,100.00%,7.11%,truncated;KL147_13_rmlB,100.00%,7.11%,truncated;KL147_13_rmlB,96.30%,7.63%,truncated;KL173_12_DB_group_98_wckE_2,100.00%,6.13%,truncated;KL173_12_DB_group_98_wckE_2,100.00%,6.13%,truncated;KL173_12_DB_group_98_wckE_2,100.00%,6.13%,truncated;KL173_12_DB_group_98_wckE_2,100.00%,6.13%,truncated;KL173_12_DB_group_98_wckE_2,100.00%,6.13%,truncated;KL173_12_DB_group_98_wckE_2,100.00%,6.13%,truncated		ST167
3.3.2	Escherichia_coli_Group_2_and_3_K	4.0.0	GCA_040415915.1	ST167	KL145		Untypeable	-	100.00%	0.50%	-16688	1 / 13 (7.69%)	KL145_11_DB_group_98,100.00%,96.43%	KL145_01_kpsF;KL145_02_kpsE;KL145_03_kpsD;KL145_04_kpsU;KL145_05_kpsC;KL145_06_kpsS;KL145_07_DB_group_91;KL145_08_ugd;KL145_09_wcaK;KL145_10_kfoC;KL145_12_kpsT;KL145_13_kpsM	0		0 / 13 (0.00%)		3	KL128_09_DB_group_51,100.00%,3.64%,truncated;KL128_09_DB_group_51,100.00%,3.64%,truncated;KL147_13_rmlB,100.00%,7.11%,truncated;KL147_13_rmlB,96.30%,7.63%,truncated;KL147_13_rmlB,100.00%,5.26%,partial;KL173_12_DB_group_98_wckE_2,100.00%,6.13%,truncated;KL173_12_DB_group_98_wckE_2,100.00%,6.13%,truncated;KL173_12_DB_group_98_wckE_2,100.00%,6.13%,partial;KL173_12_DB_group_98_wckE_2,100.00%,6.13%,truncated;KL173_12_DB_group_98_wckE_2,100.00%,6.13%,truncated;KL173_12_DB_group_98_wckE_2,100.00%,6.13%,truncated	KL128_09_DB_group_51,100.00%,3.64%,truncated;KL128_09_DB_group_51,100.00%,3.64%,truncated;KL147_13_rmlB,100.00%,7.11%,truncated;KL147_13_rmlB,96.30%,7.63%,truncated;KL147_13_rmlB,100.00%,5.26%,partial;KL173_12_DB_group_98_wckE_2,100.00%,6.13%,truncated;KL173_12_DB_group_98_wckE_2,100.00%,6.13%,truncated;KL173_12_DB_group_98_wckE_2,100.00%,6.13%,partial;KL173_12_DB_group_98_wckE_2,100.00%,6.13%,truncated;KL173_12_DB_group_98_wckE_2,100.00%,6.13%,truncated;KL173_12_DB_group_98_wckE_2,100.00%,6.13%,truncated		ST167
3.3.2	Escherichia_coli_Group_2_and_3_K	4.0.0	GCA_040415955.1	ST167	KL157		Untypeable	-	100.00%	0.42%	-19127	1 / 14 (7.14%)	KL157_08_DB_group_38,100.00%,96.30%	KL157_01_kpsF;KL157_02_kpsE;KL157_03_kpsD;KL157_04_kpsU;KL157_05_kpsC;KL157_06_kpsS;KL157_07_DB_group_44;KL157_09_DB_group_75;KL157_10_kpsT;KL157_11_DB_group_2;KL157_12_DB_group_101;KL157_13_kpsM	0		1 / 14 (7.14%)	KL157_08_DB_group_38,100.00%,96.30%	3	KL128_09_DB_group_51,100.00%,3.64%,truncated;KL128_09_DB_group_51,100.00%,3.64%,truncated;KL128_09_DB_group_51,96.15%,3.64%,truncated;KL147_13_rmlB,100.00%,7.11%,truncated;KL147_13_rmlB,88.89%,7.11%,truncated;KL173_12_DB_group_98_wckE_2,100.00%,6.13%,truncated;KL173_12_DB_group_98_wckE_2,100.00%,6.13%,truncated;KL173_12_DB_group_98_wckE_2,100.00%,6.13%,truncated;KL173_12_DB_group_98_wckE_2,100.00%,6.13%,truncated;KL173_12_DB_group_98_wckE_2,100.00%,6.13%,truncated;KL173_12_DB_group_98_wckE_2,100.00%,6.13%,truncated	KL128_09_DB_group_51,100.00%,3.64%,truncated;KL128_09_DB_group_51,100.00%,3.64%,truncated;KL128_09_DB_group_51,96.15%,3.64%,truncated;KL147_13_rmlB,100.00%,7.11%,truncated;KL147_13_rmlB,88.89%,7.11%,truncated;KL173_12_DB_group_98_wckE_2,100.00%,6.13%,truncated;KL173_12_DB_group_98_wckE_2,100.00%,6.13%,truncated;KL173_12_DB_group_98_wckE_2,100.00%,6.13%,truncated;KL173_12_DB_group_98_wckE_2,100.00%,6.13%,truncated;KL173_12_DB_group_98_wckE_2,100.00%,6.13%,truncated;KL173_12_DB_group_98_wckE_2,100.00%,6.13%,truncated		ST167
3.3.2	Escherichia_coli_Group_2_and_3_K	4.0.0	GCA_040415975.1	ST167	KL152		Untypeable	?-*!	100.00%	7.18%		2 / 19 (10.53%)	KL152_09_ugd_2,77.78%,71.72%,truncated;KL152_14_rmlB_2,76.63%,91.44%,below_id_threshold	KL152_01_kpsD_5;KL152_02_kpsM_8;KL152_03_kpsT_7;KL152_04_kpsE_2;KL152_05_DB_group_206;KL152_06_DB_group_207;KL152_07_DB_group_214;KL152_08_DB_group_188;KL152_10_DB_group_194;KL152_11_K96-09;KL152_12_wckE;KL152_13_DB_group_184;KL152_15_rmlD_2;KL152_16_rmlA_2;KL152_17_rmlC_2;KL152_18_kpsC_5;KL152_19_kpsS_5	0		0 / 19 (0.00%)		4	KL128_09_DB_group_51,100.00%,3.64%,truncated;KL128_09_DB_group_51,100.00%,3.64%,truncated;KL128_09_DB_group_51,100.00%,3.64%,truncated;KL128_09_DB_group_51,100.00%,3.64%,truncated;KL128_09_DB_group_51,100.00%,3.36%,partial;KL157_08_DB_group_38,100.00%,96.30%;KL157_08_DB_group_38,100.00%,92.59%;KL186_09_DB_group_269,100.00%,24.39%,truncated;KL147_13_rmlB,100.00%,7.11%,truncated;KL147_13_rmlB,100.00%,7.11%,truncated;KL147_13_rmlB,88.89%,7.11%,truncated;KL147_13_rmlB,91.67%,3.16%,truncated	KL128_09_DB_group_51,100.00%,3.64%,truncated;KL128_09_DB_group_51,100.00%,3.64%,truncated;KL128_09_DB_group_51,100.00%,3.64%,truncated;KL128_09_DB_group_51,100.00%,3.64%,truncated;KL128_09_DB_group_51,100.00%,3.36%,partial;KL186_09_DB_group_269,100.00%,24.39%,truncated;KL147_13_rmlB,100.00%,7.11%,truncated;KL147_13_rmlB,100.00%,7.11%,truncated;KL147_13_rmlB,88.89%,7.11%,truncated;KL147_13_rmlB,91.67%,3.16%,truncated;KL152_09_ugd_2,77.78%,71.72%,truncated		ST167
3.3.2	Escherichia_coli_Group_2_and_3_K	4.0.0	GCA_040415995.1	ST167	KL145		Untypeable	-	100.00%	0.50%	-16688	1 / 13 (7.69%)	KL145_11_DB_group_98,100.00%,96.43%	KL145_01_kpsF;KL145_02_kpsE;KL145_03_kpsD;KL145_04_kpsU;KL145_05_kpsC;KL145_06_kpsS;KL145_07_DB_group_91;KL145_08_ugd;KL145_09_wcaK;KL145_10_kfoC;KL145_12_kpsT;KL145_13_kpsM	0		0 / 13 (0.00%)		3	KL128_09_DB_group_51,100.00%,3.64%,truncated;KL128_09_DB_group_51,100.00%,3.64%,truncated;KL128_09_DB_group_51,100.00%,3.64%,truncated;KL128_09_DB_group_51,100.00%,3.36%,partial;KL147_13_rmlB,100.00%,7.11%,truncated;KL147_13_rmlB,100.00%,7.11%,truncated;KL147_13_rmlB,96.30%,7.63%,truncated;KL173_12_DB_group_98_wckE_2,100.00%,2.12%,truncated;KL173_12_DB_group_98_wckE_2,100.00%,6.13%,truncated;KL173_12_DB_group_98_wckE_2,100.00%,6.13%,truncated;KL173_12_DB_group_98_wckE_2,100.00%,6.13%,truncated;KL173_12_DB_group_98_wckE_2,100.00%,6.13%,truncated;KL173_12_DB_group_98_wckE_2,100.00%,6.13%,truncated	KL128_09_DB_group_51,100.00%,3.64%,truncated;KL128_09_DB_group_51,100.00%,3.64%,truncated;KL128_09_DB_group_51,100.00%,3.64%,truncated;KL128_09_DB_group_51,100.00%,3.36%,partial;KL147_13_rmlB,100.00%,7.11%,truncated;KL147_13_rmlB,100.00%,7.11%,truncated;KL147_13_rmlB,96.30%,7.63%,truncated;KL173_12_DB_group_98_wckE_2,100.00%,2.12%,truncated;KL173_12_DB_group_98_wckE_2,100.00%,6.13%,truncated;KL173_12_DB_group_98_wckE_2,100.00%,6.13%,truncated;KL173_12_DB_group_98_wckE_2,100.00%,6.13%,truncated;KL173_12_DB_group_98_wckE_2,100.00%,6.13%,truncated;KL173_12_DB_group_98_wckE_2,100.00%,6.13%,truncated		ST167
3.3.2	Escherichia_coli_Group_2_and_3_K	4.0.0	GCA_040416005.1	ST167	KL145		Untypeable	-	100.00%	0.50%	-16688	1 / 13 (7.69%)	KL145_11_DB_group_98,100.00%,96.43%	KL145_01_kpsF;KL145_02_kpsE;KL145_03_kpsD;KL145_04_kpsU;KL145_05_kpsC;KL145_06_kpsS;KL145_07_DB_group_91;KL145_08_ugd;KL145_09_wcaK;KL145_10_kfoC;KL145_12_kpsT;KL145_13_kpsM	0		0 / 13 (0.00%)		3	KL128_09_DB_group_51,100.00%,3.64%,truncated;KL128_09_DB_group_51,100.00%,3.64%,truncated;KL128_09_DB_group_51,100.00%,3.64%,truncated;KL128_09_DB_group_51,100.00%,3.36%,partial;KL147_13_rmlB,100.00%,7.11%,truncated;KL147_13_rmlB,100.00%,7.11%,truncated;KL147_13_rmlB,96.30%,7.63%,truncated;KL173_12_DB_group_98_wckE_2,100.00%,2.12%,truncated;KL173_12_DB_group_98_wckE_2,100.00%,6.13%,truncated;KL173_12_DB_group_98_wckE_2,100.00%,6.13%,truncated;KL173_12_DB_group_98_wckE_2,100.00%,6.13%,truncated;KL173_12_DB_group_98_wckE_2,100.00%,6.13%,truncated;KL173_12_DB_group_98_wckE_2,100.00%,6.13%,truncated	KL128_09_DB_group_51,100.00%,3.64%,truncated;KL128_09_DB_group_51,100.00%,3.64%,truncated;KL128_09_DB_group_51,100.00%,3.64%,truncated;KL128_09_DB_group_51,100.00%,3.36%,partial;KL147_13_rmlB,100.00%,7.11%,truncated;KL147_13_rmlB,100.00%,7.11%,truncated;KL147_13_rmlB,96.30%,7.63%,truncated;KL173_12_DB_group_98_wckE_2,100.00%,2.12%,truncated;KL173_12_DB_group_98_wckE_2,100.00%,6.13%,truncated;KL173_12_DB_group_98_wckE_2,100.00%,6.13%,truncated;KL173_12_DB_group_98_wckE_2,100.00%,6.13%,truncated;KL173_12_DB_group_98_wckE_2,100.00%,6.13%,truncated;KL173_12_DB_group_98_wckE_2,100.00%,6.13%,truncated		ST167
3.3.2	Escherichia_coli_Group_2_and_3_K	4.0.0	GCA_040416035.1	ST167	KL145		Untypeable	-	100.00%	0.50%	-16688	1 / 13 (7.69%)	KL145_11_DB_group_98,100.00%,96.43%	KL145_01_kpsF;KL145_02_kpsE;KL145_03_kpsD;KL145_04_kpsU;KL145_05_kpsC;KL145_06_kpsS;KL145_07_DB_group_91;KL145_08_ugd;KL145_09_wcaK;KL145_10_kfoC;KL145_12_kpsT;KL145_13_kpsM	0		0 / 13 (0.00%)		3	KL128_09_DB_group_51,100.00%,3.64%,truncated;KL128_09_DB_group_51,100.00%,3.64%,truncated;KL128_09_DB_group_51,100.00%,3.64%,truncated;KL128_09_DB_group_51,100.00%,3.36%,partial;KL147_13_rmlB,100.00%,7.11%,truncated;KL147_13_rmlB,100.00%,7.11%,truncated;KL147_13_rmlB,96.30%,7.63%,truncated;KL173_12_DB_group_98_wckE_2,100.00%,2.12%,truncated;KL173_12_DB_group_98_wckE_2,100.00%,6.13%,truncated;KL173_12_DB_group_98_wckE_2,100.00%,6.13%,truncated;KL173_12_DB_group_98_wckE_2,100.00%,6.13%,truncated;KL173_12_DB_group_98_wckE_2,100.00%,6.13%,truncated;KL173_12_DB_group_98_wckE_2,100.00%,6.13%,truncated	KL128_09_DB_group_51,100.00%,3.64%,truncated;KL128_09_DB_group_51,100.00%,3.64%,truncated;KL128_09_DB_group_51,100.00%,3.64%,truncated;KL128_09_DB_group_51,100.00%,3.36%,partial;KL147_13_rmlB,100.00%,7.11%,truncated;KL147_13_rmlB,100.00%,7.11%,truncated;KL147_13_rmlB,96.30%,7.63%,truncated;KL173_12_DB_group_98_wckE_2,100.00%,2.12%,truncated;KL173_12_DB_group_98_wckE_2,100.00%,6.13%,truncated;KL173_12_DB_group_98_wckE_2,100.00%,6.13%,truncated;KL173_12_DB_group_98_wckE_2,100.00%,6.13%,truncated;KL173_12_DB_group_98_wckE_2,100.00%,6.13%,truncated;KL173_12_DB_group_98_wckE_2,100.00%,6.13%,truncated		ST167
3.3.2	Escherichia_coli_Group_2_and_3_K	4.0.0	GCA_040416045.1	ST167	KL152		Untypeable	?-*!	100.00%	7.18%		2 / 19 (10.53%)	KL152_09_ugd_2,77.78%,71.72%,truncated;KL152_14_rmlB_2,76.63%,91.44%,below_id_threshold	KL152_01_kpsD_5;KL152_02_kpsM_8;KL152_03_kpsT_7;KL152_04_kpsE_2;KL152_05_DB_group_206;KL152_06_DB_group_207;KL152_07_DB_group_214;KL152_08_DB_group_188;KL152_10_DB_group_194;KL152_11_K96-09;KL152_12_wckE;KL152_13_DB_group_184;KL152_15_rmlD_2;KL152_16_rmlA_2;KL152_17_rmlC_2;KL152_18_kpsC_5;KL152_19_kpsS_5	0		0 / 19 (0.00%)		3	KL157_08_DB_group_38,100.00%,96.30%;KL157_08_DB_group_38,100.00%,92.59%;KL186_09_DB_group_269,100.00%,24.39%,truncated;KL147_13_rmlB,100.00%,7.11%,truncated;KL147_13_rmlB,100.00%,7.11%,truncated;KL147_13_rmlB,88.89%,7.11%,truncated;KL147_13_rmlB,91.67%,3.16%,truncated	KL186_09_DB_group_269,100.00%,24.39%,truncated;KL147_13_rmlB,100.00%,7.11%,truncated;KL147_13_rmlB,100.00%,7.11%,truncated;KL147_13_rmlB,88.89%,7.11%,truncated;KL147_13_rmlB,91.67%,3.16%,truncated;KL152_09_ugd_2,77.78%,71.72%,truncated		ST167
3.3.2	Escherichia_coli_Group_2_and_3_K	4.0.0	GCA_040416095.1	ST167	KL152		Untypeable	?-*!	100.00%	7.18%		2 / 19 (10.53%)	KL152_09_ugd_2,77.78%,71.72%,truncated;KL152_14_rmlB_2,76.63%,91.44%,below_id_threshold	KL152_01_kpsD_5;KL152_02_kpsM_8;KL152_03_kpsT_7;KL152_04_kpsE_2;KL152_05_DB_group_206;KL152_06_DB_group_207;KL152_07_DB_group_214;KL152_08_DB_group_188;KL152_10_DB_group_194;KL152_11_K96-09;KL152_12_wckE;KL152_13_DB_group_184;KL152_15_rmlD_2;KL152_16_rmlA_2;KL152_17_rmlC_2;KL152_18_kpsC_5;KL152_19_kpsS_5	0		0 / 19 (0.00%)		3	KL157_08_DB_group_38,100.00%,96.30%;KL157_08_DB_group_38,100.00%,92.59%;KL186_09_DB_group_269,100.00%,24.39%,truncated;KL147_13_rmlB,100.00%,7.11%,truncated;KL147_13_rmlB,100.00%,7.11%,truncated;KL147_13_rmlB,88.89%,7.11%,truncated;KL147_13_rmlB,91.67%,3.16%,truncated	KL186_09_DB_group_269,100.00%,24.39%,truncated;KL147_13_rmlB,100.00%,7.11%,truncated;KL147_13_rmlB,100.00%,7.11%,truncated;KL147_13_rmlB,88.89%,7.11%,truncated;KL147_13_rmlB,91.67%,3.16%,truncated;KL152_09_ugd_2,77.78%,71.72%,truncated		ST167
3.3.2	Escherichia_coli_Group_2_and_3_K	4.0.0	GCA_040416105.1	ST167	KL157		Untypeable	-	100.00%	0.42%	-19127	1 / 14 (7.14%)	KL157_08_DB_group_38,100.00%,96.30%	KL157_01_kpsF;KL157_02_kpsE;KL157_03_kpsD;KL157_04_kpsU;KL157_05_kpsC;KL157_06_kpsS;KL157_07_DB_group_44;KL157_09_DB_group_75;KL157_10_kpsT;KL157_11_DB_group_2;KL157_12_DB_group_101;KL157_13_kpsM	0		1 / 14 (7.14%)	KL157_08_DB_group_38,100.00%,96.30%;KL157_08_DB_group_38,100.00%,96.30%	3	KL128_09_DB_group_51,100.00%,3.64%,truncated;KL128_09_DB_group_51,100.00%,3.64%,truncated;KL128_09_DB_group_51,96.15%,3.64%,truncated;KL147_13_rmlB,100.00%,7.11%,truncated;KL147_13_rmlB,88.89%,7.11%,truncated;KL173_12_DB_group_98_wckE_2,100.00%,6.13%,truncated;KL173_12_DB_group_98_wckE_2,100.00%,6.13%,truncated;KL173_12_DB_group_98_wckE_2,100.00%,6.13%,truncated;KL173_12_DB_group_98_wckE_2,100.00%,6.13%,truncated;KL173_12_DB_group_98_wckE_2,100.00%,6.13%,truncated;KL173_12_DB_group_98_wckE_2,100.00%,6.13%,truncated	KL128_09_DB_group_51,100.00%,3.64%,truncated;KL128_09_DB_group_51,100.00%,3.64%,truncated;KL128_09_DB_group_51,96.15%,3.64%,truncated;KL147_13_rmlB,100.00%,7.11%,truncated;KL147_13_rmlB,88.89%,7.11%,truncated;KL173_12_DB_group_98_wckE_2,100.00%,6.13%,truncated;KL173_12_DB_group_98_wckE_2,100.00%,6.13%,truncated;KL173_12_DB_group_98_wckE_2,100.00%,6.13%,truncated;KL173_12_DB_group_98_wckE_2,100.00%,6.13%,truncated;KL173_12_DB_group_98_wckE_2,100.00%,6.13%,truncated;KL173_12_DB_group_98_wckE_2,100.00%,6.13%,truncated		ST167
3.3.2	Escherichia_coli_Group_2_and_3_K	4.0.0	GCA_040416135.1	ST167	KL152		Untypeable	?-*!	100.00%	7.18%		2 / 19 (10.53%)	KL152_09_ugd_2,77.78%,71.72%,truncated;KL152_14_rmlB_2,76.63%,91.44%,below_id_threshold	KL152_01_kpsD_5;KL152_02_kpsM_8;KL152_03_kpsT_7;KL152_04_kpsE_2;KL152_05_DB_group_206;KL152_06_DB_group_207;KL152_07_DB_group_214;KL152_08_DB_group_188;KL152_10_DB_group_194;KL152_11_K96-09;KL152_12_wckE;KL152_13_DB_group_184;KL152_15_rmlD_2;KL152_16_rmlA_2;KL152_17_rmlC_2;KL152_18_kpsC_5;KL152_19_kpsS_5	0		0 / 19 (0.00%)		4	KL128_09_DB_group_51,100.00%,3.64%,truncated;KL128_09_DB_group_51,100.00%,3.64%,truncated;KL128_09_DB_group_51,100.00%,3.64%,truncated;KL128_09_DB_group_51,100.00%,3.64%,truncated;KL128_09_DB_group_51,100.00%,3.64%,truncated;KL128_09_DB_group_51,100.00%,3.36%,partial;KL157_08_DB_group_38,100.00%,96.30%;KL157_08_DB_group_38,100.00%,92.59%;KL186_09_DB_group_269,100.00%,24.39%,truncated;KL147_13_rmlB,100.00%,7.11%,truncated;KL147_13_rmlB,100.00%,7.11%,truncated;KL147_13_rmlB,91.67%,3.16%,truncated;KL147_13_rmlB,88.89%,7.11%,truncated	KL128_09_DB_group_51,100.00%,3.64%,truncated;KL128_09_DB_group_51,100.00%,3.64%,truncated;KL128_09_DB_group_51,100.00%,3.64%,truncated;KL128_09_DB_group_51,100.00%,3.64%,truncated;KL128_09_DB_group_51,100.00%,3.64%,truncated;KL128_09_DB_group_51,100.00%,3.36%,partial;KL186_09_DB_group_269,100.00%,24.39%,truncated;KL147_13_rmlB,100.00%,7.11%,truncated;KL147_13_rmlB,100.00%,7.11%,truncated;KL147_13_rmlB,91.67%,3.16%,truncated;KL147_13_rmlB,88.89%,7.11%,truncated;KL152_09_ugd_2,77.78%,71.72%,truncated		ST167
3.3.2	Escherichia_coli_Group_2_and_3_K	4.0.0	GCA_040416195.1	ST167	KL157		Untypeable	-	100.00%	0.42%	-19127	1 / 14 (7.14%)	KL157_08_DB_group_38,100.00%,96.30%	KL157_01_kpsF;KL157_02_kpsE;KL157_03_kpsD;KL157_04_kpsU;KL157_05_kpsC;KL157_06_kpsS;KL157_07_DB_group_44;KL157_09_DB_group_75;KL157_10_kpsT;KL157_11_DB_group_2;KL157_12_DB_group_101;KL157_13_kpsM	0		1 / 14 (7.14%)	KL157_08_DB_group_38,100.00%,96.30%;KL157_08_DB_group_38,100.00%,96.30%	3	KL128_09_DB_group_51,100.00%,3.64%,truncated;KL128_09_DB_group_51,100.00%,3.64%,truncated;KL128_09_DB_group_51,96.15%,3.64%,truncated;KL147_13_rmlB,100.00%,7.11%,truncated;KL147_13_rmlB,88.89%,7.11%,truncated;KL173_12_DB_group_98_wckE_2,100.00%,6.13%,truncated;KL173_12_DB_group_98_wckE_2,100.00%,6.13%,truncated;KL173_12_DB_group_98_wckE_2,100.00%,6.13%,truncated;KL173_12_DB_group_98_wckE_2,100.00%,6.13%,truncated;KL173_12_DB_group_98_wckE_2,100.00%,6.13%,truncated;KL173_12_DB_group_98_wckE_2,96.15%,6.13%,truncated	KL128_09_DB_group_51,100.00%,3.64%,truncated;KL128_09_DB_group_51,100.00%,3.64%,truncated;KL128_09_DB_group_51,96.15%,3.64%,truncated;KL147_13_rmlB,100.00%,7.11%,truncated;KL147_13_rmlB,88.89%,7.11%,truncated;KL173_12_DB_group_98_wckE_2,100.00%,6.13%,truncated;KL173_12_DB_group_98_wckE_2,100.00%,6.13%,truncated;KL173_12_DB_group_98_wckE_2,100.00%,6.13%,truncated;KL173_12_DB_group_98_wckE_2,100.00%,6.13%,truncated;KL173_12_DB_group_98_wckE_2,100.00%,6.13%,truncated;KL173_12_DB_group_98_wckE_2,96.15%,6.13%,truncated		ST167
3.3.2	Escherichia_coli_Group_2_and_3_K	4.0.0	GCA_040416205.1	ST167	KL152		Untypeable	?-*!	100.00%	7.18%		2 / 19 (10.53%)	KL152_09_ugd_2,77.78%,71.72%,truncated;KL152_14_rmlB_2,76.63%,91.44%,below_id_threshold	KL152_01_kpsD_5;KL152_02_kpsM_8;KL152_03_kpsT_7;KL152_04_kpsE_2;KL152_05_DB_group_206;KL152_06_DB_group_207;KL152_07_DB_group_214;KL152_08_DB_group_188;KL152_10_DB_group_194;KL152_11_K96-09;KL152_12_wckE;KL152_13_DB_group_184;KL152_15_rmlD_2;KL152_16_rmlA_2;KL152_17_rmlC_2;KL152_18_kpsC_5;KL152_19_kpsS_5	0		0 / 19 (0.00%)		4	KL128_09_DB_group_51,100.00%,3.64%,truncated;KL128_09_DB_group_51,100.00%,3.64%,truncated;KL128_09_DB_group_51,100.00%,3.64%,truncated;KL128_09_DB_group_51,100.00%,3.64%,truncated;KL128_09_DB_group_51,100.00%,3.36%,partial;KL128_09_DB_group_51,100.00%,3.36%,partial;KL157_08_DB_group_38,100.00%,96.30%;KL157_08_DB_group_38,100.00%,92.59%;KL186_09_DB_group_269,100.00%,24.39%,truncated;KL147_13_rmlB,100.00%,7.11%,truncated;KL147_13_rmlB,100.00%,7.11%,truncated;KL147_13_rmlB,91.67%,3.16%,truncated;KL147_13_rmlB,88.89%,7.11%,truncated	KL128_09_DB_group_51,100.00%,3.64%,truncated;KL128_09_DB_group_51,100.00%,3.64%,truncated;KL128_09_DB_group_51,100.00%,3.64%,truncated;KL128_09_DB_group_51,100.00%,3.64%,truncated;KL128_09_DB_group_51,100.00%,3.36%,partial;KL128_09_DB_group_51,100.00%,3.36%,partial;KL186_09_DB_group_269,100.00%,24.39%,truncated;KL147_13_rmlB,100.00%,7.11%,truncated;KL147_13_rmlB,100.00%,7.11%,truncated;KL147_13_rmlB,91.67%,3.16%,truncated;KL147_13_rmlB,88.89%,7.11%,truncated;KL152_09_ugd_2,77.78%,71.72%,truncated		ST167
3.3.2	Escherichia_coli_Group_2_and_3_K	4.0.0	GCA_040416215.1	ST167	KL157		Untypeable	-	100.00%	0.42%	-19127	1 / 13 (7.69%)	KL157_08_DB_group_38,100.00%,96.30%	KL157_01_kpsF;KL157_02_kpsE;KL157_03_kpsD;KL157_04_kpsU;KL157_05_kpsC;KL157_06_kpsS;KL157_07_DB_group_44;KL157_09_DB_group_75;KL157_10_kpsT;KL157_11_DB_group_2;KL157_12_DB_group_101;KL157_13_kpsM	0		0 / 13 (0.00%)		3	KL128_09_DB_group_51,100.00%,3.64%,truncated;KL128_09_DB_group_51,100.00%,3.64%,truncated;KL128_09_DB_group_51,96.15%,3.64%,truncated;KL147_13_rmlB,100.00%,7.11%,truncated;KL147_13_rmlB,88.89%,7.11%,truncated;KL173_12_DB_group_98_wckE_2,100.00%,2.12%,truncated;KL173_12_DB_group_98_wckE_2,100.00%,6.13%,truncated;KL173_12_DB_group_98_wckE_2,100.00%,6.13%,truncated;KL173_12_DB_group_98_wckE_2,100.00%,6.13%,truncated;KL173_12_DB_group_98_wckE_2,100.00%,6.13%,truncated;KL173_12_DB_group_98_wckE_2,100.00%,6.13%,truncated	KL128_09_DB_group_51,100.00%,3.64%,truncated;KL128_09_DB_group_51,100.00%,3.64%,truncated;KL128_09_DB_group_51,96.15%,3.64%,truncated;KL147_13_rmlB,100.00%,7.11%,truncated;KL147_13_rmlB,88.89%,7.11%,truncated;KL173_12_DB_group_98_wckE_2,100.00%,2.12%,truncated;KL173_12_DB_group_98_wckE_2,100.00%,6.13%,truncated;KL173_12_DB_group_98_wckE_2,100.00%,6.13%,truncated;KL173_12_DB_group_98_wckE_2,100.00%,6.13%,truncated;KL173_12_DB_group_98_wckE_2,100.00%,6.13%,truncated;KL173_12_DB_group_98_wckE_2,100.00%,6.13%,truncated		ST167
3.3.2	Escherichia_coli_Group_2_and_3_K	4.0.0	GCA_040416265.1	ST167	KL162		Untypeable	-!	0.00%	4.15%	-21702	1 / 16 (6.25%)	KL162_07_ugd_2,78.53%,80.21%,truncated	KL162_01_kpsD_5;KL162_02_kpsM_8;KL162_03_kpsT_7;KL162_04_kpsE_2;KL162_05_DB_group_212;KL162_06_DB_group_195;KL162_08_K96-09;KL162_09_wckE;KL162_10_DB_group_184;KL162_11_rmlB_2;KL162_12_rmlD_2;KL162_13_rmlA_2;KL162_14_rmlC_2;KL162_15_kpsC_5;KL162_16_kpsS_5	0		0 / 16 (0.00%)		3	KL128_09_DB_group_51,100.00%,3.64%,truncated;KL128_09_DB_group_51,100.00%,3.64%,truncated;KL128_09_DB_group_51,100.00%,3.64%,truncated;KL128_09_DB_group_51,100.00%,3.36%,partial;KL147_13_rmlB,100.00%,7.11%,truncated;KL147_13_rmlB,100.00%,7.11%,truncated;KL147_13_rmlB,96.30%,7.63%,truncated;KL173_12_DB_group_98_wckE_2,100.00%,2.12%,truncated;KL173_12_DB_group_98_wckE_2,100.00%,6.13%,truncated;KL173_12_DB_group_98_wckE_2,100.00%,6.13%,truncated;KL173_12_DB_group_98_wckE_2,100.00%,6.13%,truncated;KL173_12_DB_group_98_wckE_2,100.00%,6.13%,truncated;KL173_12_DB_group_98_wckE_2,100.00%,6.13%,truncated	KL128_09_DB_group_51,100.00%,3.64%,truncated;KL128_09_DB_group_51,100.00%,3.64%,truncated;KL128_09_DB_group_51,100.00%,3.64%,truncated;KL128_09_DB_group_51,100.00%,3.36%,partial;KL147_13_rmlB,100.00%,7.11%,truncated;KL147_13_rmlB,100.00%,7.11%,truncated;KL147_13_rmlB,96.30%,7.63%,truncated;KL162_07_ugd_2,78.53%,80.21%,truncated;KL173_12_DB_group_98_wckE_2,100.00%,2.12%,truncated;KL173_12_DB_group_98_wckE_2,100.00%,6.13%,truncated;KL173_12_DB_group_98_wckE_2,100.00%,6.13%,truncated;KL173_12_DB_group_98_wckE_2,100.00%,6.13%,truncated;KL173_12_DB_group_98_wckE_2,100.00%,6.13%,truncated;KL173_12_DB_group_98_wckE_2,100.00%,6.13%,truncated		ST167
3.3.2	Escherichia_coli_Group_2_and_3_K	4.0.0	GCA_040416295.1	ST167	KL157		Untypeable	-	100.00%	0.42%	-19127	1 / 14 (7.14%)	KL157_08_DB_group_38,100.00%,96.30%	KL157_01_kpsF;KL157_02_kpsE;KL157_03_kpsD;KL157_04_kpsU;KL157_05_kpsC;KL157_06_kpsS;KL157_07_DB_group_44;KL157_09_DB_group_75;KL157_10_kpsT;KL157_11_DB_group_2;KL157_12_DB_group_101;KL157_13_kpsM	0		1 / 14 (7.14%)	KL157_08_DB_group_38,100.00%,96.30%;KL157_08_DB_group_38,100.00%,96.30%	3	KL128_09_DB_group_51,100.00%,3.64%,truncated;KL128_09_DB_group_51,100.00%,3.64%,truncated;KL128_09_DB_group_51,96.15%,3.64%,truncated;KL147_13_rmlB,100.00%,7.11%,truncated;KL147_13_rmlB,88.89%,7.11%,truncated;KL173_12_DB_group_98_wckE_2,100.00%,2.12%,truncated;KL173_12_DB_group_98_wckE_2,100.00%,6.13%,truncated;KL173_12_DB_group_98_wckE_2,100.00%,6.13%,truncated;KL173_12_DB_group_98_wckE_2,100.00%,6.13%,truncated;KL173_12_DB_group_98_wckE_2,100.00%,6.13%,truncated;KL173_12_DB_group_98_wckE_2,96.15%,6.13%,truncated	KL128_09_DB_group_51,100.00%,3.64%,truncated;KL128_09_DB_group_51,100.00%,3.64%,truncated;KL128_09_DB_group_51,96.15%,3.64%,truncated;KL147_13_rmlB,100.00%,7.11%,truncated;KL147_13_rmlB,88.89%,7.11%,truncated;KL173_12_DB_group_98_wckE_2,100.00%,2.12%,truncated;KL173_12_DB_group_98_wckE_2,100.00%,6.13%,truncated;KL173_12_DB_group_98_wckE_2,100.00%,6.13%,truncated;KL173_12_DB_group_98_wckE_2,100.00%,6.13%,truncated;KL173_12_DB_group_98_wckE_2,100.00%,6.13%,truncated;KL173_12_DB_group_98_wckE_2,96.15%,6.13%,truncated		ST167
3.3.2	Escherichia_coli_Group_2_and_3_K	4.0.0	GCA_040416335.1	ST167	KL152		Untypeable	?-*!	100.00%	7.18%		2 / 19 (10.53%)	KL152_09_ugd_2,77.78%,71.72%,truncated;KL152_14_rmlB_2,76.63%,91.44%,below_id_threshold	KL152_01_kpsD_5;KL152_02_kpsM_8;KL152_03_kpsT_7;KL152_04_kpsE_2;KL152_05_DB_group_206;KL152_06_DB_group_207;KL152_07_DB_group_214;KL152_08_DB_group_188;KL152_10_DB_group_194;KL152_11_K96-09;KL152_12_wckE;KL152_13_DB_group_184;KL152_15_rmlD_2;KL152_16_rmlA_2;KL152_17_rmlC_2;KL152_18_kpsC_5;KL152_19_kpsS_5	0		0 / 19 (0.00%)		3	KL157_08_DB_group_38,100.00%,96.30%;KL157_08_DB_group_38,100.00%,92.59%;KL186_09_DB_group_269,100.00%,24.39%,truncated;KL147_13_rmlB,100.00%,7.11%,truncated;KL147_13_rmlB,100.00%,7.11%,truncated;KL147_13_rmlB,88.89%,7.11%,truncated;KL147_13_rmlB,91.67%,3.16%,truncated	KL186_09_DB_group_269,100.00%,24.39%,truncated;KL147_13_rmlB,100.00%,7.11%,truncated;KL147_13_rmlB,100.00%,7.11%,truncated;KL147_13_rmlB,88.89%,7.11%,truncated;KL147_13_rmlB,91.67%,3.16%,truncated;KL152_09_ugd_2,77.78%,71.72%,truncated		ST167
3.3.2	Escherichia_coli_Group_2_and_3_K	4.0.0	GCA_040416355.1	ST167	KL152		Untypeable	?-*!	100.00%	7.18%		2 / 19 (10.53%)	KL152_09_ugd_2,77.78%,71.72%,truncated;KL152_14_rmlB_2,76.63%,91.44%,below_id_threshold	KL152_01_kpsD_5;KL152_02_kpsM_8;KL152_03_kpsT_7;KL152_04_kpsE_2;KL152_05_DB_group_206;KL152_06_DB_group_207;KL152_07_DB_group_214;KL152_08_DB_group_188;KL152_10_DB_group_194;KL152_11_K96-09;KL152_12_wckE;KL152_13_DB_group_184;KL152_15_rmlD_2;KL152_16_rmlA_2;KL152_17_rmlC_2;KL152_18_kpsC_5;KL152_19_kpsS_5	0		0 / 19 (0.00%)		3	KL157_08_DB_group_38,100.00%,96.30%;KL157_08_DB_group_38,100.00%,92.59%;KL186_09_DB_group_269,100.00%,24.39%,truncated;KL147_13_rmlB,100.00%,7.11%,truncated;KL147_13_rmlB,100.00%,7.11%,truncated;KL147_13_rmlB,88.89%,7.11%,truncated;KL147_13_rmlB,91.67%,3.16%,truncated	KL186_09_DB_group_269,100.00%,24.39%,truncated;KL147_13_rmlB,100.00%,7.11%,truncated;KL147_13_rmlB,100.00%,7.11%,truncated;KL147_13_rmlB,88.89%,7.11%,truncated;KL147_13_rmlB,91.67%,3.16%,truncated;KL152_09_ugd_2,77.78%,71.72%,truncated		ST167
3.3.2	Escherichia_coli_Group_2_and_3_K	4.0.0	GCA_040416375.1	ST167	KL162		Untypeable	-!	0.00%	4.15%	-21702	1 / 16 (6.25%)	KL162_07_ugd_2,78.53%,80.21%,truncated	KL162_01_kpsD_5;KL162_02_kpsM_8;KL162_03_kpsT_7;KL162_04_kpsE_2;KL162_05_DB_group_212;KL162_06_DB_group_195;KL162_08_K96-09;KL162_09_wckE;KL162_10_DB_group_184;KL162_11_rmlB_2;KL162_12_rmlD_2;KL162_13_rmlA_2;KL162_14_rmlC_2;KL162_15_kpsC_5;KL162_16_kpsS_5	0		0 / 16 (0.00%)		3	KL128_09_DB_group_51,100.00%,3.64%,truncated;KL128_09_DB_group_51,100.00%,3.64%,truncated;KL128_09_DB_group_51,100.00%,3.64%,truncated;KL128_09_DB_group_51,100.00%,3.36%,partial;KL147_13_rmlB,100.00%,7.11%,truncated;KL147_13_rmlB,100.00%,7.11%,truncated;KL147_13_rmlB,96.30%,7.63%,truncated;KL173_12_DB_group_98_wckE_2,100.00%,6.13%,truncated;KL173_12_DB_group_98_wckE_2,100.00%,6.13%,truncated;KL173_12_DB_group_98_wckE_2,100.00%,6.13%,partial;KL173_12_DB_group_98_wckE_2,100.00%,6.13%,truncated;KL173_12_DB_group_98_wckE_2,100.00%,6.13%,truncated;KL173_12_DB_group_98_wckE_2,100.00%,6.13%,truncated	KL128_09_DB_group_51,100.00%,3.64%,truncated;KL128_09_DB_group_51,100.00%,3.64%,truncated;KL128_09_DB_group_51,100.00%,3.64%,truncated;KL128_09_DB_group_51,100.00%,3.36%,partial;KL147_13_rmlB,100.00%,7.11%,truncated;KL147_13_rmlB,100.00%,7.11%,truncated;KL147_13_rmlB,96.30%,7.63%,truncated;KL162_07_ugd_2,78.53%,80.21%,truncated;KL173_12_DB_group_98_wckE_2,100.00%,6.13%,truncated;KL173_12_DB_group_98_wckE_2,100.00%,6.13%,truncated;KL173_12_DB_group_98_wckE_2,100.00%,6.13%,partial;KL173_12_DB_group_98_wckE_2,100.00%,6.13%,truncated;KL173_12_DB_group_98_wckE_2,100.00%,6.13%,truncated;KL173_12_DB_group_98_wckE_2,100.00%,6.13%,truncated		ST167
3.3.2	Escherichia_coli_Group_2_and_3_K	4.0.0	GCA_040416395.1	ST167	KL145		Untypeable	-	100.00%	0.50%	-16688	1 / 14 (7.14%)	KL145_11_DB_group_98,100.00%,96.43%	KL145_01_kpsF;KL145_02_kpsE;KL145_03_kpsD;KL145_04_kpsU;KL145_05_kpsC;KL145_06_kpsS;KL145_07_DB_group_91;KL145_08_ugd;KL145_09_wcaK;KL145_10_kfoC;KL145_12_kpsT;KL145_13_kpsM	0		1 / 14 (7.14%)	KL145_11_DB_group_98,100.00%,92.86%;KL145_11_DB_group_98,100.00%,92.86%,partial	4	KL128_09_DB_group_51,100.00%,3.64%,truncated;KL128_09_DB_group_51,100.00%,3.64%,truncated;KL157_08_DB_group_38,100.00%,96.30%;KL147_13_rmlB,100.00%,7.11%,truncated;KL147_13_rmlB,88.89%,7.11%,truncated;KL173_12_DB_group_98_wckE_2,100.00%,6.13%,truncated;KL173_12_DB_group_98_wckE_2,100.00%,6.13%,truncated;KL173_12_DB_group_98_wckE_2,100.00%,6.13%,truncated;KL173_12_DB_group_98_wckE_2,100.00%,6.13%,truncated;KL173_12_DB_group_98_wckE_2,100.00%,6.13%,truncated;KL173_12_DB_group_98_wckE_2,100.00%,6.13%,truncated	KL128_09_DB_group_51,100.00%,3.64%,truncated;KL128_09_DB_group_51,100.00%,3.64%,truncated;KL145_11_DB_group_98,100.00%,92.86%,partial;KL147_13_rmlB,100.00%,7.11%,truncated;KL147_13_rmlB,88.89%,7.11%,truncated;KL173_12_DB_group_98_wckE_2,100.00%,6.13%,truncated;KL173_12_DB_group_98_wckE_2,100.00%,6.13%,truncated;KL173_12_DB_group_98_wckE_2,100.00%,6.13%,truncated;KL173_12_DB_group_98_wckE_2,100.00%,6.13%,truncated;KL173_12_DB_group_98_wckE_2,100.00%,6.13%,truncated;KL173_12_DB_group_98_wckE_2,100.00%,6.13%,truncated		ST167
3.3.2	Escherichia_coli_Group_2_and_3_K	4.0.0	GCA_040416405.1	ST167	KL157		Untypeable	-	100.00%	0.42%	-19127	1 / 13 (7.69%)	KL157_08_DB_group_38,100.00%,96.30%	KL157_01_kpsF;KL157_02_kpsE;KL157_03_kpsD;KL157_04_kpsU;KL157_05_kpsC;KL157_06_kpsS;KL157_07_DB_group_44;KL157_09_DB_group_75;KL157_10_kpsT;KL157_11_DB_group_2;KL157_12_DB_group_101;KL157_13_kpsM	0		0 / 13 (0.00%)		3	KL128_09_DB_group_51,100.00%,3.64%,truncated;KL128_09_DB_group_51,100.00%,3.64%,truncated;KL147_13_rmlB,100.00%,7.11%,truncated;KL147_13_rmlB,88.89%,7.11%,truncated;KL173_12_DB_group_98_wckE_2,100.00%,6.13%,truncated;KL173_12_DB_group_98_wckE_2,100.00%,6.13%,truncated;KL173_12_DB_group_98_wckE_2,100.00%,6.13%,truncated;KL173_12_DB_group_98_wckE_2,100.00%,6.13%,truncated;KL173_12_DB_group_98_wckE_2,100.00%,6.13%,truncated;KL173_12_DB_group_98_wckE_2,96.15%,6.13%,truncated	KL128_09_DB_group_51,100.00%,3.64%,truncated;KL128_09_DB_group_51,100.00%,3.64%,truncated;KL147_13_rmlB,100.00%,7.11%,truncated;KL147_13_rmlB,88.89%,7.11%,truncated;KL173_12_DB_group_98_wckE_2,100.00%,6.13%,truncated;KL173_12_DB_group_98_wckE_2,100.00%,6.13%,truncated;KL173_12_DB_group_98_wckE_2,100.00%,6.13%,truncated;KL173_12_DB_group_98_wckE_2,100.00%,6.13%,truncated;KL173_12_DB_group_98_wckE_2,100.00%,6.13%,truncated;KL173_12_DB_group_98_wckE_2,96.15%,6.13%,truncated		ST167
3.3.2	Escherichia_coli_Group_2_and_3_K	4.0.0	GCA_040416415.1	ST167	KL145		Untypeable	-	100.00%	0.50%	-16688	1 / 13 (7.69%)	KL145_11_DB_group_98,100.00%,96.43%	KL145_01_kpsF;KL145_02_kpsE;KL145_03_kpsD;KL145_04_kpsU;KL145_05_kpsC;KL145_06_kpsS;KL145_07_DB_group_91;KL145_08_ugd;KL145_09_wcaK;KL145_10_kfoC;KL145_12_kpsT;KL145_13_kpsM	0		0 / 13 (0.00%)		3	KL128_09_DB_group_51,100.00%,3.64%,truncated;KL128_09_DB_group_51,100.00%,3.64%,truncated;KL128_09_DB_group_51,100.00%,3.64%,truncated;KL128_09_DB_group_51,100.00%,3.36%,partial;KL147_13_rmlB,100.00%,7.11%,truncated;KL147_13_rmlB,100.00%,7.11%,truncated;KL147_13_rmlB,96.30%,7.63%,truncated;KL173_12_DB_group_98_wckE_2,100.00%,2.12%,truncated;KL173_12_DB_group_98_wckE_2,100.00%,6.13%,truncated;KL173_12_DB_group_98_wckE_2,100.00%,6.13%,truncated;KL173_12_DB_group_98_wckE_2,100.00%,6.13%,truncated;KL173_12_DB_group_98_wckE_2,100.00%,6.13%,truncated;KL173_12_DB_group_98_wckE_2,100.00%,6.13%,truncated	KL128_09_DB_group_51,100.00%,3.64%,truncated;KL128_09_DB_group_51,100.00%,3.64%,truncated;KL128_09_DB_group_51,100.00%,3.64%,truncated;KL128_09_DB_group_51,100.00%,3.36%,partial;KL147_13_rmlB,100.00%,7.11%,truncated;KL147_13_rmlB,100.00%,7.11%,truncated;KL147_13_rmlB,96.30%,7.63%,truncated;KL173_12_DB_group_98_wckE_2,100.00%,2.12%,truncated;KL173_12_DB_group_98_wckE_2,100.00%,6.13%,truncated;KL173_12_DB_group_98_wckE_2,100.00%,6.13%,truncated;KL173_12_DB_group_98_wckE_2,100.00%,6.13%,truncated;KL173_12_DB_group_98_wckE_2,100.00%,6.13%,truncated;KL173_12_DB_group_98_wckE_2,100.00%,6.13%,truncated		ST167
3.3.2	Escherichia_coli_Group_2_and_3_K	4.0.0	GCA_040416435.1	ST167	KL157		Untypeable	-	100.00%	0.42%	-19127	1 / 13 (7.69%)	KL157_08_DB_group_38,100.00%,96.30%	KL157_01_kpsF;KL157_02_kpsE;KL157_03_kpsD;KL157_04_kpsU;KL157_05_kpsC;KL157_06_kpsS;KL157_07_DB_group_44;KL157_09_DB_group_75;KL157_10_kpsT;KL157_11_DB_group_2;KL157_12_DB_group_101;KL157_13_kpsM	0		0 / 13 (0.00%)		3	KL128_09_DB_group_51,100.00%,3.64%,truncated;KL128_09_DB_group_51,100.00%,3.64%,truncated;KL128_09_DB_group_51,96.15%,3.64%,truncated;KL147_13_rmlB,100.00%,7.11%,truncated;KL147_13_rmlB,88.89%,7.11%,truncated;KL173_12_DB_group_98_wckE_2,100.00%,2.12%,truncated;KL173_12_DB_group_98_wckE_2,100.00%,6.13%,truncated;KL173_12_DB_group_98_wckE_2,100.00%,6.13%,truncated;KL173_12_DB_group_98_wckE_2,100.00%,6.13%,truncated;KL173_12_DB_group_98_wckE_2,100.00%,6.13%,truncated;KL173_12_DB_group_98_wckE_2,100.00%,6.13%,truncated	KL128_09_DB_group_51,100.00%,3.64%,truncated;KL128_09_DB_group_51,100.00%,3.64%,truncated;KL128_09_DB_group_51,96.15%,3.64%,truncated;KL147_13_rmlB,100.00%,7.11%,truncated;KL147_13_rmlB,88.89%,7.11%,truncated;KL173_12_DB_group_98_wckE_2,100.00%,2.12%,truncated;KL173_12_DB_group_98_wckE_2,100.00%,6.13%,truncated;KL173_12_DB_group_98_wckE_2,100.00%,6.13%,truncated;KL173_12_DB_group_98_wckE_2,100.00%,6.13%,truncated;KL173_12_DB_group_98_wckE_2,100.00%,6.13%,truncated;KL173_12_DB_group_98_wckE_2,100.00%,6.13%,truncated		ST167
3.3.2	Escherichia_coli_Group_2_and_3_K	4.0.0	GCA_040416475.1	ST167	KL157		Untypeable	-	100.00%	0.42%	-19127	1 / 14 (7.14%)	KL157_08_DB_group_38,100.00%,96.30%	KL157_01_kpsF;KL157_02_kpsE;KL157_03_kpsD;KL157_04_kpsU;KL157_05_kpsC;KL157_06_kpsS;KL157_07_DB_group_44;KL157_09_DB_group_75;KL157_10_kpsT;KL157_11_DB_group_2;KL157_12_DB_group_101;KL157_13_kpsM	0		1 / 14 (7.14%)	KL157_08_DB_group_38,100.00%,96.30%;KL157_08_DB_group_38,100.00%,96.30%	3	KL128_09_DB_group_51,100.00%,3.64%,truncated;KL128_09_DB_group_51,100.00%,3.64%,truncated;KL147_13_rmlB,88.89%,7.11%,truncated;KL173_12_DB_group_98_wckE_2,100.00%,2.12%,truncated;KL173_12_DB_group_98_wckE_2,100.00%,6.13%,truncated;KL173_12_DB_group_98_wckE_2,100.00%,6.13%,partial;KL173_12_DB_group_98_wckE_2,100.00%,6.13%,truncated;KL173_12_DB_group_98_wckE_2,100.00%,6.13%,truncated;KL173_12_DB_group_98_wckE_2,100.00%,6.13%,truncated	KL128_09_DB_group_51,100.00%,3.64%,truncated;KL128_09_DB_group_51,100.00%,3.64%,truncated;KL147_13_rmlB,88.89%,7.11%,truncated;KL173_12_DB_group_98_wckE_2,100.00%,2.12%,truncated;KL173_12_DB_group_98_wckE_2,100.00%,6.13%,truncated;KL173_12_DB_group_98_wckE_2,100.00%,6.13%,partial;KL173_12_DB_group_98_wckE_2,100.00%,6.13%,truncated;KL173_12_DB_group_98_wckE_2,100.00%,6.13%,truncated;KL173_12_DB_group_98_wckE_2,100.00%,6.13%,truncated		ST167
3.3.2	Escherichia_coli_Group_2_and_3_K	4.0.0	GCA_040416495.1	ST167	KL157		Untypeable	-	100.00%	0.42%	-19127	1 / 14 (7.14%)	KL157_08_DB_group_38,100.00%,96.30%	KL157_01_kpsF;KL157_02_kpsE;KL157_03_kpsD;KL157_04_kpsU;KL157_05_kpsC;KL157_06_kpsS;KL157_07_DB_group_44;KL157_09_DB_group_75;KL157_10_kpsT;KL157_11_DB_group_2;KL157_12_DB_group_101;KL157_13_kpsM	0		1 / 14 (7.14%)	KL157_08_DB_group_38,100.00%,96.30%;KL157_08_DB_group_38,100.00%,96.30%	3	KL128_09_DB_group_51,100.00%,3.64%,truncated;KL128_09_DB_group_51,100.00%,3.64%,truncated;KL128_09_DB_group_51,96.15%,3.64%,truncated;KL147_13_rmlB,100.00%,7.11%,truncated;KL147_13_rmlB,88.89%,7.11%,truncated;KL173_12_DB_group_98_wckE_2,100.00%,6.13%,truncated;KL173_12_DB_group_98_wckE_2,100.00%,6.13%,truncated;KL173_12_DB_group_98_wckE_2,100.00%,6.13%,truncated;KL173_12_DB_group_98_wckE_2,100.00%,6.13%,truncated;KL173_12_DB_group_98_wckE_2,100.00%,6.13%,truncated;KL173_12_DB_group_98_wckE_2,96.15%,6.13%,truncated	KL128_09_DB_group_51,100.00%,3.64%,truncated;KL128_09_DB_group_51,100.00%,3.64%,truncated;KL128_09_DB_group_51,96.15%,3.64%,truncated;KL147_13_rmlB,100.00%,7.11%,truncated;KL147_13_rmlB,88.89%,7.11%,truncated;KL173_12_DB_group_98_wckE_2,100.00%,6.13%,truncated;KL173_12_DB_group_98_wckE_2,100.00%,6.13%,truncated;KL173_12_DB_group_98_wckE_2,100.00%,6.13%,truncated;KL173_12_DB_group_98_wckE_2,100.00%,6.13%,truncated;KL173_12_DB_group_98_wckE_2,100.00%,6.13%,truncated;KL173_12_DB_group_98_wckE_2,96.15%,6.13%,truncated		ST167
3.3.2	Escherichia_coli_Group_2_and_3_K	4.0.0	GCA_040416505.1	ST167	KL162		Untypeable	-!	0.00%	4.15%	-21702	1 / 16 (6.25%)	KL162_07_ugd_2,78.53%,80.21%,truncated	KL162_01_kpsD_5;KL162_02_kpsM_8;KL162_03_kpsT_7;KL162_04_kpsE_2;KL162_05_DB_group_212;KL162_06_DB_group_195;KL162_08_K96-09;KL162_09_wckE;KL162_10_DB_group_184;KL162_11_rmlB_2;KL162_12_rmlD_2;KL162_13_rmlA_2;KL162_14_rmlC_2;KL162_15_kpsC_5;KL162_16_kpsS_5	0		0 / 16 (0.00%)		2	KL128_09_DB_group_51,100.00%,3.64%,truncated;KL128_09_DB_group_51,100.00%,3.64%,truncated;KL128_09_DB_group_51,100.00%,3.64%,truncated;KL147_13_rmlB,100.00%,7.11%,truncated;KL147_13_rmlB,100.00%,7.11%,truncated;KL147_13_rmlB,96.30%,7.63%,truncated	KL128_09_DB_group_51,100.00%,3.64%,truncated;KL128_09_DB_group_51,100.00%,3.64%,truncated;KL128_09_DB_group_51,100.00%,3.64%,truncated;KL147_13_rmlB,100.00%,7.11%,truncated;KL147_13_rmlB,100.00%,7.11%,truncated;KL147_13_rmlB,96.30%,7.63%,truncated;KL162_07_ugd_2,78.53%,80.21%,truncated		ST167
3.3.2	Escherichia_coli_Group_2_and_3_K	4.0.0	GCA_040416515.1	ST167	KL145		Untypeable	-	100.00%	0.50%	-16688	1 / 13 (7.69%)	KL145_11_DB_group_98,100.00%,96.43%	KL145_01_kpsF;KL145_02_kpsE;KL145_03_kpsD;KL145_04_kpsU;KL145_05_kpsC;KL145_06_kpsS;KL145_07_DB_group_91;KL145_08_ugd;KL145_09_wcaK;KL145_10_kfoC;KL145_12_kpsT;KL145_13_kpsM	0		0 / 13 (0.00%)		3	KL128_09_DB_group_51,100.00%,3.64%,truncated;KL128_09_DB_group_51,100.00%,3.64%,truncated;KL128_09_DB_group_51,100.00%,3.64%,truncated;KL128_09_DB_group_51,100.00%,3.36%,partial;KL147_13_rmlB,100.00%,7.11%,truncated;KL147_13_rmlB,100.00%,7.11%,truncated;KL147_13_rmlB,96.30%,7.63%,truncated;KL173_12_DB_group_98_wckE_2,100.00%,2.12%,truncated;KL173_12_DB_group_98_wckE_2,100.00%,6.13%,truncated;KL173_12_DB_group_98_wckE_2,100.00%,6.13%,truncated;KL173_12_DB_group_98_wckE_2,100.00%,6.13%,truncated;KL173_12_DB_group_98_wckE_2,100.00%,6.13%,truncated;KL173_12_DB_group_98_wckE_2,100.00%,6.13%,truncated	KL128_09_DB_group_51,100.00%,3.64%,truncated;KL128_09_DB_group_51,100.00%,3.64%,truncated;KL128_09_DB_group_51,100.00%,3.64%,truncated;KL128_09_DB_group_51,100.00%,3.36%,partial;KL147_13_rmlB,100.00%,7.11%,truncated;KL147_13_rmlB,100.00%,7.11%,truncated;KL147_13_rmlB,96.30%,7.63%,truncated;KL173_12_DB_group_98_wckE_2,100.00%,2.12%,truncated;KL173_12_DB_group_98_wckE_2,100.00%,6.13%,truncated;KL173_12_DB_group_98_wckE_2,100.00%,6.13%,truncated;KL173_12_DB_group_98_wckE_2,100.00%,6.13%,truncated;KL173_12_DB_group_98_wckE_2,100.00%,6.13%,truncated;KL173_12_DB_group_98_wckE_2,100.00%,6.13%,truncated		ST167
3.3.2	Escherichia_coli_Group_2_and_3_K	4.0.0	GCA_040416525.1	ST167	KL157		Untypeable	-	100.00%	0.42%	-19127	1 / 13 (7.69%)	KL157_08_DB_group_38,100.00%,96.30%	KL157_01_kpsF;KL157_02_kpsE;KL157_03_kpsD;KL157_04_kpsU;KL157_05_kpsC;KL157_06_kpsS;KL157_07_DB_group_44;KL157_09_DB_group_75;KL157_10_kpsT;KL157_11_DB_group_2;KL157_12_DB_group_101;KL157_13_kpsM	0		0 / 13 (0.00%)		3	KL128_09_DB_group_51,100.00%,3.64%,truncated;KL128_09_DB_group_51,100.00%,3.64%,truncated;KL147_13_rmlB,88.89%,7.11%,truncated;KL173_12_DB_group_98_wckE_2,100.00%,6.13%,truncated;KL173_12_DB_group_98_wckE_2,100.00%,6.13%,truncated;KL173_12_DB_group_98_wckE_2,100.00%,6.13%,truncated;KL173_12_DB_group_98_wckE_2,100.00%,6.13%,truncated;KL173_12_DB_group_98_wckE_2,100.00%,6.13%,truncated;KL173_12_DB_group_98_wckE_2,100.00%,6.13%,partial	KL128_09_DB_group_51,100.00%,3.64%,truncated;KL128_09_DB_group_51,100.00%,3.64%,truncated;KL147_13_rmlB,88.89%,7.11%,truncated;KL173_12_DB_group_98_wckE_2,100.00%,6.13%,truncated;KL173_12_DB_group_98_wckE_2,100.00%,6.13%,truncated;KL173_12_DB_group_98_wckE_2,100.00%,6.13%,truncated;KL173_12_DB_group_98_wckE_2,100.00%,6.13%,truncated;KL173_12_DB_group_98_wckE_2,100.00%,6.13%,truncated;KL173_12_DB_group_98_wckE_2,100.00%,6.13%,partial		ST167
3.3.2	Escherichia_coli_Group_2_and_3_K	4.0.0	GCA_040416565.1	ST167	KL157		Untypeable	-	100.00%	0.42%	-19127	1 / 13 (7.69%)	KL157_08_DB_group_38,100.00%,96.30%	KL157_01_kpsF;KL157_02_kpsE;KL157_03_kpsD;KL157_04_kpsU;KL157_05_kpsC;KL157_06_kpsS;KL157_07_DB_group_44;KL157_09_DB_group_75;KL157_10_kpsT;KL157_11_DB_group_2;KL157_12_DB_group_101;KL157_13_kpsM	0		0 / 13 (0.00%)		3	KL128_09_DB_group_51,100.00%,3.64%,truncated;KL128_09_DB_group_51,100.00%,3.64%,truncated;KL128_09_DB_group_51,96.15%,3.64%,truncated;KL147_13_rmlB,100.00%,7.11%,truncated;KL147_13_rmlB,88.89%,7.11%,truncated;KL173_12_DB_group_98_wckE_2,100.00%,2.12%,truncated;KL173_12_DB_group_98_wckE_2,100.00%,6.13%,truncated;KL173_12_DB_group_98_wckE_2,100.00%,6.13%,truncated;KL173_12_DB_group_98_wckE_2,100.00%,6.13%,truncated;KL173_12_DB_group_98_wckE_2,100.00%,6.13%,truncated;KL173_12_DB_group_98_wckE_2,100.00%,6.13%,truncated	KL128_09_DB_group_51,100.00%,3.64%,truncated;KL128_09_DB_group_51,100.00%,3.64%,truncated;KL128_09_DB_group_51,96.15%,3.64%,truncated;KL147_13_rmlB,100.00%,7.11%,truncated;KL147_13_rmlB,88.89%,7.11%,truncated;KL173_12_DB_group_98_wckE_2,100.00%,2.12%,truncated;KL173_12_DB_group_98_wckE_2,100.00%,6.13%,truncated;KL173_12_DB_group_98_wckE_2,100.00%,6.13%,truncated;KL173_12_DB_group_98_wckE_2,100.00%,6.13%,truncated;KL173_12_DB_group_98_wckE_2,100.00%,6.13%,truncated;KL173_12_DB_group_98_wckE_2,100.00%,6.13%,truncated		ST167
3.3.2	Escherichia_coli_Group_2_and_3_K	4.0.0	GCA_040416595.1	ST167	KL157		Untypeable	-	100.00%	0.42%	-19127	1 / 13 (7.69%)	KL157_08_DB_group_38,100.00%,96.30%	KL157_01_kpsF;KL157_02_kpsE;KL157_03_kpsD;KL157_04_kpsU;KL157_05_kpsC;KL157_06_kpsS;KL157_07_DB_group_44;KL157_09_DB_group_75;KL157_10_kpsT;KL157_11_DB_group_2;KL157_12_DB_group_101;KL157_13_kpsM	0		0 / 13 (0.00%)		3	KL128_09_DB_group_51,100.00%,3.64%,truncated;KL128_09_DB_group_51,100.00%,3.64%,truncated;KL147_13_rmlB,100.00%,7.11%,truncated;KL147_13_rmlB,88.89%,7.11%,truncated;KL173_12_DB_group_98_wckE_2,100.00%,2.12%,truncated;KL173_12_DB_group_98_wckE_2,100.00%,6.13%,truncated;KL173_12_DB_group_98_wckE_2,100.00%,6.13%,truncated;KL173_12_DB_group_98_wckE_2,100.00%,6.13%,truncated;KL173_12_DB_group_98_wckE_2,100.00%,6.13%,truncated;KL173_12_DB_group_98_wckE_2,96.15%,6.13%,truncated	KL128_09_DB_group_51,100.00%,3.64%,truncated;KL128_09_DB_group_51,100.00%,3.64%,truncated;KL147_13_rmlB,100.00%,7.11%,truncated;KL147_13_rmlB,88.89%,7.11%,truncated;KL173_12_DB_group_98_wckE_2,100.00%,2.12%,truncated;KL173_12_DB_group_98_wckE_2,100.00%,6.13%,truncated;KL173_12_DB_group_98_wckE_2,100.00%,6.13%,truncated;KL173_12_DB_group_98_wckE_2,100.00%,6.13%,truncated;KL173_12_DB_group_98_wckE_2,100.00%,6.13%,truncated;KL173_12_DB_group_98_wckE_2,96.15%,6.13%,truncated		ST167
3.3.2	Escherichia_coli_Group_2_and_3_K	4.0.0	GCA_040416615.1	ST167	KL157		Untypeable	-	100.00%	0.42%	-19127	1 / 13 (7.69%)	KL157_08_DB_group_38,100.00%,96.30%	KL157_01_kpsF;KL157_02_kpsE;KL157_03_kpsD;KL157_04_kpsU;KL157_05_kpsC;KL157_06_kpsS;KL157_07_DB_group_44;KL157_09_DB_group_75;KL157_10_kpsT;KL157_11_DB_group_2;KL157_12_DB_group_101;KL157_13_kpsM	0		0 / 13 (0.00%)		3	KL128_09_DB_group_51,100.00%,3.64%,truncated;KL128_09_DB_group_51,100.00%,3.64%,truncated;KL128_09_DB_group_51,96.15%,3.64%,truncated;KL147_13_rmlB,100.00%,7.11%,truncated;KL147_13_rmlB,88.89%,7.11%,truncated;KL173_12_DB_group_98_wckE_2,100.00%,2.12%,truncated;KL173_12_DB_group_98_wckE_2,100.00%,6.13%,truncated;KL173_12_DB_group_98_wckE_2,100.00%,6.13%,truncated;KL173_12_DB_group_98_wckE_2,100.00%,6.13%,truncated;KL173_12_DB_group_98_wckE_2,100.00%,6.13%,truncated;KL173_12_DB_group_98_wckE_2,96.15%,6.13%,truncated	KL128_09_DB_group_51,100.00%,3.64%,truncated;KL128_09_DB_group_51,100.00%,3.64%,truncated;KL128_09_DB_group_51,96.15%,3.64%,truncated;KL147_13_rmlB,100.00%,7.11%,truncated;KL147_13_rmlB,88.89%,7.11%,truncated;KL173_12_DB_group_98_wckE_2,100.00%,2.12%,truncated;KL173_12_DB_group_98_wckE_2,100.00%,6.13%,truncated;KL173_12_DB_group_98_wckE_2,100.00%,6.13%,truncated;KL173_12_DB_group_98_wckE_2,100.00%,6.13%,truncated;KL173_12_DB_group_98_wckE_2,100.00%,6.13%,truncated;KL173_12_DB_group_98_wckE_2,96.15%,6.13%,truncated		ST167
3.3.2	Escherichia_coli_Group_2_and_3_K	4.0.0	GCA_040416625.1	ST167	KL157		Untypeable	-	100.00%	0.42%	-19127	1 / 13 (7.69%)	KL157_08_DB_group_38,100.00%,96.30%	KL157_01_kpsF;KL157_02_kpsE;KL157_03_kpsD;KL157_04_kpsU;KL157_05_kpsC;KL157_06_kpsS;KL157_07_DB_group_44;KL157_09_DB_group_75;KL157_10_kpsT;KL157_11_DB_group_2;KL157_12_DB_group_101;KL157_13_kpsM	0		0 / 13 (0.00%)		3	KL128_09_DB_group_51,100.00%,3.64%,truncated;KL128_09_DB_group_51,100.00%,3.64%,truncated;KL128_09_DB_group_51,96.15%,3.64%,truncated;KL147_13_rmlB,100.00%,7.11%,truncated;KL147_13_rmlB,88.89%,7.11%,truncated;KL173_12_DB_group_98_wckE_2,100.00%,6.13%,truncated;KL173_12_DB_group_98_wckE_2,100.00%,6.13%,truncated;KL173_12_DB_group_98_wckE_2,100.00%,6.13%,truncated;KL173_12_DB_group_98_wckE_2,100.00%,6.13%,truncated;KL173_12_DB_group_98_wckE_2,100.00%,6.13%,truncated;KL173_12_DB_group_98_wckE_2,100.00%,6.13%,truncated	KL128_09_DB_group_51,100.00%,3.64%,truncated;KL128_09_DB_group_51,100.00%,3.64%,truncated;KL128_09_DB_group_51,96.15%,3.64%,truncated;KL147_13_rmlB,100.00%,7.11%,truncated;KL147_13_rmlB,88.89%,7.11%,truncated;KL173_12_DB_group_98_wckE_2,100.00%,6.13%,truncated;KL173_12_DB_group_98_wckE_2,100.00%,6.13%,truncated;KL173_12_DB_group_98_wckE_2,100.00%,6.13%,truncated;KL173_12_DB_group_98_wckE_2,100.00%,6.13%,truncated;KL173_12_DB_group_98_wckE_2,100.00%,6.13%,truncated;KL173_12_DB_group_98_wckE_2,100.00%,6.13%,truncated		ST167
3.3.2	Escherichia_coli_Group_2_and_3_K	4.0.0	GCA_040416635.1	ST167	KL157		Untypeable	-	100.00%	0.42%	-19127	1 / 13 (7.69%)	KL157_08_DB_group_38,100.00%,96.30%	KL157_01_kpsF;KL157_02_kpsE;KL157_03_kpsD;KL157_04_kpsU;KL157_05_kpsC;KL157_06_kpsS;KL157_07_DB_group_44;KL157_09_DB_group_75;KL157_10_kpsT;KL157_11_DB_group_2;KL157_12_DB_group_101;KL157_13_kpsM	0		0 / 13 (0.00%)		3	KL128_09_DB_group_51,100.00%,3.64%,truncated;KL128_09_DB_group_51,100.00%,3.64%,truncated;KL128_09_DB_group_51,96.15%,3.64%,truncated;KL147_13_rmlB,100.00%,7.11%,truncated;KL147_13_rmlB,88.89%,7.11%,truncated;KL173_12_DB_group_98_wckE_2,100.00%,6.13%,truncated;KL173_12_DB_group_98_wckE_2,100.00%,6.13%,truncated;KL173_12_DB_group_98_wckE_2,100.00%,6.13%,truncated;KL173_12_DB_group_98_wckE_2,100.00%,6.13%,truncated;KL173_12_DB_group_98_wckE_2,100.00%,6.13%,truncated;KL173_12_DB_group_98_wckE_2,100.00%,6.13%,truncated	KL128_09_DB_group_51,100.00%,3.64%,truncated;KL128_09_DB_group_51,100.00%,3.64%,truncated;KL128_09_DB_group_51,96.15%,3.64%,truncated;KL147_13_rmlB,100.00%,7.11%,truncated;KL147_13_rmlB,88.89%,7.11%,truncated;KL173_12_DB_group_98_wckE_2,100.00%,6.13%,truncated;KL173_12_DB_group_98_wckE_2,100.00%,6.13%,truncated;KL173_12_DB_group_98_wckE_2,100.00%,6.13%,truncated;KL173_12_DB_group_98_wckE_2,100.00%,6.13%,truncated;KL173_12_DB_group_98_wckE_2,100.00%,6.13%,truncated;KL173_12_DB_group_98_wckE_2,100.00%,6.13%,truncated		ST167
3.3.2	Escherichia_coli_Group_2_and_3_K	4.0.0	GCA_040416695.1	ST167	KL145		Untypeable	-	100.00%	0.50%	-16688	1 / 13 (7.69%)	KL145_11_DB_group_98,100.00%,96.43%	KL145_01_kpsF;KL145_02_kpsE;KL145_03_kpsD;KL145_04_kpsU;KL145_05_kpsC;KL145_06_kpsS;KL145_07_DB_group_91;KL145_08_ugd;KL145_09_wcaK;KL145_10_kfoC;KL145_12_kpsT;KL145_13_kpsM	0		0 / 13 (0.00%)		3	KL128_09_DB_group_51,100.00%,3.64%,truncated;KL128_09_DB_group_51,100.00%,3.64%,truncated;KL128_09_DB_group_51,100.00%,3.64%,truncated;KL128_09_DB_group_51,100.00%,3.36%,partial;KL147_13_rmlB,100.00%,7.11%,truncated;KL147_13_rmlB,100.00%,7.11%,truncated;KL147_13_rmlB,96.30%,7.63%,truncated;KL173_12_DB_group_98_wckE_2,100.00%,2.12%,truncated;KL173_12_DB_group_98_wckE_2,100.00%,6.13%,truncated;KL173_12_DB_group_98_wckE_2,100.00%,6.13%,truncated;KL173_12_DB_group_98_wckE_2,100.00%,6.13%,truncated;KL173_12_DB_group_98_wckE_2,100.00%,6.13%,truncated;KL173_12_DB_group_98_wckE_2,100.00%,6.13%,truncated	KL128_09_DB_group_51,100.00%,3.64%,truncated;KL128_09_DB_group_51,100.00%,3.64%,truncated;KL128_09_DB_group_51,100.00%,3.64%,truncated;KL128_09_DB_group_51,100.00%,3.36%,partial;KL147_13_rmlB,100.00%,7.11%,truncated;KL147_13_rmlB,100.00%,7.11%,truncated;KL147_13_rmlB,96.30%,7.63%,truncated;KL173_12_DB_group_98_wckE_2,100.00%,2.12%,truncated;KL173_12_DB_group_98_wckE_2,100.00%,6.13%,truncated;KL173_12_DB_group_98_wckE_2,100.00%,6.13%,truncated;KL173_12_DB_group_98_wckE_2,100.00%,6.13%,truncated;KL173_12_DB_group_98_wckE_2,100.00%,6.13%,truncated;KL173_12_DB_group_98_wckE_2,100.00%,6.13%,truncated		ST167
3.3.2	Escherichia_coli_Group_2_and_3_K	4.0.0	GCA_040416705.1	ST167	KL157		Untypeable	-	100.00%	0.42%	-19127	1 / 13 (7.69%)	KL157_08_DB_group_38,100.00%,96.30%	KL157_01_kpsF;KL157_02_kpsE;KL157_03_kpsD;KL157_04_kpsU;KL157_05_kpsC;KL157_06_kpsS;KL157_07_DB_group_44;KL157_09_DB_group_75;KL157_10_kpsT;KL157_11_DB_group_2;KL157_12_DB_group_101;KL157_13_kpsM	0		0 / 13 (0.00%)		3	KL128_09_DB_group_51,100.00%,3.64%,truncated;KL128_09_DB_group_51,100.00%,3.64%,partial;KL128_09_DB_group_51,100.00%,3.64%,truncated;KL147_13_rmlB,100.00%,7.11%,truncated;KL147_13_rmlB,88.89%,7.11%,truncated;KL173_12_DB_group_98_wckE_2,100.00%,6.13%,truncated;KL173_12_DB_group_98_wckE_2,100.00%,6.13%,truncated;KL173_12_DB_group_98_wckE_2,100.00%,6.13%,truncated;KL173_12_DB_group_98_wckE_2,100.00%,6.13%,truncated;KL173_12_DB_group_98_wckE_2,100.00%,6.13%,truncated;KL173_12_DB_group_98_wckE_2,96.15%,6.13%,truncated	KL128_09_DB_group_51,100.00%,3.64%,truncated;KL128_09_DB_group_51,100.00%,3.64%,partial;KL128_09_DB_group_51,100.00%,3.64%,truncated;KL147_13_rmlB,100.00%,7.11%,truncated;KL147_13_rmlB,88.89%,7.11%,truncated;KL173_12_DB_group_98_wckE_2,100.00%,6.13%,truncated;KL173_12_DB_group_98_wckE_2,100.00%,6.13%,truncated;KL173_12_DB_group_98_wckE_2,100.00%,6.13%,truncated;KL173_12_DB_group_98_wckE_2,100.00%,6.13%,truncated;KL173_12_DB_group_98_wckE_2,100.00%,6.13%,truncated;KL173_12_DB_group_98_wckE_2,96.15%,6.13%,truncated		ST167
3.3.2	Escherichia_coli_Group_2_and_3_K	4.0.0	GCA_040416775.1	ST167	KL162		Untypeable	-!	0.00%	4.15%	-21702	1 / 16 (6.25%)	KL162_07_ugd_2,78.53%,80.21%,truncated	KL162_01_kpsD_5;KL162_02_kpsM_8;KL162_03_kpsT_7;KL162_04_kpsE_2;KL162_05_DB_group_212;KL162_06_DB_group_195;KL162_08_K96-09;KL162_09_wckE;KL162_10_DB_group_184;KL162_11_rmlB_2;KL162_12_rmlD_2;KL162_13_rmlA_2;KL162_14_rmlC_2;KL162_15_kpsC_5;KL162_16_kpsS_5	0		0 / 16 (0.00%)		3	KL128_09_DB_group_51,100.00%,3.64%,truncated;KL128_09_DB_group_51,100.00%,3.64%,truncated;KL128_09_DB_group_51,100.00%,3.64%,truncated;KL128_09_DB_group_51,100.00%,3.36%,partial;KL147_13_rmlB,100.00%,7.11%,truncated;KL147_13_rmlB,100.00%,7.11%,truncated;KL147_13_rmlB,96.30%,7.63%,truncated;KL173_12_DB_group_98_wckE_2,100.00%,2.12%,truncated;KL173_12_DB_group_98_wckE_2,100.00%,6.13%,partial;KL173_12_DB_group_98_wckE_2,100.00%,6.13%,truncated;KL173_12_DB_group_98_wckE_2,100.00%,6.13%,truncated;KL173_12_DB_group_98_wckE_2,100.00%,6.13%,truncated;KL173_12_DB_group_98_wckE_2,100.00%,6.13%,truncated	KL128_09_DB_group_51,100.00%,3.64%,truncated;KL128_09_DB_group_51,100.00%,3.64%,truncated;KL128_09_DB_group_51,100.00%,3.64%,truncated;KL128_09_DB_group_51,100.00%,3.36%,partial;KL147_13_rmlB,100.00%,7.11%,truncated;KL147_13_rmlB,100.00%,7.11%,truncated;KL147_13_rmlB,96.30%,7.63%,truncated;KL162_07_ugd_2,78.53%,80.21%,truncated;KL173_12_DB_group_98_wckE_2,100.00%,2.12%,truncated;KL173_12_DB_group_98_wckE_2,100.00%,6.13%,partial;KL173_12_DB_group_98_wckE_2,100.00%,6.13%,truncated;KL173_12_DB_group_98_wckE_2,100.00%,6.13%,truncated;KL173_12_DB_group_98_wckE_2,100.00%,6.13%,truncated;KL173_12_DB_group_98_wckE_2,100.00%,6.13%,truncated		ST167
3.3.2	Escherichia_coli_Group_2_and_3_K	4.0.0	GCA_040416795.1	ST167	KL145		Untypeable	-	100.00%	0.50%	-16688	1 / 13 (7.69%)	KL145_11_DB_group_98,100.00%,96.43%	KL145_01_kpsF;KL145_02_kpsE;KL145_03_kpsD;KL145_04_kpsU;KL145_05_kpsC;KL145_06_kpsS;KL145_07_DB_group_91;KL145_08_ugd;KL145_09_wcaK;KL145_10_kfoC;KL145_12_kpsT;KL145_13_kpsM	0		0 / 13 (0.00%)		3	KL128_09_DB_group_51,100.00%,3.64%,truncated;KL128_09_DB_group_51,100.00%,3.64%,truncated;KL128_09_DB_group_51,100.00%,3.64%,truncated;KL128_09_DB_group_51,100.00%,3.36%,partial;KL147_13_rmlB,100.00%,7.11%,truncated;KL147_13_rmlB,100.00%,7.11%,truncated;KL147_13_rmlB,96.30%,7.63%,truncated;KL173_12_DB_group_98_wckE_2,100.00%,2.12%,truncated;KL173_12_DB_group_98_wckE_2,100.00%,6.13%,truncated;KL173_12_DB_group_98_wckE_2,100.00%,6.13%,truncated;KL173_12_DB_group_98_wckE_2,100.00%,6.13%,truncated;KL173_12_DB_group_98_wckE_2,100.00%,6.13%,truncated;KL173_12_DB_group_98_wckE_2,100.00%,6.13%,partial	KL128_09_DB_group_51,100.00%,3.64%,truncated;KL128_09_DB_group_51,100.00%,3.64%,truncated;KL128_09_DB_group_51,100.00%,3.64%,truncated;KL128_09_DB_group_51,100.00%,3.36%,partial;KL147_13_rmlB,100.00%,7.11%,truncated;KL147_13_rmlB,100.00%,7.11%,truncated;KL147_13_rmlB,96.30%,7.63%,truncated;KL173_12_DB_group_98_wckE_2,100.00%,2.12%,truncated;KL173_12_DB_group_98_wckE_2,100.00%,6.13%,truncated;KL173_12_DB_group_98_wckE_2,100.00%,6.13%,truncated;KL173_12_DB_group_98_wckE_2,100.00%,6.13%,truncated;KL173_12_DB_group_98_wckE_2,100.00%,6.13%,truncated;KL173_12_DB_group_98_wckE_2,100.00%,6.13%,partial		ST167
3.3.2	Escherichia_coli_Group_2_and_3_K	4.0.0	GCA_040416815.1	ST167	KL145		Untypeable	-	100.00%	0.50%	-16688	1 / 14 (7.14%)	KL145_11_DB_group_98,100.00%,96.43%	KL145_01_kpsF;KL145_02_kpsE;KL145_03_kpsD;KL145_04_kpsU;KL145_05_kpsC;KL145_06_kpsS;KL145_07_DB_group_91;KL145_08_ugd;KL145_09_wcaK;KL145_10_kfoC;KL145_12_kpsT;KL145_13_kpsM	0		1 / 14 (7.14%)	KL145_11_DB_group_98,100.00%,92.86%,partial;KL145_11_DB_group_98,100.00%,92.86%	4	KL128_09_DB_group_51,100.00%,3.64%,truncated;KL128_09_DB_group_51,100.00%,3.64%,truncated;KL128_09_DB_group_51,96.15%,3.64%,truncated;KL157_08_DB_group_38,100.00%,96.30%;KL147_13_rmlB,88.89%,7.11%,truncated;KL173_12_DB_group_98_wckE_2,100.00%,6.13%,truncated;KL173_12_DB_group_98_wckE_2,100.00%,6.13%,truncated;KL173_12_DB_group_98_wckE_2,100.00%,6.13%,truncated;KL173_12_DB_group_98_wckE_2,100.00%,6.13%,truncated;KL173_12_DB_group_98_wckE_2,100.00%,6.13%,truncated;KL173_12_DB_group_98_wckE_2,100.00%,6.13%,truncated	KL128_09_DB_group_51,100.00%,3.64%,truncated;KL128_09_DB_group_51,100.00%,3.64%,truncated;KL128_09_DB_group_51,96.15%,3.64%,truncated;KL145_11_DB_group_98,100.00%,92.86%,partial;KL147_13_rmlB,88.89%,7.11%,truncated;KL173_12_DB_group_98_wckE_2,100.00%,6.13%,truncated;KL173_12_DB_group_98_wckE_2,100.00%,6.13%,truncated;KL173_12_DB_group_98_wckE_2,100.00%,6.13%,truncated;KL173_12_DB_group_98_wckE_2,100.00%,6.13%,truncated;KL173_12_DB_group_98_wckE_2,100.00%,6.13%,truncated;KL173_12_DB_group_98_wckE_2,100.00%,6.13%,truncated		ST167
3.3.2	Escherichia_coli_Group_2_and_3_K	4.0.0	GCA_040416845.1	ST167	KL157		Untypeable	-	100.00%	0.42%	-19127	1 / 14 (7.14%)	KL157_08_DB_group_38,100.00%,96.30%	KL157_01_kpsF;KL157_02_kpsE;KL157_03_kpsD;KL157_04_kpsU;KL157_05_kpsC;KL157_06_kpsS;KL157_07_DB_group_44;KL157_09_DB_group_75;KL157_10_kpsT;KL157_11_DB_group_2;KL157_12_DB_group_101;KL157_13_kpsM	0		1 / 14 (7.14%)	KL157_08_DB_group_38,100.00%,96.30%;KL157_08_DB_group_38,100.00%,96.30%	2	KL128_09_DB_group_51,100.00%,3.64%,truncated;KL128_09_DB_group_51,100.00%,3.64%,truncated;KL128_09_DB_group_51,100.00%,3.64%,truncated;KL128_09_DB_group_51,96.15%,3.64%,truncated;KL128_09_DB_group_51,100.00%,3.36%,partial;KL147_13_rmlB,100.00%,7.11%,truncated;KL147_13_rmlB,100.00%,7.11%,truncated;KL147_13_rmlB,96.30%,7.63%,truncated;KL147_13_rmlB,88.89%,7.11%,truncated	KL128_09_DB_group_51,100.00%,3.64%,truncated;KL128_09_DB_group_51,100.00%,3.64%,truncated;KL128_09_DB_group_51,100.00%,3.64%,truncated;KL128_09_DB_group_51,96.15%,3.64%,truncated;KL128_09_DB_group_51,100.00%,3.36%,partial;KL147_13_rmlB,100.00%,7.11%,truncated;KL147_13_rmlB,100.00%,7.11%,truncated;KL147_13_rmlB,96.30%,7.63%,truncated;KL147_13_rmlB,88.89%,7.11%,truncated		ST167
3.3.2	Escherichia_coli_Group_2_and_3_K	4.0.0	GCA_040416865.1	ST167	KL157		Untypeable	-	100.00%	0.42%	-19127	1 / 13 (7.69%)	KL157_08_DB_group_38,100.00%,96.30%	KL157_01_kpsF;KL157_02_kpsE;KL157_03_kpsD;KL157_04_kpsU;KL157_05_kpsC;KL157_06_kpsS;KL157_07_DB_group_44;KL157_09_DB_group_75;KL157_10_kpsT;KL157_11_DB_group_2;KL157_12_DB_group_101;KL157_13_kpsM	0		0 / 13 (0.00%)		3	KL128_09_DB_group_51,100.00%,3.64%,truncated;KL128_09_DB_group_51,100.00%,3.64%,truncated;KL128_09_DB_group_51,96.15%,3.64%,truncated;KL147_13_rmlB,100.00%,7.11%,truncated;KL147_13_rmlB,88.89%,7.11%,truncated;KL173_12_DB_group_98_wckE_2,100.00%,2.12%,truncated;KL173_12_DB_group_98_wckE_2,100.00%,6.13%,truncated;KL173_12_DB_group_98_wckE_2,100.00%,6.13%,truncated;KL173_12_DB_group_98_wckE_2,100.00%,6.13%,truncated;KL173_12_DB_group_98_wckE_2,100.00%,6.13%,truncated;KL173_12_DB_group_98_wckE_2,100.00%,6.13%,truncated	KL128_09_DB_group_51,100.00%,3.64%,truncated;KL128_09_DB_group_51,100.00%,3.64%,truncated;KL128_09_DB_group_51,96.15%,3.64%,truncated;KL147_13_rmlB,100.00%,7.11%,truncated;KL147_13_rmlB,88.89%,7.11%,truncated;KL173_12_DB_group_98_wckE_2,100.00%,2.12%,truncated;KL173_12_DB_group_98_wckE_2,100.00%,6.13%,truncated;KL173_12_DB_group_98_wckE_2,100.00%,6.13%,truncated;KL173_12_DB_group_98_wckE_2,100.00%,6.13%,truncated;KL173_12_DB_group_98_wckE_2,100.00%,6.13%,truncated;KL173_12_DB_group_98_wckE_2,100.00%,6.13%,truncated		ST167
3.3.2	Escherichia_coli_Group_2_and_3_K	4.0.0	GCA_040416885.1	ST167	KL145		Untypeable	-	100.00%	0.50%	-16688	1 / 14 (7.14%)	KL145_11_DB_group_98,100.00%,96.43%	KL145_01_kpsF;KL145_02_kpsE;KL145_03_kpsD;KL145_04_kpsU;KL145_05_kpsC;KL145_06_kpsS;KL145_07_DB_group_91;KL145_08_ugd;KL145_09_wcaK;KL145_10_kfoC;KL145_12_kpsT;KL145_13_kpsM	0		1 / 14 (7.14%)	KL145_11_DB_group_98,100.00%,92.86%	4	KL128_09_DB_group_51,100.00%,3.64%,truncated;KL128_09_DB_group_51,100.00%,3.64%,truncated;KL128_09_DB_group_51,96.15%,3.64%,truncated;KL157_08_DB_group_38,100.00%,96.30%;KL147_13_rmlB,100.00%,7.11%,truncated;KL147_13_rmlB,100.00%,7.11%,truncated;KL147_13_rmlB,96.30%,7.63%,truncated;KL147_13_rmlB,88.89%,7.11%,truncated;KL173_12_DB_group_98_wckE_2,100.00%,2.12%,truncated;KL173_12_DB_group_98_wckE_2,100.00%,6.13%,truncated;KL173_12_DB_group_98_wckE_2,100.00%,6.13%,truncated;KL173_12_DB_group_98_wckE_2,100.00%,6.13%,truncated;KL173_12_DB_group_98_wckE_2,100.00%,6.13%,truncated;KL173_12_DB_group_98_wckE_2,100.00%,6.13%,truncated	KL128_09_DB_group_51,100.00%,3.64%,truncated;KL128_09_DB_group_51,100.00%,3.64%,truncated;KL128_09_DB_group_51,96.15%,3.64%,truncated;KL147_13_rmlB,100.00%,7.11%,truncated;KL147_13_rmlB,100.00%,7.11%,truncated;KL147_13_rmlB,96.30%,7.63%,truncated;KL147_13_rmlB,88.89%,7.11%,truncated;KL173_12_DB_group_98_wckE_2,100.00%,2.12%,truncated;KL173_12_DB_group_98_wckE_2,100.00%,6.13%,truncated;KL173_12_DB_group_98_wckE_2,100.00%,6.13%,truncated;KL173_12_DB_group_98_wckE_2,100.00%,6.13%,truncated;KL173_12_DB_group_98_wckE_2,100.00%,6.13%,truncated;KL173_12_DB_group_98_wckE_2,100.00%,6.13%,truncated		ST167
3.3.2	Escherichia_coli_Group_2_and_3_K	4.0.0	GCA_040416915.1	ST167	KL145		Untypeable	-	100.00%	0.50%	-16688	1 / 13 (7.69%)	KL145_11_DB_group_98,100.00%,96.43%	KL145_01_kpsF;KL145_02_kpsE;KL145_03_kpsD;KL145_04_kpsU;KL145_05_kpsC;KL145_06_kpsS;KL145_07_DB_group_91;KL145_08_ugd;KL145_09_wcaK;KL145_10_kfoC;KL145_12_kpsT;KL145_13_kpsM	0		0 / 13 (0.00%)		3	KL128_09_DB_group_51,100.00%,3.64%,truncated;KL128_09_DB_group_51,100.00%,3.64%,truncated;KL128_09_DB_group_51,100.00%,3.64%,truncated;KL128_09_DB_group_51,100.00%,3.36%,partial;KL147_13_rmlB,100.00%,7.11%,truncated;KL147_13_rmlB,96.30%,7.63%,truncated;KL147_13_rmlB,100.00%,5.26%,partial;KL173_12_DB_group_98_wckE_2,100.00%,6.13%,truncated;KL173_12_DB_group_98_wckE_2,100.00%,6.13%,truncated;KL173_12_DB_group_98_wckE_2,100.00%,6.13%,truncated;KL173_12_DB_group_98_wckE_2,100.00%,6.13%,truncated;KL173_12_DB_group_98_wckE_2,100.00%,6.13%,truncated;KL173_12_DB_group_98_wckE_2,100.00%,6.13%,truncated	KL128_09_DB_group_51,100.00%,3.64%,truncated;KL128_09_DB_group_51,100.00%,3.64%,truncated;KL128_09_DB_group_51,100.00%,3.64%,truncated;KL128_09_DB_group_51,100.00%,3.36%,partial;KL147_13_rmlB,100.00%,7.11%,truncated;KL147_13_rmlB,96.30%,7.63%,truncated;KL147_13_rmlB,100.00%,5.26%,partial;KL173_12_DB_group_98_wckE_2,100.00%,6.13%,truncated;KL173_12_DB_group_98_wckE_2,100.00%,6.13%,truncated;KL173_12_DB_group_98_wckE_2,100.00%,6.13%,truncated;KL173_12_DB_group_98_wckE_2,100.00%,6.13%,truncated;KL173_12_DB_group_98_wckE_2,100.00%,6.13%,truncated;KL173_12_DB_group_98_wckE_2,100.00%,6.13%,truncated		ST167
3.3.2	Escherichia_coli_Group_2_and_3_K	4.0.0	GCA_040416955.1	ST167	KL162		Untypeable	-!	0.00%	4.15%	-21702	1 / 16 (6.25%)	KL162_07_ugd_2,78.53%,80.21%,truncated	KL162_01_kpsD_5;KL162_02_kpsM_8;KL162_03_kpsT_7;KL162_04_kpsE_2;KL162_05_DB_group_212;KL162_06_DB_group_195;KL162_08_K96-09;KL162_09_wckE;KL162_10_DB_group_184;KL162_11_rmlB_2;KL162_12_rmlD_2;KL162_13_rmlA_2;KL162_14_rmlC_2;KL162_15_kpsC_5;KL162_16_kpsS_5	0		0 / 16 (0.00%)		3	KL128_09_DB_group_51,100.00%,3.64%,truncated;KL128_09_DB_group_51,100.00%,3.64%,truncated;KL128_09_DB_group_51,100.00%,3.64%,truncated;KL147_13_rmlB,100.00%,7.11%,truncated;KL147_13_rmlB,100.00%,7.11%,truncated;KL147_13_rmlB,96.30%,7.63%,truncated;KL173_12_DB_group_98_wckE_2,100.00%,2.12%,truncated;KL173_12_DB_group_98_wckE_2,100.00%,6.13%,truncated;KL173_12_DB_group_98_wckE_2,100.00%,6.13%,truncated;KL173_12_DB_group_98_wckE_2,100.00%,6.13%,truncated;KL173_12_DB_group_98_wckE_2,100.00%,6.13%,truncated;KL173_12_DB_group_98_wckE_2,100.00%,6.13%,truncated	KL128_09_DB_group_51,100.00%,3.64%,truncated;KL128_09_DB_group_51,100.00%,3.64%,truncated;KL128_09_DB_group_51,100.00%,3.64%,truncated;KL147_13_rmlB,100.00%,7.11%,truncated;KL147_13_rmlB,100.00%,7.11%,truncated;KL147_13_rmlB,96.30%,7.63%,truncated;KL162_07_ugd_2,78.53%,80.21%,truncated;KL173_12_DB_group_98_wckE_2,100.00%,2.12%,truncated;KL173_12_DB_group_98_wckE_2,100.00%,6.13%,truncated;KL173_12_DB_group_98_wckE_2,100.00%,6.13%,truncated;KL173_12_DB_group_98_wckE_2,100.00%,6.13%,truncated;KL173_12_DB_group_98_wckE_2,100.00%,6.13%,truncated;KL173_12_DB_group_98_wckE_2,100.00%,6.13%,truncated		ST167
3.3.2	Escherichia_coli_Group_2_and_3_K	4.0.0	GCA_040416975.1	ST167	KL157		Untypeable	-	100.00%	0.42%	-19127	1 / 13 (7.69%)	KL157_08_DB_group_38,100.00%,96.30%	KL157_01_kpsF;KL157_02_kpsE;KL157_03_kpsD;KL157_04_kpsU;KL157_05_kpsC;KL157_06_kpsS;KL157_07_DB_group_44;KL157_09_DB_group_75;KL157_10_kpsT;KL157_11_DB_group_2;KL157_12_DB_group_101;KL157_13_kpsM	0		0 / 13 (0.00%)		3	KL128_09_DB_group_51,100.00%,3.64%,truncated;KL128_09_DB_group_51,100.00%,3.64%,truncated;KL128_09_DB_group_51,96.15%,3.64%,truncated;KL147_13_rmlB,100.00%,7.11%,truncated;KL147_13_rmlB,88.89%,7.11%,truncated;KL173_12_DB_group_98_wckE_2,100.00%,6.13%,truncated;KL173_12_DB_group_98_wckE_2,100.00%,6.13%,truncated;KL173_12_DB_group_98_wckE_2,100.00%,6.13%,truncated;KL173_12_DB_group_98_wckE_2,100.00%,6.13%,truncated;KL173_12_DB_group_98_wckE_2,100.00%,6.13%,truncated;KL173_12_DB_group_98_wckE_2,100.00%,6.13%,truncated	KL128_09_DB_group_51,100.00%,3.64%,truncated;KL128_09_DB_group_51,100.00%,3.64%,truncated;KL128_09_DB_group_51,96.15%,3.64%,truncated;KL147_13_rmlB,100.00%,7.11%,truncated;KL147_13_rmlB,88.89%,7.11%,truncated;KL173_12_DB_group_98_wckE_2,100.00%,6.13%,truncated;KL173_12_DB_group_98_wckE_2,100.00%,6.13%,truncated;KL173_12_DB_group_98_wckE_2,100.00%,6.13%,truncated;KL173_12_DB_group_98_wckE_2,100.00%,6.13%,truncated;KL173_12_DB_group_98_wckE_2,100.00%,6.13%,truncated;KL173_12_DB_group_98_wckE_2,100.00%,6.13%,truncated		ST167
3.3.2	Escherichia_coli_Group_2_and_3_K	4.0.0	GCA_040416995.1	ST167	KL145		Untypeable	-	100.00%	0.50%	-16688	1 / 13 (7.69%)	KL145_11_DB_group_98,100.00%,96.43%	KL145_01_kpsF;KL145_02_kpsE;KL145_03_kpsD;KL145_04_kpsU;KL145_05_kpsC;KL145_06_kpsS;KL145_07_DB_group_91;KL145_08_ugd;KL145_09_wcaK;KL145_10_kfoC;KL145_12_kpsT;KL145_13_kpsM	0		0 / 13 (0.00%)		3	KL128_09_DB_group_51,100.00%,3.64%,truncated;KL128_09_DB_group_51,100.00%,3.64%,truncated;KL128_09_DB_group_51,100.00%,3.64%,truncated;KL128_09_DB_group_51,100.00%,3.36%,partial;KL128_09_DB_group_51,100.00%,3.36%,partial;KL147_13_rmlB,100.00%,7.11%,truncated;KL147_13_rmlB,100.00%,7.11%,truncated;KL147_13_rmlB,96.30%,7.63%,truncated;KL173_12_DB_group_98_wckE_2,100.00%,6.13%,truncated;KL173_12_DB_group_98_wckE_2,100.00%,6.13%,truncated;KL173_12_DB_group_98_wckE_2,100.00%,6.13%,truncated;KL173_12_DB_group_98_wckE_2,100.00%,6.13%,truncated;KL173_12_DB_group_98_wckE_2,100.00%,6.13%,truncated;KL173_12_DB_group_98_wckE_2,100.00%,6.13%,truncated	KL128_09_DB_group_51,100.00%,3.64%,truncated;KL128_09_DB_group_51,100.00%,3.64%,truncated;KL128_09_DB_group_51,100.00%,3.64%,truncated;KL128_09_DB_group_51,100.00%,3.36%,partial;KL128_09_DB_group_51,100.00%,3.36%,partial;KL147_13_rmlB,100.00%,7.11%,truncated;KL147_13_rmlB,100.00%,7.11%,truncated;KL147_13_rmlB,96.30%,7.63%,truncated;KL173_12_DB_group_98_wckE_2,100.00%,6.13%,truncated;KL173_12_DB_group_98_wckE_2,100.00%,6.13%,truncated;KL173_12_DB_group_98_wckE_2,100.00%,6.13%,truncated;KL173_12_DB_group_98_wckE_2,100.00%,6.13%,truncated;KL173_12_DB_group_98_wckE_2,100.00%,6.13%,truncated;KL173_12_DB_group_98_wckE_2,100.00%,6.13%,truncated		ST167
3.3.2	Escherichia_coli_Group_2_and_3_K	4.0.0	GCA_040417015.1	ST167	KL162		Untypeable	-!	0.00%	4.15%	-21702	1 / 16 (6.25%)	KL162_07_ugd_2,78.53%,80.21%,truncated	KL162_01_kpsD_5;KL162_02_kpsM_8;KL162_03_kpsT_7;KL162_04_kpsE_2;KL162_05_DB_group_212;KL162_06_DB_group_195;KL162_08_K96-09;KL162_09_wckE;KL162_10_DB_group_184;KL162_11_rmlB_2;KL162_12_rmlD_2;KL162_13_rmlA_2;KL162_14_rmlC_2;KL162_15_kpsC_5;KL162_16_kpsS_5	0		0 / 16 (0.00%)		3	KL128_09_DB_group_51,100.00%,3.64%,truncated;KL128_09_DB_group_51,100.00%,3.64%,truncated;KL128_09_DB_group_51,100.00%,3.36%,partial;KL147_13_rmlB,100.00%,7.11%,truncated;KL147_13_rmlB,100.00%,7.11%,truncated;KL147_13_rmlB,96.30%,7.63%,truncated;KL173_12_DB_group_98_wckE_2,100.00%,2.12%,truncated;KL173_12_DB_group_98_wckE_2,100.00%,6.13%,truncated;KL173_12_DB_group_98_wckE_2,100.00%,6.13%,truncated;KL173_12_DB_group_98_wckE_2,100.00%,6.13%,truncated;KL173_12_DB_group_98_wckE_2,100.00%,6.13%,truncated;KL173_12_DB_group_98_wckE_2,100.00%,6.13%,truncated	KL128_09_DB_group_51,100.00%,3.64%,truncated;KL128_09_DB_group_51,100.00%,3.64%,truncated;KL128_09_DB_group_51,100.00%,3.36%,partial;KL147_13_rmlB,100.00%,7.11%,truncated;KL147_13_rmlB,100.00%,7.11%,truncated;KL147_13_rmlB,96.30%,7.63%,truncated;KL162_07_ugd_2,78.53%,80.21%,truncated;KL173_12_DB_group_98_wckE_2,100.00%,2.12%,truncated;KL173_12_DB_group_98_wckE_2,100.00%,6.13%,truncated;KL173_12_DB_group_98_wckE_2,100.00%,6.13%,truncated;KL173_12_DB_group_98_wckE_2,100.00%,6.13%,truncated;KL173_12_DB_group_98_wckE_2,100.00%,6.13%,truncated;KL173_12_DB_group_98_wckE_2,100.00%,6.13%,truncated		ST167
3.3.2	Escherichia_coli_Group_2_and_3_K	4.0.0	GCA_040417035.1	ST167	KL157		Untypeable	-	100.00%	0.42%	-19127	1 / 13 (7.69%)	KL157_08_DB_group_38,100.00%,96.30%	KL157_01_kpsF;KL157_02_kpsE;KL157_03_kpsD;KL157_04_kpsU;KL157_05_kpsC;KL157_06_kpsS;KL157_07_DB_group_44;KL157_09_DB_group_75;KL157_10_kpsT;KL157_11_DB_group_2;KL157_12_DB_group_101;KL157_13_kpsM	0		0 / 13 (0.00%)		3	KL128_09_DB_group_51,100.00%,3.64%,truncated;KL128_09_DB_group_51,100.00%,3.64%,truncated;KL147_13_rmlB,100.00%,7.11%,truncated;KL147_13_rmlB,88.89%,7.11%,truncated;KL173_12_DB_group_98_wckE_2,100.00%,2.12%,truncated;KL173_12_DB_group_98_wckE_2,100.00%,6.13%,truncated;KL173_12_DB_group_98_wckE_2,100.00%,6.13%,truncated;KL173_12_DB_group_98_wckE_2,100.00%,6.13%,truncated;KL173_12_DB_group_98_wckE_2,100.00%,6.13%,truncated;KL173_12_DB_group_98_wckE_2,100.00%,6.13%,truncated	KL128_09_DB_group_51,100.00%,3.64%,truncated;KL128_09_DB_group_51,100.00%,3.64%,truncated;KL147_13_rmlB,100.00%,7.11%,truncated;KL147_13_rmlB,88.89%,7.11%,truncated;KL173_12_DB_group_98_wckE_2,100.00%,2.12%,truncated;KL173_12_DB_group_98_wckE_2,100.00%,6.13%,truncated;KL173_12_DB_group_98_wckE_2,100.00%,6.13%,truncated;KL173_12_DB_group_98_wckE_2,100.00%,6.13%,truncated;KL173_12_DB_group_98_wckE_2,100.00%,6.13%,truncated;KL173_12_DB_group_98_wckE_2,100.00%,6.13%,truncated		ST167
3.3.2	Escherichia_coli_Group_2_and_3_K	4.0.0	GCA_040417055.1	ST167	KL157		Untypeable	-	100.00%	0.42%	-19127	1 / 13 (7.69%)	KL157_08_DB_group_38,100.00%,96.30%	KL157_01_kpsF;KL157_02_kpsE;KL157_03_kpsD;KL157_04_kpsU;KL157_05_kpsC;KL157_06_kpsS;KL157_07_DB_group_44;KL157_09_DB_group_75;KL157_10_kpsT;KL157_11_DB_group_2;KL157_12_DB_group_101;KL157_13_kpsM	0		0 / 13 (0.00%)		2	KL128_09_DB_group_51,100.00%,3.64%,truncated;KL128_09_DB_group_51,100.00%,3.64%,truncated;KL147_13_rmlB,100.00%,7.11%,truncated;KL147_13_rmlB,88.89%,7.11%,truncated	KL128_09_DB_group_51,100.00%,3.64%,truncated;KL128_09_DB_group_51,100.00%,3.64%,truncated;KL147_13_rmlB,100.00%,7.11%,truncated;KL147_13_rmlB,88.89%,7.11%,truncated		ST167
3.3.2	Escherichia_coli_Group_2_and_3_K	4.0.0	GCA_040417095.1	ST167	KL145		Untypeable	-	100.00%	0.50%	-16688	1 / 13 (7.69%)	KL145_11_DB_group_98,100.00%,96.43%	KL145_01_kpsF;KL145_02_kpsE;KL145_03_kpsD;KL145_04_kpsU;KL145_05_kpsC;KL145_06_kpsS;KL145_07_DB_group_91;KL145_08_ugd;KL145_09_wcaK;KL145_10_kfoC;KL145_12_kpsT;KL145_13_kpsM	0		0 / 13 (0.00%)		3	KL128_09_DB_group_51,100.00%,3.64%,truncated;KL128_09_DB_group_51,100.00%,3.64%,truncated;KL128_09_DB_group_51,100.00%,3.36%,partial;KL128_09_DB_group_51,92.31%,3.64%,truncated;KL147_13_rmlB,100.00%,7.11%,truncated;KL147_13_rmlB,96.30%,7.63%,truncated;KL173_12_DB_group_98_wckE_2,100.00%,6.13%,truncated;KL173_12_DB_group_98_wckE_2,100.00%,6.13%,truncated;KL173_12_DB_group_98_wckE_2,100.00%,6.13%,truncated;KL173_12_DB_group_98_wckE_2,100.00%,6.13%,truncated;KL173_12_DB_group_98_wckE_2,100.00%,6.13%,truncated;KL173_12_DB_group_98_wckE_2,100.00%,6.13%,truncated	KL128_09_DB_group_51,100.00%,3.64%,truncated;KL128_09_DB_group_51,100.00%,3.64%,truncated;KL128_09_DB_group_51,100.00%,3.36%,partial;KL128_09_DB_group_51,92.31%,3.64%,truncated;KL147_13_rmlB,100.00%,7.11%,truncated;KL147_13_rmlB,96.30%,7.63%,truncated;KL173_12_DB_group_98_wckE_2,100.00%,6.13%,truncated;KL173_12_DB_group_98_wckE_2,100.00%,6.13%,truncated;KL173_12_DB_group_98_wckE_2,100.00%,6.13%,truncated;KL173_12_DB_group_98_wckE_2,100.00%,6.13%,truncated;KL173_12_DB_group_98_wckE_2,100.00%,6.13%,truncated;KL173_12_DB_group_98_wckE_2,100.00%,6.13%,truncated		ST167
3.3.2	Escherichia_coli_Group_2_and_3_K	4.0.0	GCA_040417135.1	ST167	KL157		Untypeable	-	100.00%	0.42%	-19127	1 / 13 (7.69%)	KL157_08_DB_group_38,100.00%,96.30%	KL157_01_kpsF;KL157_02_kpsE;KL157_03_kpsD;KL157_04_kpsU;KL157_05_kpsC;KL157_06_kpsS;KL157_07_DB_group_44;KL157_09_DB_group_75;KL157_10_kpsT;KL157_11_DB_group_2;KL157_12_DB_group_101;KL157_13_kpsM	0		0 / 13 (0.00%)		3	KL128_09_DB_group_51,100.00%,3.64%,truncated;KL128_09_DB_group_51,100.00%,3.64%,truncated;KL128_09_DB_group_51,96.15%,3.64%,truncated;KL147_13_rmlB,100.00%,7.11%,truncated;KL147_13_rmlB,88.89%,7.11%,truncated;KL173_12_DB_group_98_wckE_2,100.00%,6.13%,truncated;KL173_12_DB_group_98_wckE_2,100.00%,6.13%,truncated;KL173_12_DB_group_98_wckE_2,100.00%,6.13%,truncated;KL173_12_DB_group_98_wckE_2,100.00%,6.13%,truncated;KL173_12_DB_group_98_wckE_2,100.00%,6.13%,partial;KL173_12_DB_group_98_wckE_2,96.15%,6.13%,truncated	KL128_09_DB_group_51,100.00%,3.64%,truncated;KL128_09_DB_group_51,100.00%,3.64%,truncated;KL128_09_DB_group_51,96.15%,3.64%,truncated;KL147_13_rmlB,100.00%,7.11%,truncated;KL147_13_rmlB,88.89%,7.11%,truncated;KL173_12_DB_group_98_wckE_2,100.00%,6.13%,truncated;KL173_12_DB_group_98_wckE_2,100.00%,6.13%,truncated;KL173_12_DB_group_98_wckE_2,100.00%,6.13%,truncated;KL173_12_DB_group_98_wckE_2,100.00%,6.13%,truncated;KL173_12_DB_group_98_wckE_2,100.00%,6.13%,partial;KL173_12_DB_group_98_wckE_2,96.15%,6.13%,truncated		ST167
3.3.2	Escherichia_coli_Group_2_and_3_K	4.0.0	GCA_040417175.1	ST167	KL145		Untypeable	-	100.00%	0.50%	-16688	1 / 13 (7.69%)	KL145_11_DB_group_98,100.00%,96.43%	KL145_01_kpsF;KL145_02_kpsE;KL145_03_kpsD;KL145_04_kpsU;KL145_05_kpsC;KL145_06_kpsS;KL145_07_DB_group_91;KL145_08_ugd;KL145_09_wcaK;KL145_10_kfoC;KL145_12_kpsT;KL145_13_kpsM	0		0 / 13 (0.00%)		3	KL128_09_DB_group_51,100.00%,3.64%,truncated;KL128_09_DB_group_51,100.00%,3.64%,truncated;KL128_09_DB_group_51,100.00%,3.36%,partial;KL147_13_rmlB,100.00%,7.11%,truncated;KL147_13_rmlB,100.00%,7.11%,truncated;KL147_13_rmlB,96.30%,7.63%,truncated;KL173_12_DB_group_98_wckE_2,100.00%,6.13%,truncated;KL173_12_DB_group_98_wckE_2,100.00%,6.13%,truncated;KL173_12_DB_group_98_wckE_2,100.00%,6.13%,truncated;KL173_12_DB_group_98_wckE_2,100.00%,6.13%,truncated;KL173_12_DB_group_98_wckE_2,100.00%,6.13%,truncated;KL173_12_DB_group_98_wckE_2,100.00%,6.13%,truncated	KL128_09_DB_group_51,100.00%,3.64%,truncated;KL128_09_DB_group_51,100.00%,3.64%,truncated;KL128_09_DB_group_51,100.00%,3.36%,partial;KL147_13_rmlB,100.00%,7.11%,truncated;KL147_13_rmlB,100.00%,7.11%,truncated;KL147_13_rmlB,96.30%,7.63%,truncated;KL173_12_DB_group_98_wckE_2,100.00%,6.13%,truncated;KL173_12_DB_group_98_wckE_2,100.00%,6.13%,truncated;KL173_12_DB_group_98_wckE_2,100.00%,6.13%,truncated;KL173_12_DB_group_98_wckE_2,100.00%,6.13%,truncated;KL173_12_DB_group_98_wckE_2,100.00%,6.13%,truncated;KL173_12_DB_group_98_wckE_2,100.00%,6.13%,truncated		ST167
3.3.2	Escherichia_coli_Group_2_and_3_K	4.0.0	GCA_040417195.1	ST167	KL145		Untypeable	-	100.00%	0.50%	-16688	1 / 13 (7.69%)	KL145_11_DB_group_98,100.00%,96.43%	KL145_01_kpsF;KL145_02_kpsE;KL145_03_kpsD;KL145_04_kpsU;KL145_05_kpsC;KL145_06_kpsS;KL145_07_DB_group_91;KL145_08_ugd;KL145_09_wcaK;KL145_10_kfoC;KL145_12_kpsT;KL145_13_kpsM	0		0 / 13 (0.00%)		3	KL128_09_DB_group_51,100.00%,3.64%,truncated;KL128_09_DB_group_51,100.00%,3.64%,truncated;KL128_09_DB_group_51,100.00%,3.64%,truncated;KL128_09_DB_group_51,100.00%,3.36%,partial;KL147_13_rmlB,100.00%,7.11%,truncated;KL147_13_rmlB,100.00%,7.11%,truncated;KL147_13_rmlB,96.30%,7.63%,truncated;KL173_12_DB_group_98_wckE_2,100.00%,2.12%,truncated;KL173_12_DB_group_98_wckE_2,100.00%,6.13%,truncated;KL173_12_DB_group_98_wckE_2,100.00%,6.13%,truncated;KL173_12_DB_group_98_wckE_2,100.00%,6.13%,truncated;KL173_12_DB_group_98_wckE_2,100.00%,6.13%,truncated;KL173_12_DB_group_98_wckE_2,100.00%,6.13%,truncated	KL128_09_DB_group_51,100.00%,3.64%,truncated;KL128_09_DB_group_51,100.00%,3.64%,truncated;KL128_09_DB_group_51,100.00%,3.64%,truncated;KL128_09_DB_group_51,100.00%,3.36%,partial;KL147_13_rmlB,100.00%,7.11%,truncated;KL147_13_rmlB,100.00%,7.11%,truncated;KL147_13_rmlB,96.30%,7.63%,truncated;KL173_12_DB_group_98_wckE_2,100.00%,2.12%,truncated;KL173_12_DB_group_98_wckE_2,100.00%,6.13%,truncated;KL173_12_DB_group_98_wckE_2,100.00%,6.13%,truncated;KL173_12_DB_group_98_wckE_2,100.00%,6.13%,truncated;KL173_12_DB_group_98_wckE_2,100.00%,6.13%,truncated;KL173_12_DB_group_98_wckE_2,100.00%,6.13%,truncated		ST167
3.3.2	Escherichia_coli_Group_2_and_3_K	4.0.0	GCA_040417215.1	ST167	KL162		Untypeable	-!	0.00%	4.15%	-21702	1 / 16 (6.25%)	KL162_07_ugd_2,78.53%,80.21%,truncated	KL162_01_kpsD_5;KL162_02_kpsM_8;KL162_03_kpsT_7;KL162_04_kpsE_2;KL162_05_DB_group_212;KL162_06_DB_group_195;KL162_08_K96-09;KL162_09_wckE;KL162_10_DB_group_184;KL162_11_rmlB_2;KL162_12_rmlD_2;KL162_13_rmlA_2;KL162_14_rmlC_2;KL162_15_kpsC_5;KL162_16_kpsS_5	0		0 / 16 (0.00%)		3	KL128_09_DB_group_51,100.00%,3.64%,truncated;KL128_09_DB_group_51,100.00%,3.64%,truncated;KL128_09_DB_group_51,100.00%,3.64%,truncated;KL147_13_rmlB,100.00%,7.11%,truncated;KL147_13_rmlB,100.00%,7.11%,truncated;KL147_13_rmlB,96.30%,7.63%,truncated;KL173_12_DB_group_98_wckE_2,100.00%,2.12%,truncated;KL173_12_DB_group_98_wckE_2,100.00%,6.13%,truncated;KL173_12_DB_group_98_wckE_2,100.00%,6.13%,truncated;KL173_12_DB_group_98_wckE_2,100.00%,6.13%,truncated;KL173_12_DB_group_98_wckE_2,100.00%,6.13%,truncated;KL173_12_DB_group_98_wckE_2,100.00%,6.13%,partial	KL128_09_DB_group_51,100.00%,3.64%,truncated;KL128_09_DB_group_51,100.00%,3.64%,truncated;KL128_09_DB_group_51,100.00%,3.64%,truncated;KL147_13_rmlB,100.00%,7.11%,truncated;KL147_13_rmlB,100.00%,7.11%,truncated;KL147_13_rmlB,96.30%,7.63%,truncated;KL162_07_ugd_2,78.53%,80.21%,truncated;KL173_12_DB_group_98_wckE_2,100.00%,2.12%,truncated;KL173_12_DB_group_98_wckE_2,100.00%,6.13%,truncated;KL173_12_DB_group_98_wckE_2,100.00%,6.13%,truncated;KL173_12_DB_group_98_wckE_2,100.00%,6.13%,truncated;KL173_12_DB_group_98_wckE_2,100.00%,6.13%,truncated;KL173_12_DB_group_98_wckE_2,100.00%,6.13%,partial		ST167
3.3.2	Escherichia_coli_Group_2_and_3_K	4.0.0	GCA_040417235.1	ST167	KL162		Untypeable	-!	0.00%	4.15%	-21702	1 / 16 (6.25%)	KL162_07_ugd_2,78.53%,80.21%,truncated	KL162_01_kpsD_5;KL162_02_kpsM_8;KL162_03_kpsT_7;KL162_04_kpsE_2;KL162_05_DB_group_212;KL162_06_DB_group_195;KL162_08_K96-09;KL162_09_wckE;KL162_10_DB_group_184;KL162_11_rmlB_2;KL162_12_rmlD_2;KL162_13_rmlA_2;KL162_14_rmlC_2;KL162_15_kpsC_5;KL162_16_kpsS_5	0		0 / 16 (0.00%)		3	KL128_09_DB_group_51,100.00%,3.64%,truncated;KL128_09_DB_group_51,100.00%,3.64%,truncated;KL128_09_DB_group_51,100.00%,3.36%,partial;KL147_13_rmlB,100.00%,7.11%,truncated;KL147_13_rmlB,96.30%,7.63%,truncated;KL147_13_rmlB,100.00%,4.74%,partial;KL173_12_DB_group_98_wckE_2,100.00%,2.12%,truncated;KL173_12_DB_group_98_wckE_2,100.00%,6.13%,truncated;KL173_12_DB_group_98_wckE_2,100.00%,6.13%,truncated;KL173_12_DB_group_98_wckE_2,100.00%,6.13%,truncated;KL173_12_DB_group_98_wckE_2,100.00%,6.13%,truncated;KL173_12_DB_group_98_wckE_2,100.00%,6.13%,truncated	KL128_09_DB_group_51,100.00%,3.64%,truncated;KL128_09_DB_group_51,100.00%,3.64%,truncated;KL128_09_DB_group_51,100.00%,3.36%,partial;KL147_13_rmlB,100.00%,7.11%,truncated;KL147_13_rmlB,96.30%,7.63%,truncated;KL147_13_rmlB,100.00%,4.74%,partial;KL162_07_ugd_2,78.53%,80.21%,truncated;KL173_12_DB_group_98_wckE_2,100.00%,2.12%,truncated;KL173_12_DB_group_98_wckE_2,100.00%,6.13%,truncated;KL173_12_DB_group_98_wckE_2,100.00%,6.13%,truncated;KL173_12_DB_group_98_wckE_2,100.00%,6.13%,truncated;KL173_12_DB_group_98_wckE_2,100.00%,6.13%,truncated;KL173_12_DB_group_98_wckE_2,100.00%,6.13%,truncated		ST167
3.3.2	Escherichia_coli_Group_2_and_3_K	4.0.0	GCA_040417305.1	ST167	KL157		Untypeable	-	100.00%	0.42%	-19127	1 / 14 (7.14%)	KL157_08_DB_group_38,100.00%,96.30%	KL157_01_kpsF;KL157_02_kpsE;KL157_03_kpsD;KL157_04_kpsU;KL157_05_kpsC;KL157_06_kpsS;KL157_07_DB_group_44;KL157_09_DB_group_75;KL157_10_kpsT;KL157_11_DB_group_2;KL157_12_DB_group_101;KL157_13_kpsM	0		1 / 14 (7.14%)	KL157_08_DB_group_38,100.00%,96.30%;KL157_08_DB_group_38,100.00%,96.30%	3	KL128_09_DB_group_51,100.00%,3.64%,truncated;KL128_09_DB_group_51,100.00%,3.64%,truncated;KL128_09_DB_group_51,96.15%,3.64%,truncated;KL147_13_rmlB,100.00%,7.11%,truncated;KL147_13_rmlB,88.89%,7.11%,truncated;KL173_12_DB_group_98_wckE_2,100.00%,2.12%,truncated;KL173_12_DB_group_98_wckE_2,100.00%,6.13%,truncated;KL173_12_DB_group_98_wckE_2,100.00%,6.13%,truncated;KL173_12_DB_group_98_wckE_2,100.00%,6.13%,truncated;KL173_12_DB_group_98_wckE_2,100.00%,6.13%,truncated;KL173_12_DB_group_98_wckE_2,100.00%,6.13%,truncated	KL128_09_DB_group_51,100.00%,3.64%,truncated;KL128_09_DB_group_51,100.00%,3.64%,truncated;KL128_09_DB_group_51,96.15%,3.64%,truncated;KL147_13_rmlB,100.00%,7.11%,truncated;KL147_13_rmlB,88.89%,7.11%,truncated;KL173_12_DB_group_98_wckE_2,100.00%,2.12%,truncated;KL173_12_DB_group_98_wckE_2,100.00%,6.13%,truncated;KL173_12_DB_group_98_wckE_2,100.00%,6.13%,truncated;KL173_12_DB_group_98_wckE_2,100.00%,6.13%,truncated;KL173_12_DB_group_98_wckE_2,100.00%,6.13%,truncated;KL173_12_DB_group_98_wckE_2,100.00%,6.13%,truncated		ST167
3.3.2	Escherichia_coli_Group_2_and_3_K	4.0.0	GCA_040417335.1	ST167	KL145		Untypeable	-	100.00%	0.50%	-16688	1 / 13 (7.69%)	KL145_11_DB_group_98,100.00%,96.43%	KL145_01_kpsF;KL145_02_kpsE;KL145_03_kpsD;KL145_04_kpsU;KL145_05_kpsC;KL145_06_kpsS;KL145_07_DB_group_91;KL145_08_ugd;KL145_09_wcaK;KL145_10_kfoC;KL145_12_kpsT;KL145_13_kpsM	0		0 / 13 (0.00%)		3	KL128_09_DB_group_51,100.00%,3.64%,truncated;KL128_09_DB_group_51,100.00%,3.64%,truncated;KL128_09_DB_group_51,100.00%,3.64%,truncated;KL128_09_DB_group_51,100.00%,3.36%,partial;KL147_13_rmlB,100.00%,7.11%,truncated;KL147_13_rmlB,100.00%,7.11%,truncated;KL147_13_rmlB,96.30%,7.63%,truncated;KL173_12_DB_group_98_wckE_2,100.00%,2.12%,truncated;KL173_12_DB_group_98_wckE_2,100.00%,6.13%,truncated;KL173_12_DB_group_98_wckE_2,100.00%,6.13%,truncated;KL173_12_DB_group_98_wckE_2,100.00%,6.13%,truncated;KL173_12_DB_group_98_wckE_2,100.00%,6.13%,truncated;KL173_12_DB_group_98_wckE_2,100.00%,6.13%,truncated	KL128_09_DB_group_51,100.00%,3.64%,truncated;KL128_09_DB_group_51,100.00%,3.64%,truncated;KL128_09_DB_group_51,100.00%,3.64%,truncated;KL128_09_DB_group_51,100.00%,3.36%,partial;KL147_13_rmlB,100.00%,7.11%,truncated;KL147_13_rmlB,100.00%,7.11%,truncated;KL147_13_rmlB,96.30%,7.63%,truncated;KL173_12_DB_group_98_wckE_2,100.00%,2.12%,truncated;KL173_12_DB_group_98_wckE_2,100.00%,6.13%,truncated;KL173_12_DB_group_98_wckE_2,100.00%,6.13%,truncated;KL173_12_DB_group_98_wckE_2,100.00%,6.13%,truncated;KL173_12_DB_group_98_wckE_2,100.00%,6.13%,truncated;KL173_12_DB_group_98_wckE_2,100.00%,6.13%,truncated		ST167
3.3.2	Escherichia_coli_Group_2_and_3_K	4.0.0	GCA_040417365.1	ST167	KL145		Untypeable	-	100.00%	0.50%	-16688	1 / 13 (7.69%)	KL145_11_DB_group_98,100.00%,96.43%	KL145_01_kpsF;KL145_02_kpsE;KL145_03_kpsD;KL145_04_kpsU;KL145_05_kpsC;KL145_06_kpsS;KL145_07_DB_group_91;KL145_08_ugd;KL145_09_wcaK;KL145_10_kfoC;KL145_12_kpsT;KL145_13_kpsM	0		0 / 13 (0.00%)		3	KL128_09_DB_group_51,100.00%,3.64%,truncated;KL128_09_DB_group_51,100.00%,3.64%,truncated;KL128_09_DB_group_51,100.00%,3.64%,truncated;KL147_13_rmlB,100.00%,7.11%,truncated;KL147_13_rmlB,100.00%,7.11%,truncated;KL147_13_rmlB,96.30%,7.63%,truncated;KL173_12_DB_group_98_wckE_2,100.00%,2.12%,truncated;KL173_12_DB_group_98_wckE_2,100.00%,6.13%,truncated;KL173_12_DB_group_98_wckE_2,100.00%,6.13%,truncated;KL173_12_DB_group_98_wckE_2,100.00%,6.13%,truncated;KL173_12_DB_group_98_wckE_2,100.00%,6.13%,truncated;KL173_12_DB_group_98_wckE_2,100.00%,6.13%,truncated	KL128_09_DB_group_51,100.00%,3.64%,truncated;KL128_09_DB_group_51,100.00%,3.64%,truncated;KL128_09_DB_group_51,100.00%,3.64%,truncated;KL147_13_rmlB,100.00%,7.11%,truncated;KL147_13_rmlB,100.00%,7.11%,truncated;KL147_13_rmlB,96.30%,7.63%,truncated;KL173_12_DB_group_98_wckE_2,100.00%,2.12%,truncated;KL173_12_DB_group_98_wckE_2,100.00%,6.13%,truncated;KL173_12_DB_group_98_wckE_2,100.00%,6.13%,truncated;KL173_12_DB_group_98_wckE_2,100.00%,6.13%,truncated;KL173_12_DB_group_98_wckE_2,100.00%,6.13%,truncated;KL173_12_DB_group_98_wckE_2,100.00%,6.13%,truncated		ST167
3.3.2	Escherichia_coli_Group_2_and_3_K	4.0.0	GCA_040417385.1	ST167	KL152		Untypeable	?-*!	100.00%	7.18%		2 / 19 (10.53%)	KL152_09_ugd_2,77.78%,71.72%,truncated;KL152_14_rmlB_2,76.63%,91.44%,below_id_threshold	KL152_01_kpsD_5;KL152_02_kpsM_8;KL152_03_kpsT_7;KL152_04_kpsE_2;KL152_05_DB_group_206;KL152_06_DB_group_207;KL152_07_DB_group_214;KL152_08_DB_group_188;KL152_10_DB_group_194;KL152_11_K96-09;KL152_12_wckE;KL152_13_DB_group_184;KL152_15_rmlD_2;KL152_16_rmlA_2;KL152_17_rmlC_2;KL152_18_kpsC_5;KL152_19_kpsS_5	0		0 / 19 (0.00%)		4	KL128_09_DB_group_51,100.00%,3.64%,truncated;KL128_09_DB_group_51,100.00%,3.64%,truncated;KL128_09_DB_group_51,100.00%,3.64%,truncated;KL128_09_DB_group_51,100.00%,3.64%,truncated;KL128_09_DB_group_51,100.00%,3.64%,truncated;KL128_09_DB_group_51,100.00%,3.36%,partial;KL157_08_DB_group_38,100.00%,96.30%;KL157_08_DB_group_38,100.00%,92.59%;KL186_09_DB_group_269,100.00%,24.39%,truncated;KL147_13_rmlB,100.00%,7.11%,truncated;KL147_13_rmlB,100.00%,7.11%,truncated;KL147_13_rmlB,88.89%,7.11%,truncated;KL147_13_rmlB,91.67%,3.16%,truncated	KL128_09_DB_group_51,100.00%,3.64%,truncated;KL128_09_DB_group_51,100.00%,3.64%,truncated;KL128_09_DB_group_51,100.00%,3.64%,truncated;KL128_09_DB_group_51,100.00%,3.64%,truncated;KL128_09_DB_group_51,100.00%,3.64%,truncated;KL128_09_DB_group_51,100.00%,3.36%,partial;KL186_09_DB_group_269,100.00%,24.39%,truncated;KL147_13_rmlB,100.00%,7.11%,truncated;KL147_13_rmlB,100.00%,7.11%,truncated;KL147_13_rmlB,88.89%,7.11%,truncated;KL147_13_rmlB,91.67%,3.16%,truncated;KL152_09_ugd_2,77.78%,71.72%,truncated		ST167
3.3.2	Escherichia_coli_Group_2_and_3_K	4.0.0	GCA_040417405.1	ST167	KL145		Untypeable	-	100.00%	0.50%	-16688	1 / 13 (7.69%)	KL145_11_DB_group_98,100.00%,96.43%	KL145_01_kpsF;KL145_02_kpsE;KL145_03_kpsD;KL145_04_kpsU;KL145_05_kpsC;KL145_06_kpsS;KL145_07_DB_group_91;KL145_08_ugd;KL145_09_wcaK;KL145_10_kfoC;KL145_12_kpsT;KL145_13_kpsM	0		0 / 13 (0.00%)		3	KL128_09_DB_group_51,100.00%,3.64%,truncated;KL128_09_DB_group_51,100.00%,3.64%,truncated;KL128_09_DB_group_51,100.00%,3.36%,partial;KL147_13_rmlB,100.00%,7.11%,truncated;KL147_13_rmlB,100.00%,7.11%,truncated;KL147_13_rmlB,96.30%,7.63%,truncated;KL173_12_DB_group_98_wckE_2,100.00%,2.12%,truncated;KL173_12_DB_group_98_wckE_2,100.00%,6.13%,truncated;KL173_12_DB_group_98_wckE_2,100.00%,6.13%,truncated;KL173_12_DB_group_98_wckE_2,100.00%,6.13%,truncated;KL173_12_DB_group_98_wckE_2,100.00%,6.13%,truncated;KL173_12_DB_group_98_wckE_2,100.00%,6.13%,truncated	KL128_09_DB_group_51,100.00%,3.64%,truncated;KL128_09_DB_group_51,100.00%,3.64%,truncated;KL128_09_DB_group_51,100.00%,3.36%,partial;KL147_13_rmlB,100.00%,7.11%,truncated;KL147_13_rmlB,100.00%,7.11%,truncated;KL147_13_rmlB,96.30%,7.63%,truncated;KL173_12_DB_group_98_wckE_2,100.00%,2.12%,truncated;KL173_12_DB_group_98_wckE_2,100.00%,6.13%,truncated;KL173_12_DB_group_98_wckE_2,100.00%,6.13%,truncated;KL173_12_DB_group_98_wckE_2,100.00%,6.13%,truncated;KL173_12_DB_group_98_wckE_2,100.00%,6.13%,truncated;KL173_12_DB_group_98_wckE_2,100.00%,6.13%,truncated		ST167
3.3.2	Escherichia_coli_Group_2_and_3_K	4.0.0	GCA_040417445.1	ST167	KL157		Untypeable	-	100.00%	0.42%	-19127	1 / 13 (7.69%)	KL157_08_DB_group_38,100.00%,96.30%	KL157_01_kpsF;KL157_02_kpsE;KL157_03_kpsD;KL157_04_kpsU;KL157_05_kpsC;KL157_06_kpsS;KL157_07_DB_group_44;KL157_09_DB_group_75;KL157_10_kpsT;KL157_11_DB_group_2;KL157_12_DB_group_101;KL157_13_kpsM	0		0 / 13 (0.00%)		3	KL128_09_DB_group_51,100.00%,3.64%,truncated;KL128_09_DB_group_51,100.00%,3.64%,truncated;KL147_13_rmlB,100.00%,7.11%,truncated;KL147_13_rmlB,88.89%,7.11%,truncated;KL173_12_DB_group_98_wckE_2,100.00%,2.12%,truncated;KL173_12_DB_group_98_wckE_2,100.00%,6.13%,truncated;KL173_12_DB_group_98_wckE_2,100.00%,6.13%,truncated;KL173_12_DB_group_98_wckE_2,100.00%,6.13%,truncated;KL173_12_DB_group_98_wckE_2,100.00%,6.13%,truncated;KL173_12_DB_group_98_wckE_2,100.00%,6.13%,truncated	KL128_09_DB_group_51,100.00%,3.64%,truncated;KL128_09_DB_group_51,100.00%,3.64%,truncated;KL147_13_rmlB,100.00%,7.11%,truncated;KL147_13_rmlB,88.89%,7.11%,truncated;KL173_12_DB_group_98_wckE_2,100.00%,2.12%,truncated;KL173_12_DB_group_98_wckE_2,100.00%,6.13%,truncated;KL173_12_DB_group_98_wckE_2,100.00%,6.13%,truncated;KL173_12_DB_group_98_wckE_2,100.00%,6.13%,truncated;KL173_12_DB_group_98_wckE_2,100.00%,6.13%,truncated;KL173_12_DB_group_98_wckE_2,100.00%,6.13%,truncated		ST167
3.3.2	Escherichia_coli_Group_2_and_3_K	4.0.0	GCA_040417455.1	ST167	KL157		Untypeable	-	100.00%	0.42%	-19127	1 / 14 (7.14%)	KL157_08_DB_group_38,100.00%,96.30%	KL157_01_kpsF;KL157_02_kpsE;KL157_03_kpsD;KL157_04_kpsU;KL157_05_kpsC;KL157_06_kpsS;KL157_07_DB_group_44;KL157_09_DB_group_75;KL157_10_kpsT;KL157_11_DB_group_2;KL157_12_DB_group_101;KL157_13_kpsM	0		1 / 14 (7.14%)	KL157_08_DB_group_38,100.00%,96.30%;KL157_08_DB_group_38,100.00%,96.30%	2	KL128_09_DB_group_51,100.00%,3.64%,truncated;KL128_09_DB_group_51,100.00%,3.64%,truncated;KL128_09_DB_group_51,96.15%,3.64%,truncated;KL147_13_rmlB,88.89%,7.11%,truncated	KL128_09_DB_group_51,100.00%,3.64%,truncated;KL128_09_DB_group_51,100.00%,3.64%,truncated;KL128_09_DB_group_51,96.15%,3.64%,truncated;KL147_13_rmlB,88.89%,7.11%,truncated		ST167
3.3.2	Escherichia_coli_Group_2_and_3_K	4.0.0	GCA_040417485.1	ST167	KL145		Untypeable	-	100.00%	0.50%	-16688	1 / 13 (7.69%)	KL145_11_DB_group_98,100.00%,96.43%	KL145_01_kpsF;KL145_02_kpsE;KL145_03_kpsD;KL145_04_kpsU;KL145_05_kpsC;KL145_06_kpsS;KL145_07_DB_group_91;KL145_08_ugd;KL145_09_wcaK;KL145_10_kfoC;KL145_12_kpsT;KL145_13_kpsM	0		0 / 13 (0.00%)		3	KL128_09_DB_group_51,100.00%,3.64%,truncated;KL128_09_DB_group_51,100.00%,3.64%,truncated;KL128_09_DB_group_51,100.00%,3.36%,partial;KL147_13_rmlB,100.00%,7.11%,truncated;KL147_13_rmlB,96.30%,7.63%,truncated;KL173_12_DB_group_98_wckE_2,100.00%,2.12%,truncated;KL173_12_DB_group_98_wckE_2,100.00%,6.13%,truncated;KL173_12_DB_group_98_wckE_2,100.00%,6.13%,truncated;KL173_12_DB_group_98_wckE_2,100.00%,6.13%,truncated;KL173_12_DB_group_98_wckE_2,100.00%,6.13%,truncated;KL173_12_DB_group_98_wckE_2,100.00%,6.13%,partial	KL128_09_DB_group_51,100.00%,3.64%,truncated;KL128_09_DB_group_51,100.00%,3.64%,truncated;KL128_09_DB_group_51,100.00%,3.36%,partial;KL147_13_rmlB,100.00%,7.11%,truncated;KL147_13_rmlB,96.30%,7.63%,truncated;KL173_12_DB_group_98_wckE_2,100.00%,2.12%,truncated;KL173_12_DB_group_98_wckE_2,100.00%,6.13%,truncated;KL173_12_DB_group_98_wckE_2,100.00%,6.13%,truncated;KL173_12_DB_group_98_wckE_2,100.00%,6.13%,truncated;KL173_12_DB_group_98_wckE_2,100.00%,6.13%,truncated;KL173_12_DB_group_98_wckE_2,100.00%,6.13%,partial		ST167
3.3.2	Escherichia_coli_Group_2_and_3_K	4.0.0	GCA_040417525.1	ST167	KL157		Untypeable	-	100.00%	0.42%	-19127	1 / 14 (7.14%)	KL157_08_DB_group_38,100.00%,96.30%	KL157_01_kpsF;KL157_02_kpsE;KL157_03_kpsD;KL157_04_kpsU;KL157_05_kpsC;KL157_06_kpsS;KL157_07_DB_group_44;KL157_09_DB_group_75;KL157_10_kpsT;KL157_11_DB_group_2;KL157_12_DB_group_101;KL157_13_kpsM	0		1 / 14 (7.14%)	KL157_08_DB_group_38,100.00%,96.30%	3	KL128_09_DB_group_51,100.00%,3.64%,truncated;KL128_09_DB_group_51,100.00%,3.64%,truncated;KL128_09_DB_group_51,96.15%,3.64%,truncated;KL147_13_rmlB,100.00%,7.11%,truncated;KL147_13_rmlB,88.89%,7.11%,truncated;KL173_12_DB_group_98_wckE_2,100.00%,6.13%,truncated;KL173_12_DB_group_98_wckE_2,100.00%,6.13%,truncated;KL173_12_DB_group_98_wckE_2,100.00%,6.13%,truncated;KL173_12_DB_group_98_wckE_2,100.00%,6.13%,partial;KL173_12_DB_group_98_wckE_2,100.00%,6.13%,truncated;KL173_12_DB_group_98_wckE_2,96.15%,6.13%,truncated	KL128_09_DB_group_51,100.00%,3.64%,truncated;KL128_09_DB_group_51,100.00%,3.64%,truncated;KL128_09_DB_group_51,96.15%,3.64%,truncated;KL147_13_rmlB,100.00%,7.11%,truncated;KL147_13_rmlB,88.89%,7.11%,truncated;KL173_12_DB_group_98_wckE_2,100.00%,6.13%,truncated;KL173_12_DB_group_98_wckE_2,100.00%,6.13%,truncated;KL173_12_DB_group_98_wckE_2,100.00%,6.13%,truncated;KL173_12_DB_group_98_wckE_2,100.00%,6.13%,partial;KL173_12_DB_group_98_wckE_2,100.00%,6.13%,truncated;KL173_12_DB_group_98_wckE_2,96.15%,6.13%,truncated		ST167
3.3.2	Escherichia_coli_Group_2_and_3_K	4.0.0	GCA_040417585.1	ST167	KL157		Untypeable	-	100.00%	0.42%	-19127	1 / 14 (7.14%)	KL157_08_DB_group_38,100.00%,96.30%	KL157_01_kpsF;KL157_02_kpsE;KL157_03_kpsD;KL157_04_kpsU;KL157_05_kpsC;KL157_06_kpsS;KL157_07_DB_group_44;KL157_09_DB_group_75;KL157_10_kpsT;KL157_11_DB_group_2;KL157_12_DB_group_101;KL157_13_kpsM	0		1 / 14 (7.14%)	KL157_08_DB_group_38,100.00%,96.30%;KL157_08_DB_group_38,100.00%,96.30%	2	KL128_09_DB_group_51,100.00%,3.64%,truncated;KL128_09_DB_group_51,100.00%,3.64%,truncated;KL128_09_DB_group_51,96.15%,3.64%,truncated;KL147_13_rmlB,100.00%,7.11%,truncated;KL147_13_rmlB,88.89%,7.11%,truncated	KL128_09_DB_group_51,100.00%,3.64%,truncated;KL128_09_DB_group_51,100.00%,3.64%,truncated;KL128_09_DB_group_51,96.15%,3.64%,truncated;KL147_13_rmlB,100.00%,7.11%,truncated;KL147_13_rmlB,88.89%,7.11%,truncated		ST167
3.3.2	Escherichia_coli_Group_2_and_3_K	4.0.0	GCA_040417625.1	ST167	KL157		Untypeable	-	100.00%	0.42%	-19127	1 / 13 (7.69%)	KL157_08_DB_group_38,100.00%,96.30%	KL157_01_kpsF;KL157_02_kpsE;KL157_03_kpsD;KL157_04_kpsU;KL157_05_kpsC;KL157_06_kpsS;KL157_07_DB_group_44;KL157_09_DB_group_75;KL157_10_kpsT;KL157_11_DB_group_2;KL157_12_DB_group_101;KL157_13_kpsM	0		0 / 13 (0.00%)		3	KL128_09_DB_group_51,100.00%,3.64%,truncated;KL128_09_DB_group_51,100.00%,3.64%,truncated;KL147_13_rmlB,100.00%,7.11%,truncated;KL147_13_rmlB,88.89%,7.11%,truncated;KL173_12_DB_group_98_wckE_2,100.00%,2.12%,truncated;KL173_12_DB_group_98_wckE_2,100.00%,6.13%,truncated;KL173_12_DB_group_98_wckE_2,100.00%,6.13%,truncated;KL173_12_DB_group_98_wckE_2,100.00%,6.13%,truncated;KL173_12_DB_group_98_wckE_2,100.00%,6.13%,truncated;KL173_12_DB_group_98_wckE_2,100.00%,6.13%,truncated	KL128_09_DB_group_51,100.00%,3.64%,truncated;KL128_09_DB_group_51,100.00%,3.64%,truncated;KL147_13_rmlB,100.00%,7.11%,truncated;KL147_13_rmlB,88.89%,7.11%,truncated;KL173_12_DB_group_98_wckE_2,100.00%,2.12%,truncated;KL173_12_DB_group_98_wckE_2,100.00%,6.13%,truncated;KL173_12_DB_group_98_wckE_2,100.00%,6.13%,truncated;KL173_12_DB_group_98_wckE_2,100.00%,6.13%,truncated;KL173_12_DB_group_98_wckE_2,100.00%,6.13%,truncated;KL173_12_DB_group_98_wckE_2,100.00%,6.13%,truncated		ST167
3.3.2	Escherichia_coli_Group_2_and_3_K	4.0.0	GCA_040417645.1	ST167	KL145		Untypeable	-	100.00%	0.50%	-16688	1 / 13 (7.69%)	KL145_11_DB_group_98,100.00%,96.43%	KL145_01_kpsF;KL145_02_kpsE;KL145_03_kpsD;KL145_04_kpsU;KL145_05_kpsC;KL145_06_kpsS;KL145_07_DB_group_91;KL145_08_ugd;KL145_09_wcaK;KL145_10_kfoC;KL145_12_kpsT;KL145_13_kpsM	0		0 / 13 (0.00%)		3	KL128_09_DB_group_51,100.00%,3.64%,truncated;KL128_09_DB_group_51,100.00%,3.64%,truncated;KL128_09_DB_group_51,100.00%,3.36%,partial;KL147_13_rmlB,100.00%,7.11%,truncated;KL147_13_rmlB,100.00%,7.11%,truncated;KL147_13_rmlB,96.30%,7.63%,truncated;KL173_12_DB_group_98_wckE_2,100.00%,6.13%,truncated;KL173_12_DB_group_98_wckE_2,100.00%,6.13%,truncated;KL173_12_DB_group_98_wckE_2,100.00%,6.13%,truncated;KL173_12_DB_group_98_wckE_2,100.00%,6.13%,truncated;KL173_12_DB_group_98_wckE_2,100.00%,6.13%,truncated;KL173_12_DB_group_98_wckE_2,100.00%,6.13%,truncated	KL128_09_DB_group_51,100.00%,3.64%,truncated;KL128_09_DB_group_51,100.00%,3.64%,truncated;KL128_09_DB_group_51,100.00%,3.36%,partial;KL147_13_rmlB,100.00%,7.11%,truncated;KL147_13_rmlB,100.00%,7.11%,truncated;KL147_13_rmlB,96.30%,7.63%,truncated;KL173_12_DB_group_98_wckE_2,100.00%,6.13%,truncated;KL173_12_DB_group_98_wckE_2,100.00%,6.13%,truncated;KL173_12_DB_group_98_wckE_2,100.00%,6.13%,truncated;KL173_12_DB_group_98_wckE_2,100.00%,6.13%,truncated;KL173_12_DB_group_98_wckE_2,100.00%,6.13%,truncated;KL173_12_DB_group_98_wckE_2,100.00%,6.13%,truncated		ST167
3.3.2	Escherichia_coli_Group_2_and_3_K	4.0.0	GCA_040417665.1	ST167	KL162		Untypeable	-!	0.00%	4.15%	-21702	1 / 16 (6.25%)	KL162_07_ugd_2,78.53%,80.21%,truncated	KL162_01_kpsD_5;KL162_02_kpsM_8;KL162_03_kpsT_7;KL162_04_kpsE_2;KL162_05_DB_group_212;KL162_06_DB_group_195;KL162_08_K96-09;KL162_09_wckE;KL162_10_DB_group_184;KL162_11_rmlB_2;KL162_12_rmlD_2;KL162_13_rmlA_2;KL162_14_rmlC_2;KL162_15_kpsC_5;KL162_16_kpsS_5	0		0 / 16 (0.00%)		2	KL128_09_DB_group_51,100.00%,3.64%,truncated;KL128_09_DB_group_51,100.00%,3.64%,truncated;KL128_09_DB_group_51,100.00%,3.36%,partial;KL128_09_DB_group_51,100.00%,3.36%,partial;KL147_13_rmlB,100.00%,7.11%,truncated;KL147_13_rmlB,100.00%,7.11%,truncated;KL147_13_rmlB,96.30%,7.63%,truncated	KL128_09_DB_group_51,100.00%,3.64%,truncated;KL128_09_DB_group_51,100.00%,3.64%,truncated;KL128_09_DB_group_51,100.00%,3.36%,partial;KL128_09_DB_group_51,100.00%,3.36%,partial;KL147_13_rmlB,100.00%,7.11%,truncated;KL147_13_rmlB,100.00%,7.11%,truncated;KL147_13_rmlB,96.30%,7.63%,truncated;KL162_07_ugd_2,78.53%,80.21%,truncated		ST167
3.3.2	Escherichia_coli_Group_2_and_3_K	4.0.0	GCA_040417685.1	ST167	KL157		Untypeable	-	100.00%	0.42%	-19127	1 / 14 (7.14%)	KL157_08_DB_group_38,100.00%,96.30%	KL157_01_kpsF;KL157_02_kpsE;KL157_03_kpsD;KL157_04_kpsU;KL157_05_kpsC;KL157_06_kpsS;KL157_07_DB_group_44;KL157_09_DB_group_75;KL157_10_kpsT;KL157_11_DB_group_2;KL157_12_DB_group_101;KL157_13_kpsM	0		1 / 14 (7.14%)	KL157_08_DB_group_38,100.00%,96.30%;KL157_08_DB_group_38,100.00%,96.30%	3	KL128_09_DB_group_51,100.00%,3.64%,truncated;KL128_09_DB_group_51,100.00%,3.64%,truncated;KL128_09_DB_group_51,96.15%,3.64%,truncated;KL147_13_rmlB,100.00%,7.11%,truncated;KL147_13_rmlB,88.89%,7.11%,truncated;KL173_12_DB_group_98_wckE_2,100.00%,2.12%,truncated;KL173_12_DB_group_98_wckE_2,100.00%,6.13%,truncated;KL173_12_DB_group_98_wckE_2,100.00%,6.13%,truncated;KL173_12_DB_group_98_wckE_2,100.00%,6.13%,truncated;KL173_12_DB_group_98_wckE_2,100.00%,6.13%,truncated;KL173_12_DB_group_98_wckE_2,100.00%,6.13%,truncated	KL128_09_DB_group_51,100.00%,3.64%,truncated;KL128_09_DB_group_51,100.00%,3.64%,truncated;KL128_09_DB_group_51,96.15%,3.64%,truncated;KL147_13_rmlB,100.00%,7.11%,truncated;KL147_13_rmlB,88.89%,7.11%,truncated;KL173_12_DB_group_98_wckE_2,100.00%,2.12%,truncated;KL173_12_DB_group_98_wckE_2,100.00%,6.13%,truncated;KL173_12_DB_group_98_wckE_2,100.00%,6.13%,truncated;KL173_12_DB_group_98_wckE_2,100.00%,6.13%,truncated;KL173_12_DB_group_98_wckE_2,100.00%,6.13%,truncated;KL173_12_DB_group_98_wckE_2,100.00%,6.13%,truncated		ST167
3.3.2	Escherichia_coli_Group_2_and_3_K	4.0.0	GCA_040417725.1	ST167	KL152		Untypeable	?-*!	100.00%	7.18%		2 / 19 (10.53%)	KL152_09_ugd_2,77.78%,71.72%,truncated;KL152_14_rmlB_2,76.63%,91.44%,below_id_threshold	KL152_01_kpsD_5;KL152_02_kpsM_8;KL152_03_kpsT_7;KL152_04_kpsE_2;KL152_05_DB_group_206;KL152_06_DB_group_207;KL152_07_DB_group_214;KL152_08_DB_group_188;KL152_10_DB_group_194;KL152_11_K96-09;KL152_12_wckE;KL152_13_DB_group_184;KL152_15_rmlD_2;KL152_16_rmlA_2;KL152_17_rmlC_2;KL152_18_kpsC_5;KL152_19_kpsS_5	0		0 / 19 (0.00%)		3	KL157_08_DB_group_38,100.00%,92.59%;KL157_08_DB_group_38,100.00%,85.19%,partial;KL186_09_DB_group_269,100.00%,24.39%,truncated;KL147_13_rmlB,100.00%,7.11%,truncated;KL147_13_rmlB,100.00%,7.11%,truncated;KL147_13_rmlB,88.89%,7.11%,truncated;KL147_13_rmlB,91.67%,3.16%,truncated	KL157_08_DB_group_38,100.00%,85.19%,partial;KL186_09_DB_group_269,100.00%,24.39%,truncated;KL147_13_rmlB,100.00%,7.11%,truncated;KL147_13_rmlB,100.00%,7.11%,truncated;KL147_13_rmlB,88.89%,7.11%,truncated;KL147_13_rmlB,91.67%,3.16%,truncated;KL152_09_ugd_2,77.78%,71.72%,truncated		ST167
3.3.2	Escherichia_coli_Group_2_and_3_K	4.0.0	GCA_040417745.1	ST167	KL162		Untypeable	-!	0.00%	4.15%	-21702	1 / 16 (6.25%)	KL162_07_ugd_2,78.53%,80.21%,truncated	KL162_01_kpsD_5;KL162_02_kpsM_8;KL162_03_kpsT_7;KL162_04_kpsE_2;KL162_05_DB_group_212;KL162_06_DB_group_195;KL162_08_K96-09;KL162_09_wckE;KL162_10_DB_group_184;KL162_11_rmlB_2;KL162_12_rmlD_2;KL162_13_rmlA_2;KL162_14_rmlC_2;KL162_15_kpsC_5;KL162_16_kpsS_5	0		0 / 16 (0.00%)		3	KL128_09_DB_group_51,100.00%,3.64%,truncated;KL128_09_DB_group_51,100.00%,3.64%,truncated;KL128_09_DB_group_51,100.00%,3.64%,truncated;KL128_09_DB_group_51,100.00%,3.64%,truncated;KL128_09_DB_group_51,100.00%,3.36%,partial;KL128_09_DB_group_51,100.00%,3.36%,partial;KL147_13_rmlB,100.00%,7.11%,truncated;KL147_13_rmlB,100.00%,7.11%,truncated;KL147_13_rmlB,96.30%,7.63%,truncated;KL173_12_DB_group_98_wckE_2,100.00%,2.12%,truncated;KL173_12_DB_group_98_wckE_2,100.00%,6.13%,truncated;KL173_12_DB_group_98_wckE_2,100.00%,6.13%,truncated;KL173_12_DB_group_98_wckE_2,100.00%,6.13%,truncated;KL173_12_DB_group_98_wckE_2,100.00%,6.13%,truncated;KL173_12_DB_group_98_wckE_2,100.00%,6.13%,truncated	KL128_09_DB_group_51,100.00%,3.64%,truncated;KL128_09_DB_group_51,100.00%,3.64%,truncated;KL128_09_DB_group_51,100.00%,3.64%,truncated;KL128_09_DB_group_51,100.00%,3.64%,truncated;KL128_09_DB_group_51,100.00%,3.36%,partial;KL128_09_DB_group_51,100.00%,3.36%,partial;KL147_13_rmlB,100.00%,7.11%,truncated;KL147_13_rmlB,100.00%,7.11%,truncated;KL147_13_rmlB,96.30%,7.63%,truncated;KL162_07_ugd_2,78.53%,80.21%,truncated;KL173_12_DB_group_98_wckE_2,100.00%,2.12%,truncated;KL173_12_DB_group_98_wckE_2,100.00%,6.13%,truncated;KL173_12_DB_group_98_wckE_2,100.00%,6.13%,truncated;KL173_12_DB_group_98_wckE_2,100.00%,6.13%,truncated;KL173_12_DB_group_98_wckE_2,100.00%,6.13%,truncated;KL173_12_DB_group_98_wckE_2,100.00%,6.13%,truncated		ST167
3.3.2	Escherichia_coli_Group_2_and_3_K	4.0.0	GCA_040417765.1	ST167	KL145		Untypeable	-	100.00%	0.50%	-16688	1 / 13 (7.69%)	KL145_11_DB_group_98,100.00%,96.43%	KL145_01_kpsF;KL145_02_kpsE;KL145_03_kpsD;KL145_04_kpsU;KL145_05_kpsC;KL145_06_kpsS;KL145_07_DB_group_91;KL145_08_ugd;KL145_09_wcaK;KL145_10_kfoC;KL145_12_kpsT;KL145_13_kpsM	0		0 / 13 (0.00%)		3	KL128_09_DB_group_51,100.00%,3.64%,truncated;KL128_09_DB_group_51,100.00%,3.64%,truncated;KL128_09_DB_group_51,100.00%,3.64%,truncated;KL147_13_rmlB,100.00%,7.11%,truncated;KL147_13_rmlB,100.00%,7.11%,truncated;KL147_13_rmlB,96.30%,7.63%,truncated;KL173_12_DB_group_98_wckE_2,100.00%,6.13%,truncated;KL173_12_DB_group_98_wckE_2,100.00%,6.13%,truncated;KL173_12_DB_group_98_wckE_2,100.00%,6.13%,truncated;KL173_12_DB_group_98_wckE_2,100.00%,6.13%,truncated;KL173_12_DB_group_98_wckE_2,100.00%,6.13%,truncated;KL173_12_DB_group_98_wckE_2,100.00%,6.13%,truncated	KL128_09_DB_group_51,100.00%,3.64%,truncated;KL128_09_DB_group_51,100.00%,3.64%,truncated;KL128_09_DB_group_51,100.00%,3.64%,truncated;KL147_13_rmlB,100.00%,7.11%,truncated;KL147_13_rmlB,100.00%,7.11%,truncated;KL147_13_rmlB,96.30%,7.63%,truncated;KL173_12_DB_group_98_wckE_2,100.00%,6.13%,truncated;KL173_12_DB_group_98_wckE_2,100.00%,6.13%,truncated;KL173_12_DB_group_98_wckE_2,100.00%,6.13%,truncated;KL173_12_DB_group_98_wckE_2,100.00%,6.13%,truncated;KL173_12_DB_group_98_wckE_2,100.00%,6.13%,truncated;KL173_12_DB_group_98_wckE_2,100.00%,6.13%,truncated		ST167
3.3.2	Escherichia_coli_Group_2_and_3_K	4.0.0	GCA_040417785.1	ST167	KL157		Untypeable	-	100.00%	0.42%	-19127	1 / 13 (7.69%)	KL157_08_DB_group_38,100.00%,96.30%	KL157_01_kpsF;KL157_02_kpsE;KL157_03_kpsD;KL157_04_kpsU;KL157_05_kpsC;KL157_06_kpsS;KL157_07_DB_group_44;KL157_09_DB_group_75;KL157_10_kpsT;KL157_11_DB_group_2;KL157_12_DB_group_101;KL157_13_kpsM	0		0 / 13 (0.00%)		3	KL128_09_DB_group_51,100.00%,3.64%,truncated;KL128_09_DB_group_51,100.00%,3.64%,truncated;KL128_09_DB_group_51,96.15%,3.64%,truncated;KL147_13_rmlB,100.00%,7.11%,truncated;KL147_13_rmlB,88.89%,7.11%,truncated;KL173_12_DB_group_98_wckE_2,100.00%,2.12%,truncated;KL173_12_DB_group_98_wckE_2,100.00%,6.13%,partial;KL173_12_DB_group_98_wckE_2,100.00%,6.13%,truncated;KL173_12_DB_group_98_wckE_2,100.00%,6.13%,truncated;KL173_12_DB_group_98_wckE_2,100.00%,6.13%,truncated;KL173_12_DB_group_98_wckE_2,100.00%,6.13%,truncated	KL128_09_DB_group_51,100.00%,3.64%,truncated;KL128_09_DB_group_51,100.00%,3.64%,truncated;KL128_09_DB_group_51,96.15%,3.64%,truncated;KL147_13_rmlB,100.00%,7.11%,truncated;KL147_13_rmlB,88.89%,7.11%,truncated;KL173_12_DB_group_98_wckE_2,100.00%,2.12%,truncated;KL173_12_DB_group_98_wckE_2,100.00%,6.13%,partial;KL173_12_DB_group_98_wckE_2,100.00%,6.13%,truncated;KL173_12_DB_group_98_wckE_2,100.00%,6.13%,truncated;KL173_12_DB_group_98_wckE_2,100.00%,6.13%,truncated;KL173_12_DB_group_98_wckE_2,100.00%,6.13%,truncated		ST167
3.3.2	Escherichia_coli_Group_2_and_3_K	4.0.0	GCA_040417825.1	ST167	KL157		Untypeable	-	100.00%	0.42%	-19127	1 / 13 (7.69%)	KL157_08_DB_group_38,100.00%,96.30%	KL157_01_kpsF;KL157_02_kpsE;KL157_03_kpsD;KL157_04_kpsU;KL157_05_kpsC;KL157_06_kpsS;KL157_07_DB_group_44;KL157_09_DB_group_75;KL157_10_kpsT;KL157_11_DB_group_2;KL157_12_DB_group_101;KL157_13_kpsM	0		0 / 13 (0.00%)		3	KL128_09_DB_group_51,100.00%,3.64%,truncated;KL128_09_DB_group_51,100.00%,3.64%,truncated;KL128_09_DB_group_51,96.15%,3.64%,truncated;KL147_13_rmlB,100.00%,7.11%,truncated;KL147_13_rmlB,88.89%,7.11%,truncated;KL173_12_DB_group_98_wckE_2,100.00%,2.12%,truncated;KL173_12_DB_group_98_wckE_2,100.00%,6.13%,truncated;KL173_12_DB_group_98_wckE_2,100.00%,6.13%,truncated;KL173_12_DB_group_98_wckE_2,100.00%,6.13%,truncated;KL173_12_DB_group_98_wckE_2,100.00%,6.13%,truncated;KL173_12_DB_group_98_wckE_2,100.00%,6.13%,truncated	KL128_09_DB_group_51,100.00%,3.64%,truncated;KL128_09_DB_group_51,100.00%,3.64%,truncated;KL128_09_DB_group_51,96.15%,3.64%,truncated;KL147_13_rmlB,100.00%,7.11%,truncated;KL147_13_rmlB,88.89%,7.11%,truncated;KL173_12_DB_group_98_wckE_2,100.00%,2.12%,truncated;KL173_12_DB_group_98_wckE_2,100.00%,6.13%,truncated;KL173_12_DB_group_98_wckE_2,100.00%,6.13%,truncated;KL173_12_DB_group_98_wckE_2,100.00%,6.13%,truncated;KL173_12_DB_group_98_wckE_2,100.00%,6.13%,truncated;KL173_12_DB_group_98_wckE_2,100.00%,6.13%,truncated		ST167
3.3.2	Escherichia_coli_Group_2_and_3_K	4.0.0	GCA_040417845.1	ST167	KL157		Untypeable	-	100.00%	0.42%	-19127	1 / 14 (7.14%)	KL157_08_DB_group_38,100.00%,96.30%	KL157_01_kpsF;KL157_02_kpsE;KL157_03_kpsD;KL157_04_kpsU;KL157_05_kpsC;KL157_06_kpsS;KL157_07_DB_group_44;KL157_09_DB_group_75;KL157_10_kpsT;KL157_11_DB_group_2;KL157_12_DB_group_101;KL157_13_kpsM	0		1 / 14 (7.14%)	KL157_08_DB_group_38,100.00%,96.30%	3	KL128_09_DB_group_51,100.00%,3.64%,truncated;KL128_09_DB_group_51,100.00%,3.64%,truncated;KL128_09_DB_group_51,96.15%,3.64%,truncated;KL147_13_rmlB,100.00%,7.11%,truncated;KL147_13_rmlB,88.89%,7.11%,truncated;KL173_12_DB_group_98_wckE_2,100.00%,2.12%,truncated;KL173_12_DB_group_98_wckE_2,100.00%,6.13%,truncated;KL173_12_DB_group_98_wckE_2,100.00%,6.13%,truncated;KL173_12_DB_group_98_wckE_2,100.00%,6.13%,truncated;KL173_12_DB_group_98_wckE_2,100.00%,6.13%,truncated;KL173_12_DB_group_98_wckE_2,100.00%,6.13%,truncated	KL128_09_DB_group_51,100.00%,3.64%,truncated;KL128_09_DB_group_51,100.00%,3.64%,truncated;KL128_09_DB_group_51,96.15%,3.64%,truncated;KL147_13_rmlB,100.00%,7.11%,truncated;KL147_13_rmlB,88.89%,7.11%,truncated;KL173_12_DB_group_98_wckE_2,100.00%,2.12%,truncated;KL173_12_DB_group_98_wckE_2,100.00%,6.13%,truncated;KL173_12_DB_group_98_wckE_2,100.00%,6.13%,truncated;KL173_12_DB_group_98_wckE_2,100.00%,6.13%,truncated;KL173_12_DB_group_98_wckE_2,100.00%,6.13%,truncated;KL173_12_DB_group_98_wckE_2,100.00%,6.13%,truncated		ST167
3.3.2	Escherichia_coli_Group_2_and_3_K	4.0.0	GCA_040417865.1	ST167	KL145		Untypeable	-	100.00%	0.50%	-16688	1 / 13 (7.69%)	KL145_11_DB_group_98,100.00%,96.43%	KL145_01_kpsF;KL145_02_kpsE;KL145_03_kpsD;KL145_04_kpsU;KL145_05_kpsC;KL145_06_kpsS;KL145_07_DB_group_91;KL145_08_ugd;KL145_09_wcaK;KL145_10_kfoC;KL145_12_kpsT;KL145_13_kpsM	0		0 / 13 (0.00%)		3	KL128_09_DB_group_51,100.00%,3.64%,truncated;KL128_09_DB_group_51,100.00%,3.64%,truncated;KL128_09_DB_group_51,100.00%,3.36%,partial;KL147_13_rmlB,100.00%,7.11%,truncated;KL147_13_rmlB,100.00%,7.11%,truncated;KL147_13_rmlB,96.30%,7.63%,truncated;KL173_12_DB_group_98_wckE_2,100.00%,2.12%,truncated;KL173_12_DB_group_98_wckE_2,100.00%,6.13%,truncated;KL173_12_DB_group_98_wckE_2,100.00%,6.13%,truncated;KL173_12_DB_group_98_wckE_2,100.00%,6.13%,truncated;KL173_12_DB_group_98_wckE_2,100.00%,6.13%,truncated;KL173_12_DB_group_98_wckE_2,100.00%,6.13%,truncated	KL128_09_DB_group_51,100.00%,3.64%,truncated;KL128_09_DB_group_51,100.00%,3.64%,truncated;KL128_09_DB_group_51,100.00%,3.36%,partial;KL147_13_rmlB,100.00%,7.11%,truncated;KL147_13_rmlB,100.00%,7.11%,truncated;KL147_13_rmlB,96.30%,7.63%,truncated;KL173_12_DB_group_98_wckE_2,100.00%,2.12%,truncated;KL173_12_DB_group_98_wckE_2,100.00%,6.13%,truncated;KL173_12_DB_group_98_wckE_2,100.00%,6.13%,truncated;KL173_12_DB_group_98_wckE_2,100.00%,6.13%,truncated;KL173_12_DB_group_98_wckE_2,100.00%,6.13%,truncated;KL173_12_DB_group_98_wckE_2,100.00%,6.13%,truncated		ST167
3.3.2	Escherichia_coli_Group_2_and_3_K	4.0.0	GCA_040417875.1	ST167	KL157		Untypeable	-	100.00%	0.42%	-19127	1 / 14 (7.14%)	KL157_08_DB_group_38,100.00%,96.30%	KL157_01_kpsF;KL157_02_kpsE;KL157_03_kpsD;KL157_04_kpsU;KL157_05_kpsC;KL157_06_kpsS;KL157_07_DB_group_44;KL157_09_DB_group_75;KL157_10_kpsT;KL157_11_DB_group_2;KL157_12_DB_group_101;KL157_13_kpsM	0		1 / 14 (7.14%)	KL157_08_DB_group_38,100.00%,96.30%	3	KL128_09_DB_group_51,100.00%,3.64%,truncated;KL128_09_DB_group_51,100.00%,3.64%,truncated;KL128_09_DB_group_51,96.15%,3.64%,truncated;KL147_13_rmlB,100.00%,7.11%,truncated;KL147_13_rmlB,88.89%,7.11%,truncated;KL173_12_DB_group_98_wckE_2,100.00%,2.12%,truncated;KL173_12_DB_group_98_wckE_2,100.00%,6.13%,truncated;KL173_12_DB_group_98_wckE_2,100.00%,6.13%,truncated;KL173_12_DB_group_98_wckE_2,100.00%,6.13%,truncated;KL173_12_DB_group_98_wckE_2,100.00%,6.13%,truncated;KL173_12_DB_group_98_wckE_2,100.00%,6.13%,truncated	KL128_09_DB_group_51,100.00%,3.64%,truncated;KL128_09_DB_group_51,100.00%,3.64%,truncated;KL128_09_DB_group_51,96.15%,3.64%,truncated;KL147_13_rmlB,100.00%,7.11%,truncated;KL147_13_rmlB,88.89%,7.11%,truncated;KL173_12_DB_group_98_wckE_2,100.00%,2.12%,truncated;KL173_12_DB_group_98_wckE_2,100.00%,6.13%,truncated;KL173_12_DB_group_98_wckE_2,100.00%,6.13%,truncated;KL173_12_DB_group_98_wckE_2,100.00%,6.13%,truncated;KL173_12_DB_group_98_wckE_2,100.00%,6.13%,truncated;KL173_12_DB_group_98_wckE_2,100.00%,6.13%,truncated		ST167
3.3.2	Escherichia_coli_Group_2_and_3_K	4.0.0	GCA_040417905.1	ST167	KL157		Untypeable	-	100.00%	0.42%	-19127	1 / 13 (7.69%)	KL157_08_DB_group_38,100.00%,96.30%	KL157_01_kpsF;KL157_02_kpsE;KL157_03_kpsD;KL157_04_kpsU;KL157_05_kpsC;KL157_06_kpsS;KL157_07_DB_group_44;KL157_09_DB_group_75;KL157_10_kpsT;KL157_11_DB_group_2;KL157_12_DB_group_101;KL157_13_kpsM	0		0 / 13 (0.00%)		3	KL128_09_DB_group_51,100.00%,3.64%,truncated;KL128_09_DB_group_51,100.00%,3.64%,truncated;KL147_13_rmlB,100.00%,7.11%,truncated;KL147_13_rmlB,88.89%,7.11%,truncated;KL173_12_DB_group_98_wckE_2,100.00%,2.12%,truncated;KL173_12_DB_group_98_wckE_2,100.00%,6.13%,truncated;KL173_12_DB_group_98_wckE_2,100.00%,6.13%,truncated;KL173_12_DB_group_98_wckE_2,100.00%,6.13%,truncated;KL173_12_DB_group_98_wckE_2,100.00%,6.13%,truncated;KL173_12_DB_group_98_wckE_2,100.00%,6.13%,truncated	KL128_09_DB_group_51,100.00%,3.64%,truncated;KL128_09_DB_group_51,100.00%,3.64%,truncated;KL147_13_rmlB,100.00%,7.11%,truncated;KL147_13_rmlB,88.89%,7.11%,truncated;KL173_12_DB_group_98_wckE_2,100.00%,2.12%,truncated;KL173_12_DB_group_98_wckE_2,100.00%,6.13%,truncated;KL173_12_DB_group_98_wckE_2,100.00%,6.13%,truncated;KL173_12_DB_group_98_wckE_2,100.00%,6.13%,truncated;KL173_12_DB_group_98_wckE_2,100.00%,6.13%,truncated;KL173_12_DB_group_98_wckE_2,100.00%,6.13%,truncated		ST167
3.3.2	Escherichia_coli_Group_2_and_3_K	4.0.0	GCA_040417925.1	ST167	KL157		Untypeable	-	100.00%	0.42%	-19127	1 / 14 (7.14%)	KL157_08_DB_group_38,100.00%,96.30%	KL157_01_kpsF;KL157_02_kpsE;KL157_03_kpsD;KL157_04_kpsU;KL157_05_kpsC;KL157_06_kpsS;KL157_07_DB_group_44;KL157_09_DB_group_75;KL157_10_kpsT;KL157_11_DB_group_2;KL157_12_DB_group_101;KL157_13_kpsM	0		1 / 14 (7.14%)	KL157_08_DB_group_38,100.00%,96.30%	3	KL128_09_DB_group_51,100.00%,3.64%,truncated;KL128_09_DB_group_51,100.00%,3.64%,truncated;KL128_09_DB_group_51,96.15%,3.64%,truncated;KL147_13_rmlB,100.00%,7.11%,truncated;KL147_13_rmlB,88.89%,7.11%,truncated;KL173_12_DB_group_98_wckE_2,100.00%,2.12%,truncated;KL173_12_DB_group_98_wckE_2,100.00%,6.13%,truncated;KL173_12_DB_group_98_wckE_2,100.00%,6.13%,truncated;KL173_12_DB_group_98_wckE_2,100.00%,6.13%,truncated;KL173_12_DB_group_98_wckE_2,100.00%,6.13%,truncated;KL173_12_DB_group_98_wckE_2,100.00%,6.13%,truncated	KL128_09_DB_group_51,100.00%,3.64%,truncated;KL128_09_DB_group_51,100.00%,3.64%,truncated;KL128_09_DB_group_51,96.15%,3.64%,truncated;KL147_13_rmlB,100.00%,7.11%,truncated;KL147_13_rmlB,88.89%,7.11%,truncated;KL173_12_DB_group_98_wckE_2,100.00%,2.12%,truncated;KL173_12_DB_group_98_wckE_2,100.00%,6.13%,truncated;KL173_12_DB_group_98_wckE_2,100.00%,6.13%,truncated;KL173_12_DB_group_98_wckE_2,100.00%,6.13%,truncated;KL173_12_DB_group_98_wckE_2,100.00%,6.13%,truncated;KL173_12_DB_group_98_wckE_2,100.00%,6.13%,truncated		ST167
3.3.2	Escherichia_coli_Group_2_and_3_K	4.0.0	GCA_040417945.1	ST167	KL157		Untypeable	-	100.00%	0.42%	-19127	1 / 13 (7.69%)	KL157_08_DB_group_38,100.00%,96.30%	KL157_01_kpsF;KL157_02_kpsE;KL157_03_kpsD;KL157_04_kpsU;KL157_05_kpsC;KL157_06_kpsS;KL157_07_DB_group_44;KL157_09_DB_group_75;KL157_10_kpsT;KL157_11_DB_group_2;KL157_12_DB_group_101;KL157_13_kpsM	0		0 / 13 (0.00%)		3	KL128_09_DB_group_51,100.00%,3.64%,truncated;KL128_09_DB_group_51,100.00%,3.64%,truncated;KL147_13_rmlB,100.00%,7.11%,truncated;KL147_13_rmlB,88.89%,7.11%,truncated;KL173_12_DB_group_98_wckE_2,100.00%,6.13%,truncated;KL173_12_DB_group_98_wckE_2,100.00%,6.13%,truncated;KL173_12_DB_group_98_wckE_2,100.00%,6.13%,truncated;KL173_12_DB_group_98_wckE_2,100.00%,6.13%,truncated;KL173_12_DB_group_98_wckE_2,100.00%,6.13%,truncated;KL173_12_DB_group_98_wckE_2,100.00%,6.13%,truncated	KL128_09_DB_group_51,100.00%,3.64%,truncated;KL128_09_DB_group_51,100.00%,3.64%,truncated;KL147_13_rmlB,100.00%,7.11%,truncated;KL147_13_rmlB,88.89%,7.11%,truncated;KL173_12_DB_group_98_wckE_2,100.00%,6.13%,truncated;KL173_12_DB_group_98_wckE_2,100.00%,6.13%,truncated;KL173_12_DB_group_98_wckE_2,100.00%,6.13%,truncated;KL173_12_DB_group_98_wckE_2,100.00%,6.13%,truncated;KL173_12_DB_group_98_wckE_2,100.00%,6.13%,truncated;KL173_12_DB_group_98_wckE_2,100.00%,6.13%,truncated		ST167
3.3.2	Escherichia_coli_Group_2_and_3_K	4.0.0	GCA_040417965.1	ST167	KL157		Untypeable	-	100.00%	0.42%	-19127	1 / 13 (7.69%)	KL157_08_DB_group_38,100.00%,96.30%	KL157_01_kpsF;KL157_02_kpsE;KL157_03_kpsD;KL157_04_kpsU;KL157_05_kpsC;KL157_06_kpsS;KL157_07_DB_group_44;KL157_09_DB_group_75;KL157_10_kpsT;KL157_11_DB_group_2;KL157_12_DB_group_101;KL157_13_kpsM	0		0 / 13 (0.00%)		3	KL128_09_DB_group_51,100.00%,3.64%,truncated;KL128_09_DB_group_51,100.00%,3.64%,truncated;KL128_09_DB_group_51,96.15%,3.64%,truncated;KL147_13_rmlB,100.00%,7.11%,truncated;KL147_13_rmlB,88.89%,7.11%,truncated;KL173_12_DB_group_98_wckE_2,100.00%,2.12%,truncated;KL173_12_DB_group_98_wckE_2,100.00%,6.13%,truncated;KL173_12_DB_group_98_wckE_2,100.00%,6.13%,truncated;KL173_12_DB_group_98_wckE_2,100.00%,6.13%,truncated;KL173_12_DB_group_98_wckE_2,100.00%,6.13%,truncated;KL173_12_DB_group_98_wckE_2,100.00%,6.13%,truncated	KL128_09_DB_group_51,100.00%,3.64%,truncated;KL128_09_DB_group_51,100.00%,3.64%,truncated;KL128_09_DB_group_51,96.15%,3.64%,truncated;KL147_13_rmlB,100.00%,7.11%,truncated;KL147_13_rmlB,88.89%,7.11%,truncated;KL173_12_DB_group_98_wckE_2,100.00%,2.12%,truncated;KL173_12_DB_group_98_wckE_2,100.00%,6.13%,truncated;KL173_12_DB_group_98_wckE_2,100.00%,6.13%,truncated;KL173_12_DB_group_98_wckE_2,100.00%,6.13%,truncated;KL173_12_DB_group_98_wckE_2,100.00%,6.13%,truncated;KL173_12_DB_group_98_wckE_2,100.00%,6.13%,truncated		ST167
3.3.2	Escherichia_coli_Group_2_and_3_K	4.0.0	GCA_040417985.1	ST167	KL157		Untypeable	-!	0.00%	0.38%	-19135	1 / 13 (7.69%)	KL157_08_DB_group_38,100.00%,88.89%,partial	KL157_01_kpsF;KL157_02_kpsE;KL157_03_kpsD;KL157_04_kpsU;KL157_05_kpsC;KL157_06_kpsS;KL157_07_DB_group_44;KL157_09_DB_group_75;KL157_10_kpsT;KL157_11_DB_group_2;KL157_12_DB_group_101;KL157_13_kpsM	0		0 / 13 (0.00%)		3	KL128_09_DB_group_51,100.00%,3.64%,truncated;KL128_09_DB_group_51,100.00%,3.64%,truncated;KL147_13_rmlB,100.00%,7.11%,truncated;KL147_13_rmlB,88.89%,7.11%,truncated;KL173_12_DB_group_98_wckE_2,100.00%,2.12%,truncated;KL173_12_DB_group_98_wckE_2,100.00%,6.13%,truncated;KL173_12_DB_group_98_wckE_2,100.00%,6.13%,truncated;KL173_12_DB_group_98_wckE_2,100.00%,6.13%,truncated;KL173_12_DB_group_98_wckE_2,100.00%,6.13%,truncated;KL173_12_DB_group_98_wckE_2,100.00%,6.13%,truncated	KL128_09_DB_group_51,100.00%,3.64%,truncated;KL128_09_DB_group_51,100.00%,3.64%,truncated;KL157_08_DB_group_38,100.00%,88.89%,partial;KL147_13_rmlB,100.00%,7.11%,truncated;KL147_13_rmlB,88.89%,7.11%,truncated;KL173_12_DB_group_98_wckE_2,100.00%,2.12%,truncated;KL173_12_DB_group_98_wckE_2,100.00%,6.13%,truncated;KL173_12_DB_group_98_wckE_2,100.00%,6.13%,truncated;KL173_12_DB_group_98_wckE_2,100.00%,6.13%,truncated;KL173_12_DB_group_98_wckE_2,100.00%,6.13%,truncated;KL173_12_DB_group_98_wckE_2,100.00%,6.13%,truncated		ST167
3.3.2	Escherichia_coli_Group_2_and_3_K	4.0.0	GCA_040418025.1	ST167	KL145		Untypeable	-	100.00%	0.50%	-16688	1 / 13 (7.69%)	KL145_11_DB_group_98,100.00%,96.43%	KL145_01_kpsF;KL145_02_kpsE;KL145_03_kpsD;KL145_04_kpsU;KL145_05_kpsC;KL145_06_kpsS;KL145_07_DB_group_91;KL145_08_ugd;KL145_09_wcaK;KL145_10_kfoC;KL145_12_kpsT;KL145_13_kpsM	0		0 / 13 (0.00%)		3	KL128_09_DB_group_51,100.00%,3.64%,truncated;KL128_09_DB_group_51,100.00%,3.64%,truncated;KL147_13_rmlB,100.00%,7.11%,truncated;KL147_13_rmlB,96.30%,7.63%,truncated;KL173_12_DB_group_98_wckE_2,100.00%,2.12%,truncated;KL173_12_DB_group_98_wckE_2,100.00%,6.13%,truncated;KL173_12_DB_group_98_wckE_2,100.00%,6.13%,truncated;KL173_12_DB_group_98_wckE_2,100.00%,6.13%,truncated;KL173_12_DB_group_98_wckE_2,100.00%,6.13%,partial;KL173_12_DB_group_98_wckE_2,100.00%,6.13%,truncated	KL128_09_DB_group_51,100.00%,3.64%,truncated;KL128_09_DB_group_51,100.00%,3.64%,truncated;KL147_13_rmlB,100.00%,7.11%,truncated;KL147_13_rmlB,96.30%,7.63%,truncated;KL173_12_DB_group_98_wckE_2,100.00%,2.12%,truncated;KL173_12_DB_group_98_wckE_2,100.00%,6.13%,truncated;KL173_12_DB_group_98_wckE_2,100.00%,6.13%,truncated;KL173_12_DB_group_98_wckE_2,100.00%,6.13%,truncated;KL173_12_DB_group_98_wckE_2,100.00%,6.13%,partial;KL173_12_DB_group_98_wckE_2,100.00%,6.13%,truncated		ST167
3.3.2	Escherichia_coli_Group_2_and_3_K	4.0.0	GCA_040418105.1	ST167	KL152		Untypeable	?-*!	100.00%	7.18%		2 / 19 (10.53%)	KL152_09_ugd_2,77.78%,71.72%,truncated;KL152_14_rmlB_2,76.63%,91.44%,below_id_threshold	KL152_01_kpsD_5;KL152_02_kpsM_8;KL152_03_kpsT_7;KL152_04_kpsE_2;KL152_05_DB_group_206;KL152_06_DB_group_207;KL152_07_DB_group_214;KL152_08_DB_group_188;KL152_10_DB_group_194;KL152_11_K96-09;KL152_12_wckE;KL152_13_DB_group_184;KL152_15_rmlD_2;KL152_16_rmlA_2;KL152_17_rmlC_2;KL152_18_kpsC_5;KL152_19_kpsS_5	0		0 / 19 (0.00%)		4	KL128_09_DB_group_51,100.00%,3.64%,truncated;KL128_09_DB_group_51,100.00%,3.64%,truncated;KL128_09_DB_group_51,100.00%,3.64%,truncated;KL128_09_DB_group_51,100.00%,3.64%,truncated;KL128_09_DB_group_51,100.00%,3.36%,partial;KL157_08_DB_group_38,100.00%,96.30%;KL157_08_DB_group_38,100.00%,92.59%;KL186_09_DB_group_269,100.00%,24.39%,truncated;KL147_13_rmlB,100.00%,7.11%,truncated;KL147_13_rmlB,100.00%,7.11%,truncated;KL147_13_rmlB,91.67%,3.16%,truncated;KL147_13_rmlB,88.89%,7.11%,truncated	KL128_09_DB_group_51,100.00%,3.64%,truncated;KL128_09_DB_group_51,100.00%,3.64%,truncated;KL128_09_DB_group_51,100.00%,3.64%,truncated;KL128_09_DB_group_51,100.00%,3.64%,truncated;KL128_09_DB_group_51,100.00%,3.36%,partial;KL186_09_DB_group_269,100.00%,24.39%,truncated;KL147_13_rmlB,100.00%,7.11%,truncated;KL147_13_rmlB,100.00%,7.11%,truncated;KL147_13_rmlB,91.67%,3.16%,truncated;KL147_13_rmlB,88.89%,7.11%,truncated;KL152_09_ugd_2,77.78%,71.72%,truncated		ST167
3.3.2	Escherichia_coli_Group_2_and_3_K	4.0.0	GCA_040418125.1	ST167	KL157		Untypeable	-	100.00%	0.42%	-19127	1 / 14 (7.14%)	KL157_08_DB_group_38,100.00%,96.30%	KL157_01_kpsF;KL157_02_kpsE;KL157_03_kpsD;KL157_04_kpsU;KL157_05_kpsC;KL157_06_kpsS;KL157_07_DB_group_44;KL157_09_DB_group_75;KL157_10_kpsT;KL157_11_DB_group_2;KL157_12_DB_group_101;KL157_13_kpsM	0		1 / 14 (7.14%)	KL157_08_DB_group_38,100.00%,96.30%;KL157_08_DB_group_38,100.00%,96.30%	3	KL128_09_DB_group_51,100.00%,3.64%,truncated;KL128_09_DB_group_51,100.00%,3.64%,truncated;KL128_09_DB_group_51,96.15%,3.64%,truncated;KL147_13_rmlB,100.00%,7.11%,truncated;KL147_13_rmlB,88.89%,7.11%,truncated;KL173_12_DB_group_98_wckE_2,100.00%,2.12%,truncated;KL173_12_DB_group_98_wckE_2,100.00%,6.13%,truncated;KL173_12_DB_group_98_wckE_2,100.00%,6.13%,truncated;KL173_12_DB_group_98_wckE_2,100.00%,6.13%,truncated;KL173_12_DB_group_98_wckE_2,100.00%,6.13%,truncated;KL173_12_DB_group_98_wckE_2,100.00%,6.13%,truncated	KL128_09_DB_group_51,100.00%,3.64%,truncated;KL128_09_DB_group_51,100.00%,3.64%,truncated;KL128_09_DB_group_51,96.15%,3.64%,truncated;KL147_13_rmlB,100.00%,7.11%,truncated;KL147_13_rmlB,88.89%,7.11%,truncated;KL173_12_DB_group_98_wckE_2,100.00%,2.12%,truncated;KL173_12_DB_group_98_wckE_2,100.00%,6.13%,truncated;KL173_12_DB_group_98_wckE_2,100.00%,6.13%,truncated;KL173_12_DB_group_98_wckE_2,100.00%,6.13%,truncated;KL173_12_DB_group_98_wckE_2,100.00%,6.13%,truncated;KL173_12_DB_group_98_wckE_2,100.00%,6.13%,truncated		ST167
3.3.2	Escherichia_coli_Group_2_and_3_K	4.0.0	GCA_040418145.1	ST167	KL157		Untypeable	-	100.00%	0.42%	-19127	1 / 13 (7.69%)	KL157_08_DB_group_38,100.00%,96.30%	KL157_01_kpsF;KL157_02_kpsE;KL157_03_kpsD;KL157_04_kpsU;KL157_05_kpsC;KL157_06_kpsS;KL157_07_DB_group_44;KL157_09_DB_group_75;KL157_10_kpsT;KL157_11_DB_group_2;KL157_12_DB_group_101;KL157_13_kpsM	0		0 / 13 (0.00%)		3	KL128_09_DB_group_51,100.00%,3.64%,truncated;KL128_09_DB_group_51,100.00%,3.64%,truncated;KL128_09_DB_group_51,96.15%,3.64%,truncated;KL147_13_rmlB,100.00%,7.11%,truncated;KL147_13_rmlB,88.89%,7.11%,truncated;KL173_12_DB_group_98_wckE_2,100.00%,6.13%,truncated;KL173_12_DB_group_98_wckE_2,100.00%,6.13%,truncated;KL173_12_DB_group_98_wckE_2,100.00%,6.13%,truncated;KL173_12_DB_group_98_wckE_2,100.00%,6.13%,truncated;KL173_12_DB_group_98_wckE_2,100.00%,6.13%,truncated;KL173_12_DB_group_98_wckE_2,100.00%,6.13%,truncated	KL128_09_DB_group_51,100.00%,3.64%,truncated;KL128_09_DB_group_51,100.00%,3.64%,truncated;KL128_09_DB_group_51,96.15%,3.64%,truncated;KL147_13_rmlB,100.00%,7.11%,truncated;KL147_13_rmlB,88.89%,7.11%,truncated;KL173_12_DB_group_98_wckE_2,100.00%,6.13%,truncated;KL173_12_DB_group_98_wckE_2,100.00%,6.13%,truncated;KL173_12_DB_group_98_wckE_2,100.00%,6.13%,truncated;KL173_12_DB_group_98_wckE_2,100.00%,6.13%,truncated;KL173_12_DB_group_98_wckE_2,100.00%,6.13%,truncated;KL173_12_DB_group_98_wckE_2,100.00%,6.13%,truncated		ST167
3.3.2	Escherichia_coli_Group_2_and_3_K	4.0.0	GCA_040418205.1	ST167	KL145		Untypeable	-	100.00%	0.50%	-16688	1 / 13 (7.69%)	KL145_11_DB_group_98,100.00%,96.43%	KL145_01_kpsF;KL145_02_kpsE;KL145_03_kpsD;KL145_04_kpsU;KL145_05_kpsC;KL145_06_kpsS;KL145_07_DB_group_91;KL145_08_ugd;KL145_09_wcaK;KL145_10_kfoC;KL145_12_kpsT;KL145_13_kpsM	0		0 / 13 (0.00%)		3	KL128_09_DB_group_51,100.00%,3.64%,truncated;KL128_09_DB_group_51,100.00%,3.64%,truncated;KL147_13_rmlB,100.00%,7.11%,truncated;KL147_13_rmlB,100.00%,7.11%,truncated;KL147_13_rmlB,96.30%,7.63%,truncated;KL173_12_DB_group_98_wckE_2,100.00%,2.12%,truncated;KL173_12_DB_group_98_wckE_2,100.00%,6.13%,truncated;KL173_12_DB_group_98_wckE_2,100.00%,6.13%,truncated;KL173_12_DB_group_98_wckE_2,100.00%,6.13%,truncated;KL173_12_DB_group_98_wckE_2,100.00%,6.13%,partial;KL173_12_DB_group_98_wckE_2,100.00%,6.13%,truncated	KL128_09_DB_group_51,100.00%,3.64%,truncated;KL128_09_DB_group_51,100.00%,3.64%,truncated;KL147_13_rmlB,100.00%,7.11%,truncated;KL147_13_rmlB,100.00%,7.11%,truncated;KL147_13_rmlB,96.30%,7.63%,truncated;KL173_12_DB_group_98_wckE_2,100.00%,2.12%,truncated;KL173_12_DB_group_98_wckE_2,100.00%,6.13%,truncated;KL173_12_DB_group_98_wckE_2,100.00%,6.13%,truncated;KL173_12_DB_group_98_wckE_2,100.00%,6.13%,truncated;KL173_12_DB_group_98_wckE_2,100.00%,6.13%,partial;KL173_12_DB_group_98_wckE_2,100.00%,6.13%,truncated		ST167
3.3.2	Escherichia_coli_Group_2_and_3_K	4.0.0	GCA_040418225.1	ST167	KL145		Untypeable	-	100.00%	0.50%	-16688	1 / 13 (7.69%)	KL145_11_DB_group_98,100.00%,96.43%	KL145_01_kpsF;KL145_02_kpsE;KL145_03_kpsD;KL145_04_kpsU;KL145_05_kpsC;KL145_06_kpsS;KL145_07_DB_group_91;KL145_08_ugd;KL145_09_wcaK;KL145_10_kfoC;KL145_12_kpsT;KL145_13_kpsM	0		0 / 13 (0.00%)		3	KL128_09_DB_group_51,100.00%,3.64%,truncated;KL128_09_DB_group_51,100.00%,3.64%,truncated;KL128_09_DB_group_51,100.00%,3.64%,truncated;KL128_09_DB_group_51,100.00%,3.36%,partial;KL147_13_rmlB,100.00%,7.11%,truncated;KL147_13_rmlB,100.00%,7.11%,truncated;KL147_13_rmlB,96.30%,7.63%,truncated;KL173_12_DB_group_98_wckE_2,100.00%,6.13%,truncated;KL173_12_DB_group_98_wckE_2,100.00%,6.13%,truncated;KL173_12_DB_group_98_wckE_2,100.00%,6.13%,truncated;KL173_12_DB_group_98_wckE_2,100.00%,6.13%,truncated;KL173_12_DB_group_98_wckE_2,100.00%,6.13%,truncated;KL173_12_DB_group_98_wckE_2,100.00%,6.13%,truncated	KL128_09_DB_group_51,100.00%,3.64%,truncated;KL128_09_DB_group_51,100.00%,3.64%,truncated;KL128_09_DB_group_51,100.00%,3.64%,truncated;KL128_09_DB_group_51,100.00%,3.36%,partial;KL147_13_rmlB,100.00%,7.11%,truncated;KL147_13_rmlB,100.00%,7.11%,truncated;KL147_13_rmlB,96.30%,7.63%,truncated;KL173_12_DB_group_98_wckE_2,100.00%,6.13%,truncated;KL173_12_DB_group_98_wckE_2,100.00%,6.13%,truncated;KL173_12_DB_group_98_wckE_2,100.00%,6.13%,truncated;KL173_12_DB_group_98_wckE_2,100.00%,6.13%,truncated;KL173_12_DB_group_98_wckE_2,100.00%,6.13%,truncated;KL173_12_DB_group_98_wckE_2,100.00%,6.13%,truncated		ST167
3.3.2	Escherichia_coli_Group_2_and_3_K	4.0.0	GCA_040418245.1	ST167	KL145		Untypeable	-	100.00%	0.50%	-16688	1 / 13 (7.69%)	KL145_11_DB_group_98,100.00%,96.43%	KL145_01_kpsF;KL145_02_kpsE;KL145_03_kpsD;KL145_04_kpsU;KL145_05_kpsC;KL145_06_kpsS;KL145_07_DB_group_91;KL145_08_ugd;KL145_09_wcaK;KL145_10_kfoC;KL145_12_kpsT;KL145_13_kpsM	0		0 / 13 (0.00%)		3	KL128_09_DB_group_51,100.00%,3.64%,truncated;KL128_09_DB_group_51,100.00%,3.64%,truncated;KL128_09_DB_group_51,100.00%,3.64%,truncated;KL147_13_rmlB,100.00%,7.11%,truncated;KL147_13_rmlB,100.00%,7.11%,truncated;KL147_13_rmlB,96.30%,7.63%,truncated;KL173_12_DB_group_98_wckE_2,100.00%,2.12%,truncated;KL173_12_DB_group_98_wckE_2,100.00%,6.13%,truncated;KL173_12_DB_group_98_wckE_2,100.00%,6.13%,truncated;KL173_12_DB_group_98_wckE_2,100.00%,6.13%,truncated;KL173_12_DB_group_98_wckE_2,100.00%,6.13%,truncated;KL173_12_DB_group_98_wckE_2,100.00%,6.13%,truncated	KL128_09_DB_group_51,100.00%,3.64%,truncated;KL128_09_DB_group_51,100.00%,3.64%,truncated;KL128_09_DB_group_51,100.00%,3.64%,truncated;KL147_13_rmlB,100.00%,7.11%,truncated;KL147_13_rmlB,100.00%,7.11%,truncated;KL147_13_rmlB,96.30%,7.63%,truncated;KL173_12_DB_group_98_wckE_2,100.00%,2.12%,truncated;KL173_12_DB_group_98_wckE_2,100.00%,6.13%,truncated;KL173_12_DB_group_98_wckE_2,100.00%,6.13%,truncated;KL173_12_DB_group_98_wckE_2,100.00%,6.13%,truncated;KL173_12_DB_group_98_wckE_2,100.00%,6.13%,truncated;KL173_12_DB_group_98_wckE_2,100.00%,6.13%,truncated		ST167
3.3.2	Escherichia_coli_Group_2_and_3_K	4.0.0	GCA_040418265.1	ST167	KL157		Untypeable	-	100.00%	0.42%	-19127	1 / 13 (7.69%)	KL157_08_DB_group_38,100.00%,96.30%	KL157_01_kpsF;KL157_02_kpsE;KL157_03_kpsD;KL157_04_kpsU;KL157_05_kpsC;KL157_06_kpsS;KL157_07_DB_group_44;KL157_09_DB_group_75;KL157_10_kpsT;KL157_11_DB_group_2;KL157_12_DB_group_101;KL157_13_kpsM	0		0 / 13 (0.00%)		3	KL128_09_DB_group_51,100.00%,3.64%,truncated;KL128_09_DB_group_51,100.00%,3.64%,truncated;KL128_09_DB_group_51,96.15%,3.64%,truncated;KL147_13_rmlB,100.00%,7.11%,truncated;KL147_13_rmlB,88.89%,7.11%,truncated;KL173_12_DB_group_98_wckE_2,100.00%,2.12%,truncated;KL173_12_DB_group_98_wckE_2,100.00%,6.13%,truncated;KL173_12_DB_group_98_wckE_2,100.00%,6.13%,truncated;KL173_12_DB_group_98_wckE_2,100.00%,6.13%,truncated;KL173_12_DB_group_98_wckE_2,100.00%,6.13%,truncated;KL173_12_DB_group_98_wckE_2,100.00%,6.13%,truncated	KL128_09_DB_group_51,100.00%,3.64%,truncated;KL128_09_DB_group_51,100.00%,3.64%,truncated;KL128_09_DB_group_51,96.15%,3.64%,truncated;KL147_13_rmlB,100.00%,7.11%,truncated;KL147_13_rmlB,88.89%,7.11%,truncated;KL173_12_DB_group_98_wckE_2,100.00%,2.12%,truncated;KL173_12_DB_group_98_wckE_2,100.00%,6.13%,truncated;KL173_12_DB_group_98_wckE_2,100.00%,6.13%,truncated;KL173_12_DB_group_98_wckE_2,100.00%,6.13%,truncated;KL173_12_DB_group_98_wckE_2,100.00%,6.13%,truncated;KL173_12_DB_group_98_wckE_2,100.00%,6.13%,truncated		ST167
3.3.2	Escherichia_coli_Group_2_and_3_K	4.0.0	GCA_040418305.1	ST167	KL157		Untypeable	-	100.00%	0.42%	-19127	1 / 13 (7.69%)	KL157_08_DB_group_38,100.00%,96.30%	KL157_01_kpsF;KL157_02_kpsE;KL157_03_kpsD;KL157_04_kpsU;KL157_05_kpsC;KL157_06_kpsS;KL157_07_DB_group_44;KL157_09_DB_group_75;KL157_10_kpsT;KL157_11_DB_group_2;KL157_12_DB_group_101;KL157_13_kpsM	0		0 / 13 (0.00%)		3	KL128_09_DB_group_51,100.00%,3.64%,truncated;KL128_09_DB_group_51,100.00%,3.64%,truncated;KL128_09_DB_group_51,96.15%,3.64%,truncated;KL147_13_rmlB,100.00%,7.11%,truncated;KL147_13_rmlB,88.89%,7.11%,truncated;KL173_12_DB_group_98_wckE_2,100.00%,2.12%,truncated;KL173_12_DB_group_98_wckE_2,100.00%,6.13%,truncated;KL173_12_DB_group_98_wckE_2,100.00%,6.13%,truncated;KL173_12_DB_group_98_wckE_2,100.00%,6.13%,partial;KL173_12_DB_group_98_wckE_2,100.00%,6.13%,truncated;KL173_12_DB_group_98_wckE_2,96.15%,6.13%,truncated	KL128_09_DB_group_51,100.00%,3.64%,truncated;KL128_09_DB_group_51,100.00%,3.64%,truncated;KL128_09_DB_group_51,96.15%,3.64%,truncated;KL147_13_rmlB,100.00%,7.11%,truncated;KL147_13_rmlB,88.89%,7.11%,truncated;KL173_12_DB_group_98_wckE_2,100.00%,2.12%,truncated;KL173_12_DB_group_98_wckE_2,100.00%,6.13%,truncated;KL173_12_DB_group_98_wckE_2,100.00%,6.13%,truncated;KL173_12_DB_group_98_wckE_2,100.00%,6.13%,partial;KL173_12_DB_group_98_wckE_2,100.00%,6.13%,truncated;KL173_12_DB_group_98_wckE_2,96.15%,6.13%,truncated		ST167
3.3.2	Escherichia_coli_Group_2_and_3_K	4.0.0	GCA_040418325.1	ST167	KL157		Untypeable	-	100.00%	0.42%	-19127	1 / 13 (7.69%)	KL157_08_DB_group_38,100.00%,96.30%	KL157_01_kpsF;KL157_02_kpsE;KL157_03_kpsD;KL157_04_kpsU;KL157_05_kpsC;KL157_06_kpsS;KL157_07_DB_group_44;KL157_09_DB_group_75;KL157_10_kpsT;KL157_11_DB_group_2;KL157_12_DB_group_101;KL157_13_kpsM	0		0 / 13 (0.00%)		3	KL128_09_DB_group_51,100.00%,3.64%,truncated;KL128_09_DB_group_51,100.00%,3.64%,truncated;KL128_09_DB_group_51,100.00%,3.64%,partial;KL128_09_DB_group_51,96.15%,3.64%,truncated;KL147_13_rmlB,100.00%,7.11%,truncated;KL147_13_rmlB,88.89%,7.11%,truncated;KL173_12_DB_group_98_wckE_2,100.00%,2.12%,truncated;KL173_12_DB_group_98_wckE_2,100.00%,6.13%,truncated;KL173_12_DB_group_98_wckE_2,100.00%,6.13%,truncated;KL173_12_DB_group_98_wckE_2,100.00%,6.13%,truncated;KL173_12_DB_group_98_wckE_2,100.00%,6.13%,truncated;KL173_12_DB_group_98_wckE_2,100.00%,6.13%,truncated	KL128_09_DB_group_51,100.00%,3.64%,truncated;KL128_09_DB_group_51,100.00%,3.64%,truncated;KL128_09_DB_group_51,100.00%,3.64%,partial;KL128_09_DB_group_51,96.15%,3.64%,truncated;KL147_13_rmlB,100.00%,7.11%,truncated;KL147_13_rmlB,88.89%,7.11%,truncated;KL173_12_DB_group_98_wckE_2,100.00%,2.12%,truncated;KL173_12_DB_group_98_wckE_2,100.00%,6.13%,truncated;KL173_12_DB_group_98_wckE_2,100.00%,6.13%,truncated;KL173_12_DB_group_98_wckE_2,100.00%,6.13%,truncated;KL173_12_DB_group_98_wckE_2,100.00%,6.13%,truncated;KL173_12_DB_group_98_wckE_2,100.00%,6.13%,truncated		ST167
3.3.2	Escherichia_coli_Group_2_and_3_K	4.0.0	GCA_040418385.1	ST167	KL145		Untypeable	-	100.00%	0.50%	-16688	1 / 13 (7.69%)	KL145_11_DB_group_98,100.00%,96.43%	KL145_01_kpsF;KL145_02_kpsE;KL145_03_kpsD;KL145_04_kpsU;KL145_05_kpsC;KL145_06_kpsS;KL145_07_DB_group_91;KL145_08_ugd;KL145_09_wcaK;KL145_10_kfoC;KL145_12_kpsT;KL145_13_kpsM	0		0 / 13 (0.00%)		3	KL128_09_DB_group_51,100.00%,3.64%,truncated;KL128_09_DB_group_51,100.00%,3.64%,truncated;KL128_09_DB_group_51,100.00%,3.64%,truncated;KL128_09_DB_group_51,100.00%,3.36%,partial;KL147_13_rmlB,100.00%,7.11%,truncated;KL147_13_rmlB,100.00%,7.11%,truncated;KL147_13_rmlB,96.30%,7.63%,truncated;KL173_12_DB_group_98_wckE_2,100.00%,6.13%,truncated;KL173_12_DB_group_98_wckE_2,100.00%,6.13%,truncated;KL173_12_DB_group_98_wckE_2,100.00%,6.13%,truncated;KL173_12_DB_group_98_wckE_2,100.00%,6.13%,truncated;KL173_12_DB_group_98_wckE_2,100.00%,6.13%,truncated;KL173_12_DB_group_98_wckE_2,100.00%,6.13%,truncated	KL128_09_DB_group_51,100.00%,3.64%,truncated;KL128_09_DB_group_51,100.00%,3.64%,truncated;KL128_09_DB_group_51,100.00%,3.64%,truncated;KL128_09_DB_group_51,100.00%,3.36%,partial;KL147_13_rmlB,100.00%,7.11%,truncated;KL147_13_rmlB,100.00%,7.11%,truncated;KL147_13_rmlB,96.30%,7.63%,truncated;KL173_12_DB_group_98_wckE_2,100.00%,6.13%,truncated;KL173_12_DB_group_98_wckE_2,100.00%,6.13%,truncated;KL173_12_DB_group_98_wckE_2,100.00%,6.13%,truncated;KL173_12_DB_group_98_wckE_2,100.00%,6.13%,truncated;KL173_12_DB_group_98_wckE_2,100.00%,6.13%,truncated;KL173_12_DB_group_98_wckE_2,100.00%,6.13%,truncated		ST167
3.3.2	Escherichia_coli_Group_2_and_3_K	4.0.0	GCA_040418405.1	ST167	KL157		Untypeable	-	100.00%	0.42%	-19127	1 / 14 (7.14%)	KL157_08_DB_group_38,100.00%,96.30%	KL157_01_kpsF;KL157_02_kpsE;KL157_03_kpsD;KL157_04_kpsU;KL157_05_kpsC;KL157_06_kpsS;KL157_07_DB_group_44;KL157_09_DB_group_75;KL157_10_kpsT;KL157_11_DB_group_2;KL157_12_DB_group_101;KL157_13_kpsM	0		1 / 14 (7.14%)	KL157_08_DB_group_38,100.00%,96.30%;KL157_08_DB_group_38,100.00%,96.30%	3	KL128_09_DB_group_51,100.00%,3.64%,truncated;KL128_09_DB_group_51,100.00%,3.64%,truncated;KL147_13_rmlB,88.89%,7.11%,truncated;KL173_12_DB_group_98_wckE_2,100.00%,2.12%,truncated;KL173_12_DB_group_98_wckE_2,100.00%,6.13%,truncated;KL173_12_DB_group_98_wckE_2,100.00%,6.13%,truncated;KL173_12_DB_group_98_wckE_2,100.00%,6.13%,truncated;KL173_12_DB_group_98_wckE_2,100.00%,6.13%,truncated;KL173_12_DB_group_98_wckE_2,100.00%,6.13%,truncated	KL128_09_DB_group_51,100.00%,3.64%,truncated;KL128_09_DB_group_51,100.00%,3.64%,truncated;KL147_13_rmlB,88.89%,7.11%,truncated;KL173_12_DB_group_98_wckE_2,100.00%,2.12%,truncated;KL173_12_DB_group_98_wckE_2,100.00%,6.13%,truncated;KL173_12_DB_group_98_wckE_2,100.00%,6.13%,truncated;KL173_12_DB_group_98_wckE_2,100.00%,6.13%,truncated;KL173_12_DB_group_98_wckE_2,100.00%,6.13%,truncated;KL173_12_DB_group_98_wckE_2,100.00%,6.13%,truncated		ST167
3.3.2	Escherichia_coli_Group_2_and_3_K	4.0.0	GCA_040418485.1	ST167	KL145		Untypeable	-	100.00%	0.50%	-16688	1 / 13 (7.69%)	KL145_11_DB_group_98,100.00%,96.43%	KL145_01_kpsF;KL145_02_kpsE;KL145_03_kpsD;KL145_04_kpsU;KL145_05_kpsC;KL145_06_kpsS;KL145_07_DB_group_91;KL145_08_ugd;KL145_09_wcaK;KL145_10_kfoC;KL145_12_kpsT;KL145_13_kpsM	0		0 / 13 (0.00%)		3	KL128_09_DB_group_51,100.00%,3.64%,truncated;KL128_09_DB_group_51,100.00%,3.64%,truncated;KL128_09_DB_group_51,100.00%,3.36%,partial;KL147_13_rmlB,100.00%,7.11%,truncated;KL147_13_rmlB,100.00%,7.11%,truncated;KL147_13_rmlB,96.30%,7.63%,truncated;KL173_12_DB_group_98_wckE_2,100.00%,2.12%,truncated;KL173_12_DB_group_98_wckE_2,100.00%,6.13%,truncated;KL173_12_DB_group_98_wckE_2,100.00%,6.13%,truncated;KL173_12_DB_group_98_wckE_2,100.00%,6.13%,truncated;KL173_12_DB_group_98_wckE_2,100.00%,6.13%,truncated;KL173_12_DB_group_98_wckE_2,100.00%,6.13%,truncated	KL128_09_DB_group_51,100.00%,3.64%,truncated;KL128_09_DB_group_51,100.00%,3.64%,truncated;KL128_09_DB_group_51,100.00%,3.36%,partial;KL147_13_rmlB,100.00%,7.11%,truncated;KL147_13_rmlB,100.00%,7.11%,truncated;KL147_13_rmlB,96.30%,7.63%,truncated;KL173_12_DB_group_98_wckE_2,100.00%,2.12%,truncated;KL173_12_DB_group_98_wckE_2,100.00%,6.13%,truncated;KL173_12_DB_group_98_wckE_2,100.00%,6.13%,truncated;KL173_12_DB_group_98_wckE_2,100.00%,6.13%,truncated;KL173_12_DB_group_98_wckE_2,100.00%,6.13%,truncated;KL173_12_DB_group_98_wckE_2,100.00%,6.13%,truncated		ST167
3.3.2	Escherichia_coli_Group_2_and_3_K	4.0.0	GCA_040418505.1	ST167	KL157		Untypeable	-	100.00%	0.42%	-19127	1 / 14 (7.14%)	KL157_08_DB_group_38,100.00%,96.30%	KL157_01_kpsF;KL157_02_kpsE;KL157_03_kpsD;KL157_04_kpsU;KL157_05_kpsC;KL157_06_kpsS;KL157_07_DB_group_44;KL157_09_DB_group_75;KL157_10_kpsT;KL157_11_DB_group_2;KL157_12_DB_group_101;KL157_13_kpsM	0		1 / 14 (7.14%)	KL157_08_DB_group_38,100.00%,96.30%	3	KL128_09_DB_group_51,100.00%,3.64%,truncated;KL128_09_DB_group_51,100.00%,3.64%,truncated;KL147_13_rmlB,100.00%,7.11%,truncated;KL147_13_rmlB,88.89%,7.11%,truncated;KL173_12_DB_group_98_wckE_2,100.00%,6.13%,truncated;KL173_12_DB_group_98_wckE_2,100.00%,6.13%,truncated;KL173_12_DB_group_98_wckE_2,100.00%,6.13%,truncated;KL173_12_DB_group_98_wckE_2,100.00%,6.13%,partial;KL173_12_DB_group_98_wckE_2,100.00%,6.13%,truncated;KL173_12_DB_group_98_wckE_2,100.00%,6.13%,truncated	KL128_09_DB_group_51,100.00%,3.64%,truncated;KL128_09_DB_group_51,100.00%,3.64%,truncated;KL147_13_rmlB,100.00%,7.11%,truncated;KL147_13_rmlB,88.89%,7.11%,truncated;KL173_12_DB_group_98_wckE_2,100.00%,6.13%,truncated;KL173_12_DB_group_98_wckE_2,100.00%,6.13%,truncated;KL173_12_DB_group_98_wckE_2,100.00%,6.13%,truncated;KL173_12_DB_group_98_wckE_2,100.00%,6.13%,partial;KL173_12_DB_group_98_wckE_2,100.00%,6.13%,truncated;KL173_12_DB_group_98_wckE_2,100.00%,6.13%,truncated		ST167
3.3.2	Escherichia_coli_Group_2_and_3_K	4.0.0	GCA_040418525.1	ST167	KL145		Untypeable	-	100.00%	0.50%	-16688	1 / 13 (7.69%)	KL145_11_DB_group_98,100.00%,96.43%	KL145_01_kpsF;KL145_02_kpsE;KL145_03_kpsD;KL145_04_kpsU;KL145_05_kpsC;KL145_06_kpsS;KL145_07_DB_group_91;KL145_08_ugd;KL145_09_wcaK;KL145_10_kfoC;KL145_12_kpsT;KL145_13_kpsM	0		0 / 13 (0.00%)		3	KL128_09_DB_group_51,100.00%,3.64%,truncated;KL128_09_DB_group_51,100.00%,3.64%,truncated;KL128_09_DB_group_51,100.00%,3.36%,partial;KL147_13_rmlB,100.00%,7.11%,truncated;KL147_13_rmlB,100.00%,7.11%,truncated;KL147_13_rmlB,96.30%,7.63%,truncated;KL173_12_DB_group_98_wckE_2,100.00%,6.13%,truncated;KL173_12_DB_group_98_wckE_2,100.00%,6.13%,truncated;KL173_12_DB_group_98_wckE_2,100.00%,6.13%,truncated;KL173_12_DB_group_98_wckE_2,100.00%,6.13%,truncated;KL173_12_DB_group_98_wckE_2,100.00%,6.13%,truncated;KL173_12_DB_group_98_wckE_2,100.00%,6.13%,truncated	KL128_09_DB_group_51,100.00%,3.64%,truncated;KL128_09_DB_group_51,100.00%,3.64%,truncated;KL128_09_DB_group_51,100.00%,3.36%,partial;KL147_13_rmlB,100.00%,7.11%,truncated;KL147_13_rmlB,100.00%,7.11%,truncated;KL147_13_rmlB,96.30%,7.63%,truncated;KL173_12_DB_group_98_wckE_2,100.00%,6.13%,truncated;KL173_12_DB_group_98_wckE_2,100.00%,6.13%,truncated;KL173_12_DB_group_98_wckE_2,100.00%,6.13%,truncated;KL173_12_DB_group_98_wckE_2,100.00%,6.13%,truncated;KL173_12_DB_group_98_wckE_2,100.00%,6.13%,truncated;KL173_12_DB_group_98_wckE_2,100.00%,6.13%,truncated		ST167
3.3.2	Escherichia_coli_Group_2_and_3_K	4.0.0	GCA_040418545.1	ST167	KL157		Untypeable	-	100.00%	0.42%	-19127	1 / 14 (7.14%)	KL157_08_DB_group_38,100.00%,96.30%	KL157_01_kpsF;KL157_02_kpsE;KL157_03_kpsD;KL157_04_kpsU;KL157_05_kpsC;KL157_06_kpsS;KL157_07_DB_group_44;KL157_09_DB_group_75;KL157_10_kpsT;KL157_11_DB_group_2;KL157_12_DB_group_101;KL157_13_kpsM	0		1 / 14 (7.14%)	KL157_08_DB_group_38,100.00%,96.30%;KL157_08_DB_group_38,100.00%,96.30%;KL157_08_DB_group_38,100.00%,96.30%	3	KL128_09_DB_group_51,100.00%,3.64%,truncated;KL128_09_DB_group_51,100.00%,3.64%,truncated;KL128_09_DB_group_51,96.15%,3.64%,truncated;KL147_13_rmlB,100.00%,7.11%,truncated;KL147_13_rmlB,88.89%,7.11%,truncated;KL173_12_DB_group_98_wckE_2,100.00%,6.13%,truncated;KL173_12_DB_group_98_wckE_2,100.00%,6.13%,truncated;KL173_12_DB_group_98_wckE_2,100.00%,6.13%,truncated;KL173_12_DB_group_98_wckE_2,100.00%,6.13%,partial;KL173_12_DB_group_98_wckE_2,100.00%,6.13%,truncated;KL173_12_DB_group_98_wckE_2,96.15%,6.13%,truncated	KL128_09_DB_group_51,100.00%,3.64%,truncated;KL128_09_DB_group_51,100.00%,3.64%,truncated;KL128_09_DB_group_51,96.15%,3.64%,truncated;KL147_13_rmlB,100.00%,7.11%,truncated;KL147_13_rmlB,88.89%,7.11%,truncated;KL173_12_DB_group_98_wckE_2,100.00%,6.13%,truncated;KL173_12_DB_group_98_wckE_2,100.00%,6.13%,truncated;KL173_12_DB_group_98_wckE_2,100.00%,6.13%,truncated;KL173_12_DB_group_98_wckE_2,100.00%,6.13%,partial;KL173_12_DB_group_98_wckE_2,100.00%,6.13%,truncated;KL173_12_DB_group_98_wckE_2,96.15%,6.13%,truncated		ST167
3.3.2	Escherichia_coli_Group_2_and_3_K	4.0.0	GCA_040418565.1	ST167	KL157		Untypeable	-	100.00%	0.42%	-19127	1 / 14 (7.14%)	KL157_08_DB_group_38,100.00%,96.30%	KL157_01_kpsF;KL157_02_kpsE;KL157_03_kpsD;KL157_04_kpsU;KL157_05_kpsC;KL157_06_kpsS;KL157_07_DB_group_44;KL157_09_DB_group_75;KL157_10_kpsT;KL157_11_DB_group_2;KL157_12_DB_group_101;KL157_13_kpsM	0		1 / 14 (7.14%)	KL157_08_DB_group_38,100.00%,96.30%	3	KL128_09_DB_group_51,100.00%,3.64%,truncated;KL128_09_DB_group_51,100.00%,3.64%,truncated;KL147_13_rmlB,100.00%,7.11%,truncated;KL147_13_rmlB,88.89%,7.11%,truncated;KL173_12_DB_group_98_wckE_2,100.00%,2.12%,truncated;KL173_12_DB_group_98_wckE_2,100.00%,6.13%,truncated;KL173_12_DB_group_98_wckE_2,100.00%,6.13%,truncated;KL173_12_DB_group_98_wckE_2,100.00%,6.13%,truncated;KL173_12_DB_group_98_wckE_2,100.00%,6.13%,truncated;KL173_12_DB_group_98_wckE_2,100.00%,6.13%,truncated	KL128_09_DB_group_51,100.00%,3.64%,truncated;KL128_09_DB_group_51,100.00%,3.64%,truncated;KL147_13_rmlB,100.00%,7.11%,truncated;KL147_13_rmlB,88.89%,7.11%,truncated;KL173_12_DB_group_98_wckE_2,100.00%,2.12%,truncated;KL173_12_DB_group_98_wckE_2,100.00%,6.13%,truncated;KL173_12_DB_group_98_wckE_2,100.00%,6.13%,truncated;KL173_12_DB_group_98_wckE_2,100.00%,6.13%,truncated;KL173_12_DB_group_98_wckE_2,100.00%,6.13%,truncated;KL173_12_DB_group_98_wckE_2,100.00%,6.13%,truncated		ST167
3.3.2	Escherichia_coli_Group_2_and_3_K	4.0.0	GCA_040418585.1	ST167	KL145		Untypeable	-	100.00%	0.50%	-16688	1 / 13 (7.69%)	KL145_11_DB_group_98,100.00%,96.43%	KL145_01_kpsF;KL145_02_kpsE;KL145_03_kpsD;KL145_04_kpsU;KL145_05_kpsC;KL145_06_kpsS;KL145_07_DB_group_91;KL145_08_ugd;KL145_09_wcaK;KL145_10_kfoC;KL145_12_kpsT;KL145_13_kpsM	0		0 / 13 (0.00%)		3	KL128_09_DB_group_51,100.00%,3.64%,truncated;KL128_09_DB_group_51,100.00%,3.64%,truncated;KL128_09_DB_group_51,100.00%,3.64%,truncated;KL128_09_DB_group_51,100.00%,3.36%,partial;KL147_13_rmlB,100.00%,7.11%,truncated;KL147_13_rmlB,100.00%,7.11%,truncated;KL147_13_rmlB,96.30%,7.63%,truncated;KL173_12_DB_group_98_wckE_2,100.00%,2.12%,truncated;KL173_12_DB_group_98_wckE_2,100.00%,6.13%,truncated;KL173_12_DB_group_98_wckE_2,100.00%,6.13%,truncated;KL173_12_DB_group_98_wckE_2,100.00%,6.13%,truncated;KL173_12_DB_group_98_wckE_2,100.00%,6.13%,truncated;KL173_12_DB_group_98_wckE_2,100.00%,6.13%,truncated	KL128_09_DB_group_51,100.00%,3.64%,truncated;KL128_09_DB_group_51,100.00%,3.64%,truncated;KL128_09_DB_group_51,100.00%,3.64%,truncated;KL128_09_DB_group_51,100.00%,3.36%,partial;KL147_13_rmlB,100.00%,7.11%,truncated;KL147_13_rmlB,100.00%,7.11%,truncated;KL147_13_rmlB,96.30%,7.63%,truncated;KL173_12_DB_group_98_wckE_2,100.00%,2.12%,truncated;KL173_12_DB_group_98_wckE_2,100.00%,6.13%,truncated;KL173_12_DB_group_98_wckE_2,100.00%,6.13%,truncated;KL173_12_DB_group_98_wckE_2,100.00%,6.13%,truncated;KL173_12_DB_group_98_wckE_2,100.00%,6.13%,truncated;KL173_12_DB_group_98_wckE_2,100.00%,6.13%,truncated		ST167
3.3.2	Escherichia_coli_Group_2_and_3_K	4.0.0	GCA_040418605.1	ST167	KL157		Untypeable	-	100.00%	0.42%	-19127	1 / 14 (7.14%)	KL157_08_DB_group_38,100.00%,96.30%	KL157_01_kpsF;KL157_02_kpsE;KL157_03_kpsD;KL157_04_kpsU;KL157_05_kpsC;KL157_06_kpsS;KL157_07_DB_group_44;KL157_09_DB_group_75;KL157_10_kpsT;KL157_11_DB_group_2;KL157_12_DB_group_101;KL157_13_kpsM	0		1 / 14 (7.14%)	KL157_08_DB_group_38,100.00%,96.30%	3	KL128_09_DB_group_51,100.00%,3.64%,truncated;KL128_09_DB_group_51,100.00%,3.64%,truncated;KL128_09_DB_group_51,96.15%,3.64%,truncated;KL147_13_rmlB,100.00%,7.11%,truncated;KL147_13_rmlB,88.89%,7.11%,truncated;KL173_12_DB_group_98_wckE_2,100.00%,2.12%,truncated;KL173_12_DB_group_98_wckE_2,100.00%,6.13%,truncated;KL173_12_DB_group_98_wckE_2,100.00%,6.13%,truncated;KL173_12_DB_group_98_wckE_2,100.00%,6.13%,truncated;KL173_12_DB_group_98_wckE_2,100.00%,6.13%,truncated;KL173_12_DB_group_98_wckE_2,100.00%,6.13%,truncated	KL128_09_DB_group_51,100.00%,3.64%,truncated;KL128_09_DB_group_51,100.00%,3.64%,truncated;KL128_09_DB_group_51,96.15%,3.64%,truncated;KL147_13_rmlB,100.00%,7.11%,truncated;KL147_13_rmlB,88.89%,7.11%,truncated;KL173_12_DB_group_98_wckE_2,100.00%,2.12%,truncated;KL173_12_DB_group_98_wckE_2,100.00%,6.13%,truncated;KL173_12_DB_group_98_wckE_2,100.00%,6.13%,truncated;KL173_12_DB_group_98_wckE_2,100.00%,6.13%,truncated;KL173_12_DB_group_98_wckE_2,100.00%,6.13%,truncated;KL173_12_DB_group_98_wckE_2,100.00%,6.13%,truncated		ST167
3.3.2	Escherichia_coli_Group_2_and_3_K	4.0.0	GCA_040418625.1	ST167	KL157		Untypeable	-	100.00%	0.42%	-19127	1 / 14 (7.14%)	KL157_08_DB_group_38,100.00%,96.30%	KL157_01_kpsF;KL157_02_kpsE;KL157_03_kpsD;KL157_04_kpsU;KL157_05_kpsC;KL157_06_kpsS;KL157_07_DB_group_44;KL157_09_DB_group_75;KL157_10_kpsT;KL157_11_DB_group_2;KL157_12_DB_group_101;KL157_13_kpsM	0		1 / 14 (7.14%)	KL157_08_DB_group_38,100.00%,96.30%	3	KL128_09_DB_group_51,100.00%,3.64%,truncated;KL128_09_DB_group_51,100.00%,3.64%,truncated;KL128_09_DB_group_51,96.15%,3.64%,truncated;KL147_13_rmlB,100.00%,7.11%,truncated;KL147_13_rmlB,88.89%,7.11%,truncated;KL173_12_DB_group_98_wckE_2,100.00%,6.13%,truncated;KL173_12_DB_group_98_wckE_2,100.00%,6.13%,truncated;KL173_12_DB_group_98_wckE_2,100.00%,6.13%,truncated;KL173_12_DB_group_98_wckE_2,100.00%,6.13%,truncated;KL173_12_DB_group_98_wckE_2,100.00%,6.13%,partial;KL173_12_DB_group_98_wckE_2,100.00%,6.13%,truncated	KL128_09_DB_group_51,100.00%,3.64%,truncated;KL128_09_DB_group_51,100.00%,3.64%,truncated;KL128_09_DB_group_51,96.15%,3.64%,truncated;KL147_13_rmlB,100.00%,7.11%,truncated;KL147_13_rmlB,88.89%,7.11%,truncated;KL173_12_DB_group_98_wckE_2,100.00%,6.13%,truncated;KL173_12_DB_group_98_wckE_2,100.00%,6.13%,truncated;KL173_12_DB_group_98_wckE_2,100.00%,6.13%,truncated;KL173_12_DB_group_98_wckE_2,100.00%,6.13%,truncated;KL173_12_DB_group_98_wckE_2,100.00%,6.13%,partial;KL173_12_DB_group_98_wckE_2,100.00%,6.13%,truncated		ST167
3.3.2	Escherichia_coli_Group_2_and_3_K	4.0.0	GCA_040418645.1	ST167	KL157		Untypeable	-	100.00%	0.42%	-19127	1 / 14 (7.14%)	KL157_08_DB_group_38,100.00%,96.30%	KL157_01_kpsF;KL157_02_kpsE;KL157_03_kpsD;KL157_04_kpsU;KL157_05_kpsC;KL157_06_kpsS;KL157_07_DB_group_44;KL157_09_DB_group_75;KL157_10_kpsT;KL157_11_DB_group_2;KL157_12_DB_group_101;KL157_13_kpsM	0		1 / 14 (7.14%)	KL157_08_DB_group_38,100.00%,96.30%	3	KL128_09_DB_group_51,100.00%,3.64%,truncated;KL128_09_DB_group_51,100.00%,3.64%,partial;KL128_09_DB_group_51,100.00%,3.64%,truncated;KL147_13_rmlB,100.00%,7.11%,truncated;KL147_13_rmlB,88.89%,7.11%,truncated;KL173_12_DB_group_98_wckE_2,100.00%,2.12%,truncated;KL173_12_DB_group_98_wckE_2,100.00%,6.13%,truncated;KL173_12_DB_group_98_wckE_2,100.00%,6.13%,truncated;KL173_12_DB_group_98_wckE_2,100.00%,6.13%,truncated;KL173_12_DB_group_98_wckE_2,100.00%,6.13%,truncated;KL173_12_DB_group_98_wckE_2,100.00%,6.13%,truncated	KL128_09_DB_group_51,100.00%,3.64%,truncated;KL128_09_DB_group_51,100.00%,3.64%,partial;KL128_09_DB_group_51,100.00%,3.64%,truncated;KL147_13_rmlB,100.00%,7.11%,truncated;KL147_13_rmlB,88.89%,7.11%,truncated;KL173_12_DB_group_98_wckE_2,100.00%,2.12%,truncated;KL173_12_DB_group_98_wckE_2,100.00%,6.13%,truncated;KL173_12_DB_group_98_wckE_2,100.00%,6.13%,truncated;KL173_12_DB_group_98_wckE_2,100.00%,6.13%,truncated;KL173_12_DB_group_98_wckE_2,100.00%,6.13%,truncated;KL173_12_DB_group_98_wckE_2,100.00%,6.13%,truncated		ST167
3.3.2	Escherichia_coli_Group_2_and_3_K	4.0.0	GCA_040418685.1	ST167	KL157		Untypeable	-	100.00%	0.42%	-19127	1 / 13 (7.69%)	KL157_08_DB_group_38,100.00%,96.30%	KL157_01_kpsF;KL157_02_kpsE;KL157_03_kpsD;KL157_04_kpsU;KL157_05_kpsC;KL157_06_kpsS;KL157_07_DB_group_44;KL157_09_DB_group_75;KL157_10_kpsT;KL157_11_DB_group_2;KL157_12_DB_group_101;KL157_13_kpsM	0		0 / 13 (0.00%)		3	KL128_09_DB_group_51,100.00%,3.64%,truncated;KL128_09_DB_group_51,100.00%,3.64%,truncated;KL128_09_DB_group_51,96.15%,3.64%,truncated;KL147_13_rmlB,100.00%,7.11%,truncated;KL147_13_rmlB,88.89%,7.11%,truncated;KL173_12_DB_group_98_wckE_2,100.00%,6.13%,truncated;KL173_12_DB_group_98_wckE_2,100.00%,6.13%,truncated;KL173_12_DB_group_98_wckE_2,100.00%,6.13%,truncated;KL173_12_DB_group_98_wckE_2,100.00%,6.13%,truncated;KL173_12_DB_group_98_wckE_2,100.00%,6.13%,truncated;KL173_12_DB_group_98_wckE_2,96.15%,6.13%,truncated	KL128_09_DB_group_51,100.00%,3.64%,truncated;KL128_09_DB_group_51,100.00%,3.64%,truncated;KL128_09_DB_group_51,96.15%,3.64%,truncated;KL147_13_rmlB,100.00%,7.11%,truncated;KL147_13_rmlB,88.89%,7.11%,truncated;KL173_12_DB_group_98_wckE_2,100.00%,6.13%,truncated;KL173_12_DB_group_98_wckE_2,100.00%,6.13%,truncated;KL173_12_DB_group_98_wckE_2,100.00%,6.13%,truncated;KL173_12_DB_group_98_wckE_2,100.00%,6.13%,truncated;KL173_12_DB_group_98_wckE_2,100.00%,6.13%,truncated;KL173_12_DB_group_98_wckE_2,96.15%,6.13%,truncated		ST167
3.3.2	Escherichia_coli_Group_2_and_3_K	4.0.0	GCA_040418705.1	ST167	KL162		Untypeable	-!	0.00%	4.15%	-21702	1 / 16 (6.25%)	KL162_07_ugd_2,78.53%,80.21%,truncated	KL162_01_kpsD_5;KL162_02_kpsM_8;KL162_03_kpsT_7;KL162_04_kpsE_2;KL162_05_DB_group_212;KL162_06_DB_group_195;KL162_08_K96-09;KL162_09_wckE;KL162_10_DB_group_184;KL162_11_rmlB_2;KL162_12_rmlD_2;KL162_13_rmlA_2;KL162_14_rmlC_2;KL162_15_kpsC_5;KL162_16_kpsS_5	0		0 / 16 (0.00%)		3	KL128_09_DB_group_51,100.00%,3.64%,truncated;KL128_09_DB_group_51,100.00%,3.64%,truncated;KL128_09_DB_group_51,100.00%,3.64%,truncated;KL147_13_rmlB,100.00%,7.11%,truncated;KL147_13_rmlB,100.00%,7.11%,truncated;KL147_13_rmlB,96.30%,7.63%,truncated;KL173_12_DB_group_98_wckE_2,100.00%,2.12%,truncated;KL173_12_DB_group_98_wckE_2,100.00%,6.13%,truncated;KL173_12_DB_group_98_wckE_2,100.00%,6.13%,truncated;KL173_12_DB_group_98_wckE_2,100.00%,6.13%,truncated;KL173_12_DB_group_98_wckE_2,100.00%,6.13%,truncated;KL173_12_DB_group_98_wckE_2,100.00%,6.13%,truncated	KL128_09_DB_group_51,100.00%,3.64%,truncated;KL128_09_DB_group_51,100.00%,3.64%,truncated;KL128_09_DB_group_51,100.00%,3.64%,truncated;KL147_13_rmlB,100.00%,7.11%,truncated;KL147_13_rmlB,100.00%,7.11%,truncated;KL147_13_rmlB,96.30%,7.63%,truncated;KL162_07_ugd_2,78.53%,80.21%,truncated;KL173_12_DB_group_98_wckE_2,100.00%,2.12%,truncated;KL173_12_DB_group_98_wckE_2,100.00%,6.13%,truncated;KL173_12_DB_group_98_wckE_2,100.00%,6.13%,truncated;KL173_12_DB_group_98_wckE_2,100.00%,6.13%,truncated;KL173_12_DB_group_98_wckE_2,100.00%,6.13%,truncated;KL173_12_DB_group_98_wckE_2,100.00%,6.13%,truncated		ST167
3.3.2	Escherichia_coli_Group_2_and_3_K	4.0.0	GCA_040418725.1	ST167	KL157		Untypeable	-	100.00%	0.42%	-19127	1 / 14 (7.14%)	KL157_08_DB_group_38,100.00%,96.30%	KL157_01_kpsF;KL157_02_kpsE;KL157_03_kpsD;KL157_04_kpsU;KL157_05_kpsC;KL157_06_kpsS;KL157_07_DB_group_44;KL157_09_DB_group_75;KL157_10_kpsT;KL157_11_DB_group_2;KL157_12_DB_group_101;KL157_13_kpsM	0		1 / 14 (7.14%)	KL157_08_DB_group_38,100.00%,96.30%	3	KL128_09_DB_group_51,100.00%,3.64%,truncated;KL128_09_DB_group_51,100.00%,3.64%,truncated;KL128_09_DB_group_51,100.00%,3.64%,partial;KL147_13_rmlB,100.00%,7.11%,truncated;KL147_13_rmlB,88.89%,7.11%,truncated;KL173_12_DB_group_98_wckE_2,100.00%,6.13%,truncated;KL173_12_DB_group_98_wckE_2,100.00%,6.13%,truncated;KL173_12_DB_group_98_wckE_2,100.00%,6.13%,truncated;KL173_12_DB_group_98_wckE_2,100.00%,6.13%,truncated;KL173_12_DB_group_98_wckE_2,100.00%,6.13%,partial;KL173_12_DB_group_98_wckE_2,96.15%,6.13%,truncated	KL128_09_DB_group_51,100.00%,3.64%,truncated;KL128_09_DB_group_51,100.00%,3.64%,truncated;KL128_09_DB_group_51,100.00%,3.64%,partial;KL147_13_rmlB,100.00%,7.11%,truncated;KL147_13_rmlB,88.89%,7.11%,truncated;KL173_12_DB_group_98_wckE_2,100.00%,6.13%,truncated;KL173_12_DB_group_98_wckE_2,100.00%,6.13%,truncated;KL173_12_DB_group_98_wckE_2,100.00%,6.13%,truncated;KL173_12_DB_group_98_wckE_2,100.00%,6.13%,truncated;KL173_12_DB_group_98_wckE_2,100.00%,6.13%,partial;KL173_12_DB_group_98_wckE_2,96.15%,6.13%,truncated		ST167
3.3.2	Escherichia_coli_Group_2_and_3_K	4.0.0	GCA_040418745.1	ST167	KL157		Untypeable	-	100.00%	0.42%	-19127	1 / 14 (7.14%)	KL157_08_DB_group_38,100.00%,96.30%	KL157_01_kpsF;KL157_02_kpsE;KL157_03_kpsD;KL157_04_kpsU;KL157_05_kpsC;KL157_06_kpsS;KL157_07_DB_group_44;KL157_09_DB_group_75;KL157_10_kpsT;KL157_11_DB_group_2;KL157_12_DB_group_101;KL157_13_kpsM	0		1 / 14 (7.14%)	KL157_08_DB_group_38,100.00%,96.30%;KL157_08_DB_group_38,100.00%,96.30%	3	KL128_09_DB_group_51,100.00%,3.64%,truncated;KL128_09_DB_group_51,100.00%,3.64%,truncated;KL128_09_DB_group_51,96.15%,3.64%,truncated;KL147_13_rmlB,100.00%,7.11%,truncated;KL147_13_rmlB,88.89%,7.11%,truncated;KL173_12_DB_group_98_wckE_2,100.00%,2.12%,truncated;KL173_12_DB_group_98_wckE_2,100.00%,6.13%,truncated;KL173_12_DB_group_98_wckE_2,100.00%,6.13%,truncated;KL173_12_DB_group_98_wckE_2,100.00%,6.13%,truncated;KL173_12_DB_group_98_wckE_2,100.00%,6.13%,truncated;KL173_12_DB_group_98_wckE_2,96.15%,6.13%,truncated	KL128_09_DB_group_51,100.00%,3.64%,truncated;KL128_09_DB_group_51,100.00%,3.64%,truncated;KL128_09_DB_group_51,96.15%,3.64%,truncated;KL147_13_rmlB,100.00%,7.11%,truncated;KL147_13_rmlB,88.89%,7.11%,truncated;KL173_12_DB_group_98_wckE_2,100.00%,2.12%,truncated;KL173_12_DB_group_98_wckE_2,100.00%,6.13%,truncated;KL173_12_DB_group_98_wckE_2,100.00%,6.13%,truncated;KL173_12_DB_group_98_wckE_2,100.00%,6.13%,truncated;KL173_12_DB_group_98_wckE_2,100.00%,6.13%,truncated;KL173_12_DB_group_98_wckE_2,96.15%,6.13%,truncated		ST167
3.3.2	Escherichia_coli_Group_2_and_3_K	4.0.0	GCA_040418755.1	ST167	KL157		Untypeable	-	100.00%	0.42%	-19127	1 / 14 (7.14%)	KL157_08_DB_group_38,100.00%,96.30%	KL157_01_kpsF;KL157_02_kpsE;KL157_03_kpsD;KL157_04_kpsU;KL157_05_kpsC;KL157_06_kpsS;KL157_07_DB_group_44;KL157_09_DB_group_75;KL157_10_kpsT;KL157_11_DB_group_2;KL157_12_DB_group_101;KL157_13_kpsM	0		1 / 14 (7.14%)	KL157_08_DB_group_38,100.00%,96.30%	3	KL128_09_DB_group_51,100.00%,3.64%,truncated;KL128_09_DB_group_51,100.00%,3.64%,truncated;KL147_13_rmlB,100.00%,7.11%,truncated;KL147_13_rmlB,88.89%,7.11%,truncated;KL173_12_DB_group_98_wckE_2,100.00%,6.13%,truncated;KL173_12_DB_group_98_wckE_2,100.00%,6.13%,truncated;KL173_12_DB_group_98_wckE_2,100.00%,6.13%,truncated;KL173_12_DB_group_98_wckE_2,100.00%,6.13%,truncated;KL173_12_DB_group_98_wckE_2,100.00%,6.13%,truncated;KL173_12_DB_group_98_wckE_2,100.00%,6.13%,truncated	KL128_09_DB_group_51,100.00%,3.64%,truncated;KL128_09_DB_group_51,100.00%,3.64%,truncated;KL147_13_rmlB,100.00%,7.11%,truncated;KL147_13_rmlB,88.89%,7.11%,truncated;KL173_12_DB_group_98_wckE_2,100.00%,6.13%,truncated;KL173_12_DB_group_98_wckE_2,100.00%,6.13%,truncated;KL173_12_DB_group_98_wckE_2,100.00%,6.13%,truncated;KL173_12_DB_group_98_wckE_2,100.00%,6.13%,truncated;KL173_12_DB_group_98_wckE_2,100.00%,6.13%,truncated;KL173_12_DB_group_98_wckE_2,100.00%,6.13%,truncated		ST167
3.3.2	Escherichia_coli_Group_2_and_3_K	4.0.0	GCA_040418805.1	ST167	KL157		Untypeable	-	100.00%	0.42%	-19127	1 / 14 (7.14%)	KL157_08_DB_group_38,100.00%,96.30%	KL157_01_kpsF;KL157_02_kpsE;KL157_03_kpsD;KL157_04_kpsU;KL157_05_kpsC;KL157_06_kpsS;KL157_07_DB_group_44;KL157_09_DB_group_75;KL157_10_kpsT;KL157_11_DB_group_2;KL157_12_DB_group_101;KL157_13_kpsM	0		1 / 14 (7.14%)	KL157_08_DB_group_38,100.00%,96.30%	3	KL128_09_DB_group_51,100.00%,3.64%,truncated;KL128_09_DB_group_51,100.00%,3.64%,truncated;KL147_13_rmlB,100.00%,7.11%,truncated;KL147_13_rmlB,88.89%,7.11%,truncated;KL173_12_DB_group_98_wckE_2,100.00%,2.12%,truncated;KL173_12_DB_group_98_wckE_2,100.00%,6.13%,truncated;KL173_12_DB_group_98_wckE_2,100.00%,6.13%,truncated;KL173_12_DB_group_98_wckE_2,100.00%,6.13%,truncated;KL173_12_DB_group_98_wckE_2,100.00%,6.13%,truncated;KL173_12_DB_group_98_wckE_2,100.00%,6.13%,truncated	KL128_09_DB_group_51,100.00%,3.64%,truncated;KL128_09_DB_group_51,100.00%,3.64%,truncated;KL147_13_rmlB,100.00%,7.11%,truncated;KL147_13_rmlB,88.89%,7.11%,truncated;KL173_12_DB_group_98_wckE_2,100.00%,2.12%,truncated;KL173_12_DB_group_98_wckE_2,100.00%,6.13%,truncated;KL173_12_DB_group_98_wckE_2,100.00%,6.13%,truncated;KL173_12_DB_group_98_wckE_2,100.00%,6.13%,truncated;KL173_12_DB_group_98_wckE_2,100.00%,6.13%,truncated;KL173_12_DB_group_98_wckE_2,100.00%,6.13%,truncated		ST167
3.3.2	Escherichia_coli_Group_2_and_3_K	4.0.0	GCA_040418825.1	ST167	KL157		Untypeable	-	100.00%	0.42%	-19127	1 / 14 (7.14%)	KL157_08_DB_group_38,100.00%,96.30%	KL157_01_kpsF;KL157_02_kpsE;KL157_03_kpsD;KL157_04_kpsU;KL157_05_kpsC;KL157_06_kpsS;KL157_07_DB_group_44;KL157_09_DB_group_75;KL157_10_kpsT;KL157_11_DB_group_2;KL157_12_DB_group_101;KL157_13_kpsM	0		1 / 14 (7.14%)	KL157_08_DB_group_38,100.00%,96.30%	3	KL128_09_DB_group_51,100.00%,3.64%,truncated;KL128_09_DB_group_51,100.00%,3.64%,truncated;KL128_09_DB_group_51,96.15%,3.64%,truncated;KL147_13_rmlB,100.00%,7.11%,truncated;KL147_13_rmlB,88.89%,7.11%,truncated;KL173_12_DB_group_98_wckE_2,100.00%,2.12%,truncated;KL173_12_DB_group_98_wckE_2,100.00%,6.13%,truncated;KL173_12_DB_group_98_wckE_2,100.00%,6.13%,truncated;KL173_12_DB_group_98_wckE_2,100.00%,6.13%,truncated;KL173_12_DB_group_98_wckE_2,100.00%,6.13%,truncated;KL173_12_DB_group_98_wckE_2,100.00%,6.13%,truncated	KL128_09_DB_group_51,100.00%,3.64%,truncated;KL128_09_DB_group_51,100.00%,3.64%,truncated;KL128_09_DB_group_51,96.15%,3.64%,truncated;KL147_13_rmlB,100.00%,7.11%,truncated;KL147_13_rmlB,88.89%,7.11%,truncated;KL173_12_DB_group_98_wckE_2,100.00%,2.12%,truncated;KL173_12_DB_group_98_wckE_2,100.00%,6.13%,truncated;KL173_12_DB_group_98_wckE_2,100.00%,6.13%,truncated;KL173_12_DB_group_98_wckE_2,100.00%,6.13%,truncated;KL173_12_DB_group_98_wckE_2,100.00%,6.13%,truncated;KL173_12_DB_group_98_wckE_2,100.00%,6.13%,truncated		ST167
3.3.2	Escherichia_coli_Group_2_and_3_K	4.0.0	GCA_040418845.1	ST167	KL157		Untypeable	-	100.00%	0.42%	-19127	1 / 14 (7.14%)	KL157_08_DB_group_38,100.00%,96.30%	KL157_01_kpsF;KL157_02_kpsE;KL157_03_kpsD;KL157_04_kpsU;KL157_05_kpsC;KL157_06_kpsS;KL157_07_DB_group_44;KL157_09_DB_group_75;KL157_10_kpsT;KL157_11_DB_group_2;KL157_12_DB_group_101;KL157_13_kpsM	0		1 / 14 (7.14%)	KL157_08_DB_group_38,100.00%,96.30%	3	KL128_09_DB_group_51,100.00%,3.64%,truncated;KL128_09_DB_group_51,100.00%,3.64%,truncated;KL128_09_DB_group_51,96.15%,3.64%,truncated;KL147_13_rmlB,100.00%,7.11%,truncated;KL147_13_rmlB,88.89%,7.11%,truncated;KL173_12_DB_group_98_wckE_2,100.00%,6.13%,truncated;KL173_12_DB_group_98_wckE_2,100.00%,6.13%,truncated;KL173_12_DB_group_98_wckE_2,100.00%,6.13%,truncated;KL173_12_DB_group_98_wckE_2,100.00%,6.13%,truncated;KL173_12_DB_group_98_wckE_2,100.00%,6.13%,truncated;KL173_12_DB_group_98_wckE_2,100.00%,6.13%,truncated	KL128_09_DB_group_51,100.00%,3.64%,truncated;KL128_09_DB_group_51,100.00%,3.64%,truncated;KL128_09_DB_group_51,96.15%,3.64%,truncated;KL147_13_rmlB,100.00%,7.11%,truncated;KL147_13_rmlB,88.89%,7.11%,truncated;KL173_12_DB_group_98_wckE_2,100.00%,6.13%,truncated;KL173_12_DB_group_98_wckE_2,100.00%,6.13%,truncated;KL173_12_DB_group_98_wckE_2,100.00%,6.13%,truncated;KL173_12_DB_group_98_wckE_2,100.00%,6.13%,truncated;KL173_12_DB_group_98_wckE_2,100.00%,6.13%,truncated;KL173_12_DB_group_98_wckE_2,100.00%,6.13%,truncated		ST167
3.3.2	Escherichia_coli_Group_2_and_3_K	4.0.0	GCA_040418885.1	ST167	KL157		Untypeable	-	100.00%	0.42%	-19127	1 / 14 (7.14%)	KL157_08_DB_group_38,100.00%,96.30%	KL157_01_kpsF;KL157_02_kpsE;KL157_03_kpsD;KL157_04_kpsU;KL157_05_kpsC;KL157_06_kpsS;KL157_07_DB_group_44;KL157_09_DB_group_75;KL157_10_kpsT;KL157_11_DB_group_2;KL157_12_DB_group_101;KL157_13_kpsM	0		1 / 14 (7.14%)	KL157_08_DB_group_38,100.00%,96.30%	3	KL128_09_DB_group_51,100.00%,3.64%,truncated;KL128_09_DB_group_51,100.00%,3.64%,truncated;KL128_09_DB_group_51,96.15%,3.64%,truncated;KL147_13_rmlB,100.00%,7.11%,truncated;KL147_13_rmlB,88.89%,7.11%,truncated;KL173_12_DB_group_98_wckE_2,100.00%,2.12%,truncated;KL173_12_DB_group_98_wckE_2,100.00%,6.13%,truncated;KL173_12_DB_group_98_wckE_2,100.00%,6.13%,truncated;KL173_12_DB_group_98_wckE_2,100.00%,6.13%,truncated;KL173_12_DB_group_98_wckE_2,100.00%,6.13%,truncated;KL173_12_DB_group_98_wckE_2,100.00%,6.13%,truncated	KL128_09_DB_group_51,100.00%,3.64%,truncated;KL128_09_DB_group_51,100.00%,3.64%,truncated;KL128_09_DB_group_51,96.15%,3.64%,truncated;KL147_13_rmlB,100.00%,7.11%,truncated;KL147_13_rmlB,88.89%,7.11%,truncated;KL173_12_DB_group_98_wckE_2,100.00%,2.12%,truncated;KL173_12_DB_group_98_wckE_2,100.00%,6.13%,truncated;KL173_12_DB_group_98_wckE_2,100.00%,6.13%,truncated;KL173_12_DB_group_98_wckE_2,100.00%,6.13%,truncated;KL173_12_DB_group_98_wckE_2,100.00%,6.13%,truncated;KL173_12_DB_group_98_wckE_2,100.00%,6.13%,truncated		ST167
3.3.2	Escherichia_coli_Group_2_and_3_K	4.0.0	GCA_040418905.1	ST167	KL162		Untypeable	-!	0.00%	4.15%	-21702	1 / 16 (6.25%)	KL162_07_ugd_2,78.53%,80.21%,truncated	KL162_01_kpsD_5;KL162_02_kpsM_8;KL162_03_kpsT_7;KL162_04_kpsE_2;KL162_05_DB_group_212;KL162_06_DB_group_195;KL162_08_K96-09;KL162_09_wckE;KL162_10_DB_group_184;KL162_11_rmlB_2;KL162_12_rmlD_2;KL162_13_rmlA_2;KL162_14_rmlC_2;KL162_15_kpsC_5;KL162_16_kpsS_5	0		0 / 16 (0.00%)		3	KL128_09_DB_group_51,100.00%,3.64%,truncated;KL128_09_DB_group_51,100.00%,3.64%,truncated;KL128_09_DB_group_51,100.00%,3.64%,truncated;KL147_13_rmlB,100.00%,7.11%,truncated;KL147_13_rmlB,100.00%,7.11%,truncated;KL147_13_rmlB,96.30%,7.63%,truncated;KL173_12_DB_group_98_wckE_2,100.00%,2.12%,truncated;KL173_12_DB_group_98_wckE_2,100.00%,6.13%,truncated;KL173_12_DB_group_98_wckE_2,100.00%,6.13%,truncated;KL173_12_DB_group_98_wckE_2,100.00%,6.13%,truncated;KL173_12_DB_group_98_wckE_2,100.00%,6.13%,truncated;KL173_12_DB_group_98_wckE_2,100.00%,6.13%,truncated	KL128_09_DB_group_51,100.00%,3.64%,truncated;KL128_09_DB_group_51,100.00%,3.64%,truncated;KL128_09_DB_group_51,100.00%,3.64%,truncated;KL147_13_rmlB,100.00%,7.11%,truncated;KL147_13_rmlB,100.00%,7.11%,truncated;KL147_13_rmlB,96.30%,7.63%,truncated;KL162_07_ugd_2,78.53%,80.21%,truncated;KL173_12_DB_group_98_wckE_2,100.00%,2.12%,truncated;KL173_12_DB_group_98_wckE_2,100.00%,6.13%,truncated;KL173_12_DB_group_98_wckE_2,100.00%,6.13%,truncated;KL173_12_DB_group_98_wckE_2,100.00%,6.13%,truncated;KL173_12_DB_group_98_wckE_2,100.00%,6.13%,truncated;KL173_12_DB_group_98_wckE_2,100.00%,6.13%,truncated		ST167
3.3.2	Escherichia_coli_Group_2_and_3_K	4.0.0	GCA_040418915.1	ST167	KL157		Untypeable	-	100.00%	0.42%	-19127	1 / 14 (7.14%)	KL157_08_DB_group_38,100.00%,96.30%	KL157_01_kpsF;KL157_02_kpsE;KL157_03_kpsD;KL157_04_kpsU;KL157_05_kpsC;KL157_06_kpsS;KL157_07_DB_group_44;KL157_09_DB_group_75;KL157_10_kpsT;KL157_11_DB_group_2;KL157_12_DB_group_101;KL157_13_kpsM	0		1 / 14 (7.14%)	KL157_08_DB_group_38,100.00%,96.30%;KL157_08_DB_group_38,100.00%,96.30%	3	KL128_09_DB_group_51,100.00%,3.64%,truncated;KL128_09_DB_group_51,100.00%,3.64%,truncated;KL128_09_DB_group_51,96.15%,3.64%,truncated;KL128_09_DB_group_51,100.00%,3.22%,partial;KL147_13_rmlB,100.00%,7.11%,truncated;KL147_13_rmlB,88.89%,7.11%,truncated;KL173_12_DB_group_98_wckE_2,100.00%,2.12%,truncated;KL173_12_DB_group_98_wckE_2,100.00%,6.13%,truncated;KL173_12_DB_group_98_wckE_2,100.00%,6.13%,truncated;KL173_12_DB_group_98_wckE_2,100.00%,6.13%,truncated;KL173_12_DB_group_98_wckE_2,100.00%,6.13%,truncated;KL173_12_DB_group_98_wckE_2,96.15%,6.13%,truncated	KL128_09_DB_group_51,100.00%,3.64%,truncated;KL128_09_DB_group_51,100.00%,3.64%,truncated;KL128_09_DB_group_51,96.15%,3.64%,truncated;KL128_09_DB_group_51,100.00%,3.22%,partial;KL147_13_rmlB,100.00%,7.11%,truncated;KL147_13_rmlB,88.89%,7.11%,truncated;KL173_12_DB_group_98_wckE_2,100.00%,2.12%,truncated;KL173_12_DB_group_98_wckE_2,100.00%,6.13%,truncated;KL173_12_DB_group_98_wckE_2,100.00%,6.13%,truncated;KL173_12_DB_group_98_wckE_2,100.00%,6.13%,truncated;KL173_12_DB_group_98_wckE_2,100.00%,6.13%,truncated;KL173_12_DB_group_98_wckE_2,96.15%,6.13%,truncated		ST167
3.3.2	Escherichia_coli_Group_2_and_3_K	4.0.0	GCA_040418945.1	ST167	KL157		Untypeable	-	100.00%	0.42%	-19127	1 / 14 (7.14%)	KL157_08_DB_group_38,100.00%,96.30%	KL157_01_kpsF;KL157_02_kpsE;KL157_03_kpsD;KL157_04_kpsU;KL157_05_kpsC;KL157_06_kpsS;KL157_07_DB_group_44;KL157_09_DB_group_75;KL157_10_kpsT;KL157_11_DB_group_2;KL157_12_DB_group_101;KL157_13_kpsM	0		1 / 14 (7.14%)	KL157_08_DB_group_38,100.00%,96.30%;KL157_08_DB_group_38,100.00%,96.30%	3	KL128_09_DB_group_51,100.00%,3.64%,truncated;KL128_09_DB_group_51,100.00%,3.64%,truncated;KL128_09_DB_group_51,100.00%,3.64%,partial;KL147_13_rmlB,100.00%,7.11%,truncated;KL147_13_rmlB,88.89%,7.11%,truncated;KL173_12_DB_group_98_wckE_2,100.00%,6.13%,truncated;KL173_12_DB_group_98_wckE_2,100.00%,6.13%,truncated;KL173_12_DB_group_98_wckE_2,100.00%,6.13%,partial;KL173_12_DB_group_98_wckE_2,100.00%,6.13%,truncated;KL173_12_DB_group_98_wckE_2,100.00%,6.13%,truncated;KL173_12_DB_group_98_wckE_2,100.00%,6.13%,truncated	KL128_09_DB_group_51,100.00%,3.64%,truncated;KL128_09_DB_group_51,100.00%,3.64%,truncated;KL128_09_DB_group_51,100.00%,3.64%,partial;KL147_13_rmlB,100.00%,7.11%,truncated;KL147_13_rmlB,88.89%,7.11%,truncated;KL173_12_DB_group_98_wckE_2,100.00%,6.13%,truncated;KL173_12_DB_group_98_wckE_2,100.00%,6.13%,truncated;KL173_12_DB_group_98_wckE_2,100.00%,6.13%,partial;KL173_12_DB_group_98_wckE_2,100.00%,6.13%,truncated;KL173_12_DB_group_98_wckE_2,100.00%,6.13%,truncated;KL173_12_DB_group_98_wckE_2,100.00%,6.13%,truncated		ST167
3.3.2	Escherichia_coli_Group_2_and_3_K	4.0.0	GCA_040418965.1	ST167	KL157		Untypeable	-	100.00%	0.42%	-19127	1 / 13 (7.69%)	KL157_08_DB_group_38,100.00%,96.30%	KL157_01_kpsF;KL157_02_kpsE;KL157_03_kpsD;KL157_04_kpsU;KL157_05_kpsC;KL157_06_kpsS;KL157_07_DB_group_44;KL157_09_DB_group_75;KL157_10_kpsT;KL157_11_DB_group_2;KL157_12_DB_group_101;KL157_13_kpsM	0		0 / 13 (0.00%)		3	KL128_09_DB_group_51,100.00%,3.64%,truncated;KL128_09_DB_group_51,100.00%,3.64%,truncated;KL128_09_DB_group_51,96.15%,3.64%,truncated;KL147_13_rmlB,100.00%,7.11%,truncated;KL147_13_rmlB,88.89%,7.11%,truncated;KL173_12_DB_group_98_wckE_2,100.00%,6.13%,truncated;KL173_12_DB_group_98_wckE_2,100.00%,6.13%,truncated;KL173_12_DB_group_98_wckE_2,100.00%,6.13%,truncated;KL173_12_DB_group_98_wckE_2,100.00%,6.13%,truncated;KL173_12_DB_group_98_wckE_2,100.00%,6.13%,partial;KL173_12_DB_group_98_wckE_2,96.15%,6.13%,truncated	KL128_09_DB_group_51,100.00%,3.64%,truncated;KL128_09_DB_group_51,100.00%,3.64%,truncated;KL128_09_DB_group_51,96.15%,3.64%,truncated;KL147_13_rmlB,100.00%,7.11%,truncated;KL147_13_rmlB,88.89%,7.11%,truncated;KL173_12_DB_group_98_wckE_2,100.00%,6.13%,truncated;KL173_12_DB_group_98_wckE_2,100.00%,6.13%,truncated;KL173_12_DB_group_98_wckE_2,100.00%,6.13%,truncated;KL173_12_DB_group_98_wckE_2,100.00%,6.13%,truncated;KL173_12_DB_group_98_wckE_2,100.00%,6.13%,partial;KL173_12_DB_group_98_wckE_2,96.15%,6.13%,truncated		ST167
3.3.2	Escherichia_coli_Group_2_and_3_K	4.0.0	GCA_040418985.1	ST167	KL157		Untypeable	-	100.00%	0.42%	-19127	1 / 14 (7.14%)	KL157_08_DB_group_38,100.00%,96.30%	KL157_01_kpsF;KL157_02_kpsE;KL157_03_kpsD;KL157_04_kpsU;KL157_05_kpsC;KL157_06_kpsS;KL157_07_DB_group_44;KL157_09_DB_group_75;KL157_10_kpsT;KL157_11_DB_group_2;KL157_12_DB_group_101;KL157_13_kpsM	0		1 / 14 (7.14%)	KL157_08_DB_group_38,100.00%,96.30%	3	KL128_09_DB_group_51,100.00%,3.64%,truncated;KL128_09_DB_group_51,100.00%,3.64%,truncated;KL128_09_DB_group_51,96.15%,3.64%,truncated;KL147_13_rmlB,100.00%,7.11%,truncated;KL147_13_rmlB,88.89%,7.11%,truncated;KL173_12_DB_group_98_wckE_2,100.00%,6.13%,truncated;KL173_12_DB_group_98_wckE_2,100.00%,6.13%,partial;KL173_12_DB_group_98_wckE_2,100.00%,6.13%,truncated;KL173_12_DB_group_98_wckE_2,100.00%,6.13%,truncated;KL173_12_DB_group_98_wckE_2,100.00%,6.13%,truncated;KL173_12_DB_group_98_wckE_2,96.15%,6.13%,truncated	KL128_09_DB_group_51,100.00%,3.64%,truncated;KL128_09_DB_group_51,100.00%,3.64%,truncated;KL128_09_DB_group_51,96.15%,3.64%,truncated;KL147_13_rmlB,100.00%,7.11%,truncated;KL147_13_rmlB,88.89%,7.11%,truncated;KL173_12_DB_group_98_wckE_2,100.00%,6.13%,truncated;KL173_12_DB_group_98_wckE_2,100.00%,6.13%,partial;KL173_12_DB_group_98_wckE_2,100.00%,6.13%,truncated;KL173_12_DB_group_98_wckE_2,100.00%,6.13%,truncated;KL173_12_DB_group_98_wckE_2,100.00%,6.13%,truncated;KL173_12_DB_group_98_wckE_2,96.15%,6.13%,truncated		ST167
3.3.2	Escherichia_coli_Group_2_and_3_K	4.0.0	GCA_040419005.1	ST167	KL157		Untypeable	-	100.00%	0.42%	-19127	1 / 13 (7.69%)	KL157_08_DB_group_38,100.00%,96.30%	KL157_01_kpsF;KL157_02_kpsE;KL157_03_kpsD;KL157_04_kpsU;KL157_05_kpsC;KL157_06_kpsS;KL157_07_DB_group_44;KL157_09_DB_group_75;KL157_10_kpsT;KL157_11_DB_group_2;KL157_12_DB_group_101;KL157_13_kpsM	0		0 / 13 (0.00%)		3	KL128_09_DB_group_51,100.00%,3.64%,truncated;KL128_09_DB_group_51,100.00%,3.64%,truncated;KL128_09_DB_group_51,96.15%,3.64%,truncated;KL147_13_rmlB,100.00%,7.11%,truncated;KL147_13_rmlB,88.89%,7.11%,truncated;KL173_12_DB_group_98_wckE_2,100.00%,2.12%,truncated;KL173_12_DB_group_98_wckE_2,100.00%,6.13%,truncated;KL173_12_DB_group_98_wckE_2,100.00%,6.13%,truncated;KL173_12_DB_group_98_wckE_2,100.00%,6.13%,truncated;KL173_12_DB_group_98_wckE_2,100.00%,6.13%,truncated;KL173_12_DB_group_98_wckE_2,100.00%,6.13%,truncated	KL128_09_DB_group_51,100.00%,3.64%,truncated;KL128_09_DB_group_51,100.00%,3.64%,truncated;KL128_09_DB_group_51,96.15%,3.64%,truncated;KL147_13_rmlB,100.00%,7.11%,truncated;KL147_13_rmlB,88.89%,7.11%,truncated;KL173_12_DB_group_98_wckE_2,100.00%,2.12%,truncated;KL173_12_DB_group_98_wckE_2,100.00%,6.13%,truncated;KL173_12_DB_group_98_wckE_2,100.00%,6.13%,truncated;KL173_12_DB_group_98_wckE_2,100.00%,6.13%,truncated;KL173_12_DB_group_98_wckE_2,100.00%,6.13%,truncated;KL173_12_DB_group_98_wckE_2,100.00%,6.13%,truncated		ST167
3.3.2	Escherichia_coli_Group_2_and_3_K	4.0.0	GCA_040419025.1	ST167	KL152		Untypeable	?-*!	100.00%	7.18%		2 / 19 (10.53%)	KL152_09_ugd_2,77.78%,71.72%,truncated;KL152_14_rmlB_2,76.63%,91.44%,below_id_threshold	KL152_01_kpsD_5;KL152_02_kpsM_8;KL152_03_kpsT_7;KL152_04_kpsE_2;KL152_05_DB_group_206;KL152_06_DB_group_207;KL152_07_DB_group_214;KL152_08_DB_group_188;KL152_10_DB_group_194;KL152_11_K96-09;KL152_12_wckE;KL152_13_DB_group_184;KL152_15_rmlD_2;KL152_16_rmlA_2;KL152_17_rmlC_2;KL152_18_kpsC_5;KL152_19_kpsS_5	0		0 / 19 (0.00%)		4	KL128_09_DB_group_51,100.00%,3.64%,truncated;KL128_09_DB_group_51,100.00%,3.64%,truncated;KL128_09_DB_group_51,100.00%,3.64%,truncated;KL128_09_DB_group_51,100.00%,3.64%,truncated;KL128_09_DB_group_51,100.00%,3.64%,truncated;KL128_09_DB_group_51,100.00%,3.36%,partial;KL157_08_DB_group_38,100.00%,92.59%;KL186_09_DB_group_269,100.00%,24.39%,truncated;KL147_13_rmlB,100.00%,7.11%,truncated;KL147_13_rmlB,100.00%,7.11%,truncated;KL147_13_rmlB,88.89%,7.11%,truncated;KL147_13_rmlB,91.67%,3.16%,truncated	KL128_09_DB_group_51,100.00%,3.64%,truncated;KL128_09_DB_group_51,100.00%,3.64%,truncated;KL128_09_DB_group_51,100.00%,3.64%,truncated;KL128_09_DB_group_51,100.00%,3.64%,truncated;KL128_09_DB_group_51,100.00%,3.64%,truncated;KL128_09_DB_group_51,100.00%,3.36%,partial;KL186_09_DB_group_269,100.00%,24.39%,truncated;KL147_13_rmlB,100.00%,7.11%,truncated;KL147_13_rmlB,100.00%,7.11%,truncated;KL147_13_rmlB,88.89%,7.11%,truncated;KL147_13_rmlB,91.67%,3.16%,truncated;KL152_09_ugd_2,77.78%,71.72%,truncated		ST167
3.3.2	Escherichia_coli_Group_2_and_3_K	4.0.0	GCA_040419045.1	ST167	KL162		Untypeable	-!	0.00%	4.15%	-21702	1 / 16 (6.25%)	KL162_07_ugd_2,78.53%,80.21%,truncated	KL162_01_kpsD_5;KL162_02_kpsM_8;KL162_03_kpsT_7;KL162_04_kpsE_2;KL162_05_DB_group_212;KL162_06_DB_group_195;KL162_08_K96-09;KL162_09_wckE;KL162_10_DB_group_184;KL162_11_rmlB_2;KL162_12_rmlD_2;KL162_13_rmlA_2;KL162_14_rmlC_2;KL162_15_kpsC_5;KL162_16_kpsS_5	0		0 / 16 (0.00%)		3	KL128_09_DB_group_51,100.00%,3.64%,truncated;KL128_09_DB_group_51,100.00%,3.64%,truncated;KL128_09_DB_group_51,100.00%,3.64%,truncated;KL147_13_rmlB,100.00%,7.11%,truncated;KL147_13_rmlB,100.00%,7.11%,truncated;KL147_13_rmlB,96.30%,7.63%,truncated;KL173_12_DB_group_98_wckE_2,100.00%,2.12%,truncated;KL173_12_DB_group_98_wckE_2,100.00%,6.13%,truncated;KL173_12_DB_group_98_wckE_2,100.00%,6.13%,partial;KL173_12_DB_group_98_wckE_2,100.00%,6.13%,truncated;KL173_12_DB_group_98_wckE_2,100.00%,6.13%,truncated;KL173_12_DB_group_98_wckE_2,100.00%,6.13%,truncated	KL128_09_DB_group_51,100.00%,3.64%,truncated;KL128_09_DB_group_51,100.00%,3.64%,truncated;KL128_09_DB_group_51,100.00%,3.64%,truncated;KL147_13_rmlB,100.00%,7.11%,truncated;KL147_13_rmlB,100.00%,7.11%,truncated;KL147_13_rmlB,96.30%,7.63%,truncated;KL162_07_ugd_2,78.53%,80.21%,truncated;KL173_12_DB_group_98_wckE_2,100.00%,2.12%,truncated;KL173_12_DB_group_98_wckE_2,100.00%,6.13%,truncated;KL173_12_DB_group_98_wckE_2,100.00%,6.13%,partial;KL173_12_DB_group_98_wckE_2,100.00%,6.13%,truncated;KL173_12_DB_group_98_wckE_2,100.00%,6.13%,truncated;KL173_12_DB_group_98_wckE_2,100.00%,6.13%,truncated		ST167
3.3.2	Escherichia_coli_Group_2_and_3_K	4.0.0	GCA_040419065.1	ST167	KL145		Untypeable	-	100.00%	0.50%	-16688	1 / 13 (7.69%)	KL145_11_DB_group_98,100.00%,96.43%	KL145_01_kpsF;KL145_02_kpsE;KL145_03_kpsD;KL145_04_kpsU;KL145_05_kpsC;KL145_06_kpsS;KL145_07_DB_group_91;KL145_08_ugd;KL145_09_wcaK;KL145_10_kfoC;KL145_12_kpsT;KL145_13_kpsM	0		0 / 13 (0.00%)		3	KL128_09_DB_group_51,100.00%,3.64%,truncated;KL128_09_DB_group_51,100.00%,3.64%,truncated;KL128_09_DB_group_51,100.00%,3.36%,partial;KL128_09_DB_group_51,100.00%,3.36%,partial;KL147_13_rmlB,100.00%,7.11%,truncated;KL147_13_rmlB,100.00%,7.11%,truncated;KL147_13_rmlB,96.30%,7.63%,truncated;KL173_12_DB_group_98_wckE_2,100.00%,2.12%,truncated;KL173_12_DB_group_98_wckE_2,100.00%,6.13%,truncated;KL173_12_DB_group_98_wckE_2,100.00%,6.13%,truncated;KL173_12_DB_group_98_wckE_2,100.00%,6.13%,truncated;KL173_12_DB_group_98_wckE_2,100.00%,6.13%,truncated;KL173_12_DB_group_98_wckE_2,100.00%,6.13%,truncated	KL128_09_DB_group_51,100.00%,3.64%,truncated;KL128_09_DB_group_51,100.00%,3.64%,truncated;KL128_09_DB_group_51,100.00%,3.36%,partial;KL128_09_DB_group_51,100.00%,3.36%,partial;KL147_13_rmlB,100.00%,7.11%,truncated;KL147_13_rmlB,100.00%,7.11%,truncated;KL147_13_rmlB,96.30%,7.63%,truncated;KL173_12_DB_group_98_wckE_2,100.00%,2.12%,truncated;KL173_12_DB_group_98_wckE_2,100.00%,6.13%,truncated;KL173_12_DB_group_98_wckE_2,100.00%,6.13%,truncated;KL173_12_DB_group_98_wckE_2,100.00%,6.13%,truncated;KL173_12_DB_group_98_wckE_2,100.00%,6.13%,truncated;KL173_12_DB_group_98_wckE_2,100.00%,6.13%,truncated		ST167
3.3.2	Escherichia_coli_Group_2_and_3_K	4.0.0	GCA_040419085.1	ST167	KL157		Untypeable	-	100.00%	0.42%	-19127	1 / 13 (7.69%)	KL157_08_DB_group_38,100.00%,96.30%	KL157_01_kpsF;KL157_02_kpsE;KL157_03_kpsD;KL157_04_kpsU;KL157_05_kpsC;KL157_06_kpsS;KL157_07_DB_group_44;KL157_09_DB_group_75;KL157_10_kpsT;KL157_11_DB_group_2;KL157_12_DB_group_101;KL157_13_kpsM	0		0 / 13 (0.00%)		3	KL128_09_DB_group_51,100.00%,3.64%,truncated;KL128_09_DB_group_51,100.00%,3.64%,truncated;KL128_09_DB_group_51,96.15%,3.64%,truncated;KL147_13_rmlB,100.00%,7.11%,truncated;KL147_13_rmlB,88.89%,7.11%,truncated;KL173_12_DB_group_98_wckE_2,100.00%,2.12%,truncated;KL173_12_DB_group_98_wckE_2,100.00%,6.13%,truncated;KL173_12_DB_group_98_wckE_2,100.00%,6.13%,truncated;KL173_12_DB_group_98_wckE_2,100.00%,6.13%,truncated;KL173_12_DB_group_98_wckE_2,100.00%,6.13%,truncated;KL173_12_DB_group_98_wckE_2,100.00%,6.13%,truncated	KL128_09_DB_group_51,100.00%,3.64%,truncated;KL128_09_DB_group_51,100.00%,3.64%,truncated;KL128_09_DB_group_51,96.15%,3.64%,truncated;KL147_13_rmlB,100.00%,7.11%,truncated;KL147_13_rmlB,88.89%,7.11%,truncated;KL173_12_DB_group_98_wckE_2,100.00%,2.12%,truncated;KL173_12_DB_group_98_wckE_2,100.00%,6.13%,truncated;KL173_12_DB_group_98_wckE_2,100.00%,6.13%,truncated;KL173_12_DB_group_98_wckE_2,100.00%,6.13%,truncated;KL173_12_DB_group_98_wckE_2,100.00%,6.13%,truncated;KL173_12_DB_group_98_wckE_2,100.00%,6.13%,truncated		ST167
3.3.2	Escherichia_coli_Group_2_and_3_K	4.0.0	GCA_040419105.1	ST167	KL162		Untypeable	-!	0.00%	4.15%	-21702	1 / 16 (6.25%)	KL162_07_ugd_2,78.53%,80.21%,truncated	KL162_01_kpsD_5;KL162_02_kpsM_8;KL162_03_kpsT_7;KL162_04_kpsE_2;KL162_05_DB_group_212;KL162_06_DB_group_195;KL162_08_K96-09;KL162_09_wckE;KL162_10_DB_group_184;KL162_11_rmlB_2;KL162_12_rmlD_2;KL162_13_rmlA_2;KL162_14_rmlC_2;KL162_15_kpsC_5;KL162_16_kpsS_5	0		0 / 16 (0.00%)		3	KL128_09_DB_group_51,100.00%,3.64%,truncated;KL128_09_DB_group_51,100.00%,3.64%,truncated;KL128_09_DB_group_51,100.00%,3.64%,truncated;KL128_09_DB_group_51,100.00%,3.36%,partial;KL147_13_rmlB,100.00%,7.11%,truncated;KL147_13_rmlB,100.00%,7.11%,truncated;KL147_13_rmlB,96.30%,7.63%,truncated;KL173_12_DB_group_98_wckE_2,100.00%,6.13%,truncated;KL173_12_DB_group_98_wckE_2,100.00%,6.13%,truncated;KL173_12_DB_group_98_wckE_2,100.00%,6.13%,truncated;KL173_12_DB_group_98_wckE_2,100.00%,6.13%,partial;KL173_12_DB_group_98_wckE_2,100.00%,6.13%,truncated;KL173_12_DB_group_98_wckE_2,100.00%,6.13%,truncated	KL128_09_DB_group_51,100.00%,3.64%,truncated;KL128_09_DB_group_51,100.00%,3.64%,truncated;KL128_09_DB_group_51,100.00%,3.64%,truncated;KL128_09_DB_group_51,100.00%,3.36%,partial;KL147_13_rmlB,100.00%,7.11%,truncated;KL147_13_rmlB,100.00%,7.11%,truncated;KL147_13_rmlB,96.30%,7.63%,truncated;KL162_07_ugd_2,78.53%,80.21%,truncated;KL173_12_DB_group_98_wckE_2,100.00%,6.13%,truncated;KL173_12_DB_group_98_wckE_2,100.00%,6.13%,truncated;KL173_12_DB_group_98_wckE_2,100.00%,6.13%,truncated;KL173_12_DB_group_98_wckE_2,100.00%,6.13%,partial;KL173_12_DB_group_98_wckE_2,100.00%,6.13%,truncated;KL173_12_DB_group_98_wckE_2,100.00%,6.13%,truncated		ST167
3.3.2	Escherichia_coli_Group_2_and_3_K	4.0.0	GCA_040419125.1	ST167	KL157		Untypeable	-	100.00%	0.42%	-19127	1 / 14 (7.14%)	KL157_08_DB_group_38,100.00%,96.30%	KL157_01_kpsF;KL157_02_kpsE;KL157_03_kpsD;KL157_04_kpsU;KL157_05_kpsC;KL157_06_kpsS;KL157_07_DB_group_44;KL157_09_DB_group_75;KL157_10_kpsT;KL157_11_DB_group_2;KL157_12_DB_group_101;KL157_13_kpsM	0		1 / 14 (7.14%)	KL157_08_DB_group_38,100.00%,96.30%;KL157_08_DB_group_38,100.00%,96.30%	3	KL128_09_DB_group_51,100.00%,3.64%,truncated;KL128_09_DB_group_51,100.00%,3.64%,truncated;KL128_09_DB_group_51,96.15%,3.64%,truncated;KL147_13_rmlB,100.00%,7.11%,truncated;KL147_13_rmlB,88.89%,7.11%,truncated;KL173_12_DB_group_98_wckE_2,100.00%,6.13%,truncated;KL173_12_DB_group_98_wckE_2,100.00%,6.13%,truncated;KL173_12_DB_group_98_wckE_2,100.00%,6.13%,truncated;KL173_12_DB_group_98_wckE_2,100.00%,6.13%,truncated;KL173_12_DB_group_98_wckE_2,100.00%,6.13%,truncated;KL173_12_DB_group_98_wckE_2,100.00%,6.13%,truncated	KL128_09_DB_group_51,100.00%,3.64%,truncated;KL128_09_DB_group_51,100.00%,3.64%,truncated;KL128_09_DB_group_51,96.15%,3.64%,truncated;KL147_13_rmlB,100.00%,7.11%,truncated;KL147_13_rmlB,88.89%,7.11%,truncated;KL173_12_DB_group_98_wckE_2,100.00%,6.13%,truncated;KL173_12_DB_group_98_wckE_2,100.00%,6.13%,truncated;KL173_12_DB_group_98_wckE_2,100.00%,6.13%,truncated;KL173_12_DB_group_98_wckE_2,100.00%,6.13%,truncated;KL173_12_DB_group_98_wckE_2,100.00%,6.13%,truncated;KL173_12_DB_group_98_wckE_2,100.00%,6.13%,truncated		ST167
3.3.2	Escherichia_coli_Group_2_and_3_K	4.0.0	GCA_040419145.1	ST167	KL162		Untypeable	-!	0.00%	4.15%	-21702	1 / 16 (6.25%)	KL162_07_ugd_2,78.53%,80.21%,truncated	KL162_01_kpsD_5;KL162_02_kpsM_8;KL162_03_kpsT_7;KL162_04_kpsE_2;KL162_05_DB_group_212;KL162_06_DB_group_195;KL162_08_K96-09;KL162_09_wckE;KL162_10_DB_group_184;KL162_11_rmlB_2;KL162_12_rmlD_2;KL162_13_rmlA_2;KL162_14_rmlC_2;KL162_15_kpsC_5;KL162_16_kpsS_5	0		0 / 16 (0.00%)		3	KL128_09_DB_group_51,100.00%,3.64%,truncated;KL128_09_DB_group_51,100.00%,3.64%,truncated;KL128_09_DB_group_51,100.00%,3.64%,truncated;KL128_09_DB_group_51,100.00%,3.36%,partial;KL147_13_rmlB,100.00%,7.11%,truncated;KL147_13_rmlB,100.00%,7.11%,truncated;KL147_13_rmlB,96.30%,7.63%,truncated;KL173_12_DB_group_98_wckE_2,100.00%,6.13%,truncated;KL173_12_DB_group_98_wckE_2,100.00%,6.13%,truncated;KL173_12_DB_group_98_wckE_2,100.00%,6.13%,partial;KL173_12_DB_group_98_wckE_2,100.00%,6.13%,truncated;KL173_12_DB_group_98_wckE_2,100.00%,6.13%,truncated;KL173_12_DB_group_98_wckE_2,100.00%,6.13%,truncated	KL128_09_DB_group_51,100.00%,3.64%,truncated;KL128_09_DB_group_51,100.00%,3.64%,truncated;KL128_09_DB_group_51,100.00%,3.64%,truncated;KL128_09_DB_group_51,100.00%,3.36%,partial;KL147_13_rmlB,100.00%,7.11%,truncated;KL147_13_rmlB,100.00%,7.11%,truncated;KL147_13_rmlB,96.30%,7.63%,truncated;KL162_07_ugd_2,78.53%,80.21%,truncated;KL173_12_DB_group_98_wckE_2,100.00%,6.13%,truncated;KL173_12_DB_group_98_wckE_2,100.00%,6.13%,truncated;KL173_12_DB_group_98_wckE_2,100.00%,6.13%,partial;KL173_12_DB_group_98_wckE_2,100.00%,6.13%,truncated;KL173_12_DB_group_98_wckE_2,100.00%,6.13%,truncated;KL173_12_DB_group_98_wckE_2,100.00%,6.13%,truncated		ST167
3.3.2	Escherichia_coli_Group_2_and_3_K	4.0.0	GCA_040419165.1	ST167	KL157		Untypeable	-	100.00%	0.42%	-19127	1 / 14 (7.14%)	KL157_08_DB_group_38,100.00%,96.30%	KL157_01_kpsF;KL157_02_kpsE;KL157_03_kpsD;KL157_04_kpsU;KL157_05_kpsC;KL157_06_kpsS;KL157_07_DB_group_44;KL157_09_DB_group_75;KL157_10_kpsT;KL157_11_DB_group_2;KL157_12_DB_group_101;KL157_13_kpsM	0		1 / 14 (7.14%)	KL157_08_DB_group_38,100.00%,96.30%;KL157_08_DB_group_38,100.00%,96.30%;KL157_08_DB_group_38,100.00%,96.30%	3	KL128_09_DB_group_51,100.00%,3.64%,truncated;KL128_09_DB_group_51,100.00%,3.64%,truncated;KL147_13_rmlB,100.00%,7.11%,truncated;KL147_13_rmlB,88.89%,7.11%,truncated;KL173_12_DB_group_98_wckE_2,100.00%,6.13%,truncated;KL173_12_DB_group_98_wckE_2,100.00%,6.13%,truncated;KL173_12_DB_group_98_wckE_2,100.00%,6.13%,truncated;KL173_12_DB_group_98_wckE_2,100.00%,6.13%,truncated;KL173_12_DB_group_98_wckE_2,100.00%,6.13%,truncated;KL173_12_DB_group_98_wckE_2,100.00%,6.13%,truncated	KL128_09_DB_group_51,100.00%,3.64%,truncated;KL128_09_DB_group_51,100.00%,3.64%,truncated;KL147_13_rmlB,100.00%,7.11%,truncated;KL147_13_rmlB,88.89%,7.11%,truncated;KL173_12_DB_group_98_wckE_2,100.00%,6.13%,truncated;KL173_12_DB_group_98_wckE_2,100.00%,6.13%,truncated;KL173_12_DB_group_98_wckE_2,100.00%,6.13%,truncated;KL173_12_DB_group_98_wckE_2,100.00%,6.13%,truncated;KL173_12_DB_group_98_wckE_2,100.00%,6.13%,truncated;KL173_12_DB_group_98_wckE_2,100.00%,6.13%,truncated		ST167
3.3.2	Escherichia_coli_Group_2_and_3_K	4.0.0	GCA_040419185.1	ST167	KL157		Untypeable	-	100.00%	0.42%	-19127	1 / 14 (7.14%)	KL157_08_DB_group_38,100.00%,96.30%	KL157_01_kpsF;KL157_02_kpsE;KL157_03_kpsD;KL157_04_kpsU;KL157_05_kpsC;KL157_06_kpsS;KL157_07_DB_group_44;KL157_09_DB_group_75;KL157_10_kpsT;KL157_11_DB_group_2;KL157_12_DB_group_101;KL157_13_kpsM	0		1 / 14 (7.14%)	KL157_08_DB_group_38,100.00%,96.30%	3	KL128_09_DB_group_51,100.00%,3.64%,truncated;KL128_09_DB_group_51,100.00%,3.64%,truncated;KL128_09_DB_group_51,96.15%,3.64%,truncated;KL147_13_rmlB,100.00%,7.11%,truncated;KL147_13_rmlB,88.89%,7.11%,truncated;KL173_12_DB_group_98_wckE_2,100.00%,2.12%,truncated;KL173_12_DB_group_98_wckE_2,100.00%,6.13%,truncated;KL173_12_DB_group_98_wckE_2,100.00%,6.13%,truncated;KL173_12_DB_group_98_wckE_2,100.00%,6.13%,truncated;KL173_12_DB_group_98_wckE_2,100.00%,6.13%,truncated;KL173_12_DB_group_98_wckE_2,100.00%,6.13%,truncated	KL128_09_DB_group_51,100.00%,3.64%,truncated;KL128_09_DB_group_51,100.00%,3.64%,truncated;KL128_09_DB_group_51,96.15%,3.64%,truncated;KL147_13_rmlB,100.00%,7.11%,truncated;KL147_13_rmlB,88.89%,7.11%,truncated;KL173_12_DB_group_98_wckE_2,100.00%,2.12%,truncated;KL173_12_DB_group_98_wckE_2,100.00%,6.13%,truncated;KL173_12_DB_group_98_wckE_2,100.00%,6.13%,truncated;KL173_12_DB_group_98_wckE_2,100.00%,6.13%,truncated;KL173_12_DB_group_98_wckE_2,100.00%,6.13%,truncated;KL173_12_DB_group_98_wckE_2,100.00%,6.13%,truncated		ST167
3.3.2	Escherichia_coli_Group_2_and_3_K	4.0.0	GCA_040419205.1	ST167	KL162		Untypeable	-!	0.00%	4.15%	-21702	1 / 16 (6.25%)	KL162_07_ugd_2,78.53%,80.21%,truncated	KL162_01_kpsD_5;KL162_02_kpsM_8;KL162_03_kpsT_7;KL162_04_kpsE_2;KL162_05_DB_group_212;KL162_06_DB_group_195;KL162_08_K96-09;KL162_09_wckE;KL162_10_DB_group_184;KL162_11_rmlB_2;KL162_12_rmlD_2;KL162_13_rmlA_2;KL162_14_rmlC_2;KL162_15_kpsC_5;KL162_16_kpsS_5	0		0 / 16 (0.00%)		3	KL128_09_DB_group_51,100.00%,3.64%,truncated;KL128_09_DB_group_51,100.00%,3.64%,truncated;KL128_09_DB_group_51,100.00%,3.64%,truncated;KL128_09_DB_group_51,100.00%,3.36%,partial;KL147_13_rmlB,100.00%,7.11%,truncated;KL147_13_rmlB,100.00%,7.11%,truncated;KL147_13_rmlB,96.30%,7.63%,truncated;KL173_12_DB_group_98_wckE_2,100.00%,2.12%,truncated;KL173_12_DB_group_98_wckE_2,100.00%,6.13%,truncated;KL173_12_DB_group_98_wckE_2,100.00%,6.13%,truncated;KL173_12_DB_group_98_wckE_2,100.00%,6.13%,partial;KL173_12_DB_group_98_wckE_2,100.00%,6.13%,truncated;KL173_12_DB_group_98_wckE_2,100.00%,6.13%,truncated	KL128_09_DB_group_51,100.00%,3.64%,truncated;KL128_09_DB_group_51,100.00%,3.64%,truncated;KL128_09_DB_group_51,100.00%,3.64%,truncated;KL128_09_DB_group_51,100.00%,3.36%,partial;KL147_13_rmlB,100.00%,7.11%,truncated;KL147_13_rmlB,100.00%,7.11%,truncated;KL147_13_rmlB,96.30%,7.63%,truncated;KL162_07_ugd_2,78.53%,80.21%,truncated;KL173_12_DB_group_98_wckE_2,100.00%,2.12%,truncated;KL173_12_DB_group_98_wckE_2,100.00%,6.13%,truncated;KL173_12_DB_group_98_wckE_2,100.00%,6.13%,truncated;KL173_12_DB_group_98_wckE_2,100.00%,6.13%,partial;KL173_12_DB_group_98_wckE_2,100.00%,6.13%,truncated;KL173_12_DB_group_98_wckE_2,100.00%,6.13%,truncated		ST167
3.3.2	Escherichia_coli_Group_2_and_3_K	4.0.0	GCA_040507325.1	ST167	KL145		Untypeable	-	100.00%	0.50%	-16688	1 / 13 (7.69%)	KL145_11_DB_group_98,100.00%,96.43%	KL145_01_kpsF;KL145_02_kpsE;KL145_03_kpsD;KL145_04_kpsU;KL145_05_kpsC;KL145_06_kpsS;KL145_07_DB_group_91;KL145_08_ugd;KL145_09_wcaK;KL145_10_kfoC;KL145_12_kpsT;KL145_13_kpsM	0		0 / 13 (0.00%)		3	KL128_09_DB_group_51,100.00%,3.64%,truncated;KL128_09_DB_group_51,100.00%,3.64%,truncated;KL128_09_DB_group_51,100.00%,3.64%,truncated;KL128_09_DB_group_51,100.00%,3.36%,partial;KL147_13_rmlB,100.00%,7.11%,truncated;KL147_13_rmlB,100.00%,7.11%,truncated;KL147_13_rmlB,96.30%,7.63%,truncated;KL173_12_DB_group_98_wckE_2,100.00%,2.12%,truncated;KL173_12_DB_group_98_wckE_2,100.00%,6.13%,truncated;KL173_12_DB_group_98_wckE_2,100.00%,6.13%,truncated;KL173_12_DB_group_98_wckE_2,100.00%,6.13%,truncated;KL173_12_DB_group_98_wckE_2,100.00%,6.13%,truncated;KL173_12_DB_group_98_wckE_2,100.00%,6.13%,truncated	KL128_09_DB_group_51,100.00%,3.64%,truncated;KL128_09_DB_group_51,100.00%,3.64%,truncated;KL128_09_DB_group_51,100.00%,3.64%,truncated;KL128_09_DB_group_51,100.00%,3.36%,partial;KL147_13_rmlB,100.00%,7.11%,truncated;KL147_13_rmlB,100.00%,7.11%,truncated;KL147_13_rmlB,96.30%,7.63%,truncated;KL173_12_DB_group_98_wckE_2,100.00%,2.12%,truncated;KL173_12_DB_group_98_wckE_2,100.00%,6.13%,truncated;KL173_12_DB_group_98_wckE_2,100.00%,6.13%,truncated;KL173_12_DB_group_98_wckE_2,100.00%,6.13%,truncated;KL173_12_DB_group_98_wckE_2,100.00%,6.13%,truncated;KL173_12_DB_group_98_wckE_2,100.00%,6.13%,truncated		ST167
3.3.2	Escherichia_coli_Group_2_and_3_K	4.0.0	GCA_040507365.1	ST167	KL162		Untypeable	-!	0.00%	4.15%	-21702	1 / 16 (6.25%)	KL162_07_ugd_2,78.53%,80.21%,truncated	KL162_01_kpsD_5;KL162_02_kpsM_8;KL162_03_kpsT_7;KL162_04_kpsE_2;KL162_05_DB_group_212;KL162_06_DB_group_195;KL162_08_K96-09;KL162_09_wckE;KL162_10_DB_group_184;KL162_11_rmlB_2;KL162_12_rmlD_2;KL162_13_rmlA_2;KL162_14_rmlC_2;KL162_15_kpsC_5;KL162_16_kpsS_5	0		0 / 16 (0.00%)		3	KL128_09_DB_group_51,100.00%,3.64%,truncated;KL128_09_DB_group_51,100.00%,3.64%,truncated;KL128_09_DB_group_51,96.15%,3.64%,truncated;KL147_13_rmlB,100.00%,7.11%,truncated;KL147_13_rmlB,88.89%,7.11%,truncated;KL173_12_DB_group_98_wckE_2,100.00%,6.13%,truncated;KL173_12_DB_group_98_wckE_2,100.00%,6.13%,partial;KL173_12_DB_group_98_wckE_2,100.00%,6.13%,truncated;KL173_12_DB_group_98_wckE_2,100.00%,6.13%,truncated;KL173_12_DB_group_98_wckE_2,100.00%,6.13%,truncated;KL173_12_DB_group_98_wckE_2,100.00%,6.13%,truncated	KL128_09_DB_group_51,100.00%,3.64%,truncated;KL128_09_DB_group_51,100.00%,3.64%,truncated;KL128_09_DB_group_51,96.15%,3.64%,truncated;KL147_13_rmlB,100.00%,7.11%,truncated;KL147_13_rmlB,88.89%,7.11%,truncated;KL162_07_ugd_2,78.53%,80.21%,truncated;KL173_12_DB_group_98_wckE_2,100.00%,6.13%,truncated;KL173_12_DB_group_98_wckE_2,100.00%,6.13%,partial;KL173_12_DB_group_98_wckE_2,100.00%,6.13%,truncated;KL173_12_DB_group_98_wckE_2,100.00%,6.13%,truncated;KL173_12_DB_group_98_wckE_2,100.00%,6.13%,truncated;KL173_12_DB_group_98_wckE_2,100.00%,6.13%,truncated		ST167
3.3.2	Escherichia_coli_Group_2_and_3_K	4.0.0	GCA_040712335.1	ST167	KL186		Untypeable	-!	0.00%	0.54%	-16534	1 / 12 (8.33%)	KL186_09_DB_group_269,96.67%,24.39%,truncated	KL186_01_kpsF_2;KL186_02_kpsE_3;KL186_03_kpsD_3;KL186_04_kpsC_4;KL186_05_kpsS_6;KL186_06_DB_group_262;KL186_07_DB_group_267;KL186_08_DB_group_263;KL186_10_DB_group_275;KL186_11_kpsT_9;KL186_12_kpsM_10	0		0 / 12 (0.00%)		3	KL128_09_DB_group_51,100.00%,3.64%,truncated;KL128_09_DB_group_51,100.00%,3.64%,truncated;KL147_13_rmlB,100.00%,3.16%,truncated;KL147_13_rmlB,91.67%,3.16%,truncated;KL173_12_DB_group_98_wckE_2,100.00%,6.13%,truncated;KL173_12_DB_group_98_wckE_2,100.00%,6.13%,truncated;KL173_12_DB_group_98_wckE_2,100.00%,6.13%,truncated;KL173_12_DB_group_98_wckE_2,100.00%,6.13%,truncated;KL173_12_DB_group_98_wckE_2,100.00%,6.13%,truncated;KL173_12_DB_group_98_wckE_2,100.00%,6.13%,truncated	KL128_09_DB_group_51,100.00%,3.64%,truncated;KL128_09_DB_group_51,100.00%,3.64%,truncated;KL186_09_DB_group_269,96.67%,24.39%,truncated;KL147_13_rmlB,100.00%,3.16%,truncated;KL147_13_rmlB,91.67%,3.16%,truncated;KL173_12_DB_group_98_wckE_2,100.00%,6.13%,truncated;KL173_12_DB_group_98_wckE_2,100.00%,6.13%,truncated;KL173_12_DB_group_98_wckE_2,100.00%,6.13%,truncated;KL173_12_DB_group_98_wckE_2,100.00%,6.13%,truncated;KL173_12_DB_group_98_wckE_2,100.00%,6.13%,truncated;KL173_12_DB_group_98_wckE_2,100.00%,6.13%,truncated		ST167
3.3.2	Escherichia_coli_Group_2_and_3_K	4.0.0	GCA_045801095.1	ST167	KL145		Untypeable	-	100.00%	0.50%	-16688	1 / 13 (7.69%)	KL145_11_DB_group_98,100.00%,96.43%	KL145_01_kpsF;KL145_02_kpsE;KL145_03_kpsD;KL145_04_kpsU;KL145_05_kpsC;KL145_06_kpsS;KL145_07_DB_group_91;KL145_08_ugd;KL145_09_wcaK;KL145_10_kfoC;KL145_12_kpsT;KL145_13_kpsM	0		0 / 13 (0.00%)		3	KL128_09_DB_group_51,100.00%,3.64%,truncated;KL128_09_DB_group_51,100.00%,3.64%,truncated;KL128_09_DB_group_51,100.00%,3.64%,truncated;KL128_09_DB_group_51,100.00%,3.64%,truncated;KL147_13_rmlB,100.00%,7.11%,truncated;KL147_13_rmlB,100.00%,7.11%,truncated;KL147_13_rmlB,96.30%,7.63%,truncated;KL173_12_DB_group_98_wckE_2,100.00%,6.13%,truncated;KL173_12_DB_group_98_wckE_2,100.00%,6.13%,truncated;KL173_12_DB_group_98_wckE_2,100.00%,6.13%,truncated;KL173_12_DB_group_98_wckE_2,100.00%,6.13%,truncated;KL173_12_DB_group_98_wckE_2,100.00%,6.13%,truncated;KL173_12_DB_group_98_wckE_2,100.00%,6.13%,truncated	KL128_09_DB_group_51,100.00%,3.64%,truncated;KL128_09_DB_group_51,100.00%,3.64%,truncated;KL128_09_DB_group_51,100.00%,3.64%,truncated;KL128_09_DB_group_51,100.00%,3.64%,truncated;KL147_13_rmlB,100.00%,7.11%,truncated;KL147_13_rmlB,100.00%,7.11%,truncated;KL147_13_rmlB,96.30%,7.63%,truncated;KL173_12_DB_group_98_wckE_2,100.00%,6.13%,truncated;KL173_12_DB_group_98_wckE_2,100.00%,6.13%,truncated;KL173_12_DB_group_98_wckE_2,100.00%,6.13%,truncated;KL173_12_DB_group_98_wckE_2,100.00%,6.13%,truncated;KL173_12_DB_group_98_wckE_2,100.00%,6.13%,truncated;KL173_12_DB_group_98_wckE_2,100.00%,6.13%,truncated		ST167
3.3.2	Escherichia_coli_Group_2_and_3_K	4.0.0	GCA_049546825.1	ST167	KL145		Untypeable	-	100.00%	0.50%	-16688	1 / 13 (7.69%)	KL145_11_DB_group_98,100.00%,96.43%	KL145_01_kpsF;KL145_02_kpsE;KL145_03_kpsD;KL145_04_kpsU;KL145_05_kpsC;KL145_06_kpsS;KL145_07_DB_group_91;KL145_08_ugd;KL145_09_wcaK;KL145_10_kfoC;KL145_12_kpsT;KL145_13_kpsM	0		0 / 13 (0.00%)		3	KL128_09_DB_group_51,100.00%,3.64%,truncated;KL128_09_DB_group_51,100.00%,3.64%,truncated;KL128_09_DB_group_51,100.00%,3.64%,truncated;KL128_09_DB_group_51,100.00%,3.64%,truncated;KL128_09_DB_group_51,100.00%,3.64%,truncated;KL147_13_rmlB,100.00%,7.11%,truncated;KL147_13_rmlB,100.00%,7.11%,truncated;KL147_13_rmlB,96.30%,7.63%,truncated;KL173_12_DB_group_98_wckE_2,100.00%,2.12%,truncated;KL173_12_DB_group_98_wckE_2,100.00%,6.13%,truncated;KL173_12_DB_group_98_wckE_2,100.00%,6.13%,truncated;KL173_12_DB_group_98_wckE_2,100.00%,6.13%,truncated;KL173_12_DB_group_98_wckE_2,100.00%,6.13%,truncated;KL173_12_DB_group_98_wckE_2,100.00%,6.13%,truncated	KL128_09_DB_group_51,100.00%,3.64%,truncated;KL128_09_DB_group_51,100.00%,3.64%,truncated;KL128_09_DB_group_51,100.00%,3.64%,truncated;KL128_09_DB_group_51,100.00%,3.64%,truncated;KL128_09_DB_group_51,100.00%,3.64%,truncated;KL147_13_rmlB,100.00%,7.11%,truncated;KL147_13_rmlB,100.00%,7.11%,truncated;KL147_13_rmlB,96.30%,7.63%,truncated;KL173_12_DB_group_98_wckE_2,100.00%,2.12%,truncated;KL173_12_DB_group_98_wckE_2,100.00%,6.13%,truncated;KL173_12_DB_group_98_wckE_2,100.00%,6.13%,truncated;KL173_12_DB_group_98_wckE_2,100.00%,6.13%,truncated;KL173_12_DB_group_98_wckE_2,100.00%,6.13%,truncated;KL173_12_DB_group_98_wckE_2,100.00%,6.13%,truncated		ST167
3.3.2	Escherichia_coli_Group_2_and_3_K	4.0.0	GCA_050112895.1	ST167	KL145		Untypeable	-	99.52%	0.50%	-16688	1 / 14 (7.14%)	KL145_11_DB_group_98,100.00%,96.43%	KL145_01_kpsF;KL145_02_kpsE;KL145_03_kpsD;KL145_04_kpsU;KL145_05_kpsC;KL145_06_kpsS;KL145_07_DB_group_91;KL145_08_ugd;KL145_09_wcaK;KL145_10_kfoC;KL145_12_kpsT;KL145_13_kpsM	0		1 / 14 (7.14%)	KL145_11_DB_group_98,100.00%,92.86%;KL145_11_DB_group_98,100.00%,92.86%;KL145_11_DB_group_98,96.15%,92.86%;KL145_11_DB_group_98,100.00%,92.86%;KL145_11_DB_group_98,100.00%,92.86%	4	KL128_09_DB_group_51,100.00%,3.64%,truncated;KL128_09_DB_group_51,96.15%,3.64%,truncated;KL157_08_DB_group_38,100.00%,96.30%;KL157_08_DB_group_38,100.00%,96.30%;KL147_13_rmlB,100.00%,7.11%,truncated;KL147_13_rmlB,88.89%,7.11%,truncated;KL173_12_DB_group_98_wckE_2,100.00%,6.13%,truncated;KL173_12_DB_group_98_wckE_2,100.00%,6.13%,truncated;KL173_12_DB_group_98_wckE_2,100.00%,6.13%,truncated;KL173_12_DB_group_98_wckE_2,100.00%,6.13%,truncated	KL128_09_DB_group_51,100.00%,3.64%,truncated;KL128_09_DB_group_51,96.15%,3.64%,truncated;KL147_13_rmlB,100.00%,7.11%,truncated;KL147_13_rmlB,88.89%,7.11%,truncated;KL173_12_DB_group_98_wckE_2,100.00%,6.13%,truncated;KL173_12_DB_group_98_wckE_2,100.00%,6.13%,truncated;KL173_12_DB_group_98_wckE_2,100.00%,6.13%,truncated;KL173_12_DB_group_98_wckE_2,100.00%,6.13%,truncated		ST167
3.3.2	Escherichia_coli_Group_2_and_3_K	4.0.0	GCA_050112935.1	ST167	KL152		Untypeable	?-*!	100.00%	7.18%		2 / 19 (10.53%)	KL152_09_ugd_2,77.78%,71.72%,truncated;KL152_14_rmlB_2,76.63%,91.44%,below_id_threshold	KL152_01_kpsD_5;KL152_02_kpsM_8;KL152_03_kpsT_7;KL152_04_kpsE_2;KL152_05_DB_group_206;KL152_06_DB_group_207;KL152_07_DB_group_214;KL152_08_DB_group_188;KL152_10_DB_group_194;KL152_11_K96-09;KL152_12_wckE;KL152_13_DB_group_184;KL152_15_rmlD_2;KL152_16_rmlA_2;KL152_17_rmlC_2;KL152_18_kpsC_5;KL152_19_kpsS_5	0		0 / 19 (0.00%)		5	KL128_09_DB_group_51,100.00%,3.64%,truncated;KL128_09_DB_group_51,100.00%,3.64%,truncated;KL128_09_DB_group_51,100.00%,3.64%,truncated;KL128_09_DB_group_51,100.00%,3.64%,truncated;KL128_09_DB_group_51,100.00%,3.64%,truncated;KL157_08_DB_group_38,100.00%,96.30%;KL157_08_DB_group_38,100.00%,92.59%;KL186_09_DB_group_269,100.00%,24.39%,truncated;KL147_13_rmlB,100.00%,7.11%,truncated;KL147_13_rmlB,100.00%,7.11%,truncated;KL147_13_rmlB,88.89%,7.11%,truncated;KL147_13_rmlB,91.67%,3.16%,truncated;KL173_12_DB_group_98_wckE_2,100.00%,2.12%,truncated;KL173_12_DB_group_98_wckE_2,100.00%,6.13%,truncated;KL173_12_DB_group_98_wckE_2,100.00%,6.13%,truncated;KL173_12_DB_group_98_wckE_2,100.00%,6.13%,truncated;KL173_12_DB_group_98_wckE_2,100.00%,6.13%,truncated;KL173_12_DB_group_98_wckE_2,100.00%,6.13%,truncated	KL128_09_DB_group_51,100.00%,3.64%,truncated;KL128_09_DB_group_51,100.00%,3.64%,truncated;KL128_09_DB_group_51,100.00%,3.64%,truncated;KL128_09_DB_group_51,100.00%,3.64%,truncated;KL128_09_DB_group_51,100.00%,3.64%,truncated;KL186_09_DB_group_269,100.00%,24.39%,truncated;KL147_13_rmlB,100.00%,7.11%,truncated;KL147_13_rmlB,100.00%,7.11%,truncated;KL147_13_rmlB,88.89%,7.11%,truncated;KL147_13_rmlB,91.67%,3.16%,truncated;KL152_09_ugd_2,77.78%,71.72%,truncated;KL173_12_DB_group_98_wckE_2,100.00%,2.12%,truncated;KL173_12_DB_group_98_wckE_2,100.00%,6.13%,truncated;KL173_12_DB_group_98_wckE_2,100.00%,6.13%,truncated;KL173_12_DB_group_98_wckE_2,100.00%,6.13%,truncated;KL173_12_DB_group_98_wckE_2,100.00%,6.13%,truncated;KL173_12_DB_group_98_wckE_2,100.00%,6.13%,truncated		ST167
3.3.2	Escherichia_coli_Group_2_and_3_K	4.0.0	GCA_050112975.1	ST167	KL145		Untypeable	-	99.52%	0.50%	-16688	1 / 14 (7.14%)	KL145_11_DB_group_98,100.00%,96.43%	KL145_01_kpsF;KL145_02_kpsE;KL145_03_kpsD;KL145_04_kpsU;KL145_05_kpsC;KL145_06_kpsS;KL145_07_DB_group_91;KL145_08_ugd;KL145_09_wcaK;KL145_10_kfoC;KL145_12_kpsT;KL145_13_kpsM	0		1 / 14 (7.14%)	KL145_11_DB_group_98,100.00%,92.86%;KL145_11_DB_group_98,96.15%,92.86%;KL145_11_DB_group_98,100.00%,92.86%;KL145_11_DB_group_98,100.00%,92.86%;KL145_11_DB_group_98,100.00%,92.86%	4	KL128_09_DB_group_51,100.00%,3.64%,truncated;KL128_09_DB_group_51,96.15%,3.64%,truncated;KL157_08_DB_group_38,100.00%,96.30%;KL157_08_DB_group_38,100.00%,96.30%;KL147_13_rmlB,100.00%,7.11%,truncated;KL147_13_rmlB,88.89%,7.11%,truncated;KL173_12_DB_group_98_wckE_2,100.00%,2.12%,truncated;KL173_12_DB_group_98_wckE_2,100.00%,6.13%,truncated;KL173_12_DB_group_98_wckE_2,100.00%,6.13%,truncated;KL173_12_DB_group_98_wckE_2,100.00%,6.13%,truncated	KL128_09_DB_group_51,100.00%,3.64%,truncated;KL128_09_DB_group_51,96.15%,3.64%,truncated;KL147_13_rmlB,100.00%,7.11%,truncated;KL147_13_rmlB,88.89%,7.11%,truncated;KL173_12_DB_group_98_wckE_2,100.00%,2.12%,truncated;KL173_12_DB_group_98_wckE_2,100.00%,6.13%,truncated;KL173_12_DB_group_98_wckE_2,100.00%,6.13%,truncated;KL173_12_DB_group_98_wckE_2,100.00%,6.13%,truncated		ST167
3.3.2	Escherichia_coli_Group_2_and_3_K	4.0.0	GCA_050113015.1	ST167	KL145		Untypeable	-	100.00%	0.50%	-16688	1 / 13 (7.69%)	KL145_11_DB_group_98,100.00%,96.43%	KL145_01_kpsF;KL145_02_kpsE;KL145_03_kpsD;KL145_04_kpsU;KL145_05_kpsC;KL145_06_kpsS;KL145_07_DB_group_91;KL145_08_ugd;KL145_09_wcaK;KL145_10_kfoC;KL145_12_kpsT;KL145_13_kpsM	0		0 / 13 (0.00%)		3	KL128_09_DB_group_51,100.00%,3.64%,truncated;KL128_09_DB_group_51,100.00%,3.64%,truncated;KL128_09_DB_group_51,100.00%,3.64%,truncated;KL128_09_DB_group_51,100.00%,3.64%,truncated;KL147_13_rmlB,100.00%,7.11%,truncated;KL147_13_rmlB,100.00%,7.11%,truncated;KL147_13_rmlB,96.30%,7.63%,truncated;KL173_12_DB_group_98_wckE_2,100.00%,2.12%,truncated;KL173_12_DB_group_98_wckE_2,100.00%,6.13%,truncated;KL173_12_DB_group_98_wckE_2,100.00%,6.13%,truncated;KL173_12_DB_group_98_wckE_2,100.00%,6.13%,truncated;KL173_12_DB_group_98_wckE_2,100.00%,6.13%,truncated;KL173_12_DB_group_98_wckE_2,100.00%,6.13%,truncated	KL128_09_DB_group_51,100.00%,3.64%,truncated;KL128_09_DB_group_51,100.00%,3.64%,truncated;KL128_09_DB_group_51,100.00%,3.64%,truncated;KL128_09_DB_group_51,100.00%,3.64%,truncated;KL147_13_rmlB,100.00%,7.11%,truncated;KL147_13_rmlB,100.00%,7.11%,truncated;KL147_13_rmlB,96.30%,7.63%,truncated;KL173_12_DB_group_98_wckE_2,100.00%,2.12%,truncated;KL173_12_DB_group_98_wckE_2,100.00%,6.13%,truncated;KL173_12_DB_group_98_wckE_2,100.00%,6.13%,truncated;KL173_12_DB_group_98_wckE_2,100.00%,6.13%,truncated;KL173_12_DB_group_98_wckE_2,100.00%,6.13%,truncated;KL173_12_DB_group_98_wckE_2,100.00%,6.13%,truncated		ST167
3.3.2	Escherichia_coli_Group_2_and_3_K	4.0.0	GCA_050113055.1	ST167	KL145		Untypeable	-	99.45%	0.50%	-16688	1 / 14 (7.14%)	KL145_11_DB_group_98,100.00%,96.43%	KL145_01_kpsF;KL145_02_kpsE;KL145_03_kpsD;KL145_04_kpsU;KL145_05_kpsC;KL145_06_kpsS;KL145_07_DB_group_91;KL145_08_ugd;KL145_09_wcaK;KL145_10_kfoC;KL145_12_kpsT;KL145_13_kpsM	0		1 / 14 (7.14%)	KL145_11_DB_group_98,100.00%,92.86%;KL145_11_DB_group_98,96.15%,92.86%;KL145_11_DB_group_98,100.00%,92.86%;KL145_11_DB_group_98,100.00%,92.86%;KL145_11_DB_group_98,100.00%,92.86%	4	KL128_09_DB_group_51,100.00%,3.64%,truncated;KL128_09_DB_group_51,96.15%,3.64%,truncated;KL157_08_DB_group_38,100.00%,96.30%;KL147_13_rmlB,100.00%,7.11%,truncated;KL147_13_rmlB,88.89%,7.11%,truncated;KL173_12_DB_group_98_wckE_2,100.00%,2.12%,truncated;KL173_12_DB_group_98_wckE_2,100.00%,6.13%,truncated;KL173_12_DB_group_98_wckE_2,100.00%,6.13%,truncated	KL128_09_DB_group_51,100.00%,3.64%,truncated;KL128_09_DB_group_51,96.15%,3.64%,truncated;KL147_13_rmlB,100.00%,7.11%,truncated;KL147_13_rmlB,88.89%,7.11%,truncated;KL173_12_DB_group_98_wckE_2,100.00%,2.12%,truncated;KL173_12_DB_group_98_wckE_2,100.00%,6.13%,truncated;KL173_12_DB_group_98_wckE_2,100.00%,6.13%,truncated		ST167
3.3.2	Escherichia_coli_Group_2_and_3_K	4.0.0	GCA_050113075.1	ST167	KL145		Untypeable	-	100.00%	0.50%	-16688	1 / 13 (7.69%)	KL145_11_DB_group_98,100.00%,96.43%	KL145_01_kpsF;KL145_02_kpsE;KL145_03_kpsD;KL145_04_kpsU;KL145_05_kpsC;KL145_06_kpsS;KL145_07_DB_group_91;KL145_08_ugd;KL145_09_wcaK;KL145_10_kfoC;KL145_12_kpsT;KL145_13_kpsM	0		0 / 13 (0.00%)		3	KL128_09_DB_group_51,100.00%,3.64%,truncated;KL128_09_DB_group_51,100.00%,3.64%,truncated;KL128_09_DB_group_51,100.00%,3.64%,truncated;KL128_09_DB_group_51,100.00%,3.64%,truncated;KL147_13_rmlB,100.00%,7.11%,truncated;KL147_13_rmlB,100.00%,7.11%,truncated;KL147_13_rmlB,96.30%,7.63%,truncated;KL173_12_DB_group_98_wckE_2,100.00%,6.13%,truncated;KL173_12_DB_group_98_wckE_2,100.00%,6.13%,truncated;KL173_12_DB_group_98_wckE_2,100.00%,6.13%,truncated;KL173_12_DB_group_98_wckE_2,100.00%,6.13%,truncated;KL173_12_DB_group_98_wckE_2,100.00%,6.13%,truncated;KL173_12_DB_group_98_wckE_2,100.00%,6.13%,truncated	KL128_09_DB_group_51,100.00%,3.64%,truncated;KL128_09_DB_group_51,100.00%,3.64%,truncated;KL128_09_DB_group_51,100.00%,3.64%,truncated;KL128_09_DB_group_51,100.00%,3.64%,truncated;KL147_13_rmlB,100.00%,7.11%,truncated;KL147_13_rmlB,100.00%,7.11%,truncated;KL147_13_rmlB,96.30%,7.63%,truncated;KL173_12_DB_group_98_wckE_2,100.00%,6.13%,truncated;KL173_12_DB_group_98_wckE_2,100.00%,6.13%,truncated;KL173_12_DB_group_98_wckE_2,100.00%,6.13%,truncated;KL173_12_DB_group_98_wckE_2,100.00%,6.13%,truncated;KL173_12_DB_group_98_wckE_2,100.00%,6.13%,truncated;KL173_12_DB_group_98_wckE_2,100.00%,6.13%,truncated		ST167
3.3.2	Escherichia_coli_Group_2_and_3_K	4.0.0	GCA_050113115.1	ST167	KL145		Untypeable	-	99.52%	0.50%	-16688	1 / 14 (7.14%)	KL145_11_DB_group_98,100.00%,96.43%	KL145_01_kpsF;KL145_02_kpsE;KL145_03_kpsD;KL145_04_kpsU;KL145_05_kpsC;KL145_06_kpsS;KL145_07_DB_group_91;KL145_08_ugd;KL145_09_wcaK;KL145_10_kfoC;KL145_12_kpsT;KL145_13_kpsM	0		1 / 14 (7.14%)	KL145_11_DB_group_98,100.00%,92.86%;KL145_11_DB_group_98,96.15%,92.86%;KL145_11_DB_group_98,100.00%,92.86%;KL145_11_DB_group_98,100.00%,92.86%;KL145_11_DB_group_98,100.00%,92.86%	4	KL128_09_DB_group_51,100.00%,3.64%,truncated;KL128_09_DB_group_51,96.15%,3.64%,truncated;KL157_08_DB_group_38,100.00%,96.30%;KL157_08_DB_group_38,100.00%,96.30%;KL147_13_rmlB,100.00%,7.11%,truncated;KL147_13_rmlB,88.89%,7.11%,truncated;KL173_12_DB_group_98_wckE_2,100.00%,6.13%,truncated;KL173_12_DB_group_98_wckE_2,100.00%,6.13%,truncated;KL173_12_DB_group_98_wckE_2,100.00%,6.13%,truncated;KL173_12_DB_group_98_wckE_2,100.00%,6.13%,truncated	KL128_09_DB_group_51,100.00%,3.64%,truncated;KL128_09_DB_group_51,96.15%,3.64%,truncated;KL147_13_rmlB,100.00%,7.11%,truncated;KL147_13_rmlB,88.89%,7.11%,truncated;KL173_12_DB_group_98_wckE_2,100.00%,6.13%,truncated;KL173_12_DB_group_98_wckE_2,100.00%,6.13%,truncated;KL173_12_DB_group_98_wckE_2,100.00%,6.13%,truncated;KL173_12_DB_group_98_wckE_2,100.00%,6.13%,truncated		ST167
3.3.2	Escherichia_coli_Group_2_and_3_K	4.0.0	GCA_050113135.1	ST167	KL152		Untypeable	?-*!	100.00%	7.18%		2 / 19 (10.53%)	KL152_09_ugd_2,77.78%,71.72%,truncated;KL152_14_rmlB_2,76.63%,91.44%,below_id_threshold	KL152_01_kpsD_5;KL152_02_kpsM_8;KL152_03_kpsT_7;KL152_04_kpsE_2;KL152_05_DB_group_206;KL152_06_DB_group_207;KL152_07_DB_group_214;KL152_08_DB_group_188;KL152_10_DB_group_194;KL152_11_K96-09;KL152_12_wckE;KL152_13_DB_group_184;KL152_15_rmlD_2;KL152_16_rmlA_2;KL152_17_rmlC_2;KL152_18_kpsC_5;KL152_19_kpsS_5	0		0 / 19 (0.00%)		5	KL128_09_DB_group_51,100.00%,3.64%,truncated;KL128_09_DB_group_51,100.00%,3.64%,truncated;KL128_09_DB_group_51,100.00%,3.64%,truncated;KL128_09_DB_group_51,100.00%,3.64%,truncated;KL128_09_DB_group_51,100.00%,3.64%,truncated;KL157_08_DB_group_38,100.00%,96.30%;KL157_08_DB_group_38,100.00%,92.59%;KL186_09_DB_group_269,100.00%,24.39%,truncated;KL147_13_rmlB,100.00%,7.11%,truncated;KL147_13_rmlB,100.00%,7.11%,truncated;KL147_13_rmlB,91.67%,3.16%,truncated;KL147_13_rmlB,88.89%,7.11%,truncated;KL173_12_DB_group_98_wckE_2,100.00%,6.37%,truncated;KL173_12_DB_group_98_wckE_2,100.00%,6.13%,truncated;KL173_12_DB_group_98_wckE_2,100.00%,6.13%,truncated;KL173_12_DB_group_98_wckE_2,100.00%,6.13%,truncated;KL173_12_DB_group_98_wckE_2,100.00%,6.13%,truncated;KL173_12_DB_group_98_wckE_2,100.00%,6.13%,truncated	KL128_09_DB_group_51,100.00%,3.64%,truncated;KL128_09_DB_group_51,100.00%,3.64%,truncated;KL128_09_DB_group_51,100.00%,3.64%,truncated;KL128_09_DB_group_51,100.00%,3.64%,truncated;KL128_09_DB_group_51,100.00%,3.64%,truncated;KL186_09_DB_group_269,100.00%,24.39%,truncated;KL147_13_rmlB,100.00%,7.11%,truncated;KL147_13_rmlB,100.00%,7.11%,truncated;KL147_13_rmlB,91.67%,3.16%,truncated;KL147_13_rmlB,88.89%,7.11%,truncated;KL152_09_ugd_2,77.78%,71.72%,truncated;KL173_12_DB_group_98_wckE_2,100.00%,6.37%,truncated;KL173_12_DB_group_98_wckE_2,100.00%,6.13%,truncated;KL173_12_DB_group_98_wckE_2,100.00%,6.13%,truncated;KL173_12_DB_group_98_wckE_2,100.00%,6.13%,truncated;KL173_12_DB_group_98_wckE_2,100.00%,6.13%,truncated;KL173_12_DB_group_98_wckE_2,100.00%,6.13%,truncated		ST167
3.3.2	Escherichia_coli_Group_2_and_3_K	4.0.0	GCA_050113155.1	ST167	KL145		Untypeable	-	99.52%	0.50%	-16688	1 / 14 (7.14%)	KL145_11_DB_group_98,100.00%,96.43%	KL145_01_kpsF;KL145_02_kpsE;KL145_03_kpsD;KL145_04_kpsU;KL145_05_kpsC;KL145_06_kpsS;KL145_07_DB_group_91;KL145_08_ugd;KL145_09_wcaK;KL145_10_kfoC;KL145_12_kpsT;KL145_13_kpsM	0		1 / 14 (7.14%)	KL145_11_DB_group_98,100.00%,92.86%;KL145_11_DB_group_98,96.15%,92.86%;KL145_11_DB_group_98,100.00%,92.86%;KL145_11_DB_group_98,100.00%,92.86%;KL145_11_DB_group_98,100.00%,92.86%	4	KL128_09_DB_group_51,100.00%,3.64%,truncated;KL128_09_DB_group_51,96.15%,3.64%,truncated;KL157_08_DB_group_38,100.00%,96.30%;KL157_08_DB_group_38,100.00%,96.30%;KL147_13_rmlB,100.00%,7.11%,truncated;KL147_13_rmlB,88.89%,7.11%,truncated;KL173_12_DB_group_98_wckE_2,100.00%,2.12%,truncated;KL173_12_DB_group_98_wckE_2,100.00%,6.13%,truncated;KL173_12_DB_group_98_wckE_2,100.00%,6.13%,truncated	KL128_09_DB_group_51,100.00%,3.64%,truncated;KL128_09_DB_group_51,96.15%,3.64%,truncated;KL147_13_rmlB,100.00%,7.11%,truncated;KL147_13_rmlB,88.89%,7.11%,truncated;KL173_12_DB_group_98_wckE_2,100.00%,2.12%,truncated;KL173_12_DB_group_98_wckE_2,100.00%,6.13%,truncated;KL173_12_DB_group_98_wckE_2,100.00%,6.13%,truncated		ST167
3.3.2	Escherichia_coli_Group_2_and_3_K	4.0.0	GCA_050113175.1	ST167	KL145		Untypeable	-	99.57%	0.50%	-16688	1 / 14 (7.14%)	KL145_11_DB_group_98,100.00%,96.43%	KL145_01_kpsF;KL145_02_kpsE;KL145_03_kpsD;KL145_04_kpsU;KL145_05_kpsC;KL145_06_kpsS;KL145_07_DB_group_91;KL145_08_ugd;KL145_09_wcaK;KL145_10_kfoC;KL145_12_kpsT;KL145_13_kpsM	0		1 / 14 (7.14%)	KL145_11_DB_group_98,100.00%,92.86%;KL145_11_DB_group_98,96.15%,92.86%;KL145_11_DB_group_98,100.00%,92.86%;KL145_11_DB_group_98,100.00%,92.86%;KL145_11_DB_group_98,100.00%,92.86%	4	KL128_09_DB_group_51,100.00%,3.64%,truncated;KL128_09_DB_group_51,96.15%,3.64%,truncated;KL157_08_DB_group_38,100.00%,96.30%;KL157_08_DB_group_38,100.00%,96.30%;KL157_08_DB_group_38,100.00%,96.30%;KL147_13_rmlB,100.00%,7.11%,truncated;KL147_13_rmlB,88.89%,7.11%,truncated;KL173_12_DB_group_98_wckE_2,100.00%,2.12%,truncated;KL173_12_DB_group_98_wckE_2,100.00%,6.13%,truncated;KL173_12_DB_group_98_wckE_2,100.00%,6.13%,truncated;KL173_12_DB_group_98_wckE_2,100.00%,6.13%,truncated	KL128_09_DB_group_51,100.00%,3.64%,truncated;KL128_09_DB_group_51,96.15%,3.64%,truncated;KL147_13_rmlB,100.00%,7.11%,truncated;KL147_13_rmlB,88.89%,7.11%,truncated;KL173_12_DB_group_98_wckE_2,100.00%,2.12%,truncated;KL173_12_DB_group_98_wckE_2,100.00%,6.13%,truncated;KL173_12_DB_group_98_wckE_2,100.00%,6.13%,truncated;KL173_12_DB_group_98_wckE_2,100.00%,6.13%,truncated		ST167
3.3.2	Escherichia_coli_Group_2_and_3_K	4.0.0	GCA_050113195.1	ST167	KL145		Untypeable	-	99.52%	0.50%	-16688	1 / 14 (7.14%)	KL145_11_DB_group_98,100.00%,96.43%	KL145_01_kpsF;KL145_02_kpsE;KL145_03_kpsD;KL145_04_kpsU;KL145_05_kpsC;KL145_06_kpsS;KL145_07_DB_group_91;KL145_08_ugd;KL145_09_wcaK;KL145_10_kfoC;KL145_12_kpsT;KL145_13_kpsM	0		1 / 14 (7.14%)	KL145_11_DB_group_98,100.00%,92.86%;KL145_11_DB_group_98,100.00%,92.86%;KL145_11_DB_group_98,96.15%,92.86%;KL145_11_DB_group_98,100.00%,92.86%;KL145_11_DB_group_98,100.00%,92.86%	4	KL128_09_DB_group_51,100.00%,3.64%,truncated;KL128_09_DB_group_51,96.15%,3.64%,truncated;KL157_08_DB_group_38,100.00%,96.30%;KL157_08_DB_group_38,100.00%,96.30%;KL147_13_rmlB,100.00%,7.11%,truncated;KL147_13_rmlB,88.89%,7.11%,truncated;KL173_12_DB_group_98_wckE_2,100.00%,6.13%,truncated;KL173_12_DB_group_98_wckE_2,100.00%,6.13%,truncated;KL173_12_DB_group_98_wckE_2,100.00%,6.13%,truncated	KL128_09_DB_group_51,100.00%,3.64%,truncated;KL128_09_DB_group_51,96.15%,3.64%,truncated;KL147_13_rmlB,100.00%,7.11%,truncated;KL147_13_rmlB,88.89%,7.11%,truncated;KL173_12_DB_group_98_wckE_2,100.00%,6.13%,truncated;KL173_12_DB_group_98_wckE_2,100.00%,6.13%,truncated;KL173_12_DB_group_98_wckE_2,100.00%,6.13%,truncated		ST167
3.3.2	Escherichia_coli_Group_2_and_3_K	4.0.0	GCA_052072695.1	ST167	KL145		Untypeable	-	100.00%	0.50%	-16688	1 / 13 (7.69%)	KL145_11_DB_group_98,100.00%,96.43%	KL145_01_kpsF;KL145_02_kpsE;KL145_03_kpsD;KL145_04_kpsU;KL145_05_kpsC;KL145_06_kpsS;KL145_07_DB_group_91;KL145_08_ugd;KL145_09_wcaK;KL145_10_kfoC;KL145_12_kpsT;KL145_13_kpsM	0		0 / 13 (0.00%)		3	KL128_09_DB_group_51,100.00%,3.64%,truncated;KL128_09_DB_group_51,100.00%,3.64%,truncated;KL128_09_DB_group_51,100.00%,3.64%,truncated;KL128_09_DB_group_51,100.00%,3.64%,truncated;KL128_09_DB_group_51,100.00%,3.36%,partial;KL147_13_rmlB,100.00%,7.11%,truncated;KL147_13_rmlB,100.00%,7.11%,truncated;KL147_13_rmlB,96.30%,7.63%,truncated;KL173_12_DB_group_98_wckE_2,100.00%,2.12%,truncated;KL173_12_DB_group_98_wckE_2,100.00%,6.13%,truncated;KL173_12_DB_group_98_wckE_2,100.00%,6.13%,truncated;KL173_12_DB_group_98_wckE_2,100.00%,6.13%,truncated;KL173_12_DB_group_98_wckE_2,100.00%,6.13%,truncated;KL173_12_DB_group_98_wckE_2,100.00%,6.13%,truncated	KL128_09_DB_group_51,100.00%,3.64%,truncated;KL128_09_DB_group_51,100.00%,3.64%,truncated;KL128_09_DB_group_51,100.00%,3.64%,truncated;KL128_09_DB_group_51,100.00%,3.64%,truncated;KL128_09_DB_group_51,100.00%,3.36%,partial;KL147_13_rmlB,100.00%,7.11%,truncated;KL147_13_rmlB,100.00%,7.11%,truncated;KL147_13_rmlB,96.30%,7.63%,truncated;KL173_12_DB_group_98_wckE_2,100.00%,2.12%,truncated;KL173_12_DB_group_98_wckE_2,100.00%,6.13%,truncated;KL173_12_DB_group_98_wckE_2,100.00%,6.13%,truncated;KL173_12_DB_group_98_wckE_2,100.00%,6.13%,truncated;KL173_12_DB_group_98_wckE_2,100.00%,6.13%,truncated;KL173_12_DB_group_98_wckE_2,100.00%,6.13%,truncated		ST167
3.3.2	Escherichia_coli_Group_2_and_3_K	4.0.0	GCA_052072795.1	ST167	KL152		Untypeable	?-*!	100.00%	5.12%		2 / 19 (10.53%)	KL152_14_rmlB_2,76.63%,91.44%,below_id_threshold;KL152_17_rmlC_2,81.73%,56.83%,truncated	KL152_01_kpsD_5;KL152_02_kpsM_8;KL152_03_kpsT_7;KL152_04_kpsE_2;KL152_05_DB_group_206;KL152_06_DB_group_207;KL152_07_DB_group_214;KL152_08_DB_group_188;KL152_09_ugd_2;KL152_10_DB_group_194;KL152_11_K96-09;KL152_12_wckE;KL152_13_DB_group_184;KL152_15_rmlD_2;KL152_16_rmlA_2;KL152_18_kpsC_5;KL152_19_kpsS_5	0		0 / 19 (0.00%)		4	KL128_09_DB_group_51,100.00%,3.64%,truncated;KL128_09_DB_group_51,100.00%,3.64%,truncated;KL128_09_DB_group_51,100.00%,3.64%,truncated;KL128_09_DB_group_51,100.00%,3.64%,truncated;KL145_11_DB_group_98,100.00%,96.43%;KL147_13_rmlB,100.00%,7.11%,truncated;KL147_13_rmlB,96.30%,7.63%,truncated;KL173_12_DB_group_98_wckE_2,100.00%,6.13%,truncated;KL173_12_DB_group_98_wckE_2,100.00%,6.13%,truncated;KL173_12_DB_group_98_wckE_2,100.00%,6.13%,truncated;KL173_12_DB_group_98_wckE_2,100.00%,6.13%,truncated;KL173_12_DB_group_98_wckE_2,100.00%,6.13%,truncated;KL173_12_DB_group_98_wckE_2,100.00%,6.13%,truncated	KL128_09_DB_group_51,100.00%,3.64%,truncated;KL128_09_DB_group_51,100.00%,3.64%,truncated;KL128_09_DB_group_51,100.00%,3.64%,truncated;KL128_09_DB_group_51,100.00%,3.64%,truncated;KL147_13_rmlB,100.00%,7.11%,truncated;KL147_13_rmlB,96.30%,7.63%,truncated;KL152_17_rmlC_2,81.73%,56.83%,truncated;KL173_12_DB_group_98_wckE_2,100.00%,6.13%,truncated;KL173_12_DB_group_98_wckE_2,100.00%,6.13%,truncated;KL173_12_DB_group_98_wckE_2,100.00%,6.13%,truncated;KL173_12_DB_group_98_wckE_2,100.00%,6.13%,truncated;KL173_12_DB_group_98_wckE_2,100.00%,6.13%,truncated;KL173_12_DB_group_98_wckE_2,100.00%,6.13%,truncated		ST167
3.3.2	Escherichia_coli_Group_2_and_3_K	4.0.0	GCA_052072855.1	ST167	KL145		Untypeable	-	100.00%	0.50%	-16688	1 / 14 (7.14%)	KL145_11_DB_group_98,100.00%,96.43%	KL145_01_kpsF;KL145_02_kpsE;KL145_03_kpsD;KL145_04_kpsU;KL145_05_kpsC;KL145_06_kpsS;KL145_07_DB_group_91;KL145_08_ugd;KL145_09_wcaK;KL145_10_kfoC;KL145_12_kpsT;KL145_13_kpsM	0		1 / 14 (7.14%)	KL145_11_DB_group_98,100.00%,92.86%	4	KL128_09_DB_group_51,100.00%,3.64%,truncated;KL128_09_DB_group_51,100.00%,3.64%,truncated;KL128_09_DB_group_51,100.00%,3.64%,truncated;KL157_08_DB_group_38,100.00%,96.30%;KL147_13_rmlB,96.30%,7.63%,truncated;KL173_12_DB_group_98_wckE_2,100.00%,6.13%,truncated;KL173_12_DB_group_98_wckE_2,100.00%,6.13%,truncated;KL173_12_DB_group_98_wckE_2,100.00%,6.13%,truncated;KL173_12_DB_group_98_wckE_2,100.00%,6.13%,truncated;KL173_12_DB_group_98_wckE_2,100.00%,6.13%,truncated;KL173_12_DB_group_98_wckE_2,100.00%,6.13%,truncated	KL128_09_DB_group_51,100.00%,3.64%,truncated;KL128_09_DB_group_51,100.00%,3.64%,truncated;KL128_09_DB_group_51,100.00%,3.64%,truncated;KL147_13_rmlB,96.30%,7.63%,truncated;KL173_12_DB_group_98_wckE_2,100.00%,6.13%,truncated;KL173_12_DB_group_98_wckE_2,100.00%,6.13%,truncated;KL173_12_DB_group_98_wckE_2,100.00%,6.13%,truncated;KL173_12_DB_group_98_wckE_2,100.00%,6.13%,truncated;KL173_12_DB_group_98_wckE_2,100.00%,6.13%,truncated;KL173_12_DB_group_98_wckE_2,100.00%,6.13%,truncated		ST167
3.3.2	Escherichia_coli_Group_2_and_3_K	4.0.0	GCA_052072985.1	ST167	KL162		Untypeable	-!	0.00%	4.15%	-21702	1 / 16 (6.25%)	KL162_07_ugd_2,78.53%,80.21%,truncated	KL162_01_kpsD_5;KL162_02_kpsM_8;KL162_03_kpsT_7;KL162_04_kpsE_2;KL162_05_DB_group_212;KL162_06_DB_group_195;KL162_08_K96-09;KL162_09_wckE;KL162_10_DB_group_184;KL162_11_rmlB_2;KL162_12_rmlD_2;KL162_13_rmlA_2;KL162_14_rmlC_2;KL162_15_kpsC_5;KL162_16_kpsS_5	0		0 / 16 (0.00%)		4	KL128_09_DB_group_51,100.00%,3.64%,truncated;KL128_09_DB_group_51,100.00%,3.64%,truncated;KL128_09_DB_group_51,100.00%,3.64%,truncated;KL128_09_DB_group_51,100.00%,3.64%,partial;KL186_09_DB_group_269,100.00%,24.39%,truncated;KL147_13_rmlB,100.00%,7.11%,truncated;KL147_13_rmlB,96.30%,7.63%,truncated;KL173_12_DB_group_98_wckE_2,100.00%,6.13%,truncated;KL173_12_DB_group_98_wckE_2,100.00%,6.13%,truncated;KL173_12_DB_group_98_wckE_2,100.00%,6.13%,truncated;KL173_12_DB_group_98_wckE_2,100.00%,6.13%,truncated;KL173_12_DB_group_98_wckE_2,100.00%,6.13%,truncated;KL173_12_DB_group_98_wckE_2,100.00%,6.13%,truncated	KL128_09_DB_group_51,100.00%,3.64%,truncated;KL128_09_DB_group_51,100.00%,3.64%,truncated;KL128_09_DB_group_51,100.00%,3.64%,truncated;KL128_09_DB_group_51,100.00%,3.64%,partial;KL186_09_DB_group_269,100.00%,24.39%,truncated;KL147_13_rmlB,100.00%,7.11%,truncated;KL147_13_rmlB,96.30%,7.63%,truncated;KL162_07_ugd_2,78.53%,80.21%,truncated;KL173_12_DB_group_98_wckE_2,100.00%,6.13%,truncated;KL173_12_DB_group_98_wckE_2,100.00%,6.13%,truncated;KL173_12_DB_group_98_wckE_2,100.00%,6.13%,truncated;KL173_12_DB_group_98_wckE_2,100.00%,6.13%,truncated;KL173_12_DB_group_98_wckE_2,100.00%,6.13%,truncated;KL173_12_DB_group_98_wckE_2,100.00%,6.13%,truncated		ST167
3.3.2	Escherichia_coli_Group_2_and_3_K	4.0.0	GCA_907163365.1	ST167	KL163		Untypeable	-*	0.00%	4.87%	-22387	1 / 18 (5.56%)	KL163_09_ugd_2,76.32%,97.94%,below_id_threshold	KL163_01_kpsD_5;KL163_02_kpsM_8;KL163_03_kpsT_7;KL163_04_kpsE_2;KL163_05_DB_group_179;KL163_06_DB_group_216;KL163_07_DB_group_212;KL163_08_DB_group_209;KL163_10_K96-09;KL163_11_wckE;KL163_12_DB_group_184;KL163_13_rmlB_2;KL163_14_rmlD_2;KL163_15_rmlA_2;KL163_16_rmlC_2;KL163_17_kpsC_5;KL163_18_kpsS_5	0		0 / 18 (0.00%)		3	KL128_09_DB_group_51,100.00%,3.64%,truncated;KL128_09_DB_group_51,100.00%,3.64%,truncated;KL128_09_DB_group_51,100.00%,3.64%,truncated;KL128_09_DB_group_51,100.00%,3.64%,truncated;KL186_09_DB_group_269,93.33%,24.39%,truncated;KL147_13_rmlB,100.00%,7.11%,truncated;KL147_13_rmlB,100.00%,7.11%,truncated;KL147_13_rmlB,100.00%,7.11%,truncated;KL147_13_rmlB,100.00%,7.11%,partial;KL147_13_rmlB,100.00%,7.11%,truncated;KL147_13_rmlB,100.00%,7.11%,truncated	KL128_09_DB_group_51,100.00%,3.64%,truncated;KL128_09_DB_group_51,100.00%,3.64%,truncated;KL128_09_DB_group_51,100.00%,3.64%,truncated;KL128_09_DB_group_51,100.00%,3.64%,truncated;KL186_09_DB_group_269,93.33%,24.39%,truncated;KL147_13_rmlB,100.00%,7.11%,truncated;KL147_13_rmlB,100.00%,7.11%,truncated;KL147_13_rmlB,100.00%,7.11%,truncated;KL147_13_rmlB,100.00%,7.11%,partial;KL147_13_rmlB,100.00%,7.11%,truncated;KL147_13_rmlB,100.00%,7.11%,truncated		ST167
3.3.2	Escherichia_coli_Group_2_and_3_K	4.0.0	GCA_907163485.1	ST167	KL157		Untypeable	-	100.00%	0.40%	-19131	1 / 13 (7.69%)	KL157_08_DB_group_38,100.00%,92.59%	KL157_01_kpsF;KL157_02_kpsE;KL157_03_kpsD;KL157_04_kpsU;KL157_05_kpsC;KL157_06_kpsS;KL157_07_DB_group_44;KL157_09_DB_group_75;KL157_10_kpsT;KL157_11_DB_group_2;KL157_12_DB_group_101;KL157_13_kpsM	0		0 / 13 (0.00%)		2	KL128_09_DB_group_51,100.00%,3.64%,truncated;KL147_13_rmlB,100.00%,7.11%,truncated;KL147_13_rmlB,96.30%,7.63%,truncated;KL147_13_rmlB,100.00%,3.16%,truncated;KL147_13_rmlB,100.00%,3.16%,truncated;KL147_13_rmlB,100.00%,3.16%,truncated;KL147_13_rmlB,88.89%,7.11%,truncated	KL128_09_DB_group_51,100.00%,3.64%,truncated;KL147_13_rmlB,100.00%,7.11%,truncated;KL147_13_rmlB,96.30%,7.63%,truncated;KL147_13_rmlB,100.00%,3.16%,truncated;KL147_13_rmlB,100.00%,3.16%,truncated;KL147_13_rmlB,100.00%,3.16%,truncated;KL147_13_rmlB,88.89%,7.11%,truncated		ST167
3.3.2	Escherichia_coli_Group_2_and_3_K	4.0.0	GCA_907163495.1	ST167	KL157		Untypeable	-	100.00%	0.40%	-19131	1 / 13 (7.69%)	KL157_08_DB_group_38,100.00%,92.59%	KL157_01_kpsF;KL157_02_kpsE;KL157_03_kpsD;KL157_04_kpsU;KL157_05_kpsC;KL157_06_kpsS;KL157_07_DB_group_44;KL157_09_DB_group_75;KL157_10_kpsT;KL157_11_DB_group_2;KL157_12_DB_group_101;KL157_13_kpsM	0		0 / 13 (0.00%)		2	KL128_09_DB_group_51,100.00%,3.64%,truncated;KL147_13_rmlB,100.00%,7.11%,truncated;KL147_13_rmlB,96.30%,7.63%,truncated;KL147_13_rmlB,100.00%,3.16%,truncated;KL147_13_rmlB,100.00%,3.16%,truncated;KL147_13_rmlB,100.00%,3.16%,truncated;KL147_13_rmlB,88.89%,7.11%,truncated	KL128_09_DB_group_51,100.00%,3.64%,truncated;KL147_13_rmlB,100.00%,7.11%,truncated;KL147_13_rmlB,96.30%,7.63%,truncated;KL147_13_rmlB,100.00%,3.16%,truncated;KL147_13_rmlB,100.00%,3.16%,truncated;KL147_13_rmlB,100.00%,3.16%,truncated;KL147_13_rmlB,88.89%,7.11%,truncated		ST167
3.3.2	Escherichia_coli_Group_2_and_3_K	4.0.0	GCA_907163665.1	ST167	KL157		Untypeable	-	100.00%	0.40%	-19131	1 / 13 (7.69%)	KL157_08_DB_group_38,100.00%,92.59%	KL157_01_kpsF;KL157_02_kpsE;KL157_03_kpsD;KL157_04_kpsU;KL157_05_kpsC;KL157_06_kpsS;KL157_07_DB_group_44;KL157_09_DB_group_75;KL157_10_kpsT;KL157_11_DB_group_2;KL157_12_DB_group_101;KL157_13_kpsM	0		0 / 13 (0.00%)		2	KL128_09_DB_group_51,100.00%,3.64%,truncated;KL147_13_rmlB,100.00%,7.11%,truncated;KL147_13_rmlB,96.30%,7.63%,truncated;KL147_13_rmlB,100.00%,3.16%,truncated;KL147_13_rmlB,100.00%,3.16%,truncated;KL147_13_rmlB,100.00%,3.16%,truncated;KL147_13_rmlB,88.89%,7.11%,truncated	KL128_09_DB_group_51,100.00%,3.64%,truncated;KL147_13_rmlB,100.00%,7.11%,truncated;KL147_13_rmlB,96.30%,7.63%,truncated;KL147_13_rmlB,100.00%,3.16%,truncated;KL147_13_rmlB,100.00%,3.16%,truncated;KL147_13_rmlB,100.00%,3.16%,truncated;KL147_13_rmlB,88.89%,7.11%,truncated		ST167
3.3.2	Escherichia_coli_Group_2_and_3_K	4.0.0	GCA_907163715.1	ST167	KL157		Untypeable	-	100.00%	0.40%	-19131	1 / 13 (7.69%)	KL157_08_DB_group_38,100.00%,92.59%	KL157_01_kpsF;KL157_02_kpsE;KL157_03_kpsD;KL157_04_kpsU;KL157_05_kpsC;KL157_06_kpsS;KL157_07_DB_group_44;KL157_09_DB_group_75;KL157_10_kpsT;KL157_11_DB_group_2;KL157_12_DB_group_101;KL157_13_kpsM	0		0 / 13 (0.00%)		2	KL128_09_DB_group_51,100.00%,3.64%,truncated;KL147_13_rmlB,100.00%,7.11%,truncated;KL147_13_rmlB,96.30%,7.63%,truncated;KL147_13_rmlB,100.00%,3.16%,truncated;KL147_13_rmlB,100.00%,3.16%,truncated;KL147_13_rmlB,100.00%,3.16%,truncated;KL147_13_rmlB,88.89%,7.11%,truncated	KL128_09_DB_group_51,100.00%,3.64%,truncated;KL147_13_rmlB,100.00%,7.11%,truncated;KL147_13_rmlB,96.30%,7.63%,truncated;KL147_13_rmlB,100.00%,3.16%,truncated;KL147_13_rmlB,100.00%,3.16%,truncated;KL147_13_rmlB,100.00%,3.16%,truncated;KL147_13_rmlB,88.89%,7.11%,truncated		ST167
3.3.2	Escherichia_coli_Group_2_and_3_K	4.0.0	GCA_964007015.1	ST167	KL145		Untypeable	-	100.00%	0.50%	-16688	1 / 14 (7.14%)	KL145_11_DB_group_98,100.00%,96.43%	KL145_01_kpsF;KL145_02_kpsE;KL145_03_kpsD;KL145_04_kpsU;KL145_05_kpsC;KL145_06_kpsS;KL145_07_DB_group_91;KL145_08_ugd;KL145_09_wcaK;KL145_10_kfoC;KL145_12_kpsT;KL145_13_kpsM	0		1 / 14 (7.14%)	KL145_11_DB_group_98,100.00%,92.86%;KL145_11_DB_group_98,91.67%,85.71%,partial	2	KL157_08_DB_group_38,100.00%,77.78%,partial;KL147_13_rmlB,100.00%,7.11%,truncated;KL147_13_rmlB,100.00%,2.37%,partial	KL145_11_DB_group_98,91.67%,85.71%,partial;KL157_08_DB_group_38,100.00%,77.78%,partial;KL147_13_rmlB,100.00%,7.11%,truncated;KL147_13_rmlB,100.00%,2.37%,partial		ST167
3.3.2	Escherichia_coli_Group_2_and_3_K	4.0.0	GCA_964007195.1	ST167	KL145		Untypeable	-	96.15%	0.49%	-16690	1 / 14 (7.14%)	KL145_11_DB_group_98,96.15%,92.86%	KL145_01_kpsF;KL145_02_kpsE;KL145_03_kpsD;KL145_04_kpsU;KL145_05_kpsC;KL145_06_kpsS;KL145_07_DB_group_91;KL145_08_ugd;KL145_09_wcaK;KL145_10_kfoC;KL145_12_kpsT;KL145_13_kpsM	0		1 / 14 (7.14%)	KL145_11_DB_group_98,100.00%,78.57%,truncated	1	KL147_13_rmlB,96.30%,7.11%,truncated	KL145_11_DB_group_98,100.00%,78.57%,truncated;KL147_13_rmlB,96.30%,7.11%,truncated		ST167
3.3.2	Escherichia_coli_Group_2_and_3_K	4.0.0	GCA_964007265.1	ST167	KL152		Untypeable	?-*!	0.00%	18.00%		3 / 19 (15.79%)	KL152_09_ugd_2,78.14%,71.72%,truncated;KL152_14_rmlB_2,76.33%,91.44%,below_id_threshold;KL152_16_rmlA_2,74.12%,87.63%,truncated	KL152_01_kpsD_5;KL152_02_kpsM_8;KL152_03_kpsT_7;KL152_04_kpsE_2;KL152_05_DB_group_206;KL152_06_DB_group_207;KL152_07_DB_group_214;KL152_08_DB_group_188;KL152_10_DB_group_194;KL152_11_K96-09;KL152_12_wckE;KL152_13_DB_group_184;KL152_15_rmlD_2;KL152_17_rmlC_2;KL152_18_kpsC_5;KL152_19_kpsS_5	0		0 / 19 (0.00%)		3	KL128_09_DB_group_51,100.00%,3.64%,truncated;KL128_09_DB_group_51,100.00%,3.64%,truncated;KL186_09_DB_group_269,100.00%,14.63%,partial;KL147_13_rmlB,88.89%,7.11%,truncated	KL128_09_DB_group_51,100.00%,3.64%,truncated;KL128_09_DB_group_51,100.00%,3.64%,truncated;KL186_09_DB_group_269,100.00%,14.63%,partial;KL147_13_rmlB,88.89%,7.11%,truncated;KL152_09_ugd_2,78.14%,71.72%,truncated;KL152_16_rmlA_2,74.12%,87.63%,truncated		ST167
3.3.2	Escherichia_coli_Group_2_and_3_K	4.0.0	GCA_964007295.1	ST167	KL152		Untypeable	?-*!	100.00%	18.00%		3 / 19 (15.79%)	KL152_09_ugd_2,78.14%,71.72%,truncated;KL152_14_rmlB_2,76.33%,91.44%,below_id_threshold;KL152_16_rmlA_2,74.12%,87.63%,truncated	KL152_01_kpsD_5;KL152_02_kpsM_8;KL152_03_kpsT_7;KL152_04_kpsE_2;KL152_05_DB_group_206;KL152_06_DB_group_207;KL152_07_DB_group_214;KL152_08_DB_group_188;KL152_10_DB_group_194;KL152_11_K96-09;KL152_12_wckE;KL152_13_DB_group_184;KL152_15_rmlD_2;KL152_17_rmlC_2;KL152_18_kpsC_5;KL152_19_kpsS_5	0		0 / 19 (0.00%)		7	KL111_14_kpsM,100.00%,16.22%,partial;KL128_09_DB_group_51,100.00%,3.64%,truncated;KL128_09_DB_group_51,100.00%,3.64%,truncated;KL157_08_DB_group_38,100.00%,92.59%;KL186_09_DB_group_269,100.00%,24.39%,truncated;KL147_13_rmlB,100.00%,7.11%,truncated;KL147_13_rmlB,88.89%,7.11%,truncated;KL173_12_DB_group_98_wckE_2,100.00%,4.72%,partial;KL14_08_DB_group_97,100.00%,31.67%,partial	KL111_14_kpsM,100.00%,16.22%,partial;KL128_09_DB_group_51,100.00%,3.64%,truncated;KL128_09_DB_group_51,100.00%,3.64%,truncated;KL186_09_DB_group_269,100.00%,24.39%,truncated;KL147_13_rmlB,100.00%,7.11%,truncated;KL147_13_rmlB,88.89%,7.11%,truncated;KL152_09_ugd_2,78.14%,71.72%,truncated;KL152_16_rmlA_2,74.12%,87.63%,truncated;KL173_12_DB_group_98_wckE_2,100.00%,4.72%,partial;KL14_08_DB_group_97,100.00%,31.67%,partial		ST167
3.3.2	Escherichia_coli_Group_2_and_3_K	4.0.0	GCA_964205355.1	ST167	KL152		Untypeable	?-*!	0.00%	18.00%		3 / 19 (15.79%)	KL152_09_ugd_2,78.14%,71.72%,truncated;KL152_14_rmlB_2,76.33%,91.44%,below_id_threshold;KL152_16_rmlA_2,74.12%,87.63%,truncated	KL152_01_kpsD_5;KL152_02_kpsM_8;KL152_03_kpsT_7;KL152_04_kpsE_2;KL152_05_DB_group_206;KL152_06_DB_group_207;KL152_07_DB_group_214;KL152_08_DB_group_188;KL152_10_DB_group_194;KL152_11_K96-09;KL152_12_wckE;KL152_13_DB_group_184;KL152_15_rmlD_2;KL152_17_rmlC_2;KL152_18_kpsC_5;KL152_19_kpsS_5	0		0 / 19 (0.00%)		4	KL128_09_DB_group_51,100.00%,3.64%,truncated;KL186_09_DB_group_269,100.00%,24.39%,truncated;KL147_13_rmlB,88.89%,7.11%,truncated;KL173_12_DB_group_98_wckE_2,100.00%,4.72%,partial	KL128_09_DB_group_51,100.00%,3.64%,truncated;KL186_09_DB_group_269,100.00%,24.39%,truncated;KL147_13_rmlB,88.89%,7.11%,truncated;KL152_09_ugd_2,78.14%,71.72%,truncated;KL152_16_rmlA_2,74.12%,87.63%,truncated;KL173_12_DB_group_98_wckE_2,100.00%,4.72%,partial		ST167
3.3.2	Escherichia_coli_Group_2_and_3_K	4.0.0	GCA_964205375.1	ST167	KL145		Untypeable	-	100.00%	0.50%	-16688	1 / 14 (7.14%)	KL145_11_DB_group_98,100.00%,96.43%	KL145_01_kpsF;KL145_02_kpsE;KL145_03_kpsD;KL145_04_kpsU;KL145_05_kpsC;KL145_06_kpsS;KL145_07_DB_group_91;KL145_08_ugd;KL145_09_wcaK;KL145_10_kfoC;KL145_12_kpsT;KL145_13_kpsM	0		1 / 14 (7.14%)	KL145_11_DB_group_98,100.00%,92.86%	1	KL147_13_rmlB,100.00%,7.11%,truncated;KL147_13_rmlB,88.89%,7.11%,truncated;KL147_13_rmlB,100.00%,2.37%,partial	KL147_13_rmlB,100.00%,7.11%,truncated;KL147_13_rmlB,88.89%,7.11%,truncated;KL147_13_rmlB,100.00%,2.37%,partial		ST167
3.3.2	Escherichia_coli_Group_2_and_3_K	4.0.0	GCA_964205385.1	ST167	KL152		Untypeable	?-*!	0.00%	18.00%		3 / 19 (15.79%)	KL152_09_ugd_2,78.14%,71.72%,truncated;KL152_14_rmlB_2,76.33%,91.44%,below_id_threshold;KL152_16_rmlA_2,74.12%,87.63%,truncated	KL152_01_kpsD_5;KL152_02_kpsM_8;KL152_03_kpsT_7;KL152_04_kpsE_2;KL152_05_DB_group_206;KL152_06_DB_group_207;KL152_07_DB_group_214;KL152_08_DB_group_188;KL152_10_DB_group_194;KL152_11_K96-09;KL152_12_wckE;KL152_13_DB_group_184;KL152_15_rmlD_2;KL152_17_rmlC_2;KL152_18_kpsC_5;KL152_19_kpsS_5	0		0 / 19 (0.00%)		4	KL128_09_DB_group_51,100.00%,3.64%,truncated;KL128_09_DB_group_51,100.00%,3.64%,truncated;KL186_09_DB_group_269,100.00%,24.39%,truncated;KL147_13_rmlB,88.89%,7.11%,truncated;KL173_12_DB_group_98_wckE_2,100.00%,4.72%,partial	KL128_09_DB_group_51,100.00%,3.64%,truncated;KL128_09_DB_group_51,100.00%,3.64%,truncated;KL186_09_DB_group_269,100.00%,24.39%,truncated;KL147_13_rmlB,88.89%,7.11%,truncated;KL152_09_ugd_2,78.14%,71.72%,truncated;KL152_16_rmlA_2,74.12%,87.63%,truncated;KL173_12_DB_group_98_wckE_2,100.00%,4.72%,partial		ST167
3.3.2	Escherichia_coli_Group_2_and_3_K	4.0.0	GCA_964205875.1	ST167	KL152		Untypeable	?-*!	0.00%	18.00%		3 / 19 (15.79%)	KL152_09_ugd_2,78.14%,71.72%,truncated;KL152_14_rmlB_2,76.33%,91.44%,below_id_threshold;KL152_16_rmlA_2,74.12%,87.63%,truncated	KL152_01_kpsD_5;KL152_02_kpsM_8;KL152_03_kpsT_7;KL152_04_kpsE_2;KL152_05_DB_group_206;KL152_06_DB_group_207;KL152_07_DB_group_214;KL152_08_DB_group_188;KL152_10_DB_group_194;KL152_11_K96-09;KL152_12_wckE;KL152_13_DB_group_184;KL152_15_rmlD_2;KL152_17_rmlC_2;KL152_18_kpsC_5;KL152_19_kpsS_5	0		0 / 19 (0.00%)		4	KL128_09_DB_group_51,100.00%,3.64%,truncated;KL128_09_DB_group_51,100.00%,3.64%,truncated;KL128_09_DB_group_51,100.00%,3.64%,truncated;KL186_09_DB_group_269,100.00%,24.39%,truncated;KL147_13_rmlB,88.89%,7.11%,truncated;KL173_12_DB_group_98_wckE_2,100.00%,4.72%,partial	KL128_09_DB_group_51,100.00%,3.64%,truncated;KL128_09_DB_group_51,100.00%,3.64%,truncated;KL128_09_DB_group_51,100.00%,3.64%,truncated;KL186_09_DB_group_269,100.00%,24.39%,truncated;KL147_13_rmlB,88.89%,7.11%,truncated;KL152_09_ugd_2,78.14%,71.72%,truncated;KL152_16_rmlA_2,74.12%,87.63%,truncated;KL173_12_DB_group_98_wckE_2,100.00%,4.72%,partial		ST167
3.3.2	Escherichia_coli_Group_2_and_3_K	4.0.0	GCA_964206105.1	ST167	KL145		Untypeable	-!	0.00%	0.34%	-16715	1 / 13 (7.69%)	KL145_11_DB_group_98,100.00%,67.86%,partial	KL145_01_kpsF;KL145_02_kpsE;KL145_03_kpsD;KL145_04_kpsU;KL145_05_kpsC;KL145_06_kpsS;KL145_07_DB_group_91;KL145_08_ugd;KL145_09_wcaK;KL145_10_kfoC;KL145_12_kpsT;KL145_13_kpsM	0		0 / 13 (0.00%)		1	KL147_13_rmlB,100.00%,6.32%,partial;KL147_13_rmlB,91.67%,3.16%,truncated;KL147_13_rmlB,88.89%,7.11%,truncated	KL145_11_DB_group_98,100.00%,67.86%,partial;KL147_13_rmlB,100.00%,6.32%,partial;KL147_13_rmlB,91.67%,3.16%,truncated;KL147_13_rmlB,88.89%,7.11%,truncated		ST167
3.3.2	Escherichia_coli_Group_2_and_3_K	4.0.0	GCA_964206265.1	ST167	KL145		Untypeable	-	96.15%	0.49%	-16690	1 / 14 (7.14%)	KL145_11_DB_group_98,96.15%,92.86%	KL145_01_kpsF;KL145_02_kpsE;KL145_03_kpsD;KL145_04_kpsU;KL145_05_kpsC;KL145_06_kpsS;KL145_07_DB_group_91;KL145_08_ugd;KL145_09_wcaK;KL145_10_kfoC;KL145_12_kpsT;KL145_13_kpsM	0		1 / 14 (7.14%)	KL145_11_DB_group_98,96.15%,92.86%;KL145_11_DB_group_98,100.00%,78.57%,truncated	1	KL147_13_rmlB,96.30%,7.11%,truncated	KL145_11_DB_group_98,100.00%,78.57%,truncated;KL147_13_rmlB,96.30%,7.11%,truncated		ST167
3.3.2	Escherichia_coli_Group_2_and_3_K	4.0.0	GCA_964206275.1	ST167	KL189		Untypeable	?-!	100.00%	2.74%		2 / 24 (8.33%)	KL189_12_DB_group_297,71.43%,54.37%,truncated;KL189_14_ugd_2,78.84%,82.17%,truncated	KL189_01_kpsD_5;KL189_02_DB_group_296;KL189_03_kpsM_8;KL189_04_kpsT_7;KL189_05_DB_group_292;KL189_06_DB_group_206;KL189_07_DB_group_206;KL189_08_DB_group_206;KL189_09_DB_group_207;KL189_10_DB_group_327;KL189_11_DB_group_329;KL189_13_DB_group_285;KL189_15_K96-09;KL189_16_wckE;KL189_17_DB_group_184;KL189_18_DB_group_291;KL189_19_rmlB_2;KL189_20_rmlD_2;KL189_21_rmlA_2;KL189_22_rmlC_2;KL189_23_kpsC_5;KL189_24_kpsS_5	0		0 / 24 (0.00%)		4	KL145_11_DB_group_98,100.00%,92.86%;KL186_09_DB_group_269,100.00%,24.39%,truncated;KL147_13_rmlB,100.00%,3.16%,partial;KL12_09_DB_group_62,100.00%,17.66%,partial	KL186_09_DB_group_269,100.00%,24.39%,truncated;KL147_13_rmlB,100.00%,3.16%,partial;KL189_12_DB_group_297,71.43%,54.37%,truncated;KL189_14_ugd_2,78.84%,82.17%,truncated;KL12_09_DB_group_62,100.00%,17.66%,partial		ST167
3.3.2	Escherichia_coli_Group_2_and_3_K	4.0.0	GCA_964206385.1	ST167	KL152		Untypeable	?-*!	0.00%	18.00%		3 / 19 (15.79%)	KL152_09_ugd_2,78.14%,71.72%,truncated;KL152_14_rmlB_2,76.33%,91.44%,below_id_threshold;KL152_16_rmlA_2,74.12%,87.63%,truncated	KL152_01_kpsD_5;KL152_02_kpsM_8;KL152_03_kpsT_7;KL152_04_kpsE_2;KL152_05_DB_group_206;KL152_06_DB_group_207;KL152_07_DB_group_214;KL152_08_DB_group_188;KL152_10_DB_group_194;KL152_11_K96-09;KL152_12_wckE;KL152_13_DB_group_184;KL152_15_rmlD_2;KL152_17_rmlC_2;KL152_18_kpsC_5;KL152_19_kpsS_5	0		0 / 19 (0.00%)		3	KL186_09_DB_group_269,100.00%,24.39%,truncated;KL147_13_rmlB,88.89%,7.11%,truncated;KL173_12_DB_group_98_wckE_2,100.00%,6.13%,truncated	KL186_09_DB_group_269,100.00%,24.39%,truncated;KL147_13_rmlB,88.89%,7.11%,truncated;KL152_09_ugd_2,78.14%,71.72%,truncated;KL152_16_rmlA_2,74.12%,87.63%,truncated;KL173_12_DB_group_98_wckE_2,100.00%,6.13%,truncated		ST167
