Kaptive version	Database name	Database version	Assembly	ST	Best match locus	Best match type	Match confidence	Problems	Identity	Coverage	Length discrepancy	Expected genes in locus	Expected genes in locus, details	Missing expected genes	Other genes in locus	Other genes in locus, details	Expected genes outside locus	Expected genes outside locus, details	Other genes outside locus	Other genes outside locus, details	Truncated genes, details	Extra genes, details	ST
3.3.2	Klebsiella_pneumoniae_Species_Complex_O	3.2.0	GCA_000713235.1	ST10	OL14	unknown	Untypeable	-*!	0.00%	19.01%	-5567	2 / 8 (25.00%)	OL14_01_rfbB,76.92%,96.57%,below_id_threshold;OL14_02_rfbA,77.43%,88.62%,truncated	OL14_03_rfbD;OL14_04_rfbC;OL14_05_wbbL;OL14_06_rhamnan;OL14_07_wzm;OL14_08_wzt	0		0 / 8 (0.00%)		0		OL14_02_rfbA,77.43%,88.62%,truncated		ST10
3.3.2	Klebsiella_pneumoniae_Species_Complex_O	3.2.0	GCA_009793215.1	ST10	OL2α.3	O1α,2α	Typeable	!	98.06%	90.46%	-768	7 / 7 (100.00%)	OL2α.3_01_wzm,96.86%,99.61%;OL2α.3_02_wzt,97.97%,99.60%;OL2α.3_03_wbbM,97.46%,99.84%;OL2α.3_04_glf,98.70%,99.74%;OL2α.3_05_wbbN,96.62%,99.66%;OL2α.3_06_wbbO,97.88%,99.74%;OL2α.3_07_,93.30%,41.15%,truncated		0		0 / 7 (0.00%)		0		OL2α.3_07_,93.30%,41.15%,truncated	wbbZ,99.26%,99.63%;wbbY,99.73%,99.87%	ST10
3.3.2	Klebsiella_pneumoniae_Species_Complex_O	3.2.0	GCA_009793445.1	ST10	OL2α.3	O1α,2α	Typeable	!	98.06%	90.46%	-768	7 / 7 (100.00%)	OL2α.3_01_wzm,96.86%,99.61%;OL2α.3_02_wzt,97.97%,99.60%;OL2α.3_03_wbbM,97.46%,99.84%;OL2α.3_04_glf,98.70%,99.74%;OL2α.3_05_wbbN,96.62%,99.66%;OL2α.3_06_wbbO,97.88%,99.74%;OL2α.3_07_,93.30%,41.15%,truncated		0		0 / 7 (0.00%)		0		OL2α.3_07_,93.30%,41.15%,truncated	wbbZ,99.26%,99.63%;wbbY,99.73%,99.87%	ST10
3.3.2	Klebsiella_pneumoniae_Species_Complex_O	3.2.0	GCA_009793505.1	ST10	OL2α.3	O1α,2α	Typeable	!	98.06%	90.46%	-768	7 / 7 (100.00%)	OL2α.3_01_wzm,96.86%,99.61%;OL2α.3_02_wzt,97.97%,99.60%;OL2α.3_03_wbbM,97.46%,99.84%;OL2α.3_04_glf,98.70%,99.74%;OL2α.3_05_wbbN,96.62%,99.66%;OL2α.3_06_wbbO,97.88%,99.74%;OL2α.3_07_,93.30%,41.15%,truncated		0		0 / 7 (0.00%)		0		OL2α.3_07_,93.30%,41.15%,truncated	wbbZ,99.26%,99.63%;wbbY,99.73%,99.87%	ST10
3.3.2	Klebsiella_pneumoniae_Species_Complex_O	3.2.0	GCA_009793615.1	ST10	OL2α.3	O1α,2α	Typeable	!	98.06%	90.46%	-768	7 / 7 (100.00%)	OL2α.3_01_wzm,96.86%,99.61%;OL2α.3_02_wzt,97.97%,99.60%;OL2α.3_03_wbbM,97.46%,99.84%;OL2α.3_04_glf,98.70%,99.74%;OL2α.3_05_wbbN,96.62%,99.66%;OL2α.3_06_wbbO,97.88%,99.74%;OL2α.3_07_,93.30%,41.15%,truncated		0		0 / 7 (0.00%)		0		OL2α.3_07_,93.30%,41.15%,truncated	wbbZ,99.26%,99.63%;wbbY,99.73%,99.87%	ST10
3.3.2	Klebsiella_pneumoniae_Species_Complex_O	3.2.0	GCA_009793635.1	ST10	OL2α.3	O1α,2α	Typeable	!	98.06%	90.46%	-768	7 / 7 (100.00%)	OL2α.3_01_wzm,96.86%,99.61%;OL2α.3_02_wzt,97.97%,99.60%;OL2α.3_03_wbbM,97.46%,99.84%;OL2α.3_04_glf,98.70%,99.74%;OL2α.3_05_wbbN,96.62%,99.66%;OL2α.3_06_wbbO,97.88%,99.74%;OL2α.3_07_,93.30%,41.15%,truncated		0		0 / 7 (0.00%)		0		OL2α.3_07_,93.30%,41.15%,truncated	wbbZ,99.26%,99.63%;wbbY,99.73%,99.87%	ST10
3.3.2	Klebsiella_pneumoniae_Species_Complex_O	3.2.0	GCA_009793645.1	ST10	OL2α.3	O1α,2α	Typeable	!	98.06%	90.46%	-768	7 / 7 (100.00%)	OL2α.3_01_wzm,96.86%,99.61%;OL2α.3_02_wzt,97.97%,99.60%;OL2α.3_03_wbbM,97.46%,99.84%;OL2α.3_04_glf,98.70%,99.74%;OL2α.3_05_wbbN,96.62%,99.66%;OL2α.3_06_wbbO,97.88%,99.74%;OL2α.3_07_,93.30%,41.15%,truncated		0		0 / 7 (0.00%)		0		OL2α.3_07_,93.30%,41.15%,truncated	wbbZ,99.26%,99.63%;wbbY,99.73%,99.87%	ST10
3.3.2	Klebsiella_pneumoniae_Species_Complex_O	3.2.0	GCA_009793665.1	ST10	OL2α.3	O1α,2α	Typeable	!	98.06%	90.46%	-768	7 / 7 (100.00%)	OL2α.3_01_wzm,96.86%,99.61%;OL2α.3_02_wzt,97.97%,99.60%;OL2α.3_03_wbbM,97.46%,99.84%;OL2α.3_04_glf,98.70%,99.74%;OL2α.3_05_wbbN,96.62%,99.66%;OL2α.3_06_wbbO,97.88%,99.74%;OL2α.3_07_,93.30%,41.15%,truncated		0		0 / 7 (0.00%)		0		OL2α.3_07_,93.30%,41.15%,truncated	wbbZ,99.26%,99.63%;wbbY,99.73%,99.87%	ST10
3.3.2	Klebsiella_pneumoniae_Species_Complex_O	3.2.0	GCA_009793715.1	ST10	OL14	unknown	Untypeable	-*!	0.00%	19.01%	-5567	2 / 8 (25.00%)	OL14_01_rfbB,76.92%,96.57%,below_id_threshold;OL14_02_rfbA,77.43%,88.62%,truncated	OL14_03_rfbD;OL14_04_rfbC;OL14_05_wbbL;OL14_06_rhamnan;OL14_07_wzm;OL14_08_wzt	0		0 / 8 (0.00%)		0		OL14_02_rfbA,77.43%,88.62%,truncated		ST10
3.3.2	Klebsiella_pneumoniae_Species_Complex_O	3.2.0	GCA_009793945.1	ST10	OL14	unknown	Untypeable	-*!	0.00%	19.01%	-5567	2 / 8 (25.00%)	OL14_01_rfbB,76.92%,96.57%,below_id_threshold;OL14_02_rfbA,77.04%,88.62%,truncated	OL14_03_rfbD;OL14_04_rfbC;OL14_05_wbbL;OL14_06_rhamnan;OL14_07_wzm;OL14_08_wzt	0		0 / 8 (0.00%)		0		OL14_02_rfbA,77.04%,88.62%,truncated		ST10
3.3.2	Klebsiella_pneumoniae_Species_Complex_O	3.2.0	GCA_009794485.1	ST10	OL14	unknown	Untypeable	-*!	0.00%	19.01%	-5567	2 / 8 (25.00%)	OL14_01_rfbB,76.92%,96.57%,below_id_threshold;OL14_02_rfbA,77.43%,88.62%,truncated	OL14_03_rfbD;OL14_04_rfbC;OL14_05_wbbL;OL14_06_rhamnan;OL14_07_wzm;OL14_08_wzt	0		0 / 8 (0.00%)		0		OL14_02_rfbA,77.43%,88.62%,truncated		ST10
3.3.2	Klebsiella_pneumoniae_Species_Complex_O	3.2.0	GCA_009795575.1	ST10	OL2α.3	O1α,2α	Typeable	!	98.06%	90.46%	-768	7 / 7 (100.00%)	OL2α.3_01_wzm,96.86%,99.61%;OL2α.3_02_wzt,97.97%,99.60%;OL2α.3_03_wbbM,97.46%,99.84%;OL2α.3_04_glf,98.70%,99.74%;OL2α.3_05_wbbN,96.62%,99.66%;OL2α.3_06_wbbO,97.88%,99.74%;OL2α.3_07_,93.30%,41.15%,truncated		0		0 / 7 (0.00%)		0		OL2α.3_07_,93.30%,41.15%,truncated	wbbZ,99.26%,99.63%;wbbY,99.73%,99.87%	ST10
3.3.2	Klebsiella_pneumoniae_Species_Complex_O	3.2.0	GCA_009795595.1	ST10	OL2α.3	O1α,2α	Typeable	!	98.06%	90.46%	-768	7 / 7 (100.00%)	OL2α.3_01_wzm,96.86%,99.61%;OL2α.3_02_wzt,97.97%,99.60%;OL2α.3_03_wbbM,97.46%,99.84%;OL2α.3_04_glf,98.70%,99.74%;OL2α.3_05_wbbN,96.62%,99.66%;OL2α.3_06_wbbO,97.88%,99.74%;OL2α.3_07_,93.30%,41.15%,truncated		0		0 / 7 (0.00%)		0		OL2α.3_07_,93.30%,41.15%,truncated	wbbZ,99.26%,99.63%;wbbY,99.73%,99.87%	ST10
3.3.2	Klebsiella_pneumoniae_Species_Complex_O	3.2.0	GCA_009795645.1	ST10	OL2α.3	O1α,2α	Typeable	!	98.06%	90.46%	-768	7 / 7 (100.00%)	OL2α.3_01_wzm,96.86%,99.61%;OL2α.3_02_wzt,97.97%,99.60%;OL2α.3_03_wbbM,97.46%,99.84%;OL2α.3_04_glf,98.70%,99.74%;OL2α.3_05_wbbN,96.62%,99.66%;OL2α.3_06_wbbO,97.88%,99.74%;OL2α.3_07_,93.30%,41.15%,truncated		0		0 / 7 (0.00%)		0		OL2α.3_07_,93.30%,41.15%,truncated	wbbZ,99.26%,99.63%;wbbY,99.73%,99.87%	ST10
3.3.2	Klebsiella_pneumoniae_Species_Complex_O	3.2.0	GCA_009798605.1	ST10	OL14	unknown	Untypeable	-*!	0.00%	19.01%	-5567	2 / 8 (25.00%)	OL14_01_rfbB,76.92%,96.57%,below_id_threshold;OL14_02_rfbA,77.43%,88.62%,truncated	OL14_03_rfbD;OL14_04_rfbC;OL14_05_wbbL;OL14_06_rhamnan;OL14_07_wzm;OL14_08_wzt	0		0 / 8 (0.00%)		0		OL14_02_rfbA,77.43%,88.62%,truncated		ST10
3.3.2	Klebsiella_pneumoniae_Species_Complex_O	3.2.0	GCA_009823885.1	ST10	OL14	unknown	Untypeable	-*!	0.00%	19.01%	-5567	2 / 8 (25.00%)	OL14_01_rfbB,76.92%,96.57%,below_id_threshold;OL14_02_rfbA,77.43%,88.62%,truncated	OL14_03_rfbD;OL14_04_rfbC;OL14_05_wbbL;OL14_06_rhamnan;OL14_07_wzm;OL14_08_wzt	0		0 / 8 (0.00%)		0		OL14_02_rfbA,77.43%,88.62%,truncated		ST10
3.3.2	Klebsiella_pneumoniae_Species_Complex_O	3.2.0	GCA_009823945.1	ST10	OL14	unknown	Untypeable	-*!	0.00%	19.01%	-5567	2 / 8 (25.00%)	OL14_01_rfbB,76.92%,96.57%,below_id_threshold;OL14_02_rfbA,77.43%,88.62%,truncated	OL14_03_rfbD;OL14_04_rfbC;OL14_05_wbbL;OL14_06_rhamnan;OL14_07_wzm;OL14_08_wzt	0		0 / 8 (0.00%)		0		OL14_02_rfbA,77.43%,88.62%,truncated		ST10
3.3.2	Klebsiella_pneumoniae_Species_Complex_O	3.2.0	GCA_009824195.1	ST10	OL14	unknown	Untypeable	-*!	0.00%	19.01%	-5567	2 / 8 (25.00%)	OL14_01_rfbB,76.92%,96.57%,below_id_threshold;OL14_02_rfbA,77.43%,88.62%,truncated	OL14_03_rfbD;OL14_04_rfbC;OL14_05_wbbL;OL14_06_rhamnan;OL14_07_wzm;OL14_08_wzt	0		0 / 8 (0.00%)		0		OL14_02_rfbA,77.43%,88.62%,truncated		ST10
3.3.2	Klebsiella_pneumoniae_Species_Complex_O	3.2.0	GCA_009824205.1	ST10	OL14	unknown	Untypeable	-*!	0.00%	19.01%	-5567	2 / 8 (25.00%)	OL14_01_rfbB,76.92%,96.57%,below_id_threshold;OL14_02_rfbA,77.43%,88.62%,truncated	OL14_03_rfbD;OL14_04_rfbC;OL14_05_wbbL;OL14_06_rhamnan;OL14_07_wzm;OL14_08_wzt	0		0 / 8 (0.00%)		0		OL14_02_rfbA,77.43%,88.62%,truncated		ST10
3.3.2	Klebsiella_pneumoniae_Species_Complex_O	3.2.0	GCA_009824215.1	ST10	OL14	unknown	Untypeable	-*!	0.00%	19.01%	-5567	2 / 8 (25.00%)	OL14_01_rfbB,76.92%,96.57%,below_id_threshold;OL14_02_rfbA,77.43%,88.62%,truncated	OL14_03_rfbD;OL14_04_rfbC;OL14_05_wbbL;OL14_06_rhamnan;OL14_07_wzm;OL14_08_wzt	0		0 / 8 (0.00%)		0		OL14_02_rfbA,77.43%,88.62%,truncated		ST10
3.3.2	Klebsiella_pneumoniae_Species_Complex_O	3.2.0	GCA_009824295.1	ST10	OL14	unknown	Untypeable	-*!	0.00%	19.01%	-5567	2 / 8 (25.00%)	OL14_01_rfbB,76.92%,96.57%,below_id_threshold;OL14_02_rfbA,77.43%,88.62%,truncated	OL14_03_rfbD;OL14_04_rfbC;OL14_05_wbbL;OL14_06_rhamnan;OL14_07_wzm;OL14_08_wzt	0		0 / 8 (0.00%)		0		OL14_02_rfbA,77.43%,88.62%,truncated		ST10
3.3.2	Klebsiella_pneumoniae_Species_Complex_O	3.2.0	GCA_009824335.1	ST10	OL14	unknown	Untypeable	-*!	0.00%	19.01%	-5567	2 / 8 (25.00%)	OL14_01_rfbB,76.92%,96.57%,below_id_threshold;OL14_02_rfbA,77.43%,88.62%,truncated	OL14_03_rfbD;OL14_04_rfbC;OL14_05_wbbL;OL14_06_rhamnan;OL14_07_wzm;OL14_08_wzt	0		0 / 8 (0.00%)		0		OL14_02_rfbA,77.43%,88.62%,truncated		ST10
3.3.2	Klebsiella_pneumoniae_Species_Complex_O	3.2.0	GCA_009824425.1	ST10	OL14	unknown	Untypeable	-*!	0.00%	19.01%	-5567	2 / 8 (25.00%)	OL14_01_rfbB,76.92%,96.57%,below_id_threshold;OL14_02_rfbA,77.43%,88.62%,truncated	OL14_03_rfbD;OL14_04_rfbC;OL14_05_wbbL;OL14_06_rhamnan;OL14_07_wzm;OL14_08_wzt	0		0 / 8 (0.00%)		0		OL14_02_rfbA,77.43%,88.62%,truncated		ST10
3.3.2	Klebsiella_pneumoniae_Species_Complex_O	3.2.0	GCA_009824475.1	ST10	OL14	unknown	Untypeable	-*!	0.00%	19.01%	-5567	2 / 8 (25.00%)	OL14_01_rfbB,76.92%,96.57%,below_id_threshold;OL14_02_rfbA,77.43%,88.62%,truncated	OL14_03_rfbD;OL14_04_rfbC;OL14_05_wbbL;OL14_06_rhamnan;OL14_07_wzm;OL14_08_wzt	0		0 / 8 (0.00%)		0		OL14_02_rfbA,77.43%,88.62%,truncated		ST10
3.3.2	Klebsiella_pneumoniae_Species_Complex_O	3.2.0	GCA_009824555.1	ST10	OL14	unknown	Untypeable	-*!	0.00%	19.01%	-5567	2 / 8 (25.00%)	OL14_01_rfbB,76.92%,96.57%,below_id_threshold;OL14_02_rfbA,77.43%,88.62%,truncated	OL14_03_rfbD;OL14_04_rfbC;OL14_05_wbbL;OL14_06_rhamnan;OL14_07_wzm;OL14_08_wzt	0		0 / 8 (0.00%)		0		OL14_02_rfbA,77.43%,88.62%,truncated		ST10
3.3.2	Klebsiella_pneumoniae_Species_Complex_O	3.2.0	GCA_009824615.1	ST10	OL3α/β	O3αβ	Typeable	?-!	98.96%	93.16%		8 / 10 (80.00%)	OL3α/β_01_manC,99.69%,68.01%,partial;OL3α/β_02_manB,99.43%,75.70%,partial;OL3α/β_03_wzm,98.85%,99.62%;OL3α/β_04_wzt,99.77%,99.77%;OL3α/β_05_wbdD,99.01%,99.86%;OL3α/β_06_wbdA,97.74%,99.88%;OL3α/β_07_wbdB,99.74%,99.74%;OL3α/β_08_wbdC,98.65%,99.73%		0		2 / 10 (20.00%)	OL3α/β_01_manC,97.92%,40.68%,partial;OL3α/β_02_manB,100.00%,30.37%,partial	1	OL5_02_manB,98.60%,77.56%,partial	OL3α/β_01_manC,99.69%,68.01%,partial;OL3α/β_01_manC,97.92%,40.68%,partial;OL3α/β_02_manB,99.43%,75.70%,partial;OL3α/β_02_manB,100.00%,30.37%,partial;OL5_02_manB,98.60%,77.56%,partial		ST10
3.3.2	Klebsiella_pneumoniae_Species_Complex_O	3.2.0	GCA_009824745.1	ST10	OL3α/β	O3αβ	Typeable	?-!	98.96%	93.16%		8 / 10 (80.00%)	OL3α/β_01_manC,99.69%,68.01%,partial;OL3α/β_02_manB,99.43%,75.70%,partial;OL3α/β_03_wzm,98.85%,99.62%;OL3α/β_04_wzt,99.77%,99.77%;OL3α/β_05_wbdD,99.01%,99.86%;OL3α/β_06_wbdA,97.74%,99.88%;OL3α/β_07_wbdB,99.74%,99.74%;OL3α/β_08_wbdC,98.65%,99.73%		0		2 / 10 (20.00%)	OL3α/β_01_manC,97.92%,40.68%,partial;OL3α/β_02_manB,100.00%,30.37%,partial	1	OL5_02_manB,98.60%,77.56%,partial	OL3α/β_01_manC,99.69%,68.01%,partial;OL3α/β_01_manC,97.92%,40.68%,partial;OL3α/β_02_manB,99.43%,75.70%,partial;OL3α/β_02_manB,100.00%,30.37%,partial;OL5_02_manB,98.60%,77.56%,partial		ST10
3.3.2	Klebsiella_pneumoniae_Species_Complex_O	3.2.0	GCA_009824835.1	ST10	OL14	unknown	Untypeable	-*!	0.00%	19.01%	-5567	2 / 8 (25.00%)	OL14_01_rfbB,76.92%,96.57%,below_id_threshold;OL14_02_rfbA,77.43%,88.62%,truncated	OL14_03_rfbD;OL14_04_rfbC;OL14_05_wbbL;OL14_06_rhamnan;OL14_07_wzm;OL14_08_wzt	0		0 / 8 (0.00%)		0		OL14_02_rfbA,77.43%,88.62%,truncated		ST10
3.3.2	Klebsiella_pneumoniae_Species_Complex_O	3.2.0	GCA_009825065.1	ST10	OL3α/β	O3αβ	Typeable	?-!	98.96%	90.29%		8 / 9 (88.89%)	OL3α/β_01_manC,97.92%,40.68%,partial;OL3α/β_02_manB,98.61%,78.31%,partial;OL3α/β_03_wzm,98.85%,99.62%;OL3α/β_04_wzt,99.77%,99.77%;OL3α/β_05_wbdD,99.01%,99.86%;OL3α/β_06_wbdA,97.74%,99.88%;OL3α/β_07_wbdB,99.74%,99.74%;OL3α/β_08_wbdC,98.65%,99.73%		0		1 / 9 (11.11%)	OL3α/β_02_manB,100.00%,30.37%,partial	2	OL2α.3_06_wbbO,100.00%,9.79%,partial;OL2α.3_07_,95.10%,32.87%,partial;OL2α.3_07_,96.20%,18.16%,partial	OL2α.3_06_wbbO,100.00%,9.79%,partial;OL2α.3_07_,95.10%,32.87%,partial;OL2α.3_07_,96.20%,18.16%,partial;OL3α/β_01_manC,97.92%,40.68%,partial;OL3α/β_02_manB,98.61%,78.31%,partial;OL3α/β_02_manB,100.00%,30.37%,partial		ST10
3.3.2	Klebsiella_pneumoniae_Species_Complex_O	3.2.0	GCA_009825195.1	ST10	OL14	unknown	Untypeable	-*!	0.00%	19.01%	-5567	2 / 8 (25.00%)	OL14_01_rfbB,76.92%,96.57%,below_id_threshold;OL14_02_rfbA,77.43%,88.62%,truncated	OL14_03_rfbD;OL14_04_rfbC;OL14_05_wbbL;OL14_06_rhamnan;OL14_07_wzm;OL14_08_wzt	0		0 / 8 (0.00%)		0		OL14_02_rfbA,77.43%,88.62%,truncated		ST10
3.3.2	Klebsiella_pneumoniae_Species_Complex_O	3.2.0	GCA_009825265.1	ST10	OL5	O5	Untypeable	?-!	98.92%	30.94%		3 / 8 (37.50%)	OL5_01_manC,98.51%,99.79%;OL5_02_manB,99.33%,97.39%;OL5_08_wbdC,98.43%,85.48%,truncated	OL5_03_wzm;OL5_04_wzt;OL5_05_wbdD;OL5_06_wbdA;OL5_07_wbdB	0		0 / 8 (0.00%)		0		OL5_08_wbdC,98.43%,85.48%,truncated		ST10
3.3.2	Klebsiella_pneumoniae_Species_Complex_O	3.2.0	GCA_009900075.1	ST10	OL14	unknown	Untypeable	-*!	0.00%	19.01%	-5567	2 / 8 (25.00%)	OL14_01_rfbB,76.92%,96.57%,below_id_threshold;OL14_02_rfbA,77.04%,88.62%,truncated	OL14_03_rfbD;OL14_04_rfbC;OL14_05_wbbL;OL14_06_rhamnan;OL14_07_wzm;OL14_08_wzt	0		0 / 8 (0.00%)		0		OL14_02_rfbA,77.04%,88.62%,truncated		ST10
3.3.2	Klebsiella_pneumoniae_Species_Complex_O	3.2.0	GCA_009900285.1	ST10	OL5	O5	Typeable		97.09%	99.98%	-3	8 / 8 (100.00%)	OL5_01_manC,98.73%,99.79%;OL5_02_manB,97.38%,99.78%;OL5_03_wzm,98.11%,99.62%;OL5_04_wzt,98.02%,99.75%;OL5_05_wbdD,92.47%,99.77%;OL5_06_wbdA,93.82%,99.92%;OL5_07_wbdB,96.62%,99.74%;OL5_08_wbdC,95.42%,99.73%		0		0 / 8 (0.00%)		4	OL12_01_rfbB,98.30%,99.44%;OL13_02_rfbA,99.65%,99.66%;OL13_03_rfbD,99.32%,99.66%;OL13_04_rfbC,97.24%,97.84%			ST10
3.3.2	Klebsiella_pneumoniae_Species_Complex_O	3.2.0	GCA_009900425.1	ST10	OL3α/β	O3αβ	Typeable	?-!	98.96%	93.16%		8 / 10 (80.00%)	OL3α/β_01_manC,99.69%,68.01%,partial;OL3α/β_02_manB,99.43%,75.70%,partial;OL3α/β_03_wzm,98.85%,99.62%;OL3α/β_04_wzt,99.77%,99.77%;OL3α/β_05_wbdD,99.01%,99.86%;OL3α/β_06_wbdA,97.74%,99.88%;OL3α/β_07_wbdB,99.74%,99.74%;OL3α/β_08_wbdC,98.65%,99.73%		0		2 / 10 (20.00%)	OL3α/β_01_manC,97.92%,40.68%,partial;OL3α/β_02_manB,100.00%,30.37%,partial	1	OL5_02_manB,98.60%,77.56%,partial	OL3α/β_01_manC,99.69%,68.01%,partial;OL3α/β_01_manC,97.92%,40.68%,partial;OL3α/β_02_manB,99.43%,75.70%,partial;OL3α/β_02_manB,100.00%,30.37%,partial;OL5_02_manB,98.60%,77.56%,partial		ST10
3.3.2	Klebsiella_pneumoniae_Species_Complex_O	3.2.0	GCA_009900585.1	ST10	OL14	unknown	Untypeable	-*!	0.00%	19.01%	-5567	2 / 8 (25.00%)	OL14_01_rfbB,76.92%,96.57%,below_id_threshold;OL14_02_rfbA,77.43%,88.62%,truncated	OL14_03_rfbD;OL14_04_rfbC;OL14_05_wbbL;OL14_06_rhamnan;OL14_07_wzm;OL14_08_wzt	0		0 / 8 (0.00%)		0		OL14_02_rfbA,77.43%,88.62%,truncated		ST10
3.3.2	Klebsiella_pneumoniae_Species_Complex_O	3.2.0	GCA_009900625.1	ST10	OL14	unknown	Untypeable	-*!	0.00%	19.01%	-5567	2 / 8 (25.00%)	OL14_01_rfbB,76.92%,96.57%,below_id_threshold;OL14_02_rfbA,77.43%,88.62%,truncated	OL14_03_rfbD;OL14_04_rfbC;OL14_05_wbbL;OL14_06_rhamnan;OL14_07_wzm;OL14_08_wzt	0		0 / 8 (0.00%)		0		OL14_02_rfbA,77.43%,88.62%,truncated		ST10
3.3.2	Klebsiella_pneumoniae_Species_Complex_O	3.2.0	GCA_009900645.1	ST10	OL14	unknown	Untypeable	-*!	0.00%	19.01%	-5567	2 / 8 (25.00%)	OL14_01_rfbB,76.92%,96.57%,below_id_threshold;OL14_02_rfbA,77.43%,88.62%,truncated	OL14_03_rfbD;OL14_04_rfbC;OL14_05_wbbL;OL14_06_rhamnan;OL14_07_wzm;OL14_08_wzt	0		0 / 8 (0.00%)		0		OL14_02_rfbA,77.43%,88.62%,truncated		ST10
3.3.2	Klebsiella_pneumoniae_Species_Complex_O	3.2.0	GCA_009901125.1	ST10	OL14	unknown	Untypeable	-*!	0.00%	19.01%	-5567	2 / 8 (25.00%)	OL14_01_rfbB,76.92%,96.57%,below_id_threshold;OL14_02_rfbA,77.43%,88.62%,truncated	OL14_03_rfbD;OL14_04_rfbC;OL14_05_wbbL;OL14_06_rhamnan;OL14_07_wzm;OL14_08_wzt	0		0 / 8 (0.00%)		0		OL14_02_rfbA,77.43%,88.62%,truncated		ST10
3.3.2	Klebsiella_pneumoniae_Species_Complex_O	3.2.0	GCA_009901145.1	ST10	OL3α/β	O3αβ	Typeable	?-!	98.96%	93.16%		8 / 10 (80.00%)	OL3α/β_01_manC,99.69%,68.01%,partial;OL3α/β_02_manB,99.43%,75.70%,partial;OL3α/β_03_wzm,98.85%,99.62%;OL3α/β_04_wzt,99.77%,99.77%;OL3α/β_05_wbdD,99.01%,99.86%;OL3α/β_06_wbdA,97.74%,99.88%;OL3α/β_07_wbdB,99.74%,99.74%;OL3α/β_08_wbdC,98.65%,99.73%		0		2 / 10 (20.00%)	OL3α/β_01_manC,97.92%,40.68%,partial;OL3α/β_02_manB,100.00%,30.37%,partial	1	OL5_02_manB,98.60%,77.56%,partial	OL3α/β_01_manC,99.69%,68.01%,partial;OL3α/β_01_manC,97.92%,40.68%,partial;OL3α/β_02_manB,99.43%,75.70%,partial;OL3α/β_02_manB,100.00%,30.37%,partial;OL5_02_manB,98.60%,77.56%,partial		ST10
3.3.2	Klebsiella_pneumoniae_Species_Complex_O	3.2.0	GCA_009901165.1	ST10	OL3α/β	O3αβ	Typeable	?-!	98.96%	93.16%		8 / 10 (80.00%)	OL3α/β_01_manC,99.69%,68.01%,partial;OL3α/β_02_manB,99.43%,75.70%,partial;OL3α/β_03_wzm,98.85%,99.62%;OL3α/β_04_wzt,99.77%,99.77%;OL3α/β_05_wbdD,99.01%,99.86%;OL3α/β_06_wbdA,97.74%,99.88%;OL3α/β_07_wbdB,99.74%,99.74%;OL3α/β_08_wbdC,98.65%,99.73%		0		2 / 10 (20.00%)	OL3α/β_01_manC,97.92%,40.68%,partial;OL3α/β_02_manB,100.00%,30.37%,partial	1	OL5_02_manB,98.60%,77.56%,partial	OL3α/β_01_manC,99.69%,68.01%,partial;OL3α/β_01_manC,97.92%,40.68%,partial;OL3α/β_02_manB,99.43%,75.70%,partial;OL3α/β_02_manB,100.00%,30.37%,partial;OL5_02_manB,98.60%,77.56%,partial		ST10
3.3.2	Klebsiella_pneumoniae_Species_Complex_O	3.2.0	GCA_009901185.1	ST10	OL14	unknown	Untypeable	-*!	0.00%	19.01%	-5567	2 / 8 (25.00%)	OL14_01_rfbB,76.33%,96.57%,below_id_threshold;OL14_02_rfbA,77.43%,88.62%,truncated	OL14_03_rfbD;OL14_04_rfbC;OL14_05_wbbL;OL14_06_rhamnan;OL14_07_wzm;OL14_08_wzt	0		0 / 8 (0.00%)		0		OL14_02_rfbA,77.43%,88.62%,truncated		ST10
3.3.2	Klebsiella_pneumoniae_Species_Complex_O	3.2.0	GCA_011317875.1	ST10	OL3α/β	O3αβ	Typeable	?-!	98.96%	93.16%		8 / 10 (80.00%)	OL3α/β_01_manC,99.69%,68.01%,partial;OL3α/β_02_manB,99.43%,75.70%,partial;OL3α/β_03_wzm,98.85%,99.62%;OL3α/β_04_wzt,99.77%,99.77%;OL3α/β_05_wbdD,99.01%,99.86%;OL3α/β_06_wbdA,97.74%,99.88%;OL3α/β_07_wbdB,99.74%,99.74%;OL3α/β_08_wbdC,98.65%,99.73%		0		2 / 10 (20.00%)	OL3α/β_01_manC,97.92%,40.68%,partial;OL3α/β_02_manB,100.00%,30.37%,partial	1	OL5_02_manB,98.60%,77.56%,partial	OL3α/β_01_manC,99.69%,68.01%,partial;OL3α/β_01_manC,97.92%,40.68%,partial;OL3α/β_02_manB,99.43%,75.70%,partial;OL3α/β_02_manB,100.00%,30.37%,partial;OL5_02_manB,98.60%,77.56%,partial		ST10
3.3.2	Klebsiella_pneumoniae_Species_Complex_O	3.2.0	GCA_011317975.1	ST10	OL3α/β	O3αβ	Typeable	?-!	98.96%	93.16%		8 / 10 (80.00%)	OL3α/β_01_manC,99.69%,68.01%,partial;OL3α/β_02_manB,99.43%,75.70%,partial;OL3α/β_03_wzm,98.85%,99.62%;OL3α/β_04_wzt,99.77%,99.77%;OL3α/β_05_wbdD,99.01%,99.86%;OL3α/β_06_wbdA,97.74%,99.88%;OL3α/β_07_wbdB,99.74%,99.74%;OL3α/β_08_wbdC,98.65%,99.73%		0		2 / 10 (20.00%)	OL3α/β_01_manC,97.92%,40.68%,partial;OL3α/β_02_manB,100.00%,30.37%,partial	3	OL5_02_manB,98.60%,77.56%,partial;OL13_02_rfbA,98.61%,24.83%,partial;OL13_03_rfbD,95.45%,14.81%,partial	OL3α/β_01_manC,99.69%,68.01%,partial;OL3α/β_01_manC,97.92%,40.68%,partial;OL3α/β_02_manB,99.43%,75.70%,partial;OL3α/β_02_manB,100.00%,30.37%,partial;OL5_02_manB,98.60%,77.56%,partial;OL13_02_rfbA,98.61%,24.83%,partial;OL13_03_rfbD,95.45%,14.81%,partial		ST10
3.3.2	Klebsiella_pneumoniae_Species_Complex_O	3.2.0	GCA_011318395.1	ST10	OL14	unknown	Untypeable	-*!	0.00%	19.01%	-5567	2 / 8 (25.00%)	OL14_01_rfbB,76.92%,96.57%,below_id_threshold;OL14_02_rfbA,77.43%,88.62%,truncated	OL14_03_rfbD;OL14_04_rfbC;OL14_05_wbbL;OL14_06_rhamnan;OL14_07_wzm;OL14_08_wzt	0		0 / 8 (0.00%)		1	OL3γ_02_manB,98.67%,32.54%,partial	OL3γ_02_manB,98.67%,32.54%,partial;OL14_02_rfbA,77.43%,88.62%,truncated		ST10
3.3.2	Klebsiella_pneumoniae_Species_Complex_O	3.2.0	GCA_011763075.1	ST10	OL14	unknown	Untypeable	-*!	0.00%	19.01%	-5567	2 / 8 (25.00%)	OL14_01_rfbB,76.92%,96.57%,below_id_threshold;OL14_02_rfbA,77.43%,88.62%,truncated	OL14_03_rfbD;OL14_04_rfbC;OL14_05_wbbL;OL14_06_rhamnan;OL14_07_wzm;OL14_08_wzt	0		0 / 8 (0.00%)		0		OL14_02_rfbA,77.43%,88.62%,truncated		ST10
3.3.2	Klebsiella_pneumoniae_Species_Complex_O	3.2.0	GCA_011763135.1	ST10	OL2α.3	O1α,2α	Typeable	!	98.06%	90.46%	-768	7 / 7 (100.00%)	OL2α.3_01_wzm,96.86%,99.61%;OL2α.3_02_wzt,97.97%,99.60%;OL2α.3_03_wbbM,97.46%,99.84%;OL2α.3_04_glf,98.70%,99.74%;OL2α.3_05_wbbN,96.62%,99.66%;OL2α.3_06_wbbO,97.88%,99.74%;OL2α.3_07_,93.30%,41.15%,truncated		0		0 / 7 (0.00%)		0		OL2α.3_07_,93.30%,41.15%,truncated	wbbZ,99.26%,99.63%;wbbY,99.73%,99.87%	ST10
3.3.2	Klebsiella_pneumoniae_Species_Complex_O	3.2.0	GCA_011763275.1	ST10	OL14	unknown	Untypeable	-*!	0.00%	19.01%	-5567	2 / 8 (25.00%)	OL14_01_rfbB,76.92%,96.57%,below_id_threshold;OL14_02_rfbA,77.43%,88.62%,truncated	OL14_03_rfbD;OL14_04_rfbC;OL14_05_wbbL;OL14_06_rhamnan;OL14_07_wzm;OL14_08_wzt	0		0 / 8 (0.00%)		0		OL14_02_rfbA,77.43%,88.62%,truncated		ST10
3.3.2	Klebsiella_pneumoniae_Species_Complex_O	3.2.0	GCA_011763295.1	ST10	OL14	unknown	Untypeable	-*!	0.00%	19.01%	-5567	2 / 8 (25.00%)	OL14_01_rfbB,76.92%,96.57%,below_id_threshold;OL14_02_rfbA,77.43%,88.62%,truncated	OL14_03_rfbD;OL14_04_rfbC;OL14_05_wbbL;OL14_06_rhamnan;OL14_07_wzm;OL14_08_wzt	0		0 / 8 (0.00%)		0		OL14_02_rfbA,77.43%,88.62%,truncated		ST10
3.3.2	Klebsiella_pneumoniae_Species_Complex_O	3.2.0	GCA_011763315.1	ST10	OL14	unknown	Untypeable	?-*!	0.00%	24.82%		3 / 8 (37.50%)	OL14_01_rfbB,76.92%,96.57%,below_id_threshold;OL14_02_rfbA,77.43%,88.62%,truncated;OL14_04_rfbC,74.44%,71.89%,truncated	OL14_03_rfbD;OL14_05_wbbL;OL14_06_rhamnan;OL14_07_wzm;OL14_08_wzt	0		0 / 8 (0.00%)		0		OL14_02_rfbA,77.43%,88.62%,truncated;OL14_04_rfbC,74.44%,71.89%,truncated		ST10
3.3.2	Klebsiella_pneumoniae_Species_Complex_O	3.2.0	GCA_022488185.1	ST10	OL14	unknown	Untypeable	-*!	0.00%	19.01%	-5567	2 / 8 (25.00%)	OL14_01_rfbB,76.92%,96.57%,below_id_threshold;OL14_02_rfbA,77.43%,88.62%,truncated	OL14_03_rfbD;OL14_04_rfbC;OL14_05_wbbL;OL14_06_rhamnan;OL14_07_wzm;OL14_08_wzt	0		0 / 8 (0.00%)		0		OL14_02_rfbA,77.43%,88.62%,truncated		ST10
3.3.2	Klebsiella_pneumoniae_Species_Complex_O	3.2.0	GCA_022488205.1	ST10	OL14	unknown	Untypeable	-*!	0.00%	19.01%	-5567	2 / 8 (25.00%)	OL14_01_rfbB,76.92%,96.57%,below_id_threshold;OL14_02_rfbA,77.43%,88.62%,truncated	OL14_03_rfbD;OL14_04_rfbC;OL14_05_wbbL;OL14_06_rhamnan;OL14_07_wzm;OL14_08_wzt	0		0 / 8 (0.00%)		0		OL14_02_rfbA,77.43%,88.62%,truncated		ST10
3.3.2	Klebsiella_pneumoniae_Species_Complex_O	3.2.0	GCA_022488345.1	ST10	OL14	unknown	Untypeable	-*!	0.00%	19.01%	-5567	2 / 8 (25.00%)	OL14_01_rfbB,76.92%,96.57%,below_id_threshold;OL14_02_rfbA,77.43%,88.62%,truncated	OL14_03_rfbD;OL14_04_rfbC;OL14_05_wbbL;OL14_06_rhamnan;OL14_07_wzm;OL14_08_wzt	0		0 / 8 (0.00%)		0		OL14_02_rfbA,77.43%,88.62%,truncated		ST10
3.3.2	Klebsiella_pneumoniae_Species_Complex_O	3.2.0	GCA_022968555.1	ST10	OL12	O12	Typeable	-	98.09%	35.13%	-6355	4 / 8 (50.00%)	OL12_01_rfbB,98.58%,99.44%;OL12_02_rfbA,96.49%,98.28%;OL12_03_rfbD,98.65%,99.66%;OL12_04_rfbC,98.34%,97.84%	OL12_05_wbbL;OL12_06_wzm;OL12_07_wzt;OL12_08_wbbB	0		0 / 8 (0.00%)		2	OL3α/β_07_wbdB,100.00%,10.21%,partial;OL3α/β_08_wbdC,98.38%,99.73%	OL3α/β_07_wbdB,100.00%,10.21%,partial		ST10
3.3.2	Klebsiella_pneumoniae_Species_Complex_O	3.2.0	GCA_024330145.2	ST10	OL14	unknown	Untypeable	-*!	0.00%	19.01%	-5567	2 / 8 (25.00%)	OL14_01_rfbB,76.92%,96.57%,below_id_threshold;OL14_02_rfbA,77.43%,88.62%,truncated	OL14_03_rfbD;OL14_04_rfbC;OL14_05_wbbL;OL14_06_rhamnan;OL14_07_wzm;OL14_08_wzt	0		0 / 8 (0.00%)		0		OL14_02_rfbA,77.43%,88.62%,truncated		ST10
3.3.2	Klebsiella_pneumoniae_Species_Complex_O	3.2.0	GCA_024331345.2	ST10	OL14	unknown	Untypeable	-*!	0.00%	19.01%	-5567	2 / 8 (25.00%)	OL14_01_rfbB,76.92%,96.57%,below_id_threshold;OL14_02_rfbA,77.43%,88.62%,truncated	OL14_03_rfbD;OL14_04_rfbC;OL14_05_wbbL;OL14_06_rhamnan;OL14_07_wzm;OL14_08_wzt	0		0 / 8 (0.00%)		0		OL14_02_rfbA,77.43%,88.62%,truncated		ST10
3.3.2	Klebsiella_pneumoniae_Species_Complex_O	3.2.0	GCA_024700835.2	ST10	OL12	O12	Typeable	-	98.05%	35.13%	-6355	4 / 8 (50.00%)	OL12_01_rfbB,98.30%,99.44%;OL12_02_rfbA,97.23%,99.66%;OL12_03_rfbD,98.31%,99.66%;OL12_04_rfbC,98.34%,97.84%	OL12_05_wbbL;OL12_06_wzm;OL12_07_wzt;OL12_08_wbbB	0		0 / 8 (0.00%)		1	OL3α/β_08_wbdC,95.00%,26.88%,truncated	OL3α/β_08_wbdC,95.00%,26.88%,truncated		ST10
3.3.2	Klebsiella_pneumoniae_Species_Complex_O	3.2.0	GCA_025536495.1	ST10	OL14	unknown	Untypeable	-*!	0.00%	19.01%	-5567	2 / 8 (25.00%)	OL14_01_rfbB,76.92%,96.57%,below_id_threshold;OL14_02_rfbA,77.43%,88.62%,truncated	OL14_03_rfbD;OL14_04_rfbC;OL14_05_wbbL;OL14_06_rhamnan;OL14_07_wzm;OL14_08_wzt	0		0 / 8 (0.00%)		0		OL14_02_rfbA,77.43%,88.62%,truncated		ST10
3.3.2	Klebsiella_pneumoniae_Species_Complex_O	3.2.0	GCA_025536555.1	ST10	OL14	unknown	Untypeable	-*!	0.00%	19.01%	-5567	2 / 8 (25.00%)	OL14_01_rfbB,76.92%,96.57%,below_id_threshold;OL14_02_rfbA,77.04%,88.62%,truncated	OL14_03_rfbD;OL14_04_rfbC;OL14_05_wbbL;OL14_06_rhamnan;OL14_07_wzm;OL14_08_wzt	0		0 / 8 (0.00%)		0		OL14_02_rfbA,77.04%,88.62%,truncated		ST10
3.3.2	Klebsiella_pneumoniae_Species_Complex_O	3.2.0	GCA_025536675.1	ST10	OL14	unknown	Untypeable	-*!	0.00%	19.01%	-5567	2 / 8 (25.00%)	OL14_01_rfbB,76.92%,96.57%,below_id_threshold;OL14_02_rfbA,77.43%,88.62%,truncated	OL14_03_rfbD;OL14_04_rfbC;OL14_05_wbbL;OL14_06_rhamnan;OL14_07_wzm;OL14_08_wzt	0		0 / 8 (0.00%)		0		OL14_02_rfbA,77.43%,88.62%,truncated		ST10
3.3.2	Klebsiella_pneumoniae_Species_Complex_O	3.2.0	GCA_025544715.1	ST10	OL14	unknown	Untypeable	-*!	0.00%	19.01%	-5567	2 / 8 (25.00%)	OL14_01_rfbB,76.92%,96.57%,below_id_threshold;OL14_02_rfbA,77.43%,88.62%,truncated	OL14_03_rfbD;OL14_04_rfbC;OL14_05_wbbL;OL14_06_rhamnan;OL14_07_wzm;OL14_08_wzt	0		0 / 8 (0.00%)		0		OL14_02_rfbA,77.43%,88.62%,truncated		ST10
3.3.2	Klebsiella_pneumoniae_Species_Complex_O	3.2.0	GCA_025544835.1	ST10	OL14	unknown	Untypeable	-*!	0.00%	19.01%	-5567	2 / 8 (25.00%)	OL14_01_rfbB,76.92%,96.57%,below_id_threshold;OL14_02_rfbA,77.43%,88.62%,truncated	OL14_03_rfbD;OL14_04_rfbC;OL14_05_wbbL;OL14_06_rhamnan;OL14_07_wzm;OL14_08_wzt	0		0 / 8 (0.00%)		0		OL14_02_rfbA,77.43%,88.62%,truncated		ST10
3.3.2	Klebsiella_pneumoniae_Species_Complex_O	3.2.0	GCA_030024825.1	ST10	OL3α/β	O3αβ	Typeable	?-!	98.74%	95.99%		8 / 9 (88.89%)	OL3α/β_01_manC,97.45%,99.79%;OL3α/β_02_manB,99.68%,67.25%,partial;OL3α/β_03_wzm,98.85%,99.62%;OL3α/β_04_wzt,99.77%,99.77%;OL3α/β_05_wbdD,99.01%,99.86%;OL3α/β_06_wbdA,97.74%,99.88%;OL3α/β_07_wbdB,99.74%,99.74%;OL3α/β_08_wbdC,98.65%,99.73%		0		1 / 9 (11.11%)	OL3α/β_02_manB,100.00%,31.02%,partial	1	OL15_02_manB,89.13%,69.85%,partial	OL3α/β_02_manB,99.68%,67.25%,partial;OL3α/β_02_manB,100.00%,31.02%,partial;OL15_02_manB,89.13%,69.85%,partial		ST10
3.3.2	Klebsiella_pneumoniae_Species_Complex_O	3.2.0	GCA_037047155.1	ST10	OL14	unknown	Untypeable	-*!	0.00%	19.01%	-5567	2 / 8 (25.00%)	OL14_01_rfbB,76.92%,96.57%,below_id_threshold;OL14_02_rfbA,77.43%,88.62%,truncated	OL14_03_rfbD;OL14_04_rfbC;OL14_05_wbbL;OL14_06_rhamnan;OL14_07_wzm;OL14_08_wzt	0		0 / 8 (0.00%)		0		OL14_02_rfbA,77.43%,88.62%,truncated		ST10
3.3.2	Klebsiella_pneumoniae_Species_Complex_O	3.2.0	GCA_037047365.1	ST10	OL14	unknown	Untypeable	-*!	0.00%	19.01%	-5567	2 / 8 (25.00%)	OL14_01_rfbB,76.92%,96.57%,below_id_threshold;OL14_02_rfbA,77.43%,88.62%,truncated	OL14_03_rfbD;OL14_04_rfbC;OL14_05_wbbL;OL14_06_rhamnan;OL14_07_wzm;OL14_08_wzt	0		0 / 8 (0.00%)		0		OL14_02_rfbA,77.43%,88.62%,truncated		ST10
3.3.2	Klebsiella_pneumoniae_Species_Complex_O	3.2.0	GCA_037048165.1	ST10	OL5	O5	Untypeable	?-!	98.92%	30.94%		3 / 8 (37.50%)	OL5_01_manC,98.51%,99.79%;OL5_02_manB,99.33%,97.39%;OL5_08_wbdC,98.43%,85.48%,partial	OL5_03_wzm;OL5_04_wzt;OL5_05_wbdD;OL5_06_wbdA;OL5_07_wbdB	0		0 / 8 (0.00%)		0		OL5_08_wbdC,98.43%,85.48%,partial		ST10
3.3.2	Klebsiella_pneumoniae_Species_Complex_O	3.2.0	GCA_037048805.1	ST10	OL14	unknown	Untypeable	-*!	0.00%	19.01%	-5567	2 / 8 (25.00%)	OL14_01_rfbB,76.92%,96.57%,below_id_threshold;OL14_02_rfbA,77.43%,88.62%,truncated	OL14_03_rfbD;OL14_04_rfbC;OL14_05_wbbL;OL14_06_rhamnan;OL14_07_wzm;OL14_08_wzt	0		0 / 8 (0.00%)		0		OL14_02_rfbA,77.43%,88.62%,truncated		ST10
3.3.2	Klebsiella_pneumoniae_Species_Complex_O	3.2.0	GCA_037048925.1	ST10	OL12	O12	Typeable	-	98.42%	35.13%	-6355	4 / 8 (50.00%)	OL12_01_rfbB,98.30%,99.44%;OL12_02_rfbA,97.23%,99.66%;OL12_03_rfbD,98.65%,99.66%;OL12_04_rfbC,98.34%,97.84%	OL12_05_wbbL;OL12_06_wzm;OL12_07_wzt;OL12_08_wbbB	0		0 / 8 (0.00%)		3	OL3α/β_01_manC,99.15%,99.79%;OL3α/β_08_wbdC,98.50%,89.52%,partial;OL5_02_manB,98.86%,95.86%	OL3α/β_08_wbdC,98.50%,89.52%,partial		ST10
3.3.2	Klebsiella_pneumoniae_Species_Complex_O	3.2.0	GCA_037049005.1	ST10	OL12	O12	Typeable	-	98.42%	35.13%	-6355	4 / 8 (50.00%)	OL12_01_rfbB,98.30%,99.44%;OL12_02_rfbA,97.23%,99.66%;OL12_03_rfbD,98.65%,99.66%;OL12_04_rfbC,98.34%,97.84%	OL12_05_wbbL;OL12_06_wzm;OL12_07_wzt;OL12_08_wbbB	0		0 / 8 (0.00%)		3	OL3α/β_01_manC,99.15%,99.79%;OL3α/β_08_wbdC,98.50%,89.52%,truncated;OL5_02_manB,98.86%,95.86%	OL3α/β_08_wbdC,98.50%,89.52%,truncated		ST10
3.3.2	Klebsiella_pneumoniae_Species_Complex_O	3.2.0	GCA_040712345.1	ST10	OL12	O12	Typeable	-	98.88%	35.13%	-6355	4 / 8 (50.00%)	OL12_01_rfbB,99.15%,99.44%;OL12_02_rfbA,97.58%,99.66%;OL12_03_rfbD,99.32%,99.66%;OL12_04_rfbC,98.34%,97.84%	OL12_05_wbbL;OL12_06_wzm;OL12_07_wzt;OL12_08_wbbB	0		0 / 8 (0.00%)		3	OL3α/β_01_manC,99.58%,99.79%;OL3α/β_08_wbdC,98.61%,96.77%;OL5_02_manB,99.55%,96.08%			ST10
3.3.2	Klebsiella_pneumoniae_Species_Complex_O	3.2.0	GCA_040712355.1	ST10	OL12	O12	Typeable	-	98.88%	35.13%	-6355	4 / 8 (50.00%)	OL12_01_rfbB,99.15%,99.44%;OL12_02_rfbA,97.58%,99.66%;OL12_03_rfbD,99.32%,99.66%;OL12_04_rfbC,98.34%,97.84%	OL12_05_wbbL;OL12_06_wzm;OL12_07_wzt;OL12_08_wbbB	0		0 / 8 (0.00%)		3	OL3α/β_01_manC,99.58%,99.79%;OL3α/β_08_wbdC,98.61%,96.77%;OL5_02_manB,99.55%,96.08%			ST10
3.3.2	Klebsiella_pneumoniae_Species_Complex_O	3.2.0	GCA_040712435.1	ST10	OL12	O12	Typeable	-	98.88%	35.13%	-6355	4 / 8 (50.00%)	OL12_01_rfbB,99.15%,99.44%;OL12_02_rfbA,97.58%,99.66%;OL12_03_rfbD,99.32%,99.66%;OL12_04_rfbC,98.34%,97.84%	OL12_05_wbbL;OL12_06_wzm;OL12_07_wzt;OL12_08_wbbB	0		0 / 8 (0.00%)		3	OL3α/β_01_manC,99.58%,99.79%;OL3α/β_08_wbdC,98.61%,96.77%;OL5_02_manB,99.55%,96.08%			ST10
3.3.2	Klebsiella_pneumoniae_Species_Complex_O	3.2.0	GCA_040712465.1	ST10	OL12	O12	Typeable	-	98.88%	35.12%	-6356	4 / 8 (50.00%)	OL12_01_rfbB,99.15%,99.44%;OL12_02_rfbA,97.58%,99.66%;OL12_03_rfbD,99.32%,99.66%;OL12_04_rfbC,98.34%,97.84%	OL12_05_wbbL;OL12_06_wzm;OL12_07_wzt;OL12_08_wbbB	0		0 / 8 (0.00%)		3	OL3α/β_01_manC,99.58%,99.79%;OL3α/β_08_wbdC,98.61%,96.77%;OL5_02_manB,99.55%,96.08%			ST10
3.3.2	Klebsiella_pneumoniae_Species_Complex_O	3.2.0	GCA_040712505.1	ST10	OL2α.3	O1α,2α	Typeable	!	98.34%	97.79%	-178	7 / 7 (100.00%)	OL2α.3_01_wzm,96.47%,99.61%;OL2α.3_02_wzt,97.97%,99.60%;OL2α.3_03_wbbM,97.30%,99.84%;OL2α.3_04_glf,98.44%,99.74%;OL2α.3_05_wbbN,96.62%,99.66%;OL2α.3_06_wbbO,98.14%,99.74%;OL2α.3_07_,94.13%,86.21%,truncated		0		0 / 7 (0.00%)		7	OL3α/β_01_manC,99.58%,99.79%;OL3α/β_08_wbdC,98.61%,96.77%;OL5_02_manB,99.55%,96.08%;OL12_01_rfbB,99.15%,99.44%;OL13_02_rfbA,97.92%,99.66%;OL13_03_rfbD,99.32%,99.66%;OL13_04_rfbC,97.24%,97.84%	OL2α.3_07_,94.13%,86.21%,truncated	wbbZ,99.26%,99.63%;wbbY,99.59%,99.87%	ST10
3.3.2	Klebsiella_pneumoniae_Species_Complex_O	3.2.0	GCA_040713295.1	ST10	OL14	unknown	Untypeable	-*!	0.00%	19.01%	-5567	2 / 8 (25.00%)	OL14_01_rfbB,76.92%,96.57%,below_id_threshold;OL14_02_rfbA,77.43%,88.62%,truncated	OL14_03_rfbD;OL14_04_rfbC;OL14_05_wbbL;OL14_06_rhamnan;OL14_07_wzm;OL14_08_wzt	0		0 / 8 (0.00%)		0		OL14_02_rfbA,77.43%,88.62%,truncated		ST10
3.3.2	Klebsiella_pneumoniae_Species_Complex_O	3.2.0	GCA_040713755.1	ST10	OL14	unknown	Untypeable	-*!	0.00%	19.01%	-5567	2 / 8 (25.00%)	OL14_01_rfbB,76.92%,96.57%,below_id_threshold;OL14_02_rfbA,77.43%,88.62%,truncated	OL14_03_rfbD;OL14_04_rfbC;OL14_05_wbbL;OL14_06_rhamnan;OL14_07_wzm;OL14_08_wzt	0		0 / 8 (0.00%)		0		OL14_02_rfbA,77.43%,88.62%,truncated		ST10
3.3.2	Klebsiella_pneumoniae_Species_Complex_O	3.2.0	GCA_040713795.1	ST10	OL14	unknown	Untypeable	-*!	0.00%	19.01%	-5567	2 / 8 (25.00%)	OL14_01_rfbB,76.92%,96.57%,below_id_threshold;OL14_02_rfbA,77.43%,88.62%,truncated	OL14_03_rfbD;OL14_04_rfbC;OL14_05_wbbL;OL14_06_rhamnan;OL14_07_wzm;OL14_08_wzt	0		0 / 8 (0.00%)		0		OL14_02_rfbA,77.43%,88.62%,truncated		ST10
3.3.2	Klebsiella_pneumoniae_Species_Complex_O	3.2.0	GCA_040713875.1	ST10	OL14	unknown	Untypeable	-*!	0.00%	19.01%	-5567	2 / 8 (25.00%)	OL14_01_rfbB,76.92%,96.57%,below_id_threshold;OL14_02_rfbA,77.43%,88.62%,truncated	OL14_03_rfbD;OL14_04_rfbC;OL14_05_wbbL;OL14_06_rhamnan;OL14_07_wzm;OL14_08_wzt	0		0 / 8 (0.00%)		0		OL14_02_rfbA,77.43%,88.62%,truncated		ST10
3.3.2	Klebsiella_pneumoniae_Species_Complex_O	3.2.0	GCA_049379845.1	ST10	OL14	unknown	Untypeable	-*!	0.00%	19.01%	-5567	2 / 8 (25.00%)	OL14_01_rfbB,76.92%,96.57%,below_id_threshold;OL14_02_rfbA,77.43%,88.62%,truncated	OL14_03_rfbD;OL14_04_rfbC;OL14_05_wbbL;OL14_06_rhamnan;OL14_07_wzm;OL14_08_wzt	0		0 / 8 (0.00%)		0		OL14_02_rfbA,77.43%,88.62%,truncated		ST10
3.3.2	Klebsiella_pneumoniae_Species_Complex_O	3.2.0	GCA_049379945.1	ST10	OL14	unknown	Untypeable	-*!	0.00%	19.01%	-5567	2 / 8 (25.00%)	OL14_01_rfbB,76.92%,96.57%,below_id_threshold;OL14_02_rfbA,77.43%,88.62%,truncated	OL14_03_rfbD;OL14_04_rfbC;OL14_05_wbbL;OL14_06_rhamnan;OL14_07_wzm;OL14_08_wzt	0		0 / 8 (0.00%)		0		OL14_02_rfbA,77.43%,88.62%,truncated		ST10
3.3.2	Klebsiella_pneumoniae_Species_Complex_O	3.2.0	GCA_049380025.1	ST10	OL14	unknown	Untypeable	-*!	0.00%	19.01%	-5567	2 / 8 (25.00%)	OL14_01_rfbB,76.92%,96.57%,below_id_threshold;OL14_02_rfbA,77.43%,88.62%,truncated	OL14_03_rfbD;OL14_04_rfbC;OL14_05_wbbL;OL14_06_rhamnan;OL14_07_wzm;OL14_08_wzt	0		0 / 8 (0.00%)		0		OL14_02_rfbA,77.43%,88.62%,truncated		ST10
3.3.2	Klebsiella_pneumoniae_Species_Complex_O	3.2.0	GCA_050955345.1	ST10	OL12	O12	Typeable	-	97.99%	35.13%	-6355	4 / 8 (50.00%)	OL12_01_rfbB,98.30%,99.44%;OL12_02_rfbA,97.23%,99.66%;OL12_03_rfbD,98.65%,99.66%;OL12_04_rfbC,97.79%,97.84%	OL12_05_wbbL;OL12_06_wzm;OL12_07_wzt;OL12_08_wbbB	0		0 / 8 (0.00%)		1	OL3α/β_08_wbdC,98.34%,81.18%,truncated	OL3α/β_08_wbdC,98.34%,81.18%,truncated		ST10
3.3.2	Klebsiella_pneumoniae_Species_Complex_O	3.2.0	GCA_053164725.1	ST10	OL14	unknown	Untypeable	-*!	0.00%	19.01%	-5567	2 / 8 (25.00%)	OL14_01_rfbB,76.92%,96.57%,below_id_threshold;OL14_02_rfbA,77.43%,88.62%,truncated	OL14_03_rfbD;OL14_04_rfbC;OL14_05_wbbL;OL14_06_rhamnan;OL14_07_wzm;OL14_08_wzt	0		0 / 8 (0.00%)		0		OL14_02_rfbA,77.43%,88.62%,truncated		ST10
3.3.2	Klebsiella_pneumoniae_Species_Complex_O	3.2.0	GCA_907163995.1	ST10	OL14	unknown	Untypeable	-*!	0.00%	19.01%	-5567	2 / 8 (25.00%)	OL14_01_rfbB,76.92%,96.57%,below_id_threshold;OL14_02_rfbA,77.43%,88.62%,truncated	OL14_03_rfbD;OL14_04_rfbC;OL14_05_wbbL;OL14_06_rhamnan;OL14_07_wzm;OL14_08_wzt	0		0 / 8 (0.00%)		0		OL14_02_rfbA,77.43%,88.62%,truncated		ST10
3.3.2	Klebsiella_pneumoniae_Species_Complex_O	3.2.0	GCA_964006435.1	ST10	OL14	unknown	Untypeable	-*!	0.00%	19.01%	-5567	2 / 8 (25.00%)	OL14_01_rfbB,76.92%,96.57%,below_id_threshold;OL14_02_rfbA,77.43%,88.62%,truncated	OL14_03_rfbD;OL14_04_rfbC;OL14_05_wbbL;OL14_06_rhamnan;OL14_07_wzm;OL14_08_wzt	0		0 / 8 (0.00%)		0		OL14_02_rfbA,77.43%,88.62%,truncated		ST10
3.3.2	Klebsiella_pneumoniae_Species_Complex_O	3.2.0	GCA_964006445.1	ST10	OL14	unknown	Untypeable	-*!	0.00%	19.01%	-5567	2 / 8 (25.00%)	OL14_01_rfbB,76.92%,96.57%,below_id_threshold;OL14_02_rfbA,77.43%,88.62%,truncated	OL14_03_rfbD;OL14_04_rfbC;OL14_05_wbbL;OL14_06_rhamnan;OL14_07_wzm;OL14_08_wzt	0		0 / 8 (0.00%)		0		OL14_02_rfbA,77.43%,88.62%,truncated		ST10
3.3.2	Klebsiella_pneumoniae_Species_Complex_O	3.2.0	GCA_964006655.1	ST10	OL3α/β	O3αβ	Typeable	-!	97.75%	85.05%	-1780	7 / 8 (87.50%)	OL3α/β_02_manB,98.27%,75.05%,partial;OL3α/β_03_wzm,98.85%,99.62%;OL3α/β_04_wzt,99.77%,99.77%;OL3α/β_05_wbdD,98.87%,99.86%;OL3α/β_06_wbdA,97.86%,99.88%;OL3α/β_07_wbdB,99.48%,99.74%;OL3α/β_08_wbdC,95.69%,99.73%	OL3α/β_01_manC	0		0 / 8 (0.00%)		4	OL12_01_rfbB,97.17%,99.72%;OL13_02_rfbA,97.19%,98.28%;OL13_03_rfbD,97.64%,99.66%;OL13_04_rfbC,95.03%,97.84%	OL3α/β_02_manB,98.27%,75.05%,partial		ST10
3.3.2	Klebsiella_pneumoniae_Species_Complex_O	3.2.0	GCA_966512345.1	ST10	OL14	unknown	Untypeable	-*!	0.00%	19.01%	-5567	2 / 8 (25.00%)	OL14_01_rfbB,76.92%,96.57%,below_id_threshold;OL14_02_rfbA,77.43%,88.62%,truncated	OL14_03_rfbD;OL14_04_rfbC;OL14_05_wbbL;OL14_06_rhamnan;OL14_07_wzm;OL14_08_wzt	0		0 / 8 (0.00%)		0		OL14_02_rfbA,77.43%,88.62%,truncated		ST10
3.3.2	Klebsiella_pneumoniae_Species_Complex_O	3.2.0	GCA_966516095.1	ST10	OL14	unknown	Untypeable	-*!	0.00%	19.01%	-5567	2 / 8 (25.00%)	OL14_01_rfbB,76.92%,96.57%,below_id_threshold;OL14_02_rfbA,77.04%,88.62%,truncated	OL14_03_rfbD;OL14_04_rfbC;OL14_05_wbbL;OL14_06_rhamnan;OL14_07_wzm;OL14_08_wzt	0		0 / 8 (0.00%)		0		OL14_02_rfbA,77.04%,88.62%,truncated		ST10
3.3.2	Klebsiella_pneumoniae_Species_Complex_O	3.2.0	GCA_966518725.1	ST10	OL14	unknown	Untypeable	-*!	0.00%	19.01%	-5567	2 / 8 (25.00%)	OL14_01_rfbB,76.92%,96.57%,below_id_threshold;OL14_02_rfbA,77.43%,88.62%,truncated	OL14_03_rfbD;OL14_04_rfbC;OL14_05_wbbL;OL14_06_rhamnan;OL14_07_wzm;OL14_08_wzt	0		0 / 8 (0.00%)		0		OL14_02_rfbA,77.43%,88.62%,truncated		ST10
3.3.2	Klebsiella_pneumoniae_Species_Complex_O	3.2.0	GCA_966555485.1	ST10	OL12	O12	Typeable	-	98.33%	35.13%	-6355	4 / 8 (50.00%)	OL12_01_rfbB,98.58%,99.44%;OL12_02_rfbA,96.49%,98.28%;OL12_03_rfbD,98.65%,99.66%;OL12_04_rfbC,98.34%,97.84%	OL12_05_wbbL;OL12_06_wzm;OL12_07_wzt;OL12_08_wbbB	0		0 / 8 (0.00%)		4	OL3α/β_05_wbdD,100.00%,8.04%,truncated;OL3α/β_06_wbdA,97.86%,99.88%;OL3α/β_07_wbdB,99.74%,99.74%;OL3α/β_08_wbdC,98.65%,99.73%	OL3α/β_05_wbdD,100.00%,8.04%,truncated		ST10
3.3.2	Klebsiella_pneumoniae_Species_Complex_O	3.2.0	GCA_966556535.1	ST10	OL14	unknown	Untypeable	-*!	0.00%	19.01%	-5567	2 / 8 (25.00%)	OL14_01_rfbB,76.92%,96.57%,below_id_threshold;OL14_02_rfbA,77.43%,88.62%,truncated	OL14_03_rfbD;OL14_04_rfbC;OL14_05_wbbL;OL14_06_rhamnan;OL14_07_wzm;OL14_08_wzt	0		0 / 8 (0.00%)		0		OL14_02_rfbA,77.43%,88.62%,truncated		ST10
3.3.2	Klebsiella_pneumoniae_Species_Complex_O	3.2.0	GCA_966562275.1	ST10	OL14	unknown	Untypeable	-*!	0.00%	19.01%	-5567	2 / 8 (25.00%)	OL14_01_rfbB,76.92%,96.57%,below_id_threshold;OL14_02_rfbA,77.43%,88.62%,truncated	OL14_03_rfbD;OL14_04_rfbC;OL14_05_wbbL;OL14_06_rhamnan;OL14_07_wzm;OL14_08_wzt	0		0 / 8 (0.00%)		0		OL14_02_rfbA,77.43%,88.62%,truncated		ST10
3.3.2	Klebsiella_pneumoniae_Species_Complex_O	3.2.0	GCA_966562775.1	ST10	OL14	unknown	Untypeable	-*!	0.00%	19.01%	-5567	2 / 8 (25.00%)	OL14_01_rfbB,76.92%,96.57%,below_id_threshold;OL14_02_rfbA,77.43%,88.62%,truncated	OL14_03_rfbD;OL14_04_rfbC;OL14_05_wbbL;OL14_06_rhamnan;OL14_07_wzm;OL14_08_wzt	0		0 / 8 (0.00%)		0		OL14_02_rfbA,77.43%,88.62%,truncated		ST10
3.3.2	Klebsiella_pneumoniae_Species_Complex_O	3.2.0	GCA_966564195.1	ST10	OL14	unknown	Untypeable	-*!	0.00%	19.01%	-5567	2 / 8 (25.00%)	OL14_01_rfbB,76.92%,96.57%,below_id_threshold;OL14_02_rfbA,77.43%,88.62%,truncated	OL14_03_rfbD;OL14_04_rfbC;OL14_05_wbbL;OL14_06_rhamnan;OL14_07_wzm;OL14_08_wzt	0		0 / 8 (0.00%)		0		OL14_02_rfbA,77.43%,88.62%,truncated		ST10
3.3.2	Klebsiella_pneumoniae_Species_Complex_O	3.2.0	GCA_966565785.1	ST10	OL14	unknown	Untypeable	-*!	0.00%	19.01%	-5567	2 / 8 (25.00%)	OL14_01_rfbB,76.92%,96.57%,below_id_threshold;OL14_02_rfbA,77.43%,88.62%,truncated	OL14_03_rfbD;OL14_04_rfbC;OL14_05_wbbL;OL14_06_rhamnan;OL14_07_wzm;OL14_08_wzt	0		0 / 8 (0.00%)		0		OL14_02_rfbA,77.43%,88.62%,truncated		ST10
3.3.2	Klebsiella_pneumoniae_Species_Complex_O	3.2.0	GCA_966570365.1	ST10	OL14	unknown	Untypeable	-*!	0.00%	19.01%	-5567	2 / 8 (25.00%)	OL14_01_rfbB,76.92%,96.57%,below_id_threshold;OL14_02_rfbA,77.43%,88.62%,truncated	OL14_03_rfbD;OL14_04_rfbC;OL14_05_wbbL;OL14_06_rhamnan;OL14_07_wzm;OL14_08_wzt	0		0 / 8 (0.00%)		0		OL14_02_rfbA,77.43%,88.62%,truncated		ST10
3.3.2	Klebsiella_pneumoniae_Species_Complex_O	3.2.0	GCA_966572575.1	ST10	OL14	unknown	Untypeable	-*!	0.00%	19.01%	-5567	2 / 8 (25.00%)	OL14_01_rfbB,76.92%,96.57%,below_id_threshold;OL14_02_rfbA,77.43%,88.62%,truncated	OL14_03_rfbD;OL14_04_rfbC;OL14_05_wbbL;OL14_06_rhamnan;OL14_07_wzm;OL14_08_wzt	0		0 / 8 (0.00%)		2	OL3α/β_07_wbdB,94.00%,13.09%,partial;OL3α/β_08_wbdC,98.33%,32.26%,partial	OL3α/β_07_wbdB,94.00%,13.09%,partial;OL3α/β_08_wbdC,98.33%,32.26%,partial;OL14_02_rfbA,77.43%,88.62%,truncated		ST10
3.3.2	Klebsiella_pneumoniae_Species_Complex_O	3.2.0	GCA_966573225.1	ST10	OL12	O12	Typeable	-	98.02%	35.13%	-6355	4 / 8 (50.00%)	OL12_01_rfbB,98.58%,99.44%;OL12_02_rfbA,96.49%,98.28%;OL12_03_rfbD,98.65%,99.66%;OL12_04_rfbC,98.34%,97.84%	OL12_05_wbbL;OL12_06_wzm;OL12_07_wzt;OL12_08_wbbB	0		0 / 8 (0.00%)		4	OL3α/β_06_wbdA,98.00%,89.18%,partial;OL3α/β_07_wbdB,100.00%,51.31%,partial;OL5_07_wbdB,99.48%,49.48%,partial;OL5_08_wbdC,100.00%,55.91%,partial	OL3α/β_06_wbdA,98.00%,89.18%,partial;OL3α/β_07_wbdB,100.00%,51.31%,partial;OL5_07_wbdB,99.48%,49.48%,partial;OL5_08_wbdC,100.00%,55.91%,partial		ST10
3.3.2	Klebsiella_pneumoniae_Species_Complex_O	3.2.0	GCA_966573385.1	ST10	OL14	unknown	Untypeable	-*!	0.00%	19.01%	-5567	2 / 8 (25.00%)	OL14_01_rfbB,76.92%,96.57%,below_id_threshold;OL14_02_rfbA,77.43%,88.62%,truncated	OL14_03_rfbD;OL14_04_rfbC;OL14_05_wbbL;OL14_06_rhamnan;OL14_07_wzm;OL14_08_wzt	0		0 / 8 (0.00%)		0		OL14_02_rfbA,77.43%,88.62%,truncated		ST10
3.3.2	Klebsiella_pneumoniae_Species_Complex_O	3.2.0	GCA_966576395.1	ST10	OL12	O12	Typeable	-	98.33%	35.13%	-6355	4 / 8 (50.00%)	OL12_01_rfbB,98.58%,99.44%;OL12_02_rfbA,96.49%,98.28%;OL12_03_rfbD,98.65%,99.66%;OL12_04_rfbC,98.34%,97.84%	OL12_05_wbbL;OL12_06_wzm;OL12_07_wzt;OL12_08_wbbB	0		0 / 8 (0.00%)		4	OL3α/β_05_wbdD,100.00%,8.04%,truncated;OL3α/β_06_wbdA,97.86%,99.88%;OL3α/β_07_wbdB,99.74%,99.74%;OL3α/β_08_wbdC,98.65%,99.73%	OL3α/β_05_wbdD,100.00%,8.04%,truncated		ST10
3.3.2	Klebsiella_pneumoniae_Species_Complex_O	3.2.0	GCA_966591305.1	ST10	OL14	unknown	Untypeable	-*!	0.00%	19.01%	-5567	2 / 8 (25.00%)	OL14_01_rfbB,76.92%,96.57%,below_id_threshold;OL14_02_rfbA,77.43%,88.62%,truncated	OL14_03_rfbD;OL14_04_rfbC;OL14_05_wbbL;OL14_06_rhamnan;OL14_07_wzm;OL14_08_wzt	0		0 / 8 (0.00%)		0		OL14_02_rfbA,77.43%,88.62%,truncated		ST10
3.3.2	Klebsiella_pneumoniae_Species_Complex_O	3.2.0	GCA_966652735.1	ST10	OL3α/β	O3αβ	Typeable	-!	97.75%	85.08%	-1776	7 / 8 (87.50%)	OL3α/β_02_manB,98.27%,75.27%,truncated;OL3α/β_03_wzm,98.85%,99.62%;OL3α/β_04_wzt,99.77%,99.77%;OL3α/β_05_wbdD,98.87%,99.86%;OL3α/β_06_wbdA,97.86%,99.88%;OL3α/β_07_wbdB,99.48%,99.74%;OL3α/β_08_wbdC,95.69%,99.73%	OL3α/β_01_manC	0		0 / 8 (0.00%)		4	OL12_01_rfbB,97.17%,99.72%;OL13_02_rfbA,97.19%,98.28%;OL13_03_rfbD,97.64%,99.66%;OL13_04_rfbC,95.03%,97.84%	OL3α/β_02_manB,98.27%,75.27%,truncated		ST10
3.3.2	Klebsiella_pneumoniae_Species_Complex_O	3.2.0	GCA_968938235.1	ST10	OL14	unknown	Untypeable	-*!	0.00%	19.01%	-5567	2 / 8 (25.00%)	OL14_01_rfbB,76.92%,96.57%,below_id_threshold;OL14_02_rfbA,77.43%,88.62%,truncated	OL14_03_rfbD;OL14_04_rfbC;OL14_05_wbbL;OL14_06_rhamnan;OL14_07_wzm;OL14_08_wzt	0		0 / 8 (0.00%)		0		OL14_02_rfbA,77.43%,88.62%,truncated		ST10
3.3.2	Klebsiella_pneumoniae_Species_Complex_O	3.2.0	GCA_969779115.1	ST10	OL14	unknown	Untypeable	-*!	0.00%	19.01%	-5567	2 / 8 (25.00%)	OL14_01_rfbB,76.92%,96.57%,below_id_threshold;OL14_02_rfbA,77.43%,88.62%,truncated	OL14_03_rfbD;OL14_04_rfbC;OL14_05_wbbL;OL14_06_rhamnan;OL14_07_wzm;OL14_08_wzt	0		0 / 8 (0.00%)		0		OL14_02_rfbA,77.43%,88.62%,truncated		ST10
3.3.2	Klebsiella_pneumoniae_Species_Complex_O	3.2.0	GCA_009720065.1	ST131	OL14	unknown	Untypeable	-*!	0.00%	19.01%	-5567	2 / 8 (25.00%)	OL14_01_rfbB,77.51%,96.57%,below_id_threshold;OL14_02_rfbA,77.43%,88.62%,truncated	OL14_03_rfbD;OL14_04_rfbC;OL14_05_wbbL;OL14_06_rhamnan;OL14_07_wzm;OL14_08_wzt	0		0 / 8 (0.00%)		0		OL14_02_rfbA,77.43%,88.62%,truncated		ST131
3.3.2	Klebsiella_pneumoniae_Species_Complex_O	3.2.0	GCA_018972205.1	ST131	OL14	unknown	Untypeable	-*!	0.00%	19.01%	-5567	2 / 8 (25.00%)	OL14_01_rfbB,77.51%,96.57%,below_id_threshold;OL14_02_rfbA,77.43%,88.62%,truncated	OL14_03_rfbD;OL14_04_rfbC;OL14_05_wbbL;OL14_06_rhamnan;OL14_07_wzm;OL14_08_wzt	0		0 / 8 (0.00%)		0		OL14_02_rfbA,77.43%,88.62%,truncated		ST131
3.3.2	Klebsiella_pneumoniae_Species_Complex_O	3.2.0	GCA_018972225.1	ST131	OL14	unknown	Untypeable	-*!	0.00%	19.01%	-5567	2 / 8 (25.00%)	OL14_01_rfbB,77.51%,96.57%,below_id_threshold;OL14_02_rfbA,77.43%,88.62%,truncated	OL14_03_rfbD;OL14_04_rfbC;OL14_05_wbbL;OL14_06_rhamnan;OL14_07_wzm;OL14_08_wzt	0		0 / 8 (0.00%)		0		OL14_02_rfbA,77.43%,88.62%,truncated		ST131
3.3.2	Klebsiella_pneumoniae_Species_Complex_O	3.2.0	GCA_018972245.1	ST131	OL14	unknown	Untypeable	-*!	0.00%	19.01%	-5567	2 / 8 (25.00%)	OL14_01_rfbB,77.51%,96.57%,below_id_threshold;OL14_02_rfbA,77.43%,88.62%,truncated	OL14_03_rfbD;OL14_04_rfbC;OL14_05_wbbL;OL14_06_rhamnan;OL14_07_wzm;OL14_08_wzt	0		0 / 8 (0.00%)		0		OL14_02_rfbA,77.43%,88.62%,truncated		ST131
3.3.2	Klebsiella_pneumoniae_Species_Complex_O	3.2.0	GCA_018972265.1	ST131	OL14	unknown	Untypeable	-*!	0.00%	19.01%	-5567	2 / 8 (25.00%)	OL14_01_rfbB,77.51%,96.57%,below_id_threshold;OL14_02_rfbA,77.43%,88.62%,truncated	OL14_03_rfbD;OL14_04_rfbC;OL14_05_wbbL;OL14_06_rhamnan;OL14_07_wzm;OL14_08_wzt	0		0 / 8 (0.00%)		0		OL14_02_rfbA,77.43%,88.62%,truncated		ST131
3.3.2	Klebsiella_pneumoniae_Species_Complex_O	3.2.0	GCA_019355495.1	ST131	OL14	unknown	Untypeable	-*!	0.00%	19.01%	-5567	2 / 8 (25.00%)	OL14_01_rfbB,77.51%,96.57%,below_id_threshold;OL14_02_rfbA,77.43%,88.62%,truncated	OL14_03_rfbD;OL14_04_rfbC;OL14_05_wbbL;OL14_06_rhamnan;OL14_07_wzm;OL14_08_wzt	0		0 / 8 (0.00%)		0		OL14_02_rfbA,77.43%,88.62%,truncated		ST131
3.3.2	Klebsiella_pneumoniae_Species_Complex_O	3.2.0	GCA_030024465.1	ST131	OL14	unknown	Untypeable	-*!	0.00%	19.01%	-5567	2 / 8 (25.00%)	OL14_01_rfbB,77.51%,96.57%,below_id_threshold;OL14_02_rfbA,77.43%,88.62%,truncated	OL14_03_rfbD;OL14_04_rfbC;OL14_05_wbbL;OL14_06_rhamnan;OL14_07_wzm;OL14_08_wzt	0		0 / 8 (0.00%)		0		OL14_02_rfbA,77.43%,88.62%,truncated		ST131
3.3.2	Klebsiella_pneumoniae_Species_Complex_O	3.2.0	GCA_030025055.1	ST131	OL14	unknown	Untypeable	-*!	0.00%	19.01%	-5567	2 / 8 (25.00%)	OL14_01_rfbB,77.51%,96.57%,below_id_threshold;OL14_02_rfbA,77.43%,88.62%,truncated	OL14_03_rfbD;OL14_04_rfbC;OL14_05_wbbL;OL14_06_rhamnan;OL14_07_wzm;OL14_08_wzt	0		0 / 8 (0.00%)		0		OL14_02_rfbA,77.43%,88.62%,truncated		ST131
3.3.2	Klebsiella_pneumoniae_Species_Complex_O	3.2.0	GCA_037046935.1	ST131	OL14	unknown	Untypeable	-*!	0.00%	19.01%	-5567	2 / 8 (25.00%)	OL14_01_rfbB,77.51%,96.57%,below_id_threshold;OL14_02_rfbA,77.43%,88.62%,truncated	OL14_03_rfbD;OL14_04_rfbC;OL14_05_wbbL;OL14_06_rhamnan;OL14_07_wzm;OL14_08_wzt	0		0 / 8 (0.00%)		0		OL14_02_rfbA,77.43%,88.62%,truncated		ST131
3.3.2	Klebsiella_pneumoniae_Species_Complex_O	3.2.0	GCA_037047175.1	ST131	OL14	unknown	Untypeable	-*!	0.00%	19.01%	-5567	2 / 8 (25.00%)	OL14_01_rfbB,77.51%,96.57%,below_id_threshold;OL14_02_rfbA,77.43%,88.62%,truncated	OL14_03_rfbD;OL14_04_rfbC;OL14_05_wbbL;OL14_06_rhamnan;OL14_07_wzm;OL14_08_wzt	0		0 / 8 (0.00%)		0		OL14_02_rfbA,77.43%,88.62%,truncated		ST131
3.3.2	Klebsiella_pneumoniae_Species_Complex_O	3.2.0	GCA_037047235.1	ST131	OL14	unknown	Untypeable	-*!	0.00%	19.01%	-5567	2 / 8 (25.00%)	OL14_01_rfbB,77.51%,96.57%,below_id_threshold;OL14_02_rfbA,77.43%,88.62%,truncated	OL14_03_rfbD;OL14_04_rfbC;OL14_05_wbbL;OL14_06_rhamnan;OL14_07_wzm;OL14_08_wzt	0		0 / 8 (0.00%)		0		OL14_02_rfbA,77.43%,88.62%,truncated		ST131
3.3.2	Klebsiella_pneumoniae_Species_Complex_O	3.2.0	GCA_037047245.1	ST131	OL14	unknown	Untypeable	-*!	0.00%	19.01%	-5567	2 / 8 (25.00%)	OL14_01_rfbB,77.51%,96.57%,below_id_threshold;OL14_02_rfbA,77.43%,88.62%,truncated	OL14_03_rfbD;OL14_04_rfbC;OL14_05_wbbL;OL14_06_rhamnan;OL14_07_wzm;OL14_08_wzt	0		0 / 8 (0.00%)		0		OL14_02_rfbA,77.43%,88.62%,truncated		ST131
3.3.2	Klebsiella_pneumoniae_Species_Complex_O	3.2.0	GCA_037047345.1	ST131	OL14	unknown	Untypeable	-*!	0.00%	19.01%	-5567	2 / 8 (25.00%)	OL14_01_rfbB,77.51%,96.57%,below_id_threshold;OL14_02_rfbA,77.43%,88.62%,truncated	OL14_03_rfbD;OL14_04_rfbC;OL14_05_wbbL;OL14_06_rhamnan;OL14_07_wzm;OL14_08_wzt	0		0 / 8 (0.00%)		0		OL14_02_rfbA,77.43%,88.62%,truncated		ST131
3.3.2	Klebsiella_pneumoniae_Species_Complex_O	3.2.0	GCA_037047485.1	ST131	OL14	unknown	Untypeable	-*!	0.00%	19.01%	-5567	2 / 8 (25.00%)	OL14_01_rfbB,77.51%,96.57%,below_id_threshold;OL14_02_rfbA,77.43%,88.62%,truncated	OL14_03_rfbD;OL14_04_rfbC;OL14_05_wbbL;OL14_06_rhamnan;OL14_07_wzm;OL14_08_wzt	0		0 / 8 (0.00%)		0		OL14_02_rfbA,77.43%,88.62%,truncated		ST131
3.3.2	Klebsiella_pneumoniae_Species_Complex_O	3.2.0	GCA_037047525.1	ST131	OL14	unknown	Untypeable	-*!	0.00%	19.01%	-5567	2 / 8 (25.00%)	OL14_01_rfbB,77.51%,96.57%,below_id_threshold;OL14_02_rfbA,77.43%,88.62%,truncated	OL14_03_rfbD;OL14_04_rfbC;OL14_05_wbbL;OL14_06_rhamnan;OL14_07_wzm;OL14_08_wzt	0		0 / 8 (0.00%)		0		OL14_02_rfbA,77.43%,88.62%,truncated		ST131
3.3.2	Klebsiella_pneumoniae_Species_Complex_O	3.2.0	GCA_037047605.1	ST131	OL14	unknown	Untypeable	-*!	0.00%	19.01%	-5567	2 / 8 (25.00%)	OL14_01_rfbB,77.51%,96.57%,below_id_threshold;OL14_02_rfbA,77.43%,88.62%,truncated	OL14_03_rfbD;OL14_04_rfbC;OL14_05_wbbL;OL14_06_rhamnan;OL14_07_wzm;OL14_08_wzt	0		0 / 8 (0.00%)		0		OL14_02_rfbA,77.43%,88.62%,truncated		ST131
3.3.2	Klebsiella_pneumoniae_Species_Complex_O	3.2.0	GCA_037047645.1	ST131	OL14	unknown	Untypeable	-*!	0.00%	19.01%	-5567	2 / 8 (25.00%)	OL14_01_rfbB,77.51%,96.57%,below_id_threshold;OL14_02_rfbA,77.43%,88.62%,truncated	OL14_03_rfbD;OL14_04_rfbC;OL14_05_wbbL;OL14_06_rhamnan;OL14_07_wzm;OL14_08_wzt	0		0 / 8 (0.00%)		0		OL14_02_rfbA,77.43%,88.62%,truncated		ST131
3.3.2	Klebsiella_pneumoniae_Species_Complex_O	3.2.0	GCA_037047685.1	ST131	OL14	unknown	Untypeable	-*!	0.00%	19.01%	-5567	2 / 8 (25.00%)	OL14_01_rfbB,77.51%,96.57%,below_id_threshold;OL14_02_rfbA,77.43%,88.62%,truncated	OL14_03_rfbD;OL14_04_rfbC;OL14_05_wbbL;OL14_06_rhamnan;OL14_07_wzm;OL14_08_wzt	0		0 / 8 (0.00%)		0		OL14_02_rfbA,77.43%,88.62%,truncated		ST131
3.3.2	Klebsiella_pneumoniae_Species_Complex_O	3.2.0	GCA_037047825.1	ST131	OL14	unknown	Untypeable	-*!	0.00%	19.01%	-5567	2 / 8 (25.00%)	OL14_01_rfbB,77.51%,96.57%,below_id_threshold;OL14_02_rfbA,77.43%,88.62%,truncated	OL14_03_rfbD;OL14_04_rfbC;OL14_05_wbbL;OL14_06_rhamnan;OL14_07_wzm;OL14_08_wzt	0		0 / 8 (0.00%)		0		OL14_02_rfbA,77.43%,88.62%,truncated		ST131
3.3.2	Klebsiella_pneumoniae_Species_Complex_O	3.2.0	GCA_037047925.1	ST131	OL14	unknown	Untypeable	-*!	0.00%	19.01%	-5567	2 / 8 (25.00%)	OL14_01_rfbB,77.51%,96.57%,below_id_threshold;OL14_02_rfbA,77.43%,88.62%,truncated	OL14_03_rfbD;OL14_04_rfbC;OL14_05_wbbL;OL14_06_rhamnan;OL14_07_wzm;OL14_08_wzt	0		0 / 8 (0.00%)		0		OL14_02_rfbA,77.43%,88.62%,truncated		ST131
3.3.2	Klebsiella_pneumoniae_Species_Complex_O	3.2.0	GCA_037048105.1	ST131	OL14	unknown	Untypeable	-*!	0.00%	19.01%	-5567	2 / 8 (25.00%)	OL14_01_rfbB,77.51%,96.57%,below_id_threshold;OL14_02_rfbA,77.43%,88.62%,truncated	OL14_03_rfbD;OL14_04_rfbC;OL14_05_wbbL;OL14_06_rhamnan;OL14_07_wzm;OL14_08_wzt	0		0 / 8 (0.00%)		0		OL14_02_rfbA,77.43%,88.62%,truncated		ST131
3.3.2	Klebsiella_pneumoniae_Species_Complex_O	3.2.0	GCA_037048185.1	ST131	OL14	unknown	Untypeable	-*!	0.00%	19.01%	-5567	2 / 8 (25.00%)	OL14_01_rfbB,77.51%,96.57%,below_id_threshold;OL14_02_rfbA,77.43%,88.62%,truncated	OL14_03_rfbD;OL14_04_rfbC;OL14_05_wbbL;OL14_06_rhamnan;OL14_07_wzm;OL14_08_wzt	0		0 / 8 (0.00%)		0		OL14_02_rfbA,77.43%,88.62%,truncated		ST131
3.3.2	Klebsiella_pneumoniae_Species_Complex_O	3.2.0	GCA_037048265.1	ST131	OL14	unknown	Untypeable	-*!	0.00%	19.01%	-5567	2 / 8 (25.00%)	OL14_01_rfbB,77.51%,96.57%,below_id_threshold;OL14_02_rfbA,77.43%,88.62%,truncated	OL14_03_rfbD;OL14_04_rfbC;OL14_05_wbbL;OL14_06_rhamnan;OL14_07_wzm;OL14_08_wzt	0		0 / 8 (0.00%)		0		OL14_02_rfbA,77.43%,88.62%,truncated		ST131
3.3.2	Klebsiella_pneumoniae_Species_Complex_O	3.2.0	GCA_037048405.1	ST131	OL14	unknown	Untypeable	-*!	0.00%	19.01%	-5567	2 / 8 (25.00%)	OL14_01_rfbB,77.51%,96.57%,below_id_threshold;OL14_02_rfbA,77.43%,88.62%,truncated	OL14_03_rfbD;OL14_04_rfbC;OL14_05_wbbL;OL14_06_rhamnan;OL14_07_wzm;OL14_08_wzt	0		0 / 8 (0.00%)		0		OL14_02_rfbA,77.43%,88.62%,truncated		ST131
3.3.2	Klebsiella_pneumoniae_Species_Complex_O	3.2.0	GCA_037048425.1	ST131	OL14	unknown	Untypeable	-*!	0.00%	19.01%	-5567	2 / 8 (25.00%)	OL14_01_rfbB,77.51%,96.57%,below_id_threshold;OL14_02_rfbA,77.43%,88.62%,truncated	OL14_03_rfbD;OL14_04_rfbC;OL14_05_wbbL;OL14_06_rhamnan;OL14_07_wzm;OL14_08_wzt	0		0 / 8 (0.00%)		0		OL14_02_rfbA,77.43%,88.62%,truncated		ST131
3.3.2	Klebsiella_pneumoniae_Species_Complex_O	3.2.0	GCA_037048485.1	ST131	OL14	unknown	Untypeable	-*!	0.00%	19.01%	-5567	2 / 8 (25.00%)	OL14_01_rfbB,77.51%,96.57%,below_id_threshold;OL14_02_rfbA,77.43%,88.62%,truncated	OL14_03_rfbD;OL14_04_rfbC;OL14_05_wbbL;OL14_06_rhamnan;OL14_07_wzm;OL14_08_wzt	0		0 / 8 (0.00%)		0		OL14_02_rfbA,77.43%,88.62%,truncated		ST131
3.3.2	Klebsiella_pneumoniae_Species_Complex_O	3.2.0	GCA_037048945.1	ST131	OL14	unknown	Untypeable	-*!	0.00%	19.01%	-5567	2 / 8 (25.00%)	OL14_01_rfbB,77.51%,96.57%,below_id_threshold;OL14_02_rfbA,77.43%,88.62%,truncated	OL14_03_rfbD;OL14_04_rfbC;OL14_05_wbbL;OL14_06_rhamnan;OL14_07_wzm;OL14_08_wzt	0		0 / 8 (0.00%)		0		OL14_02_rfbA,77.43%,88.62%,truncated		ST131
3.3.2	Klebsiella_pneumoniae_Species_Complex_O	3.2.0	GCA_037049045.1	ST131	OL14	unknown	Untypeable	-*!	0.00%	19.01%	-5567	2 / 8 (25.00%)	OL14_01_rfbB,77.51%,96.57%,below_id_threshold;OL14_02_rfbA,77.43%,88.62%,truncated	OL14_03_rfbD;OL14_04_rfbC;OL14_05_wbbL;OL14_06_rhamnan;OL14_07_wzm;OL14_08_wzt	0		0 / 8 (0.00%)		0		OL14_02_rfbA,77.43%,88.62%,truncated		ST131
3.3.2	Klebsiella_pneumoniae_Species_Complex_O	3.2.0	GCA_037049065.1	ST131	OL14	unknown	Untypeable	-*!	0.00%	19.01%	-5567	2 / 8 (25.00%)	OL14_01_rfbB,77.51%,96.57%,below_id_threshold;OL14_02_rfbA,77.43%,88.62%,truncated	OL14_03_rfbD;OL14_04_rfbC;OL14_05_wbbL;OL14_06_rhamnan;OL14_07_wzm;OL14_08_wzt	0		0 / 8 (0.00%)		0		OL14_02_rfbA,77.43%,88.62%,truncated		ST131
3.3.2	Klebsiella_pneumoniae_Species_Complex_O	3.2.0	GCA_037049145.1	ST131	OL14	unknown	Untypeable	-*!	0.00%	19.01%	-5567	2 / 8 (25.00%)	OL14_01_rfbB,77.51%,96.57%,below_id_threshold;OL14_02_rfbA,77.43%,88.62%,truncated	OL14_03_rfbD;OL14_04_rfbC;OL14_05_wbbL;OL14_06_rhamnan;OL14_07_wzm;OL14_08_wzt	0		0 / 8 (0.00%)		0		OL14_02_rfbA,77.43%,88.62%,truncated		ST131
3.3.2	Klebsiella_pneumoniae_Species_Complex_O	3.2.0	GCA_037049305.1	ST131	OL14	unknown	Untypeable	-*!	0.00%	19.01%	-5567	2 / 8 (25.00%)	OL14_01_rfbB,77.51%,96.57%,below_id_threshold;OL14_02_rfbA,77.43%,88.62%,truncated	OL14_03_rfbD;OL14_04_rfbC;OL14_05_wbbL;OL14_06_rhamnan;OL14_07_wzm;OL14_08_wzt	0		0 / 8 (0.00%)		0		OL14_02_rfbA,77.43%,88.62%,truncated		ST131
3.3.2	Klebsiella_pneumoniae_Species_Complex_O	3.2.0	GCA_037049765.1	ST131	OL14	unknown	Untypeable	-*!	0.00%	19.01%	-5567	2 / 8 (25.00%)	OL14_01_rfbB,77.51%,96.57%,below_id_threshold;OL14_02_rfbA,77.43%,88.62%,truncated	OL14_03_rfbD;OL14_04_rfbC;OL14_05_wbbL;OL14_06_rhamnan;OL14_07_wzm;OL14_08_wzt	0		0 / 8 (0.00%)		0		OL14_02_rfbA,77.43%,88.62%,truncated		ST131
3.3.2	Klebsiella_pneumoniae_Species_Complex_O	3.2.0	GCA_037049825.1	ST131	OL14	unknown	Untypeable	-*!	0.00%	19.01%	-5567	2 / 8 (25.00%)	OL14_01_rfbB,77.51%,96.57%,below_id_threshold;OL14_02_rfbA,77.43%,88.62%,truncated	OL14_03_rfbD;OL14_04_rfbC;OL14_05_wbbL;OL14_06_rhamnan;OL14_07_wzm;OL14_08_wzt	0		0 / 8 (0.00%)		0		OL14_02_rfbA,77.43%,88.62%,truncated		ST131
3.3.2	Klebsiella_pneumoniae_Species_Complex_O	3.2.0	GCA_040713425.1	ST131	OL14	unknown	Untypeable	-*!	0.00%	19.01%	-5567	2 / 8 (25.00%)	OL14_01_rfbB,77.51%,96.57%,below_id_threshold;OL14_02_rfbA,77.43%,88.62%,truncated	OL14_03_rfbD;OL14_04_rfbC;OL14_05_wbbL;OL14_06_rhamnan;OL14_07_wzm;OL14_08_wzt	0		0 / 8 (0.00%)		0		OL14_02_rfbA,77.43%,88.62%,truncated		ST131
3.3.2	Klebsiella_pneumoniae_Species_Complex_O	3.2.0	GCA_040716695.1	ST131	OL14	unknown	Untypeable	-*!	0.00%	19.01%	-5567	2 / 8 (25.00%)	OL14_01_rfbB,77.51%,96.57%,below_id_threshold;OL14_02_rfbA,77.43%,88.62%,truncated	OL14_03_rfbD;OL14_04_rfbC;OL14_05_wbbL;OL14_06_rhamnan;OL14_07_wzm;OL14_08_wzt	0		0 / 8 (0.00%)		0		OL14_02_rfbA,77.43%,88.62%,truncated		ST131
3.3.2	Klebsiella_pneumoniae_Species_Complex_O	3.2.0	GCA_907163515.1	ST131	OL14	unknown	Untypeable	-*!	0.00%	19.01%	-5567	2 / 8 (25.00%)	OL14_01_rfbB,77.51%,96.57%,below_id_threshold;OL14_02_rfbA,77.43%,88.62%,truncated	OL14_03_rfbD;OL14_04_rfbC;OL14_05_wbbL;OL14_06_rhamnan;OL14_07_wzm;OL14_08_wzt	0		0 / 8 (0.00%)		0		OL14_02_rfbA,77.43%,88.62%,truncated		ST131
3.3.2	Klebsiella_pneumoniae_Species_Complex_O	3.2.0	GCA_907163575.1	ST131	OL14	unknown	Untypeable	-*!	0.00%	19.01%	-5567	2 / 8 (25.00%)	OL14_01_rfbB,77.51%,96.57%,below_id_threshold;OL14_02_rfbA,77.43%,88.62%,truncated	OL14_03_rfbD;OL14_04_rfbC;OL14_05_wbbL;OL14_06_rhamnan;OL14_07_wzm;OL14_08_wzt	0		0 / 8 (0.00%)		0		OL14_02_rfbA,77.43%,88.62%,truncated		ST131
3.3.2	Klebsiella_pneumoniae_Species_Complex_O	3.2.0	GCA_907163605.1	ST131	OL14	unknown	Untypeable	-*!	0.00%	19.01%	-5567	2 / 8 (25.00%)	OL14_01_rfbB,77.51%,96.57%,below_id_threshold;OL14_02_rfbA,77.43%,88.62%,truncated	OL14_03_rfbD;OL14_04_rfbC;OL14_05_wbbL;OL14_06_rhamnan;OL14_07_wzm;OL14_08_wzt	0		0 / 8 (0.00%)		0		OL14_02_rfbA,77.43%,88.62%,truncated		ST131
3.3.2	Klebsiella_pneumoniae_Species_Complex_O	3.2.0	GCA_907163625.1	ST131	OL14	unknown	Untypeable	-*!	0.00%	19.01%	-5567	2 / 8 (25.00%)	OL14_01_rfbB,77.51%,96.57%,below_id_threshold;OL14_02_rfbA,77.43%,88.62%,truncated	OL14_03_rfbD;OL14_04_rfbC;OL14_05_wbbL;OL14_06_rhamnan;OL14_07_wzm;OL14_08_wzt	0		0 / 8 (0.00%)		0		OL14_02_rfbA,77.43%,88.62%,truncated		ST131
3.3.2	Klebsiella_pneumoniae_Species_Complex_O	3.2.0	GCA_907163635.1	ST131	OL14	unknown	Untypeable	-*!	0.00%	19.01%	-5567	2 / 8 (25.00%)	OL14_01_rfbB,77.51%,96.57%,below_id_threshold;OL14_02_rfbA,77.43%,88.62%,truncated	OL14_03_rfbD;OL14_04_rfbC;OL14_05_wbbL;OL14_06_rhamnan;OL14_07_wzm;OL14_08_wzt	0		0 / 8 (0.00%)		0		OL14_02_rfbA,77.43%,88.62%,truncated		ST131
3.3.2	Klebsiella_pneumoniae_Species_Complex_O	3.2.0	GCA_907163705.1	ST131	OL14	unknown	Untypeable	-*!	0.00%	19.01%	-5567	2 / 8 (25.00%)	OL14_01_rfbB,77.51%,96.57%,below_id_threshold;OL14_02_rfbA,77.43%,88.62%,truncated	OL14_03_rfbD;OL14_04_rfbC;OL14_05_wbbL;OL14_06_rhamnan;OL14_07_wzm;OL14_08_wzt	0		0 / 8 (0.00%)		0		OL14_02_rfbA,77.43%,88.62%,truncated		ST131
3.3.2	Klebsiella_pneumoniae_Species_Complex_O	3.2.0	GCA_907163735.1	ST131	OL14	unknown	Untypeable	-*!	0.00%	19.01%	-5567	2 / 8 (25.00%)	OL14_01_rfbB,77.51%,96.57%,below_id_threshold;OL14_02_rfbA,77.43%,88.62%,truncated	OL14_03_rfbD;OL14_04_rfbC;OL14_05_wbbL;OL14_06_rhamnan;OL14_07_wzm;OL14_08_wzt	0		0 / 8 (0.00%)		0		OL14_02_rfbA,77.43%,88.62%,truncated		ST131
3.3.2	Klebsiella_pneumoniae_Species_Complex_O	3.2.0	GCA_907163765.1	ST131	OL14	unknown	Untypeable	-*!	0.00%	19.01%	-5567	2 / 8 (25.00%)	OL14_01_rfbB,77.51%,96.57%,below_id_threshold;OL14_02_rfbA,77.43%,88.62%,truncated	OL14_03_rfbD;OL14_04_rfbC;OL14_05_wbbL;OL14_06_rhamnan;OL14_07_wzm;OL14_08_wzt	0		0 / 8 (0.00%)		0		OL14_02_rfbA,77.43%,88.62%,truncated		ST131
3.3.2	Klebsiella_pneumoniae_Species_Complex_O	3.2.0	GCA_907163805.1	ST131	OL14	unknown	Untypeable	-*!	0.00%	19.01%	-5567	2 / 8 (25.00%)	OL14_01_rfbB,77.51%,96.57%,below_id_threshold;OL14_02_rfbA,77.43%,88.62%,truncated	OL14_03_rfbD;OL14_04_rfbC;OL14_05_wbbL;OL14_06_rhamnan;OL14_07_wzm;OL14_08_wzt	0		0 / 8 (0.00%)		0		OL14_02_rfbA,77.43%,88.62%,truncated		ST131
3.3.2	Klebsiella_pneumoniae_Species_Complex_O	3.2.0	GCA_907163815.1	ST131	OL14	unknown	Untypeable	-*!	0.00%	19.01%	-5567	2 / 8 (25.00%)	OL14_01_rfbB,77.51%,96.57%,below_id_threshold;OL14_02_rfbA,77.43%,88.62%,truncated	OL14_03_rfbD;OL14_04_rfbC;OL14_05_wbbL;OL14_06_rhamnan;OL14_07_wzm;OL14_08_wzt	0		0 / 8 (0.00%)		0		OL14_02_rfbA,77.43%,88.62%,truncated		ST131
3.3.2	Klebsiella_pneumoniae_Species_Complex_O	3.2.0	GCA_907163825.1	ST131	OL14	unknown	Untypeable	-*!	0.00%	19.01%	-5567	2 / 8 (25.00%)	OL14_01_rfbB,77.51%,96.57%,below_id_threshold;OL14_02_rfbA,77.43%,88.62%,truncated	OL14_03_rfbD;OL14_04_rfbC;OL14_05_wbbL;OL14_06_rhamnan;OL14_07_wzm;OL14_08_wzt	0		0 / 8 (0.00%)		0		OL14_02_rfbA,77.43%,88.62%,truncated		ST131
3.3.2	Klebsiella_pneumoniae_Species_Complex_O	3.2.0	GCA_907163915.1	ST131	OL14	unknown	Untypeable	-*!	0.00%	19.01%	-5567	2 / 8 (25.00%)	OL14_01_rfbB,77.51%,96.57%,below_id_threshold;OL14_02_rfbA,77.43%,88.62%,truncated	OL14_03_rfbD;OL14_04_rfbC;OL14_05_wbbL;OL14_06_rhamnan;OL14_07_wzm;OL14_08_wzt	0		0 / 8 (0.00%)		0		OL14_02_rfbA,77.43%,88.62%,truncated		ST131
3.3.2	Klebsiella_pneumoniae_Species_Complex_O	3.2.0	GCA_907164245.1	ST131	OL14	unknown	Untypeable	-*!	0.00%	19.01%	-5567	2 / 8 (25.00%)	OL14_01_rfbB,77.51%,96.57%,below_id_threshold;OL14_02_rfbA,77.43%,88.62%,truncated	OL14_03_rfbD;OL14_04_rfbC;OL14_05_wbbL;OL14_06_rhamnan;OL14_07_wzm;OL14_08_wzt	0		0 / 8 (0.00%)		0		OL14_02_rfbA,77.43%,88.62%,truncated		ST131
3.3.2	Klebsiella_pneumoniae_Species_Complex_O	3.2.0	GCA_907164365.1	ST131	OL14	unknown	Untypeable	-*!	0.00%	19.01%	-5567	2 / 8 (25.00%)	OL14_01_rfbB,77.51%,96.57%,below_id_threshold;OL14_02_rfbA,77.43%,88.62%,truncated	OL14_03_rfbD;OL14_04_rfbC;OL14_05_wbbL;OL14_06_rhamnan;OL14_07_wzm;OL14_08_wzt	0		0 / 8 (0.00%)		0		OL14_02_rfbA,77.43%,88.62%,truncated		ST131
3.3.2	Klebsiella_pneumoniae_Species_Complex_O	3.2.0	GCA_907164375.1	ST131	OL14	unknown	Untypeable	-*!	0.00%	19.01%	-5567	2 / 8 (25.00%)	OL14_01_rfbB,77.51%,96.57%,below_id_threshold;OL14_02_rfbA,77.43%,88.62%,truncated	OL14_03_rfbD;OL14_04_rfbC;OL14_05_wbbL;OL14_06_rhamnan;OL14_07_wzm;OL14_08_wzt	0		0 / 8 (0.00%)		0		OL14_02_rfbA,77.43%,88.62%,truncated		ST131
3.3.2	Klebsiella_pneumoniae_Species_Complex_O	3.2.0	GCA_964006015.1	ST131	OL14	unknown	Untypeable	-*!	0.00%	19.01%	-5567	2 / 8 (25.00%)	OL14_01_rfbB,77.51%,96.57%,below_id_threshold;OL14_02_rfbA,77.43%,88.62%,truncated	OL14_03_rfbD;OL14_04_rfbC;OL14_05_wbbL;OL14_06_rhamnan;OL14_07_wzm;OL14_08_wzt	0		0 / 8 (0.00%)		0		OL14_02_rfbA,77.43%,88.62%,truncated		ST131
3.3.2	Klebsiella_pneumoniae_Species_Complex_O	3.2.0	GCA_964006025.1	ST131	OL14	unknown	Untypeable	-*!	0.00%	19.01%	-5567	2 / 8 (25.00%)	OL14_01_rfbB,77.51%,96.57%,below_id_threshold;OL14_02_rfbA,77.43%,88.62%,truncated	OL14_03_rfbD;OL14_04_rfbC;OL14_05_wbbL;OL14_06_rhamnan;OL14_07_wzm;OL14_08_wzt	0		0 / 8 (0.00%)		0		OL14_02_rfbA,77.43%,88.62%,truncated		ST131
3.3.2	Klebsiella_pneumoniae_Species_Complex_O	3.2.0	GCA_964006055.1	ST131	OL14	unknown	Untypeable	-*!	0.00%	19.01%	-5567	2 / 8 (25.00%)	OL14_01_rfbB,77.51%,96.57%,below_id_threshold;OL14_02_rfbA,77.43%,88.62%,truncated	OL14_03_rfbD;OL14_04_rfbC;OL14_05_wbbL;OL14_06_rhamnan;OL14_07_wzm;OL14_08_wzt	0		0 / 8 (0.00%)		0		OL14_02_rfbA,77.43%,88.62%,truncated		ST131
3.3.2	Klebsiella_pneumoniae_Species_Complex_O	3.2.0	GCA_964006105.1	ST131	OL14	unknown	Untypeable	-*!	0.00%	19.01%	-5567	2 / 8 (25.00%)	OL14_01_rfbB,77.51%,96.57%,below_id_threshold;OL14_02_rfbA,77.43%,88.62%,truncated	OL14_03_rfbD;OL14_04_rfbC;OL14_05_wbbL;OL14_06_rhamnan;OL14_07_wzm;OL14_08_wzt	0		0 / 8 (0.00%)		0		OL14_02_rfbA,77.43%,88.62%,truncated		ST131
3.3.2	Klebsiella_pneumoniae_Species_Complex_O	3.2.0	GCA_964006175.1	ST131	OL14	unknown	Untypeable	-*!	0.00%	19.01%	-5567	2 / 8 (25.00%)	OL14_01_rfbB,77.51%,96.57%,below_id_threshold;OL14_02_rfbA,77.43%,88.62%,truncated	OL14_03_rfbD;OL14_04_rfbC;OL14_05_wbbL;OL14_06_rhamnan;OL14_07_wzm;OL14_08_wzt	0		0 / 8 (0.00%)		0		OL14_02_rfbA,77.43%,88.62%,truncated		ST131
3.3.2	Klebsiella_pneumoniae_Species_Complex_O	3.2.0	GCA_964006185.1	ST131	OL14	unknown	Untypeable	-*!	0.00%	19.01%	-5567	2 / 8 (25.00%)	OL14_01_rfbB,77.51%,96.57%,below_id_threshold;OL14_02_rfbA,77.43%,88.62%,truncated	OL14_03_rfbD;OL14_04_rfbC;OL14_05_wbbL;OL14_06_rhamnan;OL14_07_wzm;OL14_08_wzt	0		0 / 8 (0.00%)		0		OL14_02_rfbA,77.43%,88.62%,truncated		ST131
3.3.2	Klebsiella_pneumoniae_Species_Complex_O	3.2.0	GCA_964006205.1	ST131	OL14	unknown	Untypeable	-*!	0.00%	19.01%	-5567	2 / 8 (25.00%)	OL14_01_rfbB,77.51%,96.57%,below_id_threshold;OL14_02_rfbA,77.43%,88.62%,truncated	OL14_03_rfbD;OL14_04_rfbC;OL14_05_wbbL;OL14_06_rhamnan;OL14_07_wzm;OL14_08_wzt	0		0 / 8 (0.00%)		0		OL14_02_rfbA,77.43%,88.62%,truncated		ST131
3.3.2	Klebsiella_pneumoniae_Species_Complex_O	3.2.0	GCA_964006225.1	ST131	OL14	unknown	Untypeable	-*!	0.00%	19.01%	-5567	2 / 8 (25.00%)	OL14_01_rfbB,77.51%,96.57%,below_id_threshold;OL14_02_rfbA,77.43%,88.62%,truncated	OL14_03_rfbD;OL14_04_rfbC;OL14_05_wbbL;OL14_06_rhamnan;OL14_07_wzm;OL14_08_wzt	0		0 / 8 (0.00%)		0		OL14_02_rfbA,77.43%,88.62%,truncated		ST131
3.3.2	Klebsiella_pneumoniae_Species_Complex_O	3.2.0	GCA_964006265.1	ST131	OL14	unknown	Untypeable	-*!	0.00%	19.01%	-5567	2 / 8 (25.00%)	OL14_01_rfbB,77.51%,96.57%,below_id_threshold;OL14_02_rfbA,77.43%,88.62%,truncated	OL14_03_rfbD;OL14_04_rfbC;OL14_05_wbbL;OL14_06_rhamnan;OL14_07_wzm;OL14_08_wzt	0		0 / 8 (0.00%)		0		OL14_02_rfbA,77.43%,88.62%,truncated		ST131
3.3.2	Klebsiella_pneumoniae_Species_Complex_O	3.2.0	GCA_964006295.1	ST131	OL14	unknown	Untypeable	-*!	0.00%	19.01%	-5567	2 / 8 (25.00%)	OL14_01_rfbB,77.51%,96.57%,below_id_threshold;OL14_02_rfbA,77.43%,88.62%,truncated	OL14_03_rfbD;OL14_04_rfbC;OL14_05_wbbL;OL14_06_rhamnan;OL14_07_wzm;OL14_08_wzt	0		0 / 8 (0.00%)		0		OL14_02_rfbA,77.43%,88.62%,truncated		ST131
3.3.2	Klebsiella_pneumoniae_Species_Complex_O	3.2.0	GCA_964006315.1	ST131	OL14	unknown	Untypeable	-*!	0.00%	19.01%	-5567	2 / 8 (25.00%)	OL14_01_rfbB,77.51%,96.57%,below_id_threshold;OL14_02_rfbA,77.43%,88.62%,truncated	OL14_03_rfbD;OL14_04_rfbC;OL14_05_wbbL;OL14_06_rhamnan;OL14_07_wzm;OL14_08_wzt	0		0 / 8 (0.00%)		0		OL14_02_rfbA,77.43%,88.62%,truncated		ST131
3.3.2	Klebsiella_pneumoniae_Species_Complex_O	3.2.0	GCA_964006325.1	ST131	OL14	unknown	Untypeable	-*!	0.00%	19.01%	-5567	2 / 8 (25.00%)	OL14_01_rfbB,77.51%,96.57%,below_id_threshold;OL14_02_rfbA,77.43%,88.62%,truncated	OL14_03_rfbD;OL14_04_rfbC;OL14_05_wbbL;OL14_06_rhamnan;OL14_07_wzm;OL14_08_wzt	0		0 / 8 (0.00%)		0		OL14_02_rfbA,77.43%,88.62%,truncated		ST131
3.3.2	Klebsiella_pneumoniae_Species_Complex_O	3.2.0	GCA_964006355.1	ST131	OL14	unknown	Untypeable	-*!	0.00%	19.01%	-5567	2 / 8 (25.00%)	OL14_01_rfbB,77.51%,96.57%,below_id_threshold;OL14_02_rfbA,77.43%,88.62%,truncated	OL14_03_rfbD;OL14_04_rfbC;OL14_05_wbbL;OL14_06_rhamnan;OL14_07_wzm;OL14_08_wzt	0		0 / 8 (0.00%)		0		OL14_02_rfbA,77.43%,88.62%,truncated		ST131
3.3.2	Klebsiella_pneumoniae_Species_Complex_O	3.2.0	GCA_964006385.1	ST131	OL14	unknown	Untypeable	-*!	0.00%	19.01%	-5567	2 / 8 (25.00%)	OL14_01_rfbB,77.51%,96.57%,below_id_threshold;OL14_02_rfbA,77.43%,88.62%,truncated	OL14_03_rfbD;OL14_04_rfbC;OL14_05_wbbL;OL14_06_rhamnan;OL14_07_wzm;OL14_08_wzt	0		0 / 8 (0.00%)		0		OL14_02_rfbA,77.43%,88.62%,truncated		ST131
3.3.2	Klebsiella_pneumoniae_Species_Complex_O	3.2.0	GCA_964006395.1	ST131	OL14	unknown	Untypeable	-*!	0.00%	19.01%	-5567	2 / 8 (25.00%)	OL14_01_rfbB,77.51%,96.57%,below_id_threshold;OL14_02_rfbA,77.43%,88.62%,truncated	OL14_03_rfbD;OL14_04_rfbC;OL14_05_wbbL;OL14_06_rhamnan;OL14_07_wzm;OL14_08_wzt	0		0 / 8 (0.00%)		0		OL14_02_rfbA,77.43%,88.62%,truncated		ST131
3.3.2	Klebsiella_pneumoniae_Species_Complex_O	3.2.0	GCA_964006405.1	ST131	OL14	unknown	Untypeable	-*!	0.00%	19.01%	-5567	2 / 8 (25.00%)	OL14_01_rfbB,77.51%,96.57%,below_id_threshold;OL14_02_rfbA,77.43%,88.62%,truncated	OL14_03_rfbD;OL14_04_rfbC;OL14_05_wbbL;OL14_06_rhamnan;OL14_07_wzm;OL14_08_wzt	0		0 / 8 (0.00%)		0		OL14_02_rfbA,77.43%,88.62%,truncated		ST131
3.3.2	Klebsiella_pneumoniae_Species_Complex_O	3.2.0	GCA_964006475.1	ST131	OL14	unknown	Untypeable	-*!	0.00%	19.01%	-5567	2 / 8 (25.00%)	OL14_01_rfbB,77.51%,96.57%,below_id_threshold;OL14_02_rfbA,77.43%,88.62%,truncated	OL14_03_rfbD;OL14_04_rfbC;OL14_05_wbbL;OL14_06_rhamnan;OL14_07_wzm;OL14_08_wzt	0		0 / 8 (0.00%)		0		OL14_02_rfbA,77.43%,88.62%,truncated		ST131
3.3.2	Klebsiella_pneumoniae_Species_Complex_O	3.2.0	GCA_964006505.1	ST131	OL14	unknown	Untypeable	-*!	0.00%	19.01%	-5567	2 / 8 (25.00%)	OL14_01_rfbB,77.51%,96.57%,below_id_threshold;OL14_02_rfbA,77.43%,88.62%,truncated	OL14_03_rfbD;OL14_04_rfbC;OL14_05_wbbL;OL14_06_rhamnan;OL14_07_wzm;OL14_08_wzt	0		0 / 8 (0.00%)		0		OL14_02_rfbA,77.43%,88.62%,truncated		ST131
3.3.2	Klebsiella_pneumoniae_Species_Complex_O	3.2.0	GCA_964006545.1	ST131	OL14	unknown	Untypeable	-*!	0.00%	19.01%	-5567	2 / 8 (25.00%)	OL14_01_rfbB,77.51%,96.57%,below_id_threshold;OL14_02_rfbA,77.43%,88.62%,truncated	OL14_03_rfbD;OL14_04_rfbC;OL14_05_wbbL;OL14_06_rhamnan;OL14_07_wzm;OL14_08_wzt	0		0 / 8 (0.00%)		0		OL14_02_rfbA,77.43%,88.62%,truncated		ST131
3.3.2	Klebsiella_pneumoniae_Species_Complex_O	3.2.0	GCA_964006555.1	ST131	OL14	unknown	Untypeable	-*!	0.00%	19.01%	-5567	2 / 8 (25.00%)	OL14_01_rfbB,77.51%,96.57%,below_id_threshold;OL14_02_rfbA,77.43%,88.62%,truncated	OL14_03_rfbD;OL14_04_rfbC;OL14_05_wbbL;OL14_06_rhamnan;OL14_07_wzm;OL14_08_wzt	0		0 / 8 (0.00%)		0		OL14_02_rfbA,77.43%,88.62%,truncated		ST131
3.3.2	Klebsiella_pneumoniae_Species_Complex_O	3.2.0	GCA_964006615.1	ST131	OL14	unknown	Untypeable	-*!	0.00%	19.01%	-5567	2 / 8 (25.00%)	OL14_01_rfbB,77.51%,96.57%,below_id_threshold;OL14_02_rfbA,77.43%,88.62%,truncated	OL14_03_rfbD;OL14_04_rfbC;OL14_05_wbbL;OL14_06_rhamnan;OL14_07_wzm;OL14_08_wzt	0		0 / 8 (0.00%)		0		OL14_02_rfbA,77.43%,88.62%,truncated		ST131
3.3.2	Klebsiella_pneumoniae_Species_Complex_O	3.2.0	GCA_964006635.1	ST131	OL14	unknown	Untypeable	-*!	0.00%	19.01%	-5567	2 / 8 (25.00%)	OL14_01_rfbB,77.51%,96.57%,below_id_threshold;OL14_02_rfbA,77.43%,88.62%,truncated	OL14_03_rfbD;OL14_04_rfbC;OL14_05_wbbL;OL14_06_rhamnan;OL14_07_wzm;OL14_08_wzt	0		0 / 8 (0.00%)		0		OL14_02_rfbA,77.43%,88.62%,truncated		ST131
3.3.2	Klebsiella_pneumoniae_Species_Complex_O	3.2.0	GCA_964006675.1	ST131	OL14	unknown	Untypeable	-*!	0.00%	19.01%	-5567	2 / 8 (25.00%)	OL14_01_rfbB,77.51%,96.57%,below_id_threshold;OL14_02_rfbA,77.43%,88.62%,truncated	OL14_03_rfbD;OL14_04_rfbC;OL14_05_wbbL;OL14_06_rhamnan;OL14_07_wzm;OL14_08_wzt	0		0 / 8 (0.00%)		0		OL14_02_rfbA,77.43%,88.62%,truncated		ST131
3.3.2	Klebsiella_pneumoniae_Species_Complex_O	3.2.0	GCA_964006685.1	ST131	OL14	unknown	Untypeable	-*!	0.00%	19.01%	-5567	2 / 8 (25.00%)	OL14_01_rfbB,77.51%,96.57%,below_id_threshold;OL14_02_rfbA,77.43%,88.62%,truncated	OL14_03_rfbD;OL14_04_rfbC;OL14_05_wbbL;OL14_06_rhamnan;OL14_07_wzm;OL14_08_wzt	0		0 / 8 (0.00%)		0		OL14_02_rfbA,77.43%,88.62%,truncated		ST131
3.3.2	Klebsiella_pneumoniae_Species_Complex_O	3.2.0	GCA_964006725.1	ST131	OL14	unknown	Untypeable	-*!	0.00%	19.01%	-5567	2 / 8 (25.00%)	OL14_01_rfbB,77.51%,96.57%,below_id_threshold;OL14_02_rfbA,77.43%,88.62%,truncated	OL14_03_rfbD;OL14_04_rfbC;OL14_05_wbbL;OL14_06_rhamnan;OL14_07_wzm;OL14_08_wzt	0		0 / 8 (0.00%)		0		OL14_02_rfbA,77.43%,88.62%,truncated		ST131
3.3.2	Klebsiella_pneumoniae_Species_Complex_O	3.2.0	GCA_964006755.1	ST131	OL14	unknown	Untypeable	-*!	0.00%	19.01%	-5567	2 / 8 (25.00%)	OL14_01_rfbB,77.51%,96.57%,below_id_threshold;OL14_02_rfbA,77.43%,88.62%,truncated	OL14_03_rfbD;OL14_04_rfbC;OL14_05_wbbL;OL14_06_rhamnan;OL14_07_wzm;OL14_08_wzt	0		0 / 8 (0.00%)		0		OL14_02_rfbA,77.43%,88.62%,truncated		ST131
3.3.2	Klebsiella_pneumoniae_Species_Complex_O	3.2.0	GCA_964006795.1	ST131	OL14	unknown	Untypeable	-*!	0.00%	19.01%	-5567	2 / 8 (25.00%)	OL14_01_rfbB,77.51%,96.57%,below_id_threshold;OL14_02_rfbA,77.43%,88.62%,truncated	OL14_03_rfbD;OL14_04_rfbC;OL14_05_wbbL;OL14_06_rhamnan;OL14_07_wzm;OL14_08_wzt	0		0 / 8 (0.00%)		0		OL14_02_rfbA,77.43%,88.62%,truncated		ST131
3.3.2	Klebsiella_pneumoniae_Species_Complex_O	3.2.0	GCA_964006855.1	ST131	OL14	unknown	Untypeable	-*!	0.00%	19.01%	-5567	2 / 8 (25.00%)	OL14_01_rfbB,77.51%,96.57%,below_id_threshold;OL14_02_rfbA,77.43%,88.62%,truncated	OL14_03_rfbD;OL14_04_rfbC;OL14_05_wbbL;OL14_06_rhamnan;OL14_07_wzm;OL14_08_wzt	0		0 / 8 (0.00%)		0		OL14_02_rfbA,77.43%,88.62%,truncated		ST131
3.3.2	Klebsiella_pneumoniae_Species_Complex_O	3.2.0	GCA_964006865.1	ST131	OL14	unknown	Untypeable	-*!	0.00%	19.01%	-5567	2 / 8 (25.00%)	OL14_01_rfbB,77.51%,96.57%,below_id_threshold;OL14_02_rfbA,77.43%,88.62%,truncated	OL14_03_rfbD;OL14_04_rfbC;OL14_05_wbbL;OL14_06_rhamnan;OL14_07_wzm;OL14_08_wzt	0		0 / 8 (0.00%)		0		OL14_02_rfbA,77.43%,88.62%,truncated		ST131
3.3.2	Klebsiella_pneumoniae_Species_Complex_O	3.2.0	GCA_964006875.1	ST131	OL14	unknown	Untypeable	-*!	0.00%	19.01%	-5567	2 / 8 (25.00%)	OL14_01_rfbB,77.51%,96.57%,below_id_threshold;OL14_02_rfbA,77.43%,88.62%,truncated	OL14_03_rfbD;OL14_04_rfbC;OL14_05_wbbL;OL14_06_rhamnan;OL14_07_wzm;OL14_08_wzt	0		0 / 8 (0.00%)		0		OL14_02_rfbA,77.43%,88.62%,truncated		ST131
3.3.2	Klebsiella_pneumoniae_Species_Complex_O	3.2.0	GCA_964006905.1	ST131	OL14	unknown	Untypeable	-*!	0.00%	19.01%	-5567	2 / 8 (25.00%)	OL14_01_rfbB,77.51%,96.57%,below_id_threshold;OL14_02_rfbA,77.43%,88.62%,truncated	OL14_03_rfbD;OL14_04_rfbC;OL14_05_wbbL;OL14_06_rhamnan;OL14_07_wzm;OL14_08_wzt	0		0 / 8 (0.00%)		1	OL3α/β_02_manB,89.17%,26.03%,partial	OL3α/β_02_manB,89.17%,26.03%,partial;OL14_02_rfbA,77.43%,88.62%,truncated		ST131
3.3.2	Klebsiella_pneumoniae_Species_Complex_O	3.2.0	GCA_964006915.1	ST131	OL14	unknown	Untypeable	-*!	0.00%	19.01%	-5567	2 / 8 (25.00%)	OL14_01_rfbB,77.51%,96.57%,below_id_threshold;OL14_02_rfbA,77.43%,88.62%,truncated	OL14_03_rfbD;OL14_04_rfbC;OL14_05_wbbL;OL14_06_rhamnan;OL14_07_wzm;OL14_08_wzt	0		0 / 8 (0.00%)		0		OL14_02_rfbA,77.43%,88.62%,truncated		ST131
3.3.2	Klebsiella_pneumoniae_Species_Complex_O	3.2.0	GCA_964006945.1	ST131	OL14	unknown	Untypeable	-*!	0.00%	19.01%	-5567	2 / 8 (25.00%)	OL14_01_rfbB,77.51%,96.57%,below_id_threshold;OL14_02_rfbA,77.43%,88.62%,truncated	OL14_03_rfbD;OL14_04_rfbC;OL14_05_wbbL;OL14_06_rhamnan;OL14_07_wzm;OL14_08_wzt	0		0 / 8 (0.00%)		0		OL14_02_rfbA,77.43%,88.62%,truncated		ST131
3.3.2	Klebsiella_pneumoniae_Species_Complex_O	3.2.0	GCA_964006965.1	ST131	OL14	unknown	Untypeable	-*!	0.00%	19.01%	-5567	2 / 8 (25.00%)	OL14_01_rfbB,77.51%,96.57%,below_id_threshold;OL14_02_rfbA,77.43%,88.62%,truncated	OL14_03_rfbD;OL14_04_rfbC;OL14_05_wbbL;OL14_06_rhamnan;OL14_07_wzm;OL14_08_wzt	0		0 / 8 (0.00%)		0		OL14_02_rfbA,77.43%,88.62%,truncated		ST131
3.3.2	Klebsiella_pneumoniae_Species_Complex_O	3.2.0	GCA_964006995.1	ST131	OL14	unknown	Untypeable	-*!	0.00%	19.01%	-5567	2 / 8 (25.00%)	OL14_01_rfbB,77.51%,96.57%,below_id_threshold;OL14_02_rfbA,77.43%,88.62%,truncated	OL14_03_rfbD;OL14_04_rfbC;OL14_05_wbbL;OL14_06_rhamnan;OL14_07_wzm;OL14_08_wzt	0		0 / 8 (0.00%)		0		OL14_02_rfbA,77.43%,88.62%,truncated		ST131
3.3.2	Klebsiella_pneumoniae_Species_Complex_O	3.2.0	GCA_964007005.1	ST131	OL14	unknown	Untypeable	-*!	0.00%	19.01%	-5567	2 / 8 (25.00%)	OL14_01_rfbB,77.51%,96.57%,below_id_threshold;OL14_02_rfbA,77.43%,88.62%,truncated	OL14_03_rfbD;OL14_04_rfbC;OL14_05_wbbL;OL14_06_rhamnan;OL14_07_wzm;OL14_08_wzt	0		0 / 8 (0.00%)		0		OL14_02_rfbA,77.43%,88.62%,truncated		ST131
3.3.2	Klebsiella_pneumoniae_Species_Complex_O	3.2.0	GCA_964007025.1	ST131	OL14	unknown	Untypeable	-*!	0.00%	19.01%	-5567	2 / 8 (25.00%)	OL14_01_rfbB,77.51%,96.57%,below_id_threshold;OL14_02_rfbA,77.43%,88.62%,truncated	OL14_03_rfbD;OL14_04_rfbC;OL14_05_wbbL;OL14_06_rhamnan;OL14_07_wzm;OL14_08_wzt	0		0 / 8 (0.00%)		0		OL14_02_rfbA,77.43%,88.62%,truncated		ST131
3.3.2	Klebsiella_pneumoniae_Species_Complex_O	3.2.0	GCA_964007035.1	ST131	OL14	unknown	Untypeable	?-*!	0.00%	18.02%		2 / 8 (25.00%)	OL14_01_rfbB,77.51%,96.57%,below_id_threshold;OL14_02_rfbA,76.86%,83.45%,truncated	OL14_03_rfbD;OL14_04_rfbC;OL14_05_wbbL;OL14_06_rhamnan;OL14_07_wzm;OL14_08_wzt	0		0 / 8 (0.00%)		0		OL14_02_rfbA,76.86%,83.45%,truncated		ST131
3.3.2	Klebsiella_pneumoniae_Species_Complex_O	3.2.0	GCA_964007055.1	ST131	OL14	unknown	Untypeable	-*!	0.00%	19.01%	-5567	2 / 8 (25.00%)	OL14_01_rfbB,77.51%,96.57%,below_id_threshold;OL14_02_rfbA,77.43%,88.62%,truncated	OL14_03_rfbD;OL14_04_rfbC;OL14_05_wbbL;OL14_06_rhamnan;OL14_07_wzm;OL14_08_wzt	0		0 / 8 (0.00%)		0		OL14_02_rfbA,77.43%,88.62%,truncated		ST131
3.3.2	Klebsiella_pneumoniae_Species_Complex_O	3.2.0	GCA_964007175.1	ST131	OL14	unknown	Untypeable	-*!	0.00%	19.01%	-5567	2 / 8 (25.00%)	OL14_01_rfbB,77.51%,96.57%,below_id_threshold;OL14_02_rfbA,77.43%,88.62%,truncated	OL14_03_rfbD;OL14_04_rfbC;OL14_05_wbbL;OL14_06_rhamnan;OL14_07_wzm;OL14_08_wzt	0		0 / 8 (0.00%)		0		OL14_02_rfbA,77.43%,88.62%,truncated		ST131
3.3.2	Klebsiella_pneumoniae_Species_Complex_O	3.2.0	GCA_964007215.1	ST131	OL14	unknown	Untypeable	-*!	0.00%	19.01%	-5567	2 / 8 (25.00%)	OL14_01_rfbB,77.51%,96.57%,below_id_threshold;OL14_02_rfbA,77.43%,88.62%,truncated	OL14_03_rfbD;OL14_04_rfbC;OL14_05_wbbL;OL14_06_rhamnan;OL14_07_wzm;OL14_08_wzt	0		0 / 8 (0.00%)		0		OL14_02_rfbA,77.43%,88.62%,truncated		ST131
3.3.2	Klebsiella_pneumoniae_Species_Complex_O	3.2.0	GCA_964007225.1	ST131	OL14	unknown	Untypeable	-*!	0.00%	19.01%	-5567	2 / 8 (25.00%)	OL14_01_rfbB,77.51%,96.57%,below_id_threshold;OL14_02_rfbA,77.43%,88.62%,truncated	OL14_03_rfbD;OL14_04_rfbC;OL14_05_wbbL;OL14_06_rhamnan;OL14_07_wzm;OL14_08_wzt	0		0 / 8 (0.00%)		0		OL14_02_rfbA,77.43%,88.62%,truncated		ST131
3.3.2	Klebsiella_pneumoniae_Species_Complex_O	3.2.0	GCA_964007255.1	ST131	OL14	unknown	Untypeable	-*!	0.00%	19.01%	-5567	2 / 8 (25.00%)	OL14_01_rfbB,77.51%,96.57%,below_id_threshold;OL14_02_rfbA,77.43%,88.62%,truncated	OL14_03_rfbD;OL14_04_rfbC;OL14_05_wbbL;OL14_06_rhamnan;OL14_07_wzm;OL14_08_wzt	0		0 / 8 (0.00%)		0		OL14_02_rfbA,77.43%,88.62%,truncated		ST131
3.3.2	Klebsiella_pneumoniae_Species_Complex_O	3.2.0	GCA_964007285.1	ST131	OL14	unknown	Untypeable	-*!	0.00%	19.01%	-5567	2 / 8 (25.00%)	OL14_01_rfbB,77.51%,96.57%,below_id_threshold;OL14_02_rfbA,77.43%,88.62%,truncated	OL14_03_rfbD;OL14_04_rfbC;OL14_05_wbbL;OL14_06_rhamnan;OL14_07_wzm;OL14_08_wzt	0		0 / 8 (0.00%)		0		OL14_02_rfbA,77.43%,88.62%,truncated		ST131
3.3.2	Klebsiella_pneumoniae_Species_Complex_O	3.2.0	GCA_964007325.1	ST131	OL14	unknown	Untypeable	-*!	0.00%	19.01%	-5567	2 / 8 (25.00%)	OL14_01_rfbB,77.51%,96.57%,below_id_threshold;OL14_02_rfbA,77.43%,88.62%,truncated	OL14_03_rfbD;OL14_04_rfbC;OL14_05_wbbL;OL14_06_rhamnan;OL14_07_wzm;OL14_08_wzt	0		0 / 8 (0.00%)		0		OL14_02_rfbA,77.43%,88.62%,truncated		ST131
3.3.2	Klebsiella_pneumoniae_Species_Complex_O	3.2.0	GCA_964007355.1	ST131	OL14	unknown	Untypeable	-*!	0.00%	19.01%	-5567	2 / 8 (25.00%)	OL14_01_rfbB,77.51%,96.57%,below_id_threshold;OL14_02_rfbA,77.43%,88.62%,truncated	OL14_03_rfbD;OL14_04_rfbC;OL14_05_wbbL;OL14_06_rhamnan;OL14_07_wzm;OL14_08_wzt	0		0 / 8 (0.00%)		0		OL14_02_rfbA,77.43%,88.62%,truncated		ST131
3.3.2	Klebsiella_pneumoniae_Species_Complex_O	3.2.0	GCA_964007395.1	ST131	OL14	unknown	Untypeable	-*!	0.00%	19.01%	-5567	2 / 8 (25.00%)	OL14_01_rfbB,77.51%,96.57%,below_id_threshold;OL14_02_rfbA,77.43%,88.62%,truncated	OL14_03_rfbD;OL14_04_rfbC;OL14_05_wbbL;OL14_06_rhamnan;OL14_07_wzm;OL14_08_wzt	0		0 / 8 (0.00%)		0		OL14_02_rfbA,77.43%,88.62%,truncated		ST131
3.3.2	Klebsiella_pneumoniae_Species_Complex_O	3.2.0	GCA_964007445.1	ST131	OL14	unknown	Untypeable	-*!	0.00%	19.01%	-5567	2 / 8 (25.00%)	OL14_01_rfbB,77.51%,96.57%,below_id_threshold;OL14_02_rfbA,77.43%,88.62%,truncated	OL14_03_rfbD;OL14_04_rfbC;OL14_05_wbbL;OL14_06_rhamnan;OL14_07_wzm;OL14_08_wzt	0		0 / 8 (0.00%)		0		OL14_02_rfbA,77.43%,88.62%,truncated		ST131
3.3.2	Klebsiella_pneumoniae_Species_Complex_O	3.2.0	GCA_964205365.1	ST131	OL14	unknown	Untypeable	-*!	0.00%	19.01%	-5567	2 / 8 (25.00%)	OL14_01_rfbB,77.51%,96.57%,below_id_threshold;OL14_02_rfbA,77.43%,88.62%,truncated	OL14_03_rfbD;OL14_04_rfbC;OL14_05_wbbL;OL14_06_rhamnan;OL14_07_wzm;OL14_08_wzt	0		0 / 8 (0.00%)		0		OL14_02_rfbA,77.43%,88.62%,truncated		ST131
3.3.2	Klebsiella_pneumoniae_Species_Complex_O	3.2.0	GCA_964205425.1	ST131	OL14	unknown	Untypeable	-*!	0.00%	19.01%	-5567	2 / 8 (25.00%)	OL14_01_rfbB,77.51%,96.57%,below_id_threshold;OL14_02_rfbA,77.43%,88.62%,truncated	OL14_03_rfbD;OL14_04_rfbC;OL14_05_wbbL;OL14_06_rhamnan;OL14_07_wzm;OL14_08_wzt	0		0 / 8 (0.00%)		0		OL14_02_rfbA,77.43%,88.62%,truncated		ST131
3.3.2	Klebsiella_pneumoniae_Species_Complex_O	3.2.0	GCA_964205435.1	ST131	OL14	unknown	Untypeable	-*!	0.00%	19.01%	-5567	2 / 8 (25.00%)	OL14_01_rfbB,77.51%,96.57%,below_id_threshold;OL14_02_rfbA,77.43%,88.62%,truncated	OL14_03_rfbD;OL14_04_rfbC;OL14_05_wbbL;OL14_06_rhamnan;OL14_07_wzm;OL14_08_wzt	0		0 / 8 (0.00%)		0		OL14_02_rfbA,77.43%,88.62%,truncated		ST131
3.3.2	Klebsiella_pneumoniae_Species_Complex_O	3.2.0	GCA_964205455.1	ST131	OL14	unknown	Untypeable	-*!	0.00%	19.01%	-5567	2 / 8 (25.00%)	OL14_01_rfbB,77.51%,96.57%,below_id_threshold;OL14_02_rfbA,77.43%,88.62%,truncated	OL14_03_rfbD;OL14_04_rfbC;OL14_05_wbbL;OL14_06_rhamnan;OL14_07_wzm;OL14_08_wzt	0		0 / 8 (0.00%)		0		OL14_02_rfbA,77.43%,88.62%,truncated		ST131
3.3.2	Klebsiella_pneumoniae_Species_Complex_O	3.2.0	GCA_964205485.1	ST131	OL14	unknown	Untypeable	-*!	0.00%	19.01%	-5567	2 / 8 (25.00%)	OL14_01_rfbB,77.51%,96.57%,below_id_threshold;OL14_02_rfbA,77.43%,88.62%,truncated	OL14_03_rfbD;OL14_04_rfbC;OL14_05_wbbL;OL14_06_rhamnan;OL14_07_wzm;OL14_08_wzt	0		0 / 8 (0.00%)		0		OL14_02_rfbA,77.43%,88.62%,truncated		ST131
3.3.2	Klebsiella_pneumoniae_Species_Complex_O	3.2.0	GCA_964205495.1	ST131	OL14	unknown	Untypeable	-*!	0.00%	19.01%	-5567	2 / 8 (25.00%)	OL14_01_rfbB,77.51%,96.57%,below_id_threshold;OL14_02_rfbA,77.43%,88.62%,truncated	OL14_03_rfbD;OL14_04_rfbC;OL14_05_wbbL;OL14_06_rhamnan;OL14_07_wzm;OL14_08_wzt	0		0 / 8 (0.00%)		0		OL14_02_rfbA,77.43%,88.62%,truncated		ST131
3.3.2	Klebsiella_pneumoniae_Species_Complex_O	3.2.0	GCA_964205505.1	ST131	OL14	unknown	Untypeable	-*!	0.00%	19.01%	-5567	2 / 8 (25.00%)	OL14_01_rfbB,77.51%,96.57%,below_id_threshold;OL14_02_rfbA,77.43%,88.62%,truncated	OL14_03_rfbD;OL14_04_rfbC;OL14_05_wbbL;OL14_06_rhamnan;OL14_07_wzm;OL14_08_wzt	0		0 / 8 (0.00%)		0		OL14_02_rfbA,77.43%,88.62%,truncated		ST131
3.3.2	Klebsiella_pneumoniae_Species_Complex_O	3.2.0	GCA_964205525.1	ST131	OL14	unknown	Untypeable	-*!	0.00%	19.01%	-5567	2 / 8 (25.00%)	OL14_01_rfbB,77.51%,96.57%,below_id_threshold;OL14_02_rfbA,77.43%,88.62%,truncated	OL14_03_rfbD;OL14_04_rfbC;OL14_05_wbbL;OL14_06_rhamnan;OL14_07_wzm;OL14_08_wzt	0		0 / 8 (0.00%)		0		OL14_02_rfbA,77.43%,88.62%,truncated		ST131
3.3.2	Klebsiella_pneumoniae_Species_Complex_O	3.2.0	GCA_964205535.1	ST131	OL14	unknown	Untypeable	-*!	0.00%	19.01%	-5567	2 / 8 (25.00%)	OL14_01_rfbB,77.51%,96.57%,below_id_threshold;OL14_02_rfbA,77.43%,88.62%,truncated	OL14_03_rfbD;OL14_04_rfbC;OL14_05_wbbL;OL14_06_rhamnan;OL14_07_wzm;OL14_08_wzt	0		0 / 8 (0.00%)		0		OL14_02_rfbA,77.43%,88.62%,truncated		ST131
3.3.2	Klebsiella_pneumoniae_Species_Complex_O	3.2.0	GCA_964205545.1	ST131	OL14	unknown	Untypeable	-*!	0.00%	19.01%	-5567	2 / 8 (25.00%)	OL14_01_rfbB,77.51%,96.57%,below_id_threshold;OL14_02_rfbA,77.43%,88.62%,truncated	OL14_03_rfbD;OL14_04_rfbC;OL14_05_wbbL;OL14_06_rhamnan;OL14_07_wzm;OL14_08_wzt	0		0 / 8 (0.00%)		0		OL14_02_rfbA,77.43%,88.62%,truncated		ST131
3.3.2	Klebsiella_pneumoniae_Species_Complex_O	3.2.0	GCA_964205555.1	ST131	OL14	unknown	Untypeable	-*!	0.00%	19.01%	-5567	2 / 8 (25.00%)	OL14_01_rfbB,77.51%,96.57%,below_id_threshold;OL14_02_rfbA,77.43%,88.62%,truncated	OL14_03_rfbD;OL14_04_rfbC;OL14_05_wbbL;OL14_06_rhamnan;OL14_07_wzm;OL14_08_wzt	0		0 / 8 (0.00%)		0		OL14_02_rfbA,77.43%,88.62%,truncated		ST131
3.3.2	Klebsiella_pneumoniae_Species_Complex_O	3.2.0	GCA_964205565.1	ST131	OL14	unknown	Untypeable	-*!	0.00%	19.01%	-5567	2 / 8 (25.00%)	OL14_01_rfbB,77.51%,96.57%,below_id_threshold;OL14_02_rfbA,77.43%,88.62%,truncated	OL14_03_rfbD;OL14_04_rfbC;OL14_05_wbbL;OL14_06_rhamnan;OL14_07_wzm;OL14_08_wzt	0		0 / 8 (0.00%)		0		OL14_02_rfbA,77.43%,88.62%,truncated		ST131
3.3.2	Klebsiella_pneumoniae_Species_Complex_O	3.2.0	GCA_964205585.1	ST131	OL14	unknown	Untypeable	-*!	0.00%	19.01%	-5567	2 / 8 (25.00%)	OL14_01_rfbB,77.51%,96.57%,below_id_threshold;OL14_02_rfbA,77.43%,88.62%,truncated	OL14_03_rfbD;OL14_04_rfbC;OL14_05_wbbL;OL14_06_rhamnan;OL14_07_wzm;OL14_08_wzt	0		0 / 8 (0.00%)		0		OL14_02_rfbA,77.43%,88.62%,truncated		ST131
3.3.2	Klebsiella_pneumoniae_Species_Complex_O	3.2.0	GCA_964205595.1	ST131	OL14	unknown	Untypeable	-*!	0.00%	19.01%	-5567	2 / 8 (25.00%)	OL14_01_rfbB,77.51%,96.57%,below_id_threshold;OL14_02_rfbA,77.43%,88.62%,truncated	OL14_03_rfbD;OL14_04_rfbC;OL14_05_wbbL;OL14_06_rhamnan;OL14_07_wzm;OL14_08_wzt	0		0 / 8 (0.00%)		0		OL14_02_rfbA,77.43%,88.62%,truncated		ST131
3.3.2	Klebsiella_pneumoniae_Species_Complex_O	3.2.0	GCA_964205635.1	ST131	OL14	unknown	Untypeable	-*!	0.00%	19.01%	-5567	2 / 8 (25.00%)	OL14_01_rfbB,77.51%,96.57%,below_id_threshold;OL14_02_rfbA,77.43%,88.62%,truncated	OL14_03_rfbD;OL14_04_rfbC;OL14_05_wbbL;OL14_06_rhamnan;OL14_07_wzm;OL14_08_wzt	0		0 / 8 (0.00%)		0		OL14_02_rfbA,77.43%,88.62%,truncated		ST131
3.3.2	Klebsiella_pneumoniae_Species_Complex_O	3.2.0	GCA_964205655.1	ST131	OL14	unknown	Untypeable	-*!	0.00%	19.01%	-5567	2 / 8 (25.00%)	OL14_01_rfbB,77.51%,96.57%,below_id_threshold;OL14_02_rfbA,77.43%,88.62%,truncated	OL14_03_rfbD;OL14_04_rfbC;OL14_05_wbbL;OL14_06_rhamnan;OL14_07_wzm;OL14_08_wzt	0		0 / 8 (0.00%)		0		OL14_02_rfbA,77.43%,88.62%,truncated		ST131
3.3.2	Klebsiella_pneumoniae_Species_Complex_O	3.2.0	GCA_964205675.1	ST131	OL14	unknown	Untypeable	-*!	0.00%	19.01%	-5567	2 / 8 (25.00%)	OL14_01_rfbB,77.51%,96.57%,below_id_threshold;OL14_02_rfbA,77.43%,88.62%,truncated	OL14_03_rfbD;OL14_04_rfbC;OL14_05_wbbL;OL14_06_rhamnan;OL14_07_wzm;OL14_08_wzt	0		0 / 8 (0.00%)		0		OL14_02_rfbA,77.43%,88.62%,truncated		ST131
3.3.2	Klebsiella_pneumoniae_Species_Complex_O	3.2.0	GCA_964205705.1	ST131	OL14	unknown	Untypeable	-*!	0.00%	19.01%	-5567	2 / 8 (25.00%)	OL14_01_rfbB,77.51%,96.57%,below_id_threshold;OL14_02_rfbA,77.43%,88.62%,truncated	OL14_03_rfbD;OL14_04_rfbC;OL14_05_wbbL;OL14_06_rhamnan;OL14_07_wzm;OL14_08_wzt	0		0 / 8 (0.00%)		0		OL14_02_rfbA,77.43%,88.62%,truncated		ST131
3.3.2	Klebsiella_pneumoniae_Species_Complex_O	3.2.0	GCA_964205715.1	ST131	OL14	unknown	Untypeable	-*!	0.00%	19.01%	-5567	2 / 8 (25.00%)	OL14_01_rfbB,77.51%,96.57%,below_id_threshold;OL14_02_rfbA,77.43%,88.62%,truncated	OL14_03_rfbD;OL14_04_rfbC;OL14_05_wbbL;OL14_06_rhamnan;OL14_07_wzm;OL14_08_wzt	0		0 / 8 (0.00%)		0		OL14_02_rfbA,77.43%,88.62%,truncated		ST131
3.3.2	Klebsiella_pneumoniae_Species_Complex_O	3.2.0	GCA_964205725.1	ST131	OL14	unknown	Untypeable	-*!	0.00%	19.01%	-5567	2 / 8 (25.00%)	OL14_01_rfbB,77.51%,96.57%,below_id_threshold;OL14_02_rfbA,77.43%,88.62%,truncated	OL14_03_rfbD;OL14_04_rfbC;OL14_05_wbbL;OL14_06_rhamnan;OL14_07_wzm;OL14_08_wzt	0		0 / 8 (0.00%)		0		OL14_02_rfbA,77.43%,88.62%,truncated		ST131
3.3.2	Klebsiella_pneumoniae_Species_Complex_O	3.2.0	GCA_964205745.1	ST131	OL14	unknown	Untypeable	-*!	0.00%	19.01%	-5567	2 / 8 (25.00%)	OL14_01_rfbB,77.51%,96.57%,below_id_threshold;OL14_02_rfbA,77.43%,88.62%,truncated	OL14_03_rfbD;OL14_04_rfbC;OL14_05_wbbL;OL14_06_rhamnan;OL14_07_wzm;OL14_08_wzt	0		0 / 8 (0.00%)		0		OL14_02_rfbA,77.43%,88.62%,truncated		ST131
3.3.2	Klebsiella_pneumoniae_Species_Complex_O	3.2.0	GCA_964205785.1	ST131	OL14	unknown	Untypeable	-*!	0.00%	19.01%	-5567	2 / 8 (25.00%)	OL14_01_rfbB,77.51%,96.57%,below_id_threshold;OL14_02_rfbA,77.43%,88.62%,truncated	OL14_03_rfbD;OL14_04_rfbC;OL14_05_wbbL;OL14_06_rhamnan;OL14_07_wzm;OL14_08_wzt	0		0 / 8 (0.00%)		0		OL14_02_rfbA,77.43%,88.62%,truncated		ST131
3.3.2	Klebsiella_pneumoniae_Species_Complex_O	3.2.0	GCA_964205825.1	ST131	OL14	unknown	Untypeable	-*!	0.00%	19.01%	-5567	2 / 8 (25.00%)	OL14_01_rfbB,77.51%,96.57%,below_id_threshold;OL14_02_rfbA,77.43%,88.62%,truncated	OL14_03_rfbD;OL14_04_rfbC;OL14_05_wbbL;OL14_06_rhamnan;OL14_07_wzm;OL14_08_wzt	0		0 / 8 (0.00%)		0		OL14_02_rfbA,77.43%,88.62%,truncated		ST131
3.3.2	Klebsiella_pneumoniae_Species_Complex_O	3.2.0	GCA_964205855.1	ST131	OL14	unknown	Untypeable	-*!	0.00%	19.01%	-5567	2 / 8 (25.00%)	OL14_01_rfbB,77.51%,96.57%,below_id_threshold;OL14_02_rfbA,77.43%,88.62%,truncated	OL14_03_rfbD;OL14_04_rfbC;OL14_05_wbbL;OL14_06_rhamnan;OL14_07_wzm;OL14_08_wzt	0		0 / 8 (0.00%)		0		OL14_02_rfbA,77.43%,88.62%,truncated		ST131
3.3.2	Klebsiella_pneumoniae_Species_Complex_O	3.2.0	GCA_964205905.1	ST131	OL14	unknown	Untypeable	-*!	0.00%	19.01%	-5567	2 / 8 (25.00%)	OL14_01_rfbB,77.51%,96.57%,below_id_threshold;OL14_02_rfbA,77.43%,88.62%,truncated	OL14_03_rfbD;OL14_04_rfbC;OL14_05_wbbL;OL14_06_rhamnan;OL14_07_wzm;OL14_08_wzt	0		0 / 8 (0.00%)		0		OL14_02_rfbA,77.43%,88.62%,truncated		ST131
3.3.2	Klebsiella_pneumoniae_Species_Complex_O	3.2.0	GCA_964205925.1	ST131	OL14	unknown	Untypeable	-*!	0.00%	19.01%	-5567	2 / 8 (25.00%)	OL14_01_rfbB,77.51%,96.57%,below_id_threshold;OL14_02_rfbA,77.43%,88.62%,truncated	OL14_03_rfbD;OL14_04_rfbC;OL14_05_wbbL;OL14_06_rhamnan;OL14_07_wzm;OL14_08_wzt	0		0 / 8 (0.00%)		0		OL14_02_rfbA,77.43%,88.62%,truncated		ST131
3.3.2	Klebsiella_pneumoniae_Species_Complex_O	3.2.0	GCA_964205945.1	ST131	OL14	unknown	Untypeable	-*!	0.00%	19.01%	-5567	2 / 8 (25.00%)	OL14_01_rfbB,77.51%,96.57%,below_id_threshold;OL14_02_rfbA,77.43%,88.62%,truncated	OL14_03_rfbD;OL14_04_rfbC;OL14_05_wbbL;OL14_06_rhamnan;OL14_07_wzm;OL14_08_wzt	0		0 / 8 (0.00%)		0		OL14_02_rfbA,77.43%,88.62%,truncated		ST131
3.3.2	Klebsiella_pneumoniae_Species_Complex_O	3.2.0	GCA_964205975.1	ST131	OL14	unknown	Untypeable	-*!	0.00%	19.01%	-5567	2 / 8 (25.00%)	OL14_01_rfbB,77.51%,96.57%,below_id_threshold;OL14_02_rfbA,77.43%,88.62%,truncated	OL14_03_rfbD;OL14_04_rfbC;OL14_05_wbbL;OL14_06_rhamnan;OL14_07_wzm;OL14_08_wzt	0		0 / 8 (0.00%)		0		OL14_02_rfbA,77.43%,88.62%,truncated		ST131
3.3.2	Klebsiella_pneumoniae_Species_Complex_O	3.2.0	GCA_964205995.1	ST131	OL14	unknown	Untypeable	-*!	0.00%	19.01%	-5567	2 / 8 (25.00%)	OL14_01_rfbB,77.51%,96.57%,below_id_threshold;OL14_02_rfbA,77.43%,88.62%,truncated	OL14_03_rfbD;OL14_04_rfbC;OL14_05_wbbL;OL14_06_rhamnan;OL14_07_wzm;OL14_08_wzt	0		0 / 8 (0.00%)		0		OL14_02_rfbA,77.43%,88.62%,truncated		ST131
3.3.2	Klebsiella_pneumoniae_Species_Complex_O	3.2.0	GCA_964206005.1	ST131	OL14	unknown	Untypeable	-*!	0.00%	19.01%	-5567	2 / 8 (25.00%)	OL14_01_rfbB,77.51%,96.57%,below_id_threshold;OL14_02_rfbA,77.43%,88.62%,truncated	OL14_03_rfbD;OL14_04_rfbC;OL14_05_wbbL;OL14_06_rhamnan;OL14_07_wzm;OL14_08_wzt	0		0 / 8 (0.00%)		0		OL14_02_rfbA,77.43%,88.62%,truncated		ST131
3.3.2	Klebsiella_pneumoniae_Species_Complex_O	3.2.0	GCA_964206025.1	ST131	OL14	unknown	Untypeable	-*!	0.00%	19.01%	-5567	2 / 8 (25.00%)	OL14_01_rfbB,77.51%,96.57%,below_id_threshold;OL14_02_rfbA,77.43%,88.62%,truncated	OL14_03_rfbD;OL14_04_rfbC;OL14_05_wbbL;OL14_06_rhamnan;OL14_07_wzm;OL14_08_wzt	0		0 / 8 (0.00%)		0		OL14_02_rfbA,77.43%,88.62%,truncated		ST131
3.3.2	Klebsiella_pneumoniae_Species_Complex_O	3.2.0	GCA_964206045.1	ST131	OL14	unknown	Untypeable	-*!	0.00%	19.01%	-5567	2 / 8 (25.00%)	OL14_01_rfbB,77.51%,96.57%,below_id_threshold;OL14_02_rfbA,77.43%,88.62%,truncated	OL14_03_rfbD;OL14_04_rfbC;OL14_05_wbbL;OL14_06_rhamnan;OL14_07_wzm;OL14_08_wzt	0		0 / 8 (0.00%)		0		OL14_02_rfbA,77.43%,88.62%,truncated		ST131
3.3.2	Klebsiella_pneumoniae_Species_Complex_O	3.2.0	GCA_964206175.1	ST131	OL14	unknown	Untypeable	-*!	0.00%	19.01%	-5567	2 / 8 (25.00%)	OL14_01_rfbB,77.51%,96.57%,below_id_threshold;OL14_02_rfbA,77.43%,88.62%,truncated	OL14_03_rfbD;OL14_04_rfbC;OL14_05_wbbL;OL14_06_rhamnan;OL14_07_wzm;OL14_08_wzt	0		0 / 8 (0.00%)		0		OL14_02_rfbA,77.43%,88.62%,truncated		ST131
3.3.2	Klebsiella_pneumoniae_Species_Complex_O	3.2.0	GCA_964206185.1	ST131	OL14	unknown	Untypeable	-*!	0.00%	19.01%	-5567	2 / 8 (25.00%)	OL14_01_rfbB,77.51%,96.57%,below_id_threshold;OL14_02_rfbA,77.43%,88.62%,truncated	OL14_03_rfbD;OL14_04_rfbC;OL14_05_wbbL;OL14_06_rhamnan;OL14_07_wzm;OL14_08_wzt	0		0 / 8 (0.00%)		0		OL14_02_rfbA,77.43%,88.62%,truncated		ST131
3.3.2	Klebsiella_pneumoniae_Species_Complex_O	3.2.0	GCA_964206225.1	ST131	OL14	unknown	Untypeable	-*!	0.00%	19.01%	-5567	2 / 8 (25.00%)	OL14_01_rfbB,77.51%,96.57%,below_id_threshold;OL14_02_rfbA,77.43%,88.62%,truncated	OL14_03_rfbD;OL14_04_rfbC;OL14_05_wbbL;OL14_06_rhamnan;OL14_07_wzm;OL14_08_wzt	0		0 / 8 (0.00%)		0		OL14_02_rfbA,77.43%,88.62%,truncated		ST131
3.3.2	Klebsiella_pneumoniae_Species_Complex_O	3.2.0	GCA_964206255.1	ST131	OL14	unknown	Untypeable	-*!	0.00%	19.01%	-5567	2 / 8 (25.00%)	OL14_01_rfbB,77.51%,96.57%,below_id_threshold;OL14_02_rfbA,77.43%,88.62%,truncated	OL14_03_rfbD;OL14_04_rfbC;OL14_05_wbbL;OL14_06_rhamnan;OL14_07_wzm;OL14_08_wzt	0		0 / 8 (0.00%)		0		OL14_02_rfbA,77.43%,88.62%,truncated		ST131
3.3.2	Klebsiella_pneumoniae_Species_Complex_O	3.2.0	GCA_964206355.1	ST131	OL14	unknown	Untypeable	-*!	0.00%	19.01%	-5567	2 / 8 (25.00%)	OL14_01_rfbB,77.51%,96.57%,below_id_threshold;OL14_02_rfbA,77.43%,88.62%,truncated	OL14_03_rfbD;OL14_04_rfbC;OL14_05_wbbL;OL14_06_rhamnan;OL14_07_wzm;OL14_08_wzt	0		0 / 8 (0.00%)		0		OL14_02_rfbA,77.43%,88.62%,truncated		ST131
3.3.2	Klebsiella_pneumoniae_Species_Complex_O	3.2.0	GCA_964206375.1	ST131	OL14	unknown	Untypeable	-*!	0.00%	19.01%	-5567	2 / 8 (25.00%)	OL14_01_rfbB,77.51%,96.57%,below_id_threshold;OL14_02_rfbA,77.43%,88.62%,truncated	OL14_03_rfbD;OL14_04_rfbC;OL14_05_wbbL;OL14_06_rhamnan;OL14_07_wzm;OL14_08_wzt	0		0 / 8 (0.00%)		0		OL14_02_rfbA,77.43%,88.62%,truncated		ST131
3.3.2	Klebsiella_pneumoniae_Species_Complex_O	3.2.0	GCA_964206405.1	ST131	OL14	unknown	Untypeable	-*!	0.00%	19.01%	-5567	2 / 8 (25.00%)	OL14_01_rfbB,77.51%,96.57%,below_id_threshold;OL14_02_rfbA,77.43%,88.62%,truncated	OL14_03_rfbD;OL14_04_rfbC;OL14_05_wbbL;OL14_06_rhamnan;OL14_07_wzm;OL14_08_wzt	0		0 / 8 (0.00%)		0		OL14_02_rfbA,77.43%,88.62%,truncated		ST131
3.3.2	Klebsiella_pneumoniae_Species_Complex_O	3.2.0	GCA_964206415.1	ST131	OL14	unknown	Untypeable	-*!	0.00%	19.01%	-5567	2 / 8 (25.00%)	OL14_01_rfbB,77.51%,96.57%,below_id_threshold;OL14_02_rfbA,77.43%,88.62%,truncated	OL14_03_rfbD;OL14_04_rfbC;OL14_05_wbbL;OL14_06_rhamnan;OL14_07_wzm;OL14_08_wzt	0		0 / 8 (0.00%)		0		OL14_02_rfbA,77.43%,88.62%,truncated		ST131
3.3.2	Klebsiella_pneumoniae_Species_Complex_O	3.2.0	GCA_964206505.1	ST131	OL14	unknown	Untypeable	-*!	0.00%	19.01%	-5567	2 / 8 (25.00%)	OL14_01_rfbB,77.51%,96.57%,below_id_threshold;OL14_02_rfbA,77.43%,88.62%,truncated	OL14_03_rfbD;OL14_04_rfbC;OL14_05_wbbL;OL14_06_rhamnan;OL14_07_wzm;OL14_08_wzt	0		0 / 8 (0.00%)		0		OL14_02_rfbA,77.43%,88.62%,truncated		ST131
3.3.2	Klebsiella_pneumoniae_Species_Complex_O	3.2.0	GCA_964206525.1	ST131	OL14	unknown	Untypeable	-*!	0.00%	19.01%	-5567	2 / 8 (25.00%)	OL14_01_rfbB,77.51%,96.57%,below_id_threshold;OL14_02_rfbA,77.43%,88.62%,truncated	OL14_03_rfbD;OL14_04_rfbC;OL14_05_wbbL;OL14_06_rhamnan;OL14_07_wzm;OL14_08_wzt	0		0 / 8 (0.00%)		0		OL14_02_rfbA,77.43%,88.62%,truncated		ST131
3.3.2	Klebsiella_pneumoniae_Species_Complex_O	3.2.0	GCA_964206535.1	ST131	OL14	unknown	Untypeable	-*!	0.00%	19.01%	-5567	2 / 8 (25.00%)	OL14_01_rfbB,77.51%,96.57%,below_id_threshold;OL14_02_rfbA,77.43%,88.62%,truncated	OL14_03_rfbD;OL14_04_rfbC;OL14_05_wbbL;OL14_06_rhamnan;OL14_07_wzm;OL14_08_wzt	0		0 / 8 (0.00%)		0		OL14_02_rfbA,77.43%,88.62%,truncated		ST131
3.3.2	Klebsiella_pneumoniae_Species_Complex_O	3.2.0	GCA_964206545.1	ST131	OL14	unknown	Untypeable	-*!	0.00%	19.01%	-5567	2 / 8 (25.00%)	OL14_01_rfbB,77.51%,96.57%,below_id_threshold;OL14_02_rfbA,77.43%,88.62%,truncated	OL14_03_rfbD;OL14_04_rfbC;OL14_05_wbbL;OL14_06_rhamnan;OL14_07_wzm;OL14_08_wzt	0		0 / 8 (0.00%)		0		OL14_02_rfbA,77.43%,88.62%,truncated		ST131
3.3.2	Klebsiella_pneumoniae_Species_Complex_O	3.2.0	GCA_964206565.1	ST131	OL14	unknown	Untypeable	-*!	0.00%	19.01%	-5567	2 / 8 (25.00%)	OL14_01_rfbB,77.51%,96.57%,below_id_threshold;OL14_02_rfbA,77.43%,88.62%,truncated	OL14_03_rfbD;OL14_04_rfbC;OL14_05_wbbL;OL14_06_rhamnan;OL14_07_wzm;OL14_08_wzt	0		0 / 8 (0.00%)		0		OL14_02_rfbA,77.43%,88.62%,truncated		ST131
3.3.2	Klebsiella_pneumoniae_Species_Complex_O	3.2.0	GCA_964206575.1	ST131	OL14	unknown	Untypeable	-*!	0.00%	19.01%	-5567	2 / 8 (25.00%)	OL14_01_rfbB,77.51%,96.57%,below_id_threshold;OL14_02_rfbA,77.43%,88.62%,truncated	OL14_03_rfbD;OL14_04_rfbC;OL14_05_wbbL;OL14_06_rhamnan;OL14_07_wzm;OL14_08_wzt	0		0 / 8 (0.00%)		0		OL14_02_rfbA,77.43%,88.62%,truncated		ST131
3.3.2	Klebsiella_pneumoniae_Species_Complex_O	3.2.0	GCA_964206585.1	ST131	OL14	unknown	Untypeable	-*!	0.00%	19.01%	-5567	2 / 8 (25.00%)	OL14_01_rfbB,77.51%,96.57%,below_id_threshold;OL14_02_rfbA,77.43%,88.62%,truncated	OL14_03_rfbD;OL14_04_rfbC;OL14_05_wbbL;OL14_06_rhamnan;OL14_07_wzm;OL14_08_wzt	0		0 / 8 (0.00%)		0		OL14_02_rfbA,77.43%,88.62%,truncated		ST131
3.3.2	Klebsiella_pneumoniae_Species_Complex_O	3.2.0	GCA_964206605.1	ST131	OL14	unknown	Untypeable	-*!	0.00%	19.01%	-5567	2 / 8 (25.00%)	OL14_01_rfbB,77.51%,96.57%,below_id_threshold;OL14_02_rfbA,77.43%,88.62%,truncated	OL14_03_rfbD;OL14_04_rfbC;OL14_05_wbbL;OL14_06_rhamnan;OL14_07_wzm;OL14_08_wzt	0		0 / 8 (0.00%)		0		OL14_02_rfbA,77.43%,88.62%,truncated		ST131
3.3.2	Klebsiella_pneumoniae_Species_Complex_O	3.2.0	GCA_966502205.1	ST131	OL14	unknown	Untypeable	-*!	0.00%	19.01%	-5567	2 / 8 (25.00%)	OL14_01_rfbB,77.51%,96.57%,below_id_threshold;OL14_02_rfbA,77.43%,88.62%,truncated	OL14_03_rfbD;OL14_04_rfbC;OL14_05_wbbL;OL14_06_rhamnan;OL14_07_wzm;OL14_08_wzt	0		0 / 8 (0.00%)		0		OL14_02_rfbA,77.43%,88.62%,truncated		ST131
3.3.2	Klebsiella_pneumoniae_Species_Complex_O	3.2.0	GCA_966555405.1	ST131	OL14	unknown	Untypeable	-*!	0.00%	19.01%	-5567	2 / 8 (25.00%)	OL14_01_rfbB,77.51%,96.57%,below_id_threshold;OL14_02_rfbA,77.43%,88.62%,truncated	OL14_03_rfbD;OL14_04_rfbC;OL14_05_wbbL;OL14_06_rhamnan;OL14_07_wzm;OL14_08_wzt	0		0 / 8 (0.00%)		0		OL14_02_rfbA,77.43%,88.62%,truncated		ST131
3.3.2	Klebsiella_pneumoniae_Species_Complex_O	3.2.0	GCA_970664135.1	ST131	OL14	unknown	Untypeable	-*!	0.00%	19.01%	-5567	2 / 8 (25.00%)	OL14_01_rfbB,77.51%,96.57%,below_id_threshold;OL14_02_rfbA,77.43%,88.62%,truncated	OL14_03_rfbD;OL14_04_rfbC;OL14_05_wbbL;OL14_06_rhamnan;OL14_07_wzm;OL14_08_wzt	0		0 / 8 (0.00%)		0		OL14_02_rfbA,77.43%,88.62%,truncated		ST131
3.3.2	Klebsiella_pneumoniae_Species_Complex_O	3.2.0	GCA_972176215.1	ST131	OL14	unknown	Untypeable	-*!	0.00%	19.01%	-5567	2 / 8 (25.00%)	OL14_01_rfbB,77.51%,96.57%,below_id_threshold;OL14_02_rfbA,77.43%,88.62%,truncated	OL14_03_rfbD;OL14_04_rfbC;OL14_05_wbbL;OL14_06_rhamnan;OL14_07_wzm;OL14_08_wzt	0		0 / 8 (0.00%)		0		OL14_02_rfbA,77.43%,88.62%,truncated		ST131
3.3.2	Klebsiella_pneumoniae_Species_Complex_O	3.2.0	GCA_972176395.1	ST131	OL14	unknown	Untypeable	-*!	0.00%	19.01%	-5567	2 / 8 (25.00%)	OL14_01_rfbB,77.51%,96.57%,below_id_threshold;OL14_02_rfbA,77.43%,88.62%,truncated	OL14_03_rfbD;OL14_04_rfbC;OL14_05_wbbL;OL14_06_rhamnan;OL14_07_wzm;OL14_08_wzt	0		0 / 8 (0.00%)		0		OL14_02_rfbA,77.43%,88.62%,truncated		ST131
3.3.2	Klebsiella_pneumoniae_Species_Complex_O	3.2.0	GCA_025630975.1	ST167	OL12	O12	Typeable	-	98.04%	35.13%	-6355	4 / 8 (50.00%)	OL12_01_rfbB,98.02%,99.44%;OL12_02_rfbA,96.89%,99.66%;OL12_03_rfbD,98.31%,99.66%;OL12_04_rfbC,98.34%,97.84%	OL12_05_wbbL;OL12_06_wzm;OL12_07_wzt;OL12_08_wbbB	0		0 / 8 (0.00%)		1	OL3α/β_08_wbdC,98.65%,99.73%			ST167
3.3.2	Klebsiella_pneumoniae_Species_Complex_O	3.2.0	GCA_030520165.1	ST167	OL5	O5	Untypeable	?-!	99.13%	30.77%		3 / 8 (37.50%)	OL5_01_manC,99.15%,99.79%;OL5_02_manB,99.11%,97.39%;OL5_08_wbdC,98.39%,83.60%,truncated	OL5_03_wzm;OL5_04_wzt;OL5_05_wbdD;OL5_06_wbdA;OL5_07_wbdB	0		0 / 8 (0.00%)		0		OL5_08_wbdC,98.39%,83.60%,truncated		ST167
3.3.2	Klebsiella_pneumoniae_Species_Complex_O	3.2.0	GCA_037047805.1	ST167	OL12	O12	Typeable	-	97.83%	35.13%	-6355	4 / 8 (50.00%)	OL12_01_rfbB,98.02%,99.44%;OL12_02_rfbA,97.23%,99.66%;OL12_03_rfbD,99.32%,99.66%;OL12_04_rfbC,97.24%,97.84%	OL12_05_wbbL;OL12_06_wzm;OL12_07_wzt;OL12_08_wbbB	0		0 / 8 (0.00%)		4	OL3α/β_05_wbdD,100.00%,8.32%,truncated;OL3α/β_06_wbdA,97.86%,99.88%;OL3α/β_07_wbdB,99.48%,99.74%;OL3α/β_08_wbdC,95.69%,99.73%	OL3α/β_05_wbdD,100.00%,8.32%,truncated		ST167
3.3.2	Klebsiella_pneumoniae_Species_Complex_O	3.2.0	GCA_037049325.1	ST167	OL5	O5	Untypeable	-!	95.75%	48.56%	-6216	3 / 8 (37.50%)	OL5_06_wbdA,93.71%,96.95%,partial;OL5_07_wbdB,96.62%,99.74%;OL5_08_wbdC,94.88%,99.73%	OL5_01_manC;OL5_02_manB;OL5_03_wzm;OL5_04_wzt;OL5_05_wbdD	0		0 / 8 (0.00%)		0		OL5_06_wbdA,93.71%,96.95%,partial		ST167
3.3.2	Klebsiella_pneumoniae_Species_Complex_O	3.2.0	GCA_037049365.1	ST167	OL5	O5	Typeable	-!	96.74%	67.81%	-3890	5 / 8 (62.50%)	OL5_04_wzt,97.76%,77.04%,partial;OL5_05_wbdD,92.47%,99.77%;OL5_06_wbdA,93.57%,99.92%;OL5_07_wbdB,96.62%,99.74%;OL5_08_wbdC,95.15%,99.73%	OL5_01_manC;OL5_02_manB;OL5_03_wzm	0		0 / 8 (0.00%)		4	OL12_01_rfbB,98.58%,99.44%;OL13_02_rfbA,98.96%,99.66%;OL13_03_rfbD,99.66%,99.66%;OL13_04_rfbC,98.90%,97.84%	OL5_04_wzt,97.76%,77.04%,partial		ST167
3.3.2	Klebsiella_pneumoniae_Species_Complex_O	3.2.0	GCA_037049385.1	ST167	OL5	O5	Untypeable	-	95.07%	48.56%	-6216	3 / 8 (37.50%)	OL5_06_wbdA,93.71%,96.95%;OL5_07_wbdB,96.62%,99.74%;OL5_08_wbdC,94.88%,99.73%	OL5_01_manC;OL5_02_manB;OL5_03_wzm;OL5_04_wzt;OL5_05_wbdD	0		0 / 8 (0.00%)		0				ST167
3.3.2	Klebsiella_pneumoniae_Species_Complex_O	3.2.0	GCA_040415435.1	ST167	OL12	O12	Typeable	-	97.78%	35.13%	-6355	4 / 8 (50.00%)	OL12_01_rfbB,98.02%,99.44%;OL12_02_rfbA,96.54%,99.66%;OL12_03_rfbD,99.32%,99.66%;OL12_04_rfbC,97.24%,97.84%	OL12_05_wbbL;OL12_06_wzm;OL12_07_wzt;OL12_08_wbbB	0		0 / 8 (0.00%)		1	OL3α/β_08_wbdC,98.43%,85.48%,truncated	OL3α/β_08_wbdC,98.43%,85.48%,truncated		ST167
3.3.2	Klebsiella_pneumoniae_Species_Complex_O	3.2.0	GCA_040415445.1	ST167	OL12	O12	Typeable	-	97.78%	35.13%	-6355	4 / 8 (50.00%)	OL12_01_rfbB,98.02%,99.44%;OL12_02_rfbA,96.54%,99.66%;OL12_03_rfbD,99.32%,99.66%;OL12_04_rfbC,97.24%,97.84%	OL12_05_wbbL;OL12_06_wzm;OL12_07_wzt;OL12_08_wbbB	0		0 / 8 (0.00%)		1	OL3α/β_08_wbdC,98.43%,85.48%,truncated	OL3α/β_08_wbdC,98.43%,85.48%,truncated		ST167
3.3.2	Klebsiella_pneumoniae_Species_Complex_O	3.2.0	GCA_040415455.1	ST167	OL12	O12	Typeable	-	98.05%	35.13%	-6355	4 / 8 (50.00%)	OL12_01_rfbB,98.30%,99.44%;OL12_02_rfbA,97.23%,99.66%;OL12_03_rfbD,98.31%,99.66%;OL12_04_rfbC,98.34%,97.84%	OL12_05_wbbL;OL12_06_wzm;OL12_07_wzt;OL12_08_wbbB	0		0 / 8 (0.00%)		1	OL3α/β_08_wbdC,95.00%,26.88%,truncated	OL3α/β_08_wbdC,95.00%,26.88%,truncated		ST167
3.3.2	Klebsiella_pneumoniae_Species_Complex_O	3.2.0	GCA_040415465.1	ST167	OL12	O12	Typeable	-	98.13%	35.13%	-6355	4 / 8 (50.00%)	OL12_01_rfbB,98.30%,99.44%;OL12_02_rfbA,97.23%,99.66%;OL12_03_rfbD,98.65%,99.66%;OL12_04_rfbC,98.34%,97.84%	OL12_05_wbbL;OL12_06_wzm;OL12_07_wzt;OL12_08_wbbB	0		0 / 8 (0.00%)		1	OL3α/β_08_wbdC,98.34%,81.18%,truncated	OL3α/β_08_wbdC,98.34%,81.18%,truncated		ST167
3.3.2	Klebsiella_pneumoniae_Species_Complex_O	3.2.0	GCA_040415475.1	ST167	OL12	O12	Typeable	-	98.13%	35.13%	-6355	4 / 8 (50.00%)	OL12_01_rfbB,98.30%,99.44%;OL12_02_rfbA,97.23%,99.66%;OL12_03_rfbD,98.65%,99.66%;OL12_04_rfbC,98.34%,97.84%	OL12_05_wbbL;OL12_06_wzm;OL12_07_wzt;OL12_08_wbbB	0		0 / 8 (0.00%)		1	OL3α/β_08_wbdC,98.34%,81.18%,truncated	OL3α/β_08_wbdC,98.34%,81.18%,truncated		ST167
3.3.2	Klebsiella_pneumoniae_Species_Complex_O	3.2.0	GCA_040415535.1	ST167	OL12	O12	Typeable	-	97.78%	35.13%	-6355	4 / 8 (50.00%)	OL12_01_rfbB,98.02%,99.44%;OL12_02_rfbA,96.54%,99.66%;OL12_03_rfbD,99.32%,99.66%;OL12_04_rfbC,97.24%,97.84%	OL12_05_wbbL;OL12_06_wzm;OL12_07_wzt;OL12_08_wbbB	0		0 / 8 (0.00%)		1	OL3α/β_08_wbdC,98.43%,85.48%,truncated	OL3α/β_08_wbdC,98.43%,85.48%,truncated		ST167
3.3.2	Klebsiella_pneumoniae_Species_Complex_O	3.2.0	GCA_040415565.1	ST167	OL12	O12	Typeable	-	98.13%	35.13%	-6355	4 / 8 (50.00%)	OL12_01_rfbB,98.30%,99.44%;OL12_02_rfbA,97.23%,99.66%;OL12_03_rfbD,98.65%,99.66%;OL12_04_rfbC,98.34%,97.84%	OL12_05_wbbL;OL12_06_wzm;OL12_07_wzt;OL12_08_wbbB	0		0 / 8 (0.00%)		1	OL3α/β_08_wbdC,98.34%,81.18%,truncated	OL3α/β_08_wbdC,98.34%,81.18%,truncated		ST167
3.3.2	Klebsiella_pneumoniae_Species_Complex_O	3.2.0	GCA_040415575.1	ST167	OL12	O12	Typeable	-	98.13%	35.13%	-6355	4 / 8 (50.00%)	OL12_01_rfbB,98.30%,99.44%;OL12_02_rfbA,97.23%,99.66%;OL12_03_rfbD,98.65%,99.66%;OL12_04_rfbC,98.34%,97.84%	OL12_05_wbbL;OL12_06_wzm;OL12_07_wzt;OL12_08_wbbB	0		0 / 8 (0.00%)		1	OL3α/β_08_wbdC,98.34%,81.18%,truncated	OL3α/β_08_wbdC,98.34%,81.18%,truncated		ST167
3.3.2	Klebsiella_pneumoniae_Species_Complex_O	3.2.0	GCA_040415585.1	ST167	OL12	O12	Typeable	-	97.78%	35.13%	-6355	4 / 8 (50.00%)	OL12_01_rfbB,98.02%,99.44%;OL12_02_rfbA,96.54%,99.66%;OL12_03_rfbD,99.32%,99.66%;OL12_04_rfbC,97.24%,97.84%	OL12_05_wbbL;OL12_06_wzm;OL12_07_wzt;OL12_08_wbbB	0		0 / 8 (0.00%)		1	OL3α/β_08_wbdC,98.43%,85.48%,truncated	OL3α/β_08_wbdC,98.43%,85.48%,truncated		ST167
3.3.2	Klebsiella_pneumoniae_Species_Complex_O	3.2.0	GCA_040415655.1	ST167	OL12	O12	Typeable	-	98.13%	35.13%	-6355	4 / 8 (50.00%)	OL12_01_rfbB,98.30%,99.44%;OL12_02_rfbA,97.23%,99.66%;OL12_03_rfbD,98.65%,99.66%;OL12_04_rfbC,98.34%,97.84%	OL12_05_wbbL;OL12_06_wzm;OL12_07_wzt;OL12_08_wbbB	0		0 / 8 (0.00%)		1	OL3α/β_08_wbdC,98.34%,81.18%,truncated	OL3α/β_08_wbdC,98.34%,81.18%,truncated		ST167
3.3.2	Klebsiella_pneumoniae_Species_Complex_O	3.2.0	GCA_040415665.1	ST167	OL12	O12	Typeable	-	97.78%	35.13%	-6355	4 / 8 (50.00%)	OL12_01_rfbB,98.02%,99.44%;OL12_02_rfbA,96.54%,99.66%;OL12_03_rfbD,99.32%,99.66%;OL12_04_rfbC,97.24%,97.84%	OL12_05_wbbL;OL12_06_wzm;OL12_07_wzt;OL12_08_wbbB	0		0 / 8 (0.00%)		1	OL3α/β_08_wbdC,98.43%,85.48%,truncated	OL3α/β_08_wbdC,98.43%,85.48%,truncated		ST167
3.3.2	Klebsiella_pneumoniae_Species_Complex_O	3.2.0	GCA_040415675.1	ST167	OL12	O12	Typeable	-	98.13%	35.13%	-6355	4 / 8 (50.00%)	OL12_01_rfbB,98.30%,99.44%;OL12_02_rfbA,97.23%,99.66%;OL12_03_rfbD,98.65%,99.66%;OL12_04_rfbC,98.34%,97.84%	OL12_05_wbbL;OL12_06_wzm;OL12_07_wzt;OL12_08_wbbB	0		0 / 8 (0.00%)		1	OL3α/β_08_wbdC,98.34%,81.18%,truncated	OL3α/β_08_wbdC,98.34%,81.18%,truncated		ST167
3.3.2	Klebsiella_pneumoniae_Species_Complex_O	3.2.0	GCA_040415685.1	ST167	OL12	O12	Typeable	-	98.05%	35.13%	-6355	4 / 8 (50.00%)	OL12_01_rfbB,98.30%,99.44%;OL12_02_rfbA,97.23%,99.66%;OL12_03_rfbD,98.31%,99.66%;OL12_04_rfbC,98.34%,97.84%	OL12_05_wbbL;OL12_06_wzm;OL12_07_wzt;OL12_08_wbbB	0		0 / 8 (0.00%)		1	OL3α/β_08_wbdC,95.00%,26.88%,truncated	OL3α/β_08_wbdC,95.00%,26.88%,truncated		ST167
3.3.2	Klebsiella_pneumoniae_Species_Complex_O	3.2.0	GCA_040415755.1	ST167	OL12	O12	Typeable	-	98.13%	35.13%	-6355	4 / 8 (50.00%)	OL12_01_rfbB,98.30%,99.44%;OL12_02_rfbA,97.23%,99.66%;OL12_03_rfbD,98.65%,99.66%;OL12_04_rfbC,98.34%,97.84%	OL12_05_wbbL;OL12_06_wzm;OL12_07_wzt;OL12_08_wbbB	0		0 / 8 (0.00%)		1	OL3α/β_08_wbdC,98.34%,81.18%,truncated	OL3α/β_08_wbdC,98.34%,81.18%,truncated		ST167
3.3.2	Klebsiella_pneumoniae_Species_Complex_O	3.2.0	GCA_040415795.1	ST167	OL12	O12	Typeable	-	97.78%	35.13%	-6355	4 / 8 (50.00%)	OL12_01_rfbB,98.02%,99.44%;OL12_02_rfbA,96.54%,99.66%;OL12_03_rfbD,99.32%,99.66%;OL12_04_rfbC,97.24%,97.84%	OL12_05_wbbL;OL12_06_wzm;OL12_07_wzt;OL12_08_wbbB	0		0 / 8 (0.00%)		1	OL3α/β_08_wbdC,98.43%,85.48%,truncated	OL3α/β_08_wbdC,98.43%,85.48%,truncated		ST167
3.3.2	Klebsiella_pneumoniae_Species_Complex_O	3.2.0	GCA_040415805.1	ST167	OL12	O12	Typeable	-	98.13%	35.13%	-6355	4 / 8 (50.00%)	OL12_01_rfbB,98.30%,99.44%;OL12_02_rfbA,97.23%,99.66%;OL12_03_rfbD,98.65%,99.66%;OL12_04_rfbC,98.34%,97.84%	OL12_05_wbbL;OL12_06_wzm;OL12_07_wzt;OL12_08_wbbB	0		0 / 8 (0.00%)		1	OL3α/β_08_wbdC,98.34%,81.18%,truncated	OL3α/β_08_wbdC,98.34%,81.18%,truncated		ST167
3.3.2	Klebsiella_pneumoniae_Species_Complex_O	3.2.0	GCA_040415815.1	ST167	OL12	O12	Typeable	-	98.13%	35.13%	-6355	4 / 8 (50.00%)	OL12_01_rfbB,98.30%,99.44%;OL12_02_rfbA,97.23%,99.66%;OL12_03_rfbD,98.65%,99.66%;OL12_04_rfbC,98.34%,97.84%	OL12_05_wbbL;OL12_06_wzm;OL12_07_wzt;OL12_08_wbbB	0		0 / 8 (0.00%)		1	OL3α/β_08_wbdC,98.34%,81.18%,truncated	OL3α/β_08_wbdC,98.34%,81.18%,truncated		ST167
3.3.2	Klebsiella_pneumoniae_Species_Complex_O	3.2.0	GCA_040415855.1	ST167	OL12	O12	Typeable	-	97.78%	35.13%	-6355	4 / 8 (50.00%)	OL12_01_rfbB,98.02%,99.44%;OL12_02_rfbA,96.54%,99.66%;OL12_03_rfbD,99.32%,99.66%;OL12_04_rfbC,97.24%,97.84%	OL12_05_wbbL;OL12_06_wzm;OL12_07_wzt;OL12_08_wbbB	0		0 / 8 (0.00%)		1	OL3α/β_08_wbdC,98.43%,85.48%,truncated	OL3α/β_08_wbdC,98.43%,85.48%,truncated		ST167
3.3.2	Klebsiella_pneumoniae_Species_Complex_O	3.2.0	GCA_040415875.1	ST167	OL12	O12	Typeable	-	98.13%	35.13%	-6355	4 / 8 (50.00%)	OL12_01_rfbB,98.30%,99.44%;OL12_02_rfbA,97.23%,99.66%;OL12_03_rfbD,98.65%,99.66%;OL12_04_rfbC,98.34%,97.84%	OL12_05_wbbL;OL12_06_wzm;OL12_07_wzt;OL12_08_wbbB	0		0 / 8 (0.00%)		1	OL3α/β_08_wbdC,98.34%,81.18%,truncated	OL3α/β_08_wbdC,98.34%,81.18%,truncated		ST167
3.3.2	Klebsiella_pneumoniae_Species_Complex_O	3.2.0	GCA_040415905.1	ST167	OL12	O12	Typeable	-	97.99%	35.13%	-6355	4 / 8 (50.00%)	OL12_01_rfbB,98.30%,99.44%;OL12_02_rfbA,97.23%,99.66%;OL12_03_rfbD,98.65%,99.66%;OL12_04_rfbC,97.79%,97.84%	OL12_05_wbbL;OL12_06_wzm;OL12_07_wzt;OL12_08_wbbB	0		0 / 8 (0.00%)		1	OL3α/β_08_wbdC,98.34%,81.18%,truncated	OL3α/β_08_wbdC,98.34%,81.18%,truncated		ST167
3.3.2	Klebsiella_pneumoniae_Species_Complex_O	3.2.0	GCA_040415915.1	ST167	OL12	O12	Typeable	-	98.13%	35.13%	-6355	4 / 8 (50.00%)	OL12_01_rfbB,98.30%,99.44%;OL12_02_rfbA,97.23%,99.66%;OL12_03_rfbD,98.65%,99.66%;OL12_04_rfbC,98.34%,97.84%	OL12_05_wbbL;OL12_06_wzm;OL12_07_wzt;OL12_08_wbbB	0		0 / 8 (0.00%)		1	OL3α/β_08_wbdC,98.34%,81.18%,truncated	OL3α/β_08_wbdC,98.34%,81.18%,truncated		ST167
3.3.2	Klebsiella_pneumoniae_Species_Complex_O	3.2.0	GCA_040415955.1	ST167	OL12	O12	Typeable	-	97.78%	35.13%	-6355	4 / 8 (50.00%)	OL12_01_rfbB,98.02%,99.44%;OL12_02_rfbA,96.54%,99.66%;OL12_03_rfbD,99.32%,99.66%;OL12_04_rfbC,97.24%,97.84%	OL12_05_wbbL;OL12_06_wzm;OL12_07_wzt;OL12_08_wbbB	0		0 / 8 (0.00%)		1	OL3α/β_08_wbdC,98.43%,85.48%,truncated	OL3α/β_08_wbdC,98.43%,85.48%,truncated		ST167
3.3.2	Klebsiella_pneumoniae_Species_Complex_O	3.2.0	GCA_040415975.1	ST167	OL12	O12	Typeable	-	98.05%	35.13%	-6355	4 / 8 (50.00%)	OL12_01_rfbB,98.30%,99.44%;OL12_02_rfbA,97.23%,99.66%;OL12_03_rfbD,98.31%,99.66%;OL12_04_rfbC,98.34%,97.84%	OL12_05_wbbL;OL12_06_wzm;OL12_07_wzt;OL12_08_wbbB	0		0 / 8 (0.00%)		1	OL3α/β_08_wbdC,95.00%,26.88%,truncated	OL3α/β_08_wbdC,95.00%,26.88%,truncated		ST167
3.3.2	Klebsiella_pneumoniae_Species_Complex_O	3.2.0	GCA_040415995.1	ST167	OL14	unknown	Typeable	-	93.88%	41.77%	-4003	4 / 8 (50.00%)	OL14_01_rfbB,94.74%,97.71%;OL14_02_rfbA,94.12%,99.66%;OL14_03_rfbD,94.26%,99.66%;OL14_04_rfbC,92.40%,92.43%	OL14_05_wbbL;OL14_06_rhamnan;OL14_07_wzm;OL14_08_wzt	0		0 / 8 (0.00%)		1	OL3α/β_08_wbdC,98.34%,81.18%,truncated	OL3α/β_08_wbdC,98.34%,81.18%,truncated		ST167
3.3.2	Klebsiella_pneumoniae_Species_Complex_O	3.2.0	GCA_040416005.1	ST167	OL12	O12	Typeable	-	98.13%	35.13%	-6355	4 / 8 (50.00%)	OL12_01_rfbB,98.30%,99.44%;OL12_02_rfbA,97.23%,99.66%;OL12_03_rfbD,98.65%,99.66%;OL12_04_rfbC,98.34%,97.84%	OL12_05_wbbL;OL12_06_wzm;OL12_07_wzt;OL12_08_wbbB	0		0 / 8 (0.00%)		1	OL3α/β_08_wbdC,98.34%,81.18%,truncated	OL3α/β_08_wbdC,98.34%,81.18%,truncated		ST167
3.3.2	Klebsiella_pneumoniae_Species_Complex_O	3.2.0	GCA_040416035.1	ST167	OL12	O12	Typeable	-	98.13%	35.13%	-6355	4 / 8 (50.00%)	OL12_01_rfbB,98.30%,99.44%;OL12_02_rfbA,97.23%,99.66%;OL12_03_rfbD,98.65%,99.66%;OL12_04_rfbC,98.34%,97.84%	OL12_05_wbbL;OL12_06_wzm;OL12_07_wzt;OL12_08_wbbB	0		0 / 8 (0.00%)		1	OL3α/β_08_wbdC,98.34%,81.18%,truncated	OL3α/β_08_wbdC,98.34%,81.18%,truncated		ST167
3.3.2	Klebsiella_pneumoniae_Species_Complex_O	3.2.0	GCA_040416045.1	ST167	OL12	O12	Typeable	-	98.05%	35.13%	-6355	4 / 8 (50.00%)	OL12_01_rfbB,98.30%,99.44%;OL12_02_rfbA,97.23%,99.66%;OL12_03_rfbD,98.31%,99.66%;OL12_04_rfbC,98.34%,97.84%	OL12_05_wbbL;OL12_06_wzm;OL12_07_wzt;OL12_08_wbbB	0		0 / 8 (0.00%)		1	OL3α/β_08_wbdC,95.00%,26.88%,truncated	OL3α/β_08_wbdC,95.00%,26.88%,truncated		ST167
3.3.2	Klebsiella_pneumoniae_Species_Complex_O	3.2.0	GCA_040416095.1	ST167	OL12	O12	Typeable	-	98.05%	35.13%	-6355	4 / 8 (50.00%)	OL12_01_rfbB,98.30%,99.44%;OL12_02_rfbA,97.23%,99.66%;OL12_03_rfbD,98.31%,99.66%;OL12_04_rfbC,98.34%,97.84%	OL12_05_wbbL;OL12_06_wzm;OL12_07_wzt;OL12_08_wbbB	0		0 / 8 (0.00%)		1	OL3α/β_08_wbdC,95.00%,26.88%,truncated	OL3α/β_08_wbdC,95.00%,26.88%,truncated		ST167
3.3.2	Klebsiella_pneumoniae_Species_Complex_O	3.2.0	GCA_040416105.1	ST167	OL12	O12	Typeable	-	97.78%	35.13%	-6355	4 / 8 (50.00%)	OL12_01_rfbB,98.02%,99.44%;OL12_02_rfbA,96.54%,99.66%;OL12_03_rfbD,99.32%,99.66%;OL12_04_rfbC,97.24%,97.84%	OL12_05_wbbL;OL12_06_wzm;OL12_07_wzt;OL12_08_wbbB	0		0 / 8 (0.00%)		1	OL3α/β_08_wbdC,98.43%,85.48%,truncated	OL3α/β_08_wbdC,98.43%,85.48%,truncated		ST167
3.3.2	Klebsiella_pneumoniae_Species_Complex_O	3.2.0	GCA_040416135.1	ST167	OL12	O12	Typeable	-	98.05%	35.13%	-6355	4 / 8 (50.00%)	OL12_01_rfbB,98.30%,99.44%;OL12_02_rfbA,97.23%,99.66%;OL12_03_rfbD,98.31%,99.66%;OL12_04_rfbC,98.34%,97.84%	OL12_05_wbbL;OL12_06_wzm;OL12_07_wzt;OL12_08_wbbB	0		0 / 8 (0.00%)		1	OL3α/β_08_wbdC,95.00%,26.88%,truncated	OL3α/β_08_wbdC,95.00%,26.88%,truncated		ST167
3.3.2	Klebsiella_pneumoniae_Species_Complex_O	3.2.0	GCA_040416195.1	ST167	OL12	O12	Typeable	-	97.78%	35.13%	-6355	4 / 8 (50.00%)	OL12_01_rfbB,98.02%,99.44%;OL12_02_rfbA,96.54%,99.66%;OL12_03_rfbD,99.32%,99.66%;OL12_04_rfbC,97.24%,97.84%	OL12_05_wbbL;OL12_06_wzm;OL12_07_wzt;OL12_08_wbbB	0		0 / 8 (0.00%)		1	OL3α/β_08_wbdC,98.43%,85.48%,truncated	OL3α/β_08_wbdC,98.43%,85.48%,truncated		ST167
3.3.2	Klebsiella_pneumoniae_Species_Complex_O	3.2.0	GCA_040416205.1	ST167	OL12	O12	Typeable	-	98.05%	35.13%	-6355	4 / 8 (50.00%)	OL12_01_rfbB,98.30%,99.44%;OL12_02_rfbA,97.23%,99.66%;OL12_03_rfbD,98.31%,99.66%;OL12_04_rfbC,98.34%,97.84%	OL12_05_wbbL;OL12_06_wzm;OL12_07_wzt;OL12_08_wbbB	0		0 / 8 (0.00%)		1	OL3α/β_08_wbdC,95.00%,26.88%,truncated	OL3α/β_08_wbdC,95.00%,26.88%,truncated		ST167
3.3.2	Klebsiella_pneumoniae_Species_Complex_O	3.2.0	GCA_040416215.1	ST167	OL12	O12	Typeable	-	97.78%	35.13%	-6355	4 / 8 (50.00%)	OL12_01_rfbB,98.02%,99.44%;OL12_02_rfbA,96.54%,99.66%;OL12_03_rfbD,99.32%,99.66%;OL12_04_rfbC,97.24%,97.84%	OL12_05_wbbL;OL12_06_wzm;OL12_07_wzt;OL12_08_wbbB	0		0 / 8 (0.00%)		1	OL3α/β_08_wbdC,98.43%,85.48%,truncated	OL3α/β_08_wbdC,98.43%,85.48%,truncated		ST167
3.3.2	Klebsiella_pneumoniae_Species_Complex_O	3.2.0	GCA_040416265.1	ST167	OL12	O12	Typeable	-	98.13%	35.13%	-6355	4 / 8 (50.00%)	OL12_01_rfbB,98.30%,99.44%;OL12_02_rfbA,97.23%,99.66%;OL12_03_rfbD,98.65%,99.66%;OL12_04_rfbC,98.34%,97.84%	OL12_05_wbbL;OL12_06_wzm;OL12_07_wzt;OL12_08_wbbB	0		0 / 8 (0.00%)		1	OL3α/β_08_wbdC,98.34%,81.18%,truncated	OL3α/β_08_wbdC,98.34%,81.18%,truncated		ST167
3.3.2	Klebsiella_pneumoniae_Species_Complex_O	3.2.0	GCA_040416295.1	ST167	OL12	O12	Typeable	-	97.78%	35.13%	-6355	4 / 8 (50.00%)	OL12_01_rfbB,98.02%,99.44%;OL12_02_rfbA,96.54%,99.66%;OL12_03_rfbD,99.32%,99.66%;OL12_04_rfbC,97.24%,97.84%	OL12_05_wbbL;OL12_06_wzm;OL12_07_wzt;OL12_08_wbbB	0		0 / 8 (0.00%)		1	OL3α/β_08_wbdC,98.43%,85.48%,truncated	OL3α/β_08_wbdC,98.43%,85.48%,truncated		ST167
3.3.2	Klebsiella_pneumoniae_Species_Complex_O	3.2.0	GCA_040416335.1	ST167	OL12	O12	Typeable	-	98.05%	35.13%	-6355	4 / 8 (50.00%)	OL12_01_rfbB,98.30%,99.44%;OL12_02_rfbA,97.23%,99.66%;OL12_03_rfbD,98.31%,99.66%;OL12_04_rfbC,98.34%,97.84%	OL12_05_wbbL;OL12_06_wzm;OL12_07_wzt;OL12_08_wbbB	0		0 / 8 (0.00%)		1	OL3α/β_08_wbdC,95.00%,26.88%,truncated	OL3α/β_08_wbdC,95.00%,26.88%,truncated		ST167
3.3.2	Klebsiella_pneumoniae_Species_Complex_O	3.2.0	GCA_040416355.1	ST167	OL12	O12	Typeable	-	98.05%	35.13%	-6355	4 / 8 (50.00%)	OL12_01_rfbB,98.30%,99.44%;OL12_02_rfbA,97.23%,99.66%;OL12_03_rfbD,98.31%,99.66%;OL12_04_rfbC,98.34%,97.84%	OL12_05_wbbL;OL12_06_wzm;OL12_07_wzt;OL12_08_wbbB	0		0 / 8 (0.00%)		1	OL3α/β_08_wbdC,95.00%,26.88%,truncated	OL3α/β_08_wbdC,95.00%,26.88%,truncated		ST167
3.3.2	Klebsiella_pneumoniae_Species_Complex_O	3.2.0	GCA_040416375.1	ST167	OL12	O12	Typeable	-	98.13%	35.13%	-6355	4 / 8 (50.00%)	OL12_01_rfbB,98.30%,99.44%;OL12_02_rfbA,97.23%,99.66%;OL12_03_rfbD,98.65%,99.66%;OL12_04_rfbC,98.34%,97.84%	OL12_05_wbbL;OL12_06_wzm;OL12_07_wzt;OL12_08_wbbB	0		0 / 8 (0.00%)		1	OL3α/β_08_wbdC,98.34%,81.18%,truncated	OL3α/β_08_wbdC,98.34%,81.18%,truncated		ST167
3.3.2	Klebsiella_pneumoniae_Species_Complex_O	3.2.0	GCA_040416395.1	ST167	OL12	O12	Typeable	-	97.78%	35.13%	-6355	4 / 8 (50.00%)	OL12_01_rfbB,98.02%,99.44%;OL12_02_rfbA,96.54%,99.66%;OL12_03_rfbD,99.32%,99.66%;OL12_04_rfbC,97.24%,97.84%	OL12_05_wbbL;OL12_06_wzm;OL12_07_wzt;OL12_08_wbbB	0		0 / 8 (0.00%)		1	OL3α/β_08_wbdC,98.43%,85.48%,truncated	OL3α/β_08_wbdC,98.43%,85.48%,truncated		ST167
3.3.2	Klebsiella_pneumoniae_Species_Complex_O	3.2.0	GCA_040416405.1	ST167	OL12	O12	Typeable	-	97.78%	35.13%	-6355	4 / 8 (50.00%)	OL12_01_rfbB,98.02%,99.44%;OL12_02_rfbA,96.54%,99.66%;OL12_03_rfbD,99.32%,99.66%;OL12_04_rfbC,97.24%,97.84%	OL12_05_wbbL;OL12_06_wzm;OL12_07_wzt;OL12_08_wbbB	0		0 / 8 (0.00%)		1	OL3α/β_08_wbdC,98.43%,85.48%,truncated	OL3α/β_08_wbdC,98.43%,85.48%,truncated		ST167
3.3.2	Klebsiella_pneumoniae_Species_Complex_O	3.2.0	GCA_040416415.1	ST167	OL12	O12	Typeable	-	98.13%	35.13%	-6355	4 / 8 (50.00%)	OL12_01_rfbB,98.30%,99.44%;OL12_02_rfbA,97.23%,99.66%;OL12_03_rfbD,98.65%,99.66%;OL12_04_rfbC,98.34%,97.84%	OL12_05_wbbL;OL12_06_wzm;OL12_07_wzt;OL12_08_wbbB	0		0 / 8 (0.00%)		1	OL3α/β_08_wbdC,98.34%,81.18%,truncated	OL3α/β_08_wbdC,98.34%,81.18%,truncated		ST167
3.3.2	Klebsiella_pneumoniae_Species_Complex_O	3.2.0	GCA_040416435.1	ST167	OL12	O12	Typeable	-	97.78%	35.13%	-6355	4 / 8 (50.00%)	OL12_01_rfbB,98.02%,99.44%;OL12_02_rfbA,96.54%,99.66%;OL12_03_rfbD,99.32%,99.66%;OL12_04_rfbC,97.24%,97.84%	OL12_05_wbbL;OL12_06_wzm;OL12_07_wzt;OL12_08_wbbB	0		0 / 8 (0.00%)		1	OL3α/β_08_wbdC,98.43%,85.48%,truncated	OL3α/β_08_wbdC,98.43%,85.48%,truncated		ST167
3.3.2	Klebsiella_pneumoniae_Species_Complex_O	3.2.0	GCA_040416475.1	ST167	OL12	O12	Typeable	-	97.78%	35.13%	-6355	4 / 8 (50.00%)	OL12_01_rfbB,98.02%,99.44%;OL12_02_rfbA,96.54%,99.66%;OL12_03_rfbD,99.32%,99.66%;OL12_04_rfbC,97.24%,97.84%	OL12_05_wbbL;OL12_06_wzm;OL12_07_wzt;OL12_08_wbbB	0		0 / 8 (0.00%)		1	OL3α/β_08_wbdC,98.43%,85.48%,truncated	OL3α/β_08_wbdC,98.43%,85.48%,truncated		ST167
3.3.2	Klebsiella_pneumoniae_Species_Complex_O	3.2.0	GCA_040416495.1	ST167	OL12	O12	Typeable	-	97.78%	35.13%	-6355	4 / 8 (50.00%)	OL12_01_rfbB,98.02%,99.44%;OL12_02_rfbA,96.54%,99.66%;OL12_03_rfbD,99.32%,99.66%;OL12_04_rfbC,97.24%,97.84%	OL12_05_wbbL;OL12_06_wzm;OL12_07_wzt;OL12_08_wbbB	0		0 / 8 (0.00%)		1	OL3α/β_08_wbdC,98.43%,85.48%,truncated	OL3α/β_08_wbdC,98.43%,85.48%,truncated		ST167
3.3.2	Klebsiella_pneumoniae_Species_Complex_O	3.2.0	GCA_040416505.1	ST167	OL12	O12	Typeable	-	98.13%	35.13%	-6355	4 / 8 (50.00%)	OL12_01_rfbB,98.30%,99.44%;OL12_02_rfbA,97.23%,99.66%;OL12_03_rfbD,98.65%,99.66%;OL12_04_rfbC,98.34%,97.84%	OL12_05_wbbL;OL12_06_wzm;OL12_07_wzt;OL12_08_wbbB	0		0 / 8 (0.00%)		1	OL3α/β_08_wbdC,98.34%,81.18%,truncated	OL3α/β_08_wbdC,98.34%,81.18%,truncated		ST167
3.3.2	Klebsiella_pneumoniae_Species_Complex_O	3.2.0	GCA_040416515.1	ST167	OL12	O12	Typeable	-	98.13%	35.13%	-6355	4 / 8 (50.00%)	OL12_01_rfbB,98.30%,99.44%;OL12_02_rfbA,97.23%,99.66%;OL12_03_rfbD,98.65%,99.66%;OL12_04_rfbC,98.34%,97.84%	OL12_05_wbbL;OL12_06_wzm;OL12_07_wzt;OL12_08_wbbB	0		0 / 8 (0.00%)		1	OL3α/β_08_wbdC,98.34%,81.18%,truncated	OL3α/β_08_wbdC,98.34%,81.18%,truncated		ST167
3.3.2	Klebsiella_pneumoniae_Species_Complex_O	3.2.0	GCA_040416525.1	ST167	OL12	O12	Typeable	-	97.78%	35.13%	-6355	4 / 8 (50.00%)	OL12_01_rfbB,98.02%,99.44%;OL12_02_rfbA,96.54%,99.66%;OL12_03_rfbD,99.32%,99.66%;OL12_04_rfbC,97.24%,97.84%	OL12_05_wbbL;OL12_06_wzm;OL12_07_wzt;OL12_08_wbbB	0		0 / 8 (0.00%)		1	OL3α/β_08_wbdC,98.43%,85.48%,truncated	OL3α/β_08_wbdC,98.43%,85.48%,truncated		ST167
3.3.2	Klebsiella_pneumoniae_Species_Complex_O	3.2.0	GCA_040416565.1	ST167	OL12	O12	Typeable	-	97.78%	35.13%	-6355	4 / 8 (50.00%)	OL12_01_rfbB,98.02%,99.44%;OL12_02_rfbA,96.54%,99.66%;OL12_03_rfbD,99.32%,99.66%;OL12_04_rfbC,97.24%,97.84%	OL12_05_wbbL;OL12_06_wzm;OL12_07_wzt;OL12_08_wbbB	0		0 / 8 (0.00%)		1	OL3α/β_08_wbdC,98.43%,85.48%,truncated	OL3α/β_08_wbdC,98.43%,85.48%,truncated		ST167
3.3.2	Klebsiella_pneumoniae_Species_Complex_O	3.2.0	GCA_040416595.1	ST167	OL12	O12	Typeable	-	97.78%	35.13%	-6355	4 / 8 (50.00%)	OL12_01_rfbB,98.02%,99.44%;OL12_02_rfbA,96.54%,99.66%;OL12_03_rfbD,99.32%,99.66%;OL12_04_rfbC,97.24%,97.84%	OL12_05_wbbL;OL12_06_wzm;OL12_07_wzt;OL12_08_wbbB	0		0 / 8 (0.00%)		1	OL3α/β_08_wbdC,98.43%,85.48%,truncated	OL3α/β_08_wbdC,98.43%,85.48%,truncated		ST167
3.3.2	Klebsiella_pneumoniae_Species_Complex_O	3.2.0	GCA_040416615.1	ST167	OL12	O12	Typeable	-	97.78%	35.13%	-6355	4 / 8 (50.00%)	OL12_01_rfbB,98.02%,99.44%;OL12_02_rfbA,96.54%,99.66%;OL12_03_rfbD,99.32%,99.66%;OL12_04_rfbC,97.24%,97.84%	OL12_05_wbbL;OL12_06_wzm;OL12_07_wzt;OL12_08_wbbB	0		0 / 8 (0.00%)		1	OL3α/β_08_wbdC,98.43%,85.48%,truncated	OL3α/β_08_wbdC,98.43%,85.48%,truncated		ST167
3.3.2	Klebsiella_pneumoniae_Species_Complex_O	3.2.0	GCA_040416625.1	ST167	OL12	O12	Typeable	-	97.78%	35.13%	-6355	4 / 8 (50.00%)	OL12_01_rfbB,98.02%,99.44%;OL12_02_rfbA,96.54%,99.66%;OL12_03_rfbD,99.32%,99.66%;OL12_04_rfbC,97.24%,97.84%	OL12_05_wbbL;OL12_06_wzm;OL12_07_wzt;OL12_08_wbbB	0		0 / 8 (0.00%)		1	OL3α/β_08_wbdC,98.43%,85.48%,truncated	OL3α/β_08_wbdC,98.43%,85.48%,truncated		ST167
3.3.2	Klebsiella_pneumoniae_Species_Complex_O	3.2.0	GCA_040416635.1	ST167	OL12	O12	Typeable	-	97.78%	35.13%	-6355	4 / 8 (50.00%)	OL12_01_rfbB,98.02%,99.44%;OL12_02_rfbA,96.54%,99.66%;OL12_03_rfbD,99.32%,99.66%;OL12_04_rfbC,97.24%,97.84%	OL12_05_wbbL;OL12_06_wzm;OL12_07_wzt;OL12_08_wbbB	0		0 / 8 (0.00%)		1	OL3α/β_08_wbdC,98.43%,85.48%,truncated	OL3α/β_08_wbdC,98.43%,85.48%,truncated		ST167
3.3.2	Klebsiella_pneumoniae_Species_Complex_O	3.2.0	GCA_040416695.1	ST167	OL12	O12	Typeable	-	98.13%	35.13%	-6355	4 / 8 (50.00%)	OL12_01_rfbB,98.30%,99.44%;OL12_02_rfbA,97.23%,99.66%;OL12_03_rfbD,98.65%,99.66%;OL12_04_rfbC,98.34%,97.84%	OL12_05_wbbL;OL12_06_wzm;OL12_07_wzt;OL12_08_wbbB	0		0 / 8 (0.00%)		1	OL3α/β_08_wbdC,98.34%,81.18%,truncated	OL3α/β_08_wbdC,98.34%,81.18%,truncated		ST167
3.3.2	Klebsiella_pneumoniae_Species_Complex_O	3.2.0	GCA_040416705.1	ST167	OL12	O12	Typeable	-	97.78%	35.13%	-6355	4 / 8 (50.00%)	OL12_01_rfbB,98.02%,99.44%;OL12_02_rfbA,96.54%,99.66%;OL12_03_rfbD,99.32%,99.66%;OL12_04_rfbC,97.24%,97.84%	OL12_05_wbbL;OL12_06_wzm;OL12_07_wzt;OL12_08_wbbB	0		0 / 8 (0.00%)		1	OL3α/β_08_wbdC,98.43%,85.48%,truncated	OL3α/β_08_wbdC,98.43%,85.48%,truncated		ST167
3.3.2	Klebsiella_pneumoniae_Species_Complex_O	3.2.0	GCA_040416775.1	ST167	OL12	O12	Typeable	-	98.13%	35.13%	-6355	4 / 8 (50.00%)	OL12_01_rfbB,98.30%,99.44%;OL12_02_rfbA,97.23%,99.66%;OL12_03_rfbD,98.65%,99.66%;OL12_04_rfbC,98.34%,97.84%	OL12_05_wbbL;OL12_06_wzm;OL12_07_wzt;OL12_08_wbbB	0		0 / 8 (0.00%)		1	OL3α/β_08_wbdC,98.34%,81.18%,truncated	OL3α/β_08_wbdC,98.34%,81.18%,truncated		ST167
3.3.2	Klebsiella_pneumoniae_Species_Complex_O	3.2.0	GCA_040416795.1	ST167	OL12	O12	Typeable	-	98.13%	35.13%	-6355	4 / 8 (50.00%)	OL12_01_rfbB,98.30%,99.44%;OL12_02_rfbA,97.23%,99.66%;OL12_03_rfbD,98.65%,99.66%;OL12_04_rfbC,98.34%,97.84%	OL12_05_wbbL;OL12_06_wzm;OL12_07_wzt;OL12_08_wbbB	0		0 / 8 (0.00%)		1	OL3α/β_08_wbdC,98.34%,81.18%,truncated	OL3α/β_08_wbdC,98.34%,81.18%,truncated		ST167
3.3.2	Klebsiella_pneumoniae_Species_Complex_O	3.2.0	GCA_040416815.1	ST167	OL12	O12	Typeable	-	97.78%	35.13%	-6355	4 / 8 (50.00%)	OL12_01_rfbB,98.02%,99.44%;OL12_02_rfbA,96.54%,99.66%;OL12_03_rfbD,99.32%,99.66%;OL12_04_rfbC,97.24%,97.84%	OL12_05_wbbL;OL12_06_wzm;OL12_07_wzt;OL12_08_wbbB	0		0 / 8 (0.00%)		1	OL3α/β_08_wbdC,98.43%,85.48%,truncated	OL3α/β_08_wbdC,98.43%,85.48%,truncated		ST167
3.3.2	Klebsiella_pneumoniae_Species_Complex_O	3.2.0	GCA_040416845.1	ST167	OL12	O12	Typeable	?-!	97.85%	33.85%		4 / 11 (36.36%)	OL12_01_rfbB,98.30%,99.44%;OL12_02_rfbA,96.54%,99.66%;OL12_03_rfbD,99.32%,99.66%;OL12_04_rfbC,99.31%,77.84%,partial	OL12_05_wbbL;OL12_06_wzm;OL12_07_wzt;OL12_08_wbbB	0		3 / 11 (27.27%)	OL12_02_rfbA,97.23%,99.66%;OL12_03_rfbD,98.60%,95.96%,partial;OL12_04_rfbC,97.92%,77.84%,partial;OL12_04_rfbC,97.47%,42.70%,partial	1	OL3α/β_08_wbdC,98.34%,81.18%,truncated	OL3α/β_08_wbdC,98.34%,81.18%,truncated;OL12_03_rfbD,98.60%,95.96%,partial;OL12_04_rfbC,99.31%,77.84%,partial;OL12_04_rfbC,97.92%,77.84%,partial;OL12_04_rfbC,97.47%,42.70%,partial		ST167
3.3.2	Klebsiella_pneumoniae_Species_Complex_O	3.2.0	GCA_040416865.1	ST167	OL12	O12	Typeable	-	97.78%	35.13%	-6355	4 / 8 (50.00%)	OL12_01_rfbB,98.02%,99.44%;OL12_02_rfbA,96.54%,99.66%;OL12_03_rfbD,99.32%,99.66%;OL12_04_rfbC,97.24%,97.84%	OL12_05_wbbL;OL12_06_wzm;OL12_07_wzt;OL12_08_wbbB	0		0 / 8 (0.00%)		1	OL3α/β_08_wbdC,98.43%,85.48%,truncated	OL3α/β_08_wbdC,98.43%,85.48%,truncated		ST167
3.3.2	Klebsiella_pneumoniae_Species_Complex_O	3.2.0	GCA_040416885.1	ST167	OL12	O12	Typeable	-	97.78%	35.13%	-6355	4 / 8 (50.00%)	OL12_01_rfbB,98.02%,99.44%;OL12_02_rfbA,96.54%,99.66%;OL12_03_rfbD,99.32%,99.66%;OL12_04_rfbC,97.24%,97.84%	OL12_05_wbbL;OL12_06_wzm;OL12_07_wzt;OL12_08_wbbB	0		0 / 8 (0.00%)		1	OL3α/β_08_wbdC,98.43%,85.48%,truncated	OL3α/β_08_wbdC,98.43%,85.48%,truncated		ST167
3.3.2	Klebsiella_pneumoniae_Species_Complex_O	3.2.0	GCA_040416915.1	ST167	OL12	O12	Typeable	-	98.13%	35.13%	-6355	4 / 8 (50.00%)	OL12_01_rfbB,98.30%,99.44%;OL12_02_rfbA,97.23%,99.66%;OL12_03_rfbD,98.65%,99.66%;OL12_04_rfbC,98.34%,97.84%	OL12_05_wbbL;OL12_06_wzm;OL12_07_wzt;OL12_08_wbbB	0		0 / 8 (0.00%)		1	OL3α/β_08_wbdC,98.34%,81.18%,truncated	OL3α/β_08_wbdC,98.34%,81.18%,truncated		ST167
3.3.2	Klebsiella_pneumoniae_Species_Complex_O	3.2.0	GCA_040416955.1	ST167	OL12	O12	Typeable	-	98.13%	35.13%	-6355	4 / 8 (50.00%)	OL12_01_rfbB,98.30%,99.44%;OL12_02_rfbA,97.23%,99.66%;OL12_03_rfbD,98.65%,99.66%;OL12_04_rfbC,98.34%,97.84%	OL12_05_wbbL;OL12_06_wzm;OL12_07_wzt;OL12_08_wbbB	0		0 / 8 (0.00%)		1	OL3α/β_08_wbdC,98.34%,81.18%,truncated	OL3α/β_08_wbdC,98.34%,81.18%,truncated		ST167
3.3.2	Klebsiella_pneumoniae_Species_Complex_O	3.2.0	GCA_040416975.1	ST167	OL12	O12	Typeable	-	97.78%	35.13%	-6355	4 / 8 (50.00%)	OL12_01_rfbB,98.02%,99.44%;OL12_02_rfbA,96.54%,99.66%;OL12_03_rfbD,99.32%,99.66%;OL12_04_rfbC,97.24%,97.84%	OL12_05_wbbL;OL12_06_wzm;OL12_07_wzt;OL12_08_wbbB	0		0 / 8 (0.00%)		1	OL3α/β_08_wbdC,98.43%,85.48%,truncated	OL3α/β_08_wbdC,98.43%,85.48%,truncated		ST167
3.3.2	Klebsiella_pneumoniae_Species_Complex_O	3.2.0	GCA_040416995.1	ST167	OL12	O12	Typeable	-	98.13%	35.13%	-6355	4 / 8 (50.00%)	OL12_01_rfbB,98.30%,99.44%;OL12_02_rfbA,97.23%,99.66%;OL12_03_rfbD,98.65%,99.66%;OL12_04_rfbC,98.34%,97.84%	OL12_05_wbbL;OL12_06_wzm;OL12_07_wzt;OL12_08_wbbB	0		0 / 8 (0.00%)		1	OL3α/β_08_wbdC,98.34%,81.18%,truncated	OL3α/β_08_wbdC,98.34%,81.18%,truncated		ST167
3.3.2	Klebsiella_pneumoniae_Species_Complex_O	3.2.0	GCA_040417015.1	ST167	OL12	O12	Typeable	-	98.13%	35.13%	-6355	4 / 8 (50.00%)	OL12_01_rfbB,98.30%,99.44%;OL12_02_rfbA,97.23%,99.66%;OL12_03_rfbD,98.65%,99.66%;OL12_04_rfbC,98.34%,97.84%	OL12_05_wbbL;OL12_06_wzm;OL12_07_wzt;OL12_08_wbbB	0		0 / 8 (0.00%)		1	OL3α/β_08_wbdC,98.34%,81.18%,truncated	OL3α/β_08_wbdC,98.34%,81.18%,truncated		ST167
3.3.2	Klebsiella_pneumoniae_Species_Complex_O	3.2.0	GCA_040417035.1	ST167	OL12	O12	Typeable	-	97.78%	35.13%	-6355	4 / 8 (50.00%)	OL12_01_rfbB,98.02%,99.44%;OL12_02_rfbA,96.54%,99.66%;OL12_03_rfbD,99.32%,99.66%;OL12_04_rfbC,97.24%,97.84%	OL12_05_wbbL;OL12_06_wzm;OL12_07_wzt;OL12_08_wbbB	0		0 / 8 (0.00%)		1	OL3α/β_08_wbdC,98.43%,85.48%,truncated	OL3α/β_08_wbdC,98.43%,85.48%,truncated		ST167
3.3.2	Klebsiella_pneumoniae_Species_Complex_O	3.2.0	GCA_040417055.1	ST167	OL12	O12	Typeable	-	97.78%	35.13%	-6355	4 / 8 (50.00%)	OL12_01_rfbB,98.02%,99.44%;OL12_02_rfbA,96.54%,99.66%;OL12_03_rfbD,99.32%,99.66%;OL12_04_rfbC,97.24%,97.84%	OL12_05_wbbL;OL12_06_wzm;OL12_07_wzt;OL12_08_wbbB	0		0 / 8 (0.00%)		1	OL3α/β_08_wbdC,98.43%,85.48%,truncated	OL3α/β_08_wbdC,98.43%,85.48%,truncated		ST167
3.3.2	Klebsiella_pneumoniae_Species_Complex_O	3.2.0	GCA_040417095.1	ST167	OL12	O12	Typeable	-	98.13%	35.13%	-6355	4 / 8 (50.00%)	OL12_01_rfbB,98.30%,99.44%;OL12_02_rfbA,97.23%,99.66%;OL12_03_rfbD,98.65%,99.66%;OL12_04_rfbC,98.34%,97.84%	OL12_05_wbbL;OL12_06_wzm;OL12_07_wzt;OL12_08_wbbB	0		0 / 8 (0.00%)		1	OL3α/β_08_wbdC,98.34%,81.18%,truncated	OL3α/β_08_wbdC,98.34%,81.18%,truncated		ST167
3.3.2	Klebsiella_pneumoniae_Species_Complex_O	3.2.0	GCA_040417135.1	ST167	OL12	O12	Typeable	-	97.78%	35.13%	-6355	4 / 8 (50.00%)	OL12_01_rfbB,98.02%,99.44%;OL12_02_rfbA,96.54%,99.66%;OL12_03_rfbD,99.32%,99.66%;OL12_04_rfbC,97.24%,97.84%	OL12_05_wbbL;OL12_06_wzm;OL12_07_wzt;OL12_08_wbbB	0		0 / 8 (0.00%)		1	OL3α/β_08_wbdC,98.43%,85.48%,truncated	OL3α/β_08_wbdC,98.43%,85.48%,truncated		ST167
3.3.2	Klebsiella_pneumoniae_Species_Complex_O	3.2.0	GCA_040417175.1	ST167	OL12	O12	Typeable	-	98.13%	35.13%	-6355	4 / 8 (50.00%)	OL12_01_rfbB,98.30%,99.44%;OL12_02_rfbA,97.23%,99.66%;OL12_03_rfbD,98.65%,99.66%;OL12_04_rfbC,98.34%,97.84%	OL12_05_wbbL;OL12_06_wzm;OL12_07_wzt;OL12_08_wbbB	0		0 / 8 (0.00%)		1	OL3α/β_08_wbdC,98.34%,81.18%,truncated	OL3α/β_08_wbdC,98.34%,81.18%,truncated		ST167
3.3.2	Klebsiella_pneumoniae_Species_Complex_O	3.2.0	GCA_040417195.1	ST167	OL12	O12	Typeable	-	98.13%	35.13%	-6355	4 / 8 (50.00%)	OL12_01_rfbB,98.30%,99.44%;OL12_02_rfbA,97.23%,99.66%;OL12_03_rfbD,98.65%,99.66%;OL12_04_rfbC,98.34%,97.84%	OL12_05_wbbL;OL12_06_wzm;OL12_07_wzt;OL12_08_wbbB	0		0 / 8 (0.00%)		1	OL3α/β_08_wbdC,98.34%,81.18%,truncated	OL3α/β_08_wbdC,98.34%,81.18%,truncated		ST167
3.3.2	Klebsiella_pneumoniae_Species_Complex_O	3.2.0	GCA_040417215.1	ST167	OL12	O12	Typeable	-	98.13%	35.13%	-6355	4 / 8 (50.00%)	OL12_01_rfbB,98.30%,99.44%;OL12_02_rfbA,97.23%,99.66%;OL12_03_rfbD,98.65%,99.66%;OL12_04_rfbC,98.34%,97.84%	OL12_05_wbbL;OL12_06_wzm;OL12_07_wzt;OL12_08_wbbB	0		0 / 8 (0.00%)		1	OL3α/β_08_wbdC,98.34%,81.18%,truncated	OL3α/β_08_wbdC,98.34%,81.18%,truncated		ST167
3.3.2	Klebsiella_pneumoniae_Species_Complex_O	3.2.0	GCA_040417235.1	ST167	OL12	O12	Typeable	-	98.13%	35.13%	-6355	4 / 8 (50.00%)	OL12_01_rfbB,98.30%,99.44%;OL12_02_rfbA,97.23%,99.66%;OL12_03_rfbD,98.65%,99.66%;OL12_04_rfbC,98.34%,97.84%	OL12_05_wbbL;OL12_06_wzm;OL12_07_wzt;OL12_08_wbbB	0		0 / 8 (0.00%)		1	OL3α/β_08_wbdC,98.34%,81.18%,truncated	OL3α/β_08_wbdC,98.34%,81.18%,truncated		ST167
3.3.2	Klebsiella_pneumoniae_Species_Complex_O	3.2.0	GCA_040417305.1	ST167	OL12	O12	Typeable	-	97.78%	35.13%	-6355	4 / 8 (50.00%)	OL12_01_rfbB,98.02%,99.44%;OL12_02_rfbA,96.54%,99.66%;OL12_03_rfbD,99.32%,99.66%;OL12_04_rfbC,97.24%,97.84%	OL12_05_wbbL;OL12_06_wzm;OL12_07_wzt;OL12_08_wbbB	0		0 / 8 (0.00%)		1	OL3α/β_08_wbdC,98.43%,85.48%,truncated	OL3α/β_08_wbdC,98.43%,85.48%,truncated		ST167
3.3.2	Klebsiella_pneumoniae_Species_Complex_O	3.2.0	GCA_040417335.1	ST167	OL12	O12	Typeable	-	98.13%	35.13%	-6355	4 / 8 (50.00%)	OL12_01_rfbB,98.30%,99.44%;OL12_02_rfbA,97.23%,99.66%;OL12_03_rfbD,98.65%,99.66%;OL12_04_rfbC,98.34%,97.84%	OL12_05_wbbL;OL12_06_wzm;OL12_07_wzt;OL12_08_wbbB	0		0 / 8 (0.00%)		1	OL3α/β_08_wbdC,98.34%,81.18%,truncated	OL3α/β_08_wbdC,98.34%,81.18%,truncated		ST167
3.3.2	Klebsiella_pneumoniae_Species_Complex_O	3.2.0	GCA_040417365.1	ST167	OL12	O12	Typeable	-	98.13%	35.13%	-6355	4 / 8 (50.00%)	OL12_01_rfbB,98.30%,99.44%;OL12_02_rfbA,97.23%,99.66%;OL12_03_rfbD,98.65%,99.66%;OL12_04_rfbC,98.34%,97.84%	OL12_05_wbbL;OL12_06_wzm;OL12_07_wzt;OL12_08_wbbB	0		0 / 8 (0.00%)		1	OL3α/β_08_wbdC,98.34%,81.18%,truncated	OL3α/β_08_wbdC,98.34%,81.18%,truncated		ST167
3.3.2	Klebsiella_pneumoniae_Species_Complex_O	3.2.0	GCA_040417385.1	ST167	OL12	O12	Typeable	-	98.05%	35.13%	-6355	4 / 8 (50.00%)	OL12_01_rfbB,98.30%,99.44%;OL12_02_rfbA,97.23%,99.66%;OL12_03_rfbD,98.31%,99.66%;OL12_04_rfbC,98.34%,97.84%	OL12_05_wbbL;OL12_06_wzm;OL12_07_wzt;OL12_08_wbbB	0		0 / 8 (0.00%)		1	OL3α/β_08_wbdC,95.00%,26.88%,truncated	OL3α/β_08_wbdC,95.00%,26.88%,truncated		ST167
3.3.2	Klebsiella_pneumoniae_Species_Complex_O	3.2.0	GCA_040417405.1	ST167	OL12	O12	Typeable	-	98.13%	35.13%	-6355	4 / 8 (50.00%)	OL12_01_rfbB,98.30%,99.44%;OL12_02_rfbA,97.23%,99.66%;OL12_03_rfbD,98.65%,99.66%;OL12_04_rfbC,98.34%,97.84%	OL12_05_wbbL;OL12_06_wzm;OL12_07_wzt;OL12_08_wbbB	0		0 / 8 (0.00%)		1	OL3α/β_08_wbdC,98.34%,81.18%,truncated	OL3α/β_08_wbdC,98.34%,81.18%,truncated		ST167
3.3.2	Klebsiella_pneumoniae_Species_Complex_O	3.2.0	GCA_040417445.1	ST167	OL12	O12	Typeable	-	97.78%	35.13%	-6355	4 / 8 (50.00%)	OL12_01_rfbB,98.02%,99.44%;OL12_02_rfbA,96.54%,99.66%;OL12_03_rfbD,99.32%,99.66%;OL12_04_rfbC,97.24%,97.84%	OL12_05_wbbL;OL12_06_wzm;OL12_07_wzt;OL12_08_wbbB	0		0 / 8 (0.00%)		1	OL3α/β_08_wbdC,98.43%,85.48%,truncated	OL3α/β_08_wbdC,98.43%,85.48%,truncated		ST167
3.3.2	Klebsiella_pneumoniae_Species_Complex_O	3.2.0	GCA_040417455.1	ST167	OL12	O12	Typeable	-	97.78%	35.13%	-6355	4 / 8 (50.00%)	OL12_01_rfbB,98.02%,99.44%;OL12_02_rfbA,96.54%,99.66%;OL12_03_rfbD,99.32%,99.66%;OL12_04_rfbC,97.24%,97.84%	OL12_05_wbbL;OL12_06_wzm;OL12_07_wzt;OL12_08_wbbB	0		0 / 8 (0.00%)		1	OL3α/β_08_wbdC,98.43%,85.48%,truncated	OL3α/β_08_wbdC,98.43%,85.48%,truncated		ST167
3.3.2	Klebsiella_pneumoniae_Species_Complex_O	3.2.0	GCA_040417485.1	ST167	OL12	O12	Typeable	-	98.13%	35.13%	-6355	4 / 8 (50.00%)	OL12_01_rfbB,98.30%,99.44%;OL12_02_rfbA,97.23%,99.66%;OL12_03_rfbD,98.65%,99.66%;OL12_04_rfbC,98.34%,97.84%	OL12_05_wbbL;OL12_06_wzm;OL12_07_wzt;OL12_08_wbbB	0		0 / 8 (0.00%)		1	OL3α/β_08_wbdC,98.34%,81.18%,truncated	OL3α/β_08_wbdC,98.34%,81.18%,truncated		ST167
3.3.2	Klebsiella_pneumoniae_Species_Complex_O	3.2.0	GCA_040417525.1	ST167	OL12	O12	Typeable	-	97.78%	35.13%	-6355	4 / 8 (50.00%)	OL12_01_rfbB,98.02%,99.44%;OL12_02_rfbA,96.54%,99.66%;OL12_03_rfbD,99.32%,99.66%;OL12_04_rfbC,97.24%,97.84%	OL12_05_wbbL;OL12_06_wzm;OL12_07_wzt;OL12_08_wbbB	0		0 / 8 (0.00%)		1	OL3α/β_08_wbdC,98.43%,85.48%,truncated	OL3α/β_08_wbdC,98.43%,85.48%,truncated		ST167
3.3.2	Klebsiella_pneumoniae_Species_Complex_O	3.2.0	GCA_040417585.1	ST167	OL12	O12	Typeable	-	97.78%	35.13%	-6355	4 / 8 (50.00%)	OL12_01_rfbB,98.02%,99.44%;OL12_02_rfbA,96.54%,99.66%;OL12_03_rfbD,99.32%,99.66%;OL12_04_rfbC,97.24%,97.84%	OL12_05_wbbL;OL12_06_wzm;OL12_07_wzt;OL12_08_wbbB	0		0 / 8 (0.00%)		1	OL3α/β_08_wbdC,98.43%,85.48%,truncated	OL3α/β_08_wbdC,98.43%,85.48%,truncated		ST167
3.3.2	Klebsiella_pneumoniae_Species_Complex_O	3.2.0	GCA_040417625.1	ST167	OL12	O12	Typeable	-	97.78%	35.13%	-6355	4 / 8 (50.00%)	OL12_01_rfbB,98.02%,99.44%;OL12_02_rfbA,96.54%,99.66%;OL12_03_rfbD,99.32%,99.66%;OL12_04_rfbC,97.24%,97.84%	OL12_05_wbbL;OL12_06_wzm;OL12_07_wzt;OL12_08_wbbB	0		0 / 8 (0.00%)		1	OL3α/β_08_wbdC,98.43%,85.48%,truncated	OL3α/β_08_wbdC,98.43%,85.48%,truncated		ST167
3.3.2	Klebsiella_pneumoniae_Species_Complex_O	3.2.0	GCA_040417645.1	ST167	OL12	O12	Typeable	-	98.13%	35.13%	-6355	4 / 8 (50.00%)	OL12_01_rfbB,98.30%,99.44%;OL12_02_rfbA,97.23%,99.66%;OL12_03_rfbD,98.65%,99.66%;OL12_04_rfbC,98.34%,97.84%	OL12_05_wbbL;OL12_06_wzm;OL12_07_wzt;OL12_08_wbbB	0		0 / 8 (0.00%)		1	OL3α/β_08_wbdC,98.34%,81.18%,truncated	OL3α/β_08_wbdC,98.34%,81.18%,truncated		ST167
3.3.2	Klebsiella_pneumoniae_Species_Complex_O	3.2.0	GCA_040417665.1	ST167	OL12	O12	Typeable	-	98.13%	35.13%	-6355	4 / 8 (50.00%)	OL12_01_rfbB,98.30%,99.44%;OL12_02_rfbA,97.23%,99.66%;OL12_03_rfbD,98.65%,99.66%;OL12_04_rfbC,98.34%,97.84%	OL12_05_wbbL;OL12_06_wzm;OL12_07_wzt;OL12_08_wbbB	0		0 / 8 (0.00%)		1	OL3α/β_08_wbdC,98.34%,81.18%,truncated	OL3α/β_08_wbdC,98.34%,81.18%,truncated		ST167
3.3.2	Klebsiella_pneumoniae_Species_Complex_O	3.2.0	GCA_040417685.1	ST167	OL12	O12	Typeable	-	97.78%	35.13%	-6355	4 / 8 (50.00%)	OL12_01_rfbB,98.02%,99.44%;OL12_02_rfbA,96.54%,99.66%;OL12_03_rfbD,99.32%,99.66%;OL12_04_rfbC,97.24%,97.84%	OL12_05_wbbL;OL12_06_wzm;OL12_07_wzt;OL12_08_wbbB	0		0 / 8 (0.00%)		1	OL3α/β_08_wbdC,98.43%,85.48%,truncated	OL3α/β_08_wbdC,98.43%,85.48%,truncated		ST167
3.3.2	Klebsiella_pneumoniae_Species_Complex_O	3.2.0	GCA_040417725.1	ST167	OL12	O12	Typeable	-	98.05%	35.13%	-6355	4 / 8 (50.00%)	OL12_01_rfbB,98.30%,99.44%;OL12_02_rfbA,97.23%,99.66%;OL12_03_rfbD,98.31%,99.66%;OL12_04_rfbC,98.34%,97.84%	OL12_05_wbbL;OL12_06_wzm;OL12_07_wzt;OL12_08_wbbB	0		0 / 8 (0.00%)		1	OL3α/β_08_wbdC,95.00%,26.88%,truncated	OL3α/β_08_wbdC,95.00%,26.88%,truncated		ST167
3.3.2	Klebsiella_pneumoniae_Species_Complex_O	3.2.0	GCA_040417745.1	ST167	OL12	O12	Typeable	-	98.13%	35.13%	-6355	4 / 8 (50.00%)	OL12_01_rfbB,98.30%,99.44%;OL12_02_rfbA,97.23%,99.66%;OL12_03_rfbD,98.65%,99.66%;OL12_04_rfbC,98.34%,97.84%	OL12_05_wbbL;OL12_06_wzm;OL12_07_wzt;OL12_08_wbbB	0		0 / 8 (0.00%)		1	OL3α/β_08_wbdC,98.34%,81.18%,truncated	OL3α/β_08_wbdC,98.34%,81.18%,truncated		ST167
3.3.2	Klebsiella_pneumoniae_Species_Complex_O	3.2.0	GCA_040417765.1	ST167	OL12	O12	Typeable	-	98.13%	35.13%	-6355	4 / 8 (50.00%)	OL12_01_rfbB,98.30%,99.44%;OL12_02_rfbA,97.23%,99.66%;OL12_03_rfbD,98.65%,99.66%;OL12_04_rfbC,98.34%,97.84%	OL12_05_wbbL;OL12_06_wzm;OL12_07_wzt;OL12_08_wbbB	0		0 / 8 (0.00%)		1	OL3α/β_08_wbdC,98.34%,81.18%,truncated	OL3α/β_08_wbdC,98.34%,81.18%,truncated		ST167
3.3.2	Klebsiella_pneumoniae_Species_Complex_O	3.2.0	GCA_040417785.1	ST167	OL12	O12	Typeable	-	97.78%	35.13%	-6355	4 / 8 (50.00%)	OL12_01_rfbB,98.02%,99.44%;OL12_02_rfbA,96.54%,99.66%;OL12_03_rfbD,99.32%,99.66%;OL12_04_rfbC,97.24%,97.84%	OL12_05_wbbL;OL12_06_wzm;OL12_07_wzt;OL12_08_wbbB	0		0 / 8 (0.00%)		1	OL3α/β_08_wbdC,98.43%,85.48%,truncated	OL3α/β_08_wbdC,98.43%,85.48%,truncated		ST167
3.3.2	Klebsiella_pneumoniae_Species_Complex_O	3.2.0	GCA_040417825.1	ST167	OL12	O12	Typeable	-	97.78%	35.13%	-6355	4 / 8 (50.00%)	OL12_01_rfbB,98.02%,99.44%;OL12_02_rfbA,96.54%,99.66%;OL12_03_rfbD,99.32%,99.66%;OL12_04_rfbC,97.24%,97.84%	OL12_05_wbbL;OL12_06_wzm;OL12_07_wzt;OL12_08_wbbB	0		0 / 8 (0.00%)		1	OL3α/β_08_wbdC,98.43%,85.48%,truncated	OL3α/β_08_wbdC,98.43%,85.48%,truncated		ST167
3.3.2	Klebsiella_pneumoniae_Species_Complex_O	3.2.0	GCA_040417845.1	ST167	OL12	O12	Typeable	-	97.78%	35.13%	-6355	4 / 8 (50.00%)	OL12_01_rfbB,98.02%,99.44%;OL12_02_rfbA,96.54%,99.66%;OL12_03_rfbD,99.32%,99.66%;OL12_04_rfbC,97.24%,97.84%	OL12_05_wbbL;OL12_06_wzm;OL12_07_wzt;OL12_08_wbbB	0		0 / 8 (0.00%)		1	OL3α/β_08_wbdC,98.43%,85.48%,truncated	OL3α/β_08_wbdC,98.43%,85.48%,truncated		ST167
3.3.2	Klebsiella_pneumoniae_Species_Complex_O	3.2.0	GCA_040417865.1	ST167	OL12	O12	Typeable	-	98.13%	35.13%	-6355	4 / 8 (50.00%)	OL12_01_rfbB,98.30%,99.44%;OL12_02_rfbA,97.23%,99.66%;OL12_03_rfbD,98.65%,99.66%;OL12_04_rfbC,98.34%,97.84%	OL12_05_wbbL;OL12_06_wzm;OL12_07_wzt;OL12_08_wbbB	0		0 / 8 (0.00%)		1	OL3α/β_08_wbdC,98.34%,81.18%,truncated	OL3α/β_08_wbdC,98.34%,81.18%,truncated		ST167
3.3.2	Klebsiella_pneumoniae_Species_Complex_O	3.2.0	GCA_040417875.1	ST167	OL12	O12	Typeable	-	97.78%	35.13%	-6355	4 / 8 (50.00%)	OL12_01_rfbB,98.02%,99.44%;OL12_02_rfbA,96.54%,99.66%;OL12_03_rfbD,99.32%,99.66%;OL12_04_rfbC,97.24%,97.84%	OL12_05_wbbL;OL12_06_wzm;OL12_07_wzt;OL12_08_wbbB	0		0 / 8 (0.00%)		1	OL3α/β_08_wbdC,98.43%,85.48%,truncated	OL3α/β_08_wbdC,98.43%,85.48%,truncated		ST167
3.3.2	Klebsiella_pneumoniae_Species_Complex_O	3.2.0	GCA_040417905.1	ST167	OL12	O12	Typeable	-	97.78%	35.13%	-6355	4 / 8 (50.00%)	OL12_01_rfbB,98.02%,99.44%;OL12_02_rfbA,96.54%,99.66%;OL12_03_rfbD,99.32%,99.66%;OL12_04_rfbC,97.24%,97.84%	OL12_05_wbbL;OL12_06_wzm;OL12_07_wzt;OL12_08_wbbB	0		0 / 8 (0.00%)		1	OL3α/β_08_wbdC,98.43%,85.48%,truncated	OL3α/β_08_wbdC,98.43%,85.48%,truncated		ST167
3.3.2	Klebsiella_pneumoniae_Species_Complex_O	3.2.0	GCA_040417925.1	ST167	OL12	O12	Typeable	-	97.78%	35.13%	-6355	4 / 8 (50.00%)	OL12_01_rfbB,98.02%,99.44%;OL12_02_rfbA,96.54%,99.66%;OL12_03_rfbD,99.32%,99.66%;OL12_04_rfbC,97.24%,97.84%	OL12_05_wbbL;OL12_06_wzm;OL12_07_wzt;OL12_08_wbbB	0		0 / 8 (0.00%)		1	OL3α/β_08_wbdC,98.43%,85.48%,truncated	OL3α/β_08_wbdC,98.43%,85.48%,truncated		ST167
3.3.2	Klebsiella_pneumoniae_Species_Complex_O	3.2.0	GCA_040417945.1	ST167	OL12	O12	Typeable	-	97.78%	35.13%	-6355	4 / 8 (50.00%)	OL12_01_rfbB,98.02%,99.44%;OL12_02_rfbA,96.54%,99.66%;OL12_03_rfbD,99.32%,99.66%;OL12_04_rfbC,97.24%,97.84%	OL12_05_wbbL;OL12_06_wzm;OL12_07_wzt;OL12_08_wbbB	0		0 / 8 (0.00%)		1	OL3α/β_08_wbdC,98.43%,85.48%,truncated	OL3α/β_08_wbdC,98.43%,85.48%,truncated		ST167
3.3.2	Klebsiella_pneumoniae_Species_Complex_O	3.2.0	GCA_040417965.1	ST167	OL12	O12	Typeable	-	97.78%	35.13%	-6355	4 / 8 (50.00%)	OL12_01_rfbB,98.02%,99.44%;OL12_02_rfbA,96.54%,99.66%;OL12_03_rfbD,99.32%,99.66%;OL12_04_rfbC,97.24%,97.84%	OL12_05_wbbL;OL12_06_wzm;OL12_07_wzt;OL12_08_wbbB	0		0 / 8 (0.00%)		1	OL3α/β_08_wbdC,98.43%,85.48%,truncated	OL3α/β_08_wbdC,98.43%,85.48%,truncated		ST167
3.3.2	Klebsiella_pneumoniae_Species_Complex_O	3.2.0	GCA_040417985.1	ST167	OL12	O12	Typeable	-	97.78%	35.13%	-6355	4 / 8 (50.00%)	OL12_01_rfbB,98.02%,99.44%;OL12_02_rfbA,96.54%,99.66%;OL12_03_rfbD,99.32%,99.66%;OL12_04_rfbC,97.24%,97.84%	OL12_05_wbbL;OL12_06_wzm;OL12_07_wzt;OL12_08_wbbB	0		0 / 8 (0.00%)		1	OL3α/β_08_wbdC,98.43%,85.48%,truncated	OL3α/β_08_wbdC,98.43%,85.48%,truncated		ST167
3.3.2	Klebsiella_pneumoniae_Species_Complex_O	3.2.0	GCA_040418025.1	ST167	OL12	O12	Typeable	-	98.13%	35.13%	-6355	4 / 8 (50.00%)	OL12_01_rfbB,98.30%,99.44%;OL12_02_rfbA,97.23%,99.66%;OL12_03_rfbD,98.65%,99.66%;OL12_04_rfbC,98.34%,97.84%	OL12_05_wbbL;OL12_06_wzm;OL12_07_wzt;OL12_08_wbbB	0		0 / 8 (0.00%)		1	OL3α/β_08_wbdC,98.34%,81.18%,truncated	OL3α/β_08_wbdC,98.34%,81.18%,truncated		ST167
3.3.2	Klebsiella_pneumoniae_Species_Complex_O	3.2.0	GCA_040418105.1	ST167	OL12	O12	Typeable	-	98.05%	35.13%	-6355	4 / 8 (50.00%)	OL12_01_rfbB,98.30%,99.44%;OL12_02_rfbA,97.23%,99.66%;OL12_03_rfbD,98.31%,99.66%;OL12_04_rfbC,98.34%,97.84%	OL12_05_wbbL;OL12_06_wzm;OL12_07_wzt;OL12_08_wbbB	0		0 / 8 (0.00%)		1	OL3α/β_08_wbdC,95.00%,26.88%,truncated	OL3α/β_08_wbdC,95.00%,26.88%,truncated		ST167
3.3.2	Klebsiella_pneumoniae_Species_Complex_O	3.2.0	GCA_040418125.1	ST167	OL12	O12	Typeable	-	97.78%	35.13%	-6355	4 / 8 (50.00%)	OL12_01_rfbB,98.02%,99.44%;OL12_02_rfbA,96.54%,99.66%;OL12_03_rfbD,99.32%,99.66%;OL12_04_rfbC,97.24%,97.84%	OL12_05_wbbL;OL12_06_wzm;OL12_07_wzt;OL12_08_wbbB	0		0 / 8 (0.00%)		1	OL3α/β_08_wbdC,98.43%,85.48%,truncated	OL3α/β_08_wbdC,98.43%,85.48%,truncated		ST167
3.3.2	Klebsiella_pneumoniae_Species_Complex_O	3.2.0	GCA_040418145.1	ST167	OL12	O12	Typeable	-	97.78%	35.13%	-6355	4 / 8 (50.00%)	OL12_01_rfbB,98.02%,99.44%;OL12_02_rfbA,96.54%,99.66%;OL12_03_rfbD,99.32%,99.66%;OL12_04_rfbC,97.24%,97.84%	OL12_05_wbbL;OL12_06_wzm;OL12_07_wzt;OL12_08_wbbB	0		0 / 8 (0.00%)		1	OL3α/β_08_wbdC,98.43%,85.48%,truncated	OL3α/β_08_wbdC,98.43%,85.48%,truncated		ST167
3.3.2	Klebsiella_pneumoniae_Species_Complex_O	3.2.0	GCA_040418205.1	ST167	OL12	O12	Typeable	-	98.13%	35.13%	-6355	4 / 8 (50.00%)	OL12_01_rfbB,98.30%,99.44%;OL12_02_rfbA,97.23%,99.66%;OL12_03_rfbD,98.65%,99.66%;OL12_04_rfbC,98.34%,97.84%	OL12_05_wbbL;OL12_06_wzm;OL12_07_wzt;OL12_08_wbbB	0		0 / 8 (0.00%)		1	OL3α/β_08_wbdC,98.34%,81.18%,truncated	OL3α/β_08_wbdC,98.34%,81.18%,truncated		ST167
3.3.2	Klebsiella_pneumoniae_Species_Complex_O	3.2.0	GCA_040418225.1	ST167	OL12	O12	Typeable	-	98.13%	35.13%	-6355	4 / 8 (50.00%)	OL12_01_rfbB,98.30%,99.44%;OL12_02_rfbA,97.23%,99.66%;OL12_03_rfbD,98.65%,99.66%;OL12_04_rfbC,98.34%,97.84%	OL12_05_wbbL;OL12_06_wzm;OL12_07_wzt;OL12_08_wbbB	0		0 / 8 (0.00%)		1	OL3α/β_08_wbdC,98.34%,81.18%,truncated	OL3α/β_08_wbdC,98.34%,81.18%,truncated		ST167
3.3.2	Klebsiella_pneumoniae_Species_Complex_O	3.2.0	GCA_040418245.1	ST167	OL12	O12	Typeable	-	98.13%	35.13%	-6355	4 / 8 (50.00%)	OL12_01_rfbB,98.30%,99.44%;OL12_02_rfbA,97.23%,99.66%;OL12_03_rfbD,98.65%,99.66%;OL12_04_rfbC,98.34%,97.84%	OL12_05_wbbL;OL12_06_wzm;OL12_07_wzt;OL12_08_wbbB	0		0 / 8 (0.00%)		1	OL3α/β_08_wbdC,98.34%,81.18%,truncated	OL3α/β_08_wbdC,98.34%,81.18%,truncated		ST167
3.3.2	Klebsiella_pneumoniae_Species_Complex_O	3.2.0	GCA_040418265.1	ST167	OL12	O12	Typeable	-	97.78%	35.13%	-6355	4 / 8 (50.00%)	OL12_01_rfbB,98.02%,99.44%;OL12_02_rfbA,96.54%,99.66%;OL12_03_rfbD,99.32%,99.66%;OL12_04_rfbC,97.24%,97.84%	OL12_05_wbbL;OL12_06_wzm;OL12_07_wzt;OL12_08_wbbB	0		0 / 8 (0.00%)		1	OL3α/β_08_wbdC,98.43%,85.48%,truncated	OL3α/β_08_wbdC,98.43%,85.48%,truncated		ST167
3.3.2	Klebsiella_pneumoniae_Species_Complex_O	3.2.0	GCA_040418305.1	ST167	OL12	O12	Typeable	-	97.78%	35.13%	-6355	4 / 8 (50.00%)	OL12_01_rfbB,98.02%,99.44%;OL12_02_rfbA,96.54%,99.66%;OL12_03_rfbD,99.32%,99.66%;OL12_04_rfbC,97.24%,97.84%	OL12_05_wbbL;OL12_06_wzm;OL12_07_wzt;OL12_08_wbbB	0		0 / 8 (0.00%)		1	OL3α/β_08_wbdC,98.43%,85.48%,truncated	OL3α/β_08_wbdC,98.43%,85.48%,truncated		ST167
3.3.2	Klebsiella_pneumoniae_Species_Complex_O	3.2.0	GCA_040418325.1	ST167	OL12	O12	Typeable	-	97.78%	35.13%	-6355	4 / 8 (50.00%)	OL12_01_rfbB,98.02%,99.44%;OL12_02_rfbA,96.54%,99.66%;OL12_03_rfbD,99.32%,99.66%;OL12_04_rfbC,97.24%,97.84%	OL12_05_wbbL;OL12_06_wzm;OL12_07_wzt;OL12_08_wbbB	0		0 / 8 (0.00%)		1	OL3α/β_08_wbdC,98.43%,85.48%,truncated	OL3α/β_08_wbdC,98.43%,85.48%,truncated		ST167
3.3.2	Klebsiella_pneumoniae_Species_Complex_O	3.2.0	GCA_040418385.1	ST167	OL12	O12	Typeable	-	98.13%	35.13%	-6355	4 / 8 (50.00%)	OL12_01_rfbB,98.30%,99.44%;OL12_02_rfbA,97.23%,99.66%;OL12_03_rfbD,98.65%,99.66%;OL12_04_rfbC,98.34%,97.84%	OL12_05_wbbL;OL12_06_wzm;OL12_07_wzt;OL12_08_wbbB	0		0 / 8 (0.00%)		1	OL3α/β_08_wbdC,98.34%,81.18%,truncated	OL3α/β_08_wbdC,98.34%,81.18%,truncated		ST167
3.3.2	Klebsiella_pneumoniae_Species_Complex_O	3.2.0	GCA_040418405.1	ST167	OL12	O12	Typeable	-	97.78%	35.13%	-6355	4 / 8 (50.00%)	OL12_01_rfbB,98.02%,99.44%;OL12_02_rfbA,96.54%,99.66%;OL12_03_rfbD,99.32%,99.66%;OL12_04_rfbC,97.24%,97.84%	OL12_05_wbbL;OL12_06_wzm;OL12_07_wzt;OL12_08_wbbB	0		0 / 8 (0.00%)		1	OL3α/β_08_wbdC,98.43%,85.48%,truncated	OL3α/β_08_wbdC,98.43%,85.48%,truncated		ST167
3.3.2	Klebsiella_pneumoniae_Species_Complex_O	3.2.0	GCA_040418485.1	ST167	OL12	O12	Typeable	-	98.13%	35.13%	-6355	4 / 8 (50.00%)	OL12_01_rfbB,98.30%,99.44%;OL12_02_rfbA,97.23%,99.66%;OL12_03_rfbD,98.65%,99.66%;OL12_04_rfbC,98.34%,97.84%	OL12_05_wbbL;OL12_06_wzm;OL12_07_wzt;OL12_08_wbbB	0		0 / 8 (0.00%)		1	OL3α/β_08_wbdC,98.34%,81.18%,truncated	OL3α/β_08_wbdC,98.34%,81.18%,truncated		ST167
3.3.2	Klebsiella_pneumoniae_Species_Complex_O	3.2.0	GCA_040418505.1	ST167	OL12	O12	Typeable	-	97.78%	35.13%	-6355	4 / 8 (50.00%)	OL12_01_rfbB,98.02%,99.44%;OL12_02_rfbA,96.54%,99.66%;OL12_03_rfbD,99.32%,99.66%;OL12_04_rfbC,97.24%,97.84%	OL12_05_wbbL;OL12_06_wzm;OL12_07_wzt;OL12_08_wbbB	0		0 / 8 (0.00%)		1	OL3α/β_08_wbdC,98.43%,85.48%,truncated	OL3α/β_08_wbdC,98.43%,85.48%,truncated		ST167
3.3.2	Klebsiella_pneumoniae_Species_Complex_O	3.2.0	GCA_040418525.1	ST167	OL12	O12	Typeable	-	98.13%	35.13%	-6355	4 / 8 (50.00%)	OL12_01_rfbB,98.30%,99.44%;OL12_02_rfbA,97.23%,99.66%;OL12_03_rfbD,98.65%,99.66%;OL12_04_rfbC,98.34%,97.84%	OL12_05_wbbL;OL12_06_wzm;OL12_07_wzt;OL12_08_wbbB	0		0 / 8 (0.00%)		1	OL3α/β_08_wbdC,98.34%,81.18%,truncated	OL3α/β_08_wbdC,98.34%,81.18%,truncated		ST167
3.3.2	Klebsiella_pneumoniae_Species_Complex_O	3.2.0	GCA_040418545.1	ST167	OL12	O12	Typeable	-	97.78%	35.13%	-6355	4 / 8 (50.00%)	OL12_01_rfbB,98.02%,99.44%;OL12_02_rfbA,96.54%,99.66%;OL12_03_rfbD,99.32%,99.66%;OL12_04_rfbC,97.24%,97.84%	OL12_05_wbbL;OL12_06_wzm;OL12_07_wzt;OL12_08_wbbB	0		0 / 8 (0.00%)		1	OL3α/β_08_wbdC,98.43%,85.48%,truncated	OL3α/β_08_wbdC,98.43%,85.48%,truncated		ST167
3.3.2	Klebsiella_pneumoniae_Species_Complex_O	3.2.0	GCA_040418565.1	ST167	OL12	O12	Typeable	-	97.78%	35.13%	-6355	4 / 8 (50.00%)	OL12_01_rfbB,98.02%,99.44%;OL12_02_rfbA,96.54%,99.66%;OL12_03_rfbD,99.32%,99.66%;OL12_04_rfbC,97.24%,97.84%	OL12_05_wbbL;OL12_06_wzm;OL12_07_wzt;OL12_08_wbbB	0		0 / 8 (0.00%)		1	OL3α/β_08_wbdC,98.43%,85.48%,truncated	OL3α/β_08_wbdC,98.43%,85.48%,truncated		ST167
3.3.2	Klebsiella_pneumoniae_Species_Complex_O	3.2.0	GCA_040418585.1	ST167	OL12	O12	Typeable	-	98.13%	35.13%	-6355	4 / 8 (50.00%)	OL12_01_rfbB,98.30%,99.44%;OL12_02_rfbA,97.23%,99.66%;OL12_03_rfbD,98.65%,99.66%;OL12_04_rfbC,98.34%,97.84%	OL12_05_wbbL;OL12_06_wzm;OL12_07_wzt;OL12_08_wbbB	0		0 / 8 (0.00%)		1	OL3α/β_08_wbdC,98.34%,81.18%,truncated	OL3α/β_08_wbdC,98.34%,81.18%,truncated		ST167
3.3.2	Klebsiella_pneumoniae_Species_Complex_O	3.2.0	GCA_040418605.1	ST167	OL12	O12	Typeable	-	97.78%	35.13%	-6355	4 / 8 (50.00%)	OL12_01_rfbB,98.02%,99.44%;OL12_02_rfbA,96.54%,99.66%;OL12_03_rfbD,99.32%,99.66%;OL12_04_rfbC,97.24%,97.84%	OL12_05_wbbL;OL12_06_wzm;OL12_07_wzt;OL12_08_wbbB	0		0 / 8 (0.00%)		1	OL3α/β_08_wbdC,98.43%,85.48%,truncated	OL3α/β_08_wbdC,98.43%,85.48%,truncated		ST167
3.3.2	Klebsiella_pneumoniae_Species_Complex_O	3.2.0	GCA_040418625.1	ST167	OL12	O12	Typeable	-	97.78%	35.13%	-6355	4 / 8 (50.00%)	OL12_01_rfbB,98.02%,99.44%;OL12_02_rfbA,96.54%,99.66%;OL12_03_rfbD,99.32%,99.66%;OL12_04_rfbC,97.24%,97.84%	OL12_05_wbbL;OL12_06_wzm;OL12_07_wzt;OL12_08_wbbB	0		0 / 8 (0.00%)		1	OL3α/β_08_wbdC,98.43%,85.48%,truncated	OL3α/β_08_wbdC,98.43%,85.48%,truncated		ST167
3.3.2	Klebsiella_pneumoniae_Species_Complex_O	3.2.0	GCA_040418645.1	ST167	OL12	O12	Typeable	-	97.78%	35.13%	-6355	4 / 8 (50.00%)	OL12_01_rfbB,98.02%,99.44%;OL12_02_rfbA,96.54%,99.66%;OL12_03_rfbD,99.32%,99.66%;OL12_04_rfbC,97.24%,97.84%	OL12_05_wbbL;OL12_06_wzm;OL12_07_wzt;OL12_08_wbbB	0		0 / 8 (0.00%)		1	OL3α/β_08_wbdC,98.43%,85.48%,truncated	OL3α/β_08_wbdC,98.43%,85.48%,truncated		ST167
3.3.2	Klebsiella_pneumoniae_Species_Complex_O	3.2.0	GCA_040418685.1	ST167	OL12	O12	Typeable	-	97.78%	35.13%	-6355	4 / 8 (50.00%)	OL12_01_rfbB,98.02%,99.44%;OL12_02_rfbA,96.54%,99.66%;OL12_03_rfbD,99.32%,99.66%;OL12_04_rfbC,97.24%,97.84%	OL12_05_wbbL;OL12_06_wzm;OL12_07_wzt;OL12_08_wbbB	0		0 / 8 (0.00%)		1	OL3α/β_08_wbdC,98.43%,85.48%,truncated	OL3α/β_08_wbdC,98.43%,85.48%,truncated		ST167
3.3.2	Klebsiella_pneumoniae_Species_Complex_O	3.2.0	GCA_040418705.1	ST167	OL12	O12	Typeable	-	98.13%	35.13%	-6355	4 / 8 (50.00%)	OL12_01_rfbB,98.30%,99.44%;OL12_02_rfbA,97.23%,99.66%;OL12_03_rfbD,98.65%,99.66%;OL12_04_rfbC,98.34%,97.84%	OL12_05_wbbL;OL12_06_wzm;OL12_07_wzt;OL12_08_wbbB	0		0 / 8 (0.00%)		1	OL3α/β_08_wbdC,98.34%,81.18%,truncated	OL3α/β_08_wbdC,98.34%,81.18%,truncated		ST167
3.3.2	Klebsiella_pneumoniae_Species_Complex_O	3.2.0	GCA_040418725.1	ST167	OL12	O12	Typeable	-	97.78%	35.13%	-6355	4 / 8 (50.00%)	OL12_01_rfbB,98.02%,99.44%;OL12_02_rfbA,96.54%,99.66%;OL12_03_rfbD,99.32%,99.66%;OL12_04_rfbC,97.24%,97.84%	OL12_05_wbbL;OL12_06_wzm;OL12_07_wzt;OL12_08_wbbB	0		0 / 8 (0.00%)		1	OL3α/β_08_wbdC,98.43%,85.48%,truncated	OL3α/β_08_wbdC,98.43%,85.48%,truncated		ST167
3.3.2	Klebsiella_pneumoniae_Species_Complex_O	3.2.0	GCA_040418745.1	ST167	OL12	O12	Typeable	-	97.78%	35.13%	-6355	4 / 8 (50.00%)	OL12_01_rfbB,98.02%,99.44%;OL12_02_rfbA,96.54%,99.66%;OL12_03_rfbD,99.32%,99.66%;OL12_04_rfbC,97.24%,97.84%	OL12_05_wbbL;OL12_06_wzm;OL12_07_wzt;OL12_08_wbbB	0		0 / 8 (0.00%)		1	OL3α/β_08_wbdC,98.43%,85.48%,truncated	OL3α/β_08_wbdC,98.43%,85.48%,truncated		ST167
3.3.2	Klebsiella_pneumoniae_Species_Complex_O	3.2.0	GCA_040418755.1	ST167	OL12	O12	Typeable	-	97.78%	35.13%	-6355	4 / 8 (50.00%)	OL12_01_rfbB,98.02%,99.44%;OL12_02_rfbA,96.54%,99.66%;OL12_03_rfbD,99.32%,99.66%;OL12_04_rfbC,97.24%,97.84%	OL12_05_wbbL;OL12_06_wzm;OL12_07_wzt;OL12_08_wbbB	0		0 / 8 (0.00%)		1	OL3α/β_08_wbdC,98.43%,85.48%,truncated	OL3α/β_08_wbdC,98.43%,85.48%,truncated		ST167
3.3.2	Klebsiella_pneumoniae_Species_Complex_O	3.2.0	GCA_040418805.1	ST167	OL12	O12	Typeable	-	97.78%	35.13%	-6355	4 / 8 (50.00%)	OL12_01_rfbB,98.02%,99.44%;OL12_02_rfbA,96.54%,99.66%;OL12_03_rfbD,99.32%,99.66%;OL12_04_rfbC,97.24%,97.84%	OL12_05_wbbL;OL12_06_wzm;OL12_07_wzt;OL12_08_wbbB	0		0 / 8 (0.00%)		1	OL3α/β_08_wbdC,98.43%,85.48%,truncated	OL3α/β_08_wbdC,98.43%,85.48%,truncated		ST167
3.3.2	Klebsiella_pneumoniae_Species_Complex_O	3.2.0	GCA_040418825.1	ST167	OL12	O12	Typeable	-	97.78%	35.13%	-6355	4 / 8 (50.00%)	OL12_01_rfbB,98.02%,99.44%;OL12_02_rfbA,96.54%,99.66%;OL12_03_rfbD,99.32%,99.66%;OL12_04_rfbC,97.24%,97.84%	OL12_05_wbbL;OL12_06_wzm;OL12_07_wzt;OL12_08_wbbB	0		0 / 8 (0.00%)		1	OL3α/β_08_wbdC,98.43%,85.48%,truncated	OL3α/β_08_wbdC,98.43%,85.48%,truncated		ST167
3.3.2	Klebsiella_pneumoniae_Species_Complex_O	3.2.0	GCA_040418845.1	ST167	OL12	O12	Typeable	-	97.78%	35.13%	-6355	4 / 8 (50.00%)	OL12_01_rfbB,98.02%,99.44%;OL12_02_rfbA,96.54%,99.66%;OL12_03_rfbD,99.32%,99.66%;OL12_04_rfbC,97.24%,97.84%	OL12_05_wbbL;OL12_06_wzm;OL12_07_wzt;OL12_08_wbbB	0		0 / 8 (0.00%)		1	OL3α/β_08_wbdC,98.43%,85.48%,truncated	OL3α/β_08_wbdC,98.43%,85.48%,truncated		ST167
3.3.2	Klebsiella_pneumoniae_Species_Complex_O	3.2.0	GCA_040418885.1	ST167	OL12	O12	Typeable	-	97.78%	35.13%	-6355	4 / 8 (50.00%)	OL12_01_rfbB,98.02%,99.44%;OL12_02_rfbA,96.54%,99.66%;OL12_03_rfbD,99.32%,99.66%;OL12_04_rfbC,97.24%,97.84%	OL12_05_wbbL;OL12_06_wzm;OL12_07_wzt;OL12_08_wbbB	0		0 / 8 (0.00%)		1	OL3α/β_08_wbdC,98.43%,85.48%,truncated	OL3α/β_08_wbdC,98.43%,85.48%,truncated		ST167
3.3.2	Klebsiella_pneumoniae_Species_Complex_O	3.2.0	GCA_040418905.1	ST167	OL12	O12	Typeable	-	98.13%	35.13%	-6355	4 / 8 (50.00%)	OL12_01_rfbB,98.30%,99.44%;OL12_02_rfbA,97.23%,99.66%;OL12_03_rfbD,98.65%,99.66%;OL12_04_rfbC,98.34%,97.84%	OL12_05_wbbL;OL12_06_wzm;OL12_07_wzt;OL12_08_wbbB	0		0 / 8 (0.00%)		1	OL3α/β_08_wbdC,98.34%,81.18%,truncated	OL3α/β_08_wbdC,98.34%,81.18%,truncated		ST167
3.3.2	Klebsiella_pneumoniae_Species_Complex_O	3.2.0	GCA_040418915.1	ST167	OL12	O12	Typeable	-	97.78%	35.13%	-6355	4 / 8 (50.00%)	OL12_01_rfbB,98.02%,99.44%;OL12_02_rfbA,96.54%,99.66%;OL12_03_rfbD,99.32%,99.66%;OL12_04_rfbC,97.24%,97.84%	OL12_05_wbbL;OL12_06_wzm;OL12_07_wzt;OL12_08_wbbB	0		0 / 8 (0.00%)		1	OL3α/β_08_wbdC,98.43%,85.48%,truncated	OL3α/β_08_wbdC,98.43%,85.48%,truncated		ST167
3.3.2	Klebsiella_pneumoniae_Species_Complex_O	3.2.0	GCA_040418945.1	ST167	OL12	O12	Typeable	-	97.78%	35.13%	-6355	4 / 8 (50.00%)	OL12_01_rfbB,98.02%,99.44%;OL12_02_rfbA,96.54%,99.66%;OL12_03_rfbD,99.32%,99.66%;OL12_04_rfbC,97.24%,97.84%	OL12_05_wbbL;OL12_06_wzm;OL12_07_wzt;OL12_08_wbbB	0		0 / 8 (0.00%)		1	OL3α/β_08_wbdC,98.43%,85.48%,truncated	OL3α/β_08_wbdC,98.43%,85.48%,truncated		ST167
3.3.2	Klebsiella_pneumoniae_Species_Complex_O	3.2.0	GCA_040418965.1	ST167	OL12	O12	Typeable	-	97.78%	35.13%	-6355	4 / 8 (50.00%)	OL12_01_rfbB,98.02%,99.44%;OL12_02_rfbA,96.54%,99.66%;OL12_03_rfbD,99.32%,99.66%;OL12_04_rfbC,97.24%,97.84%	OL12_05_wbbL;OL12_06_wzm;OL12_07_wzt;OL12_08_wbbB	0		0 / 8 (0.00%)		1	OL3α/β_08_wbdC,98.43%,85.48%,truncated	OL3α/β_08_wbdC,98.43%,85.48%,truncated		ST167
3.3.2	Klebsiella_pneumoniae_Species_Complex_O	3.2.0	GCA_040418985.1	ST167	OL12	O12	Typeable	-	97.78%	35.13%	-6355	4 / 8 (50.00%)	OL12_01_rfbB,98.02%,99.44%;OL12_02_rfbA,96.54%,99.66%;OL12_03_rfbD,99.32%,99.66%;OL12_04_rfbC,97.24%,97.84%	OL12_05_wbbL;OL12_06_wzm;OL12_07_wzt;OL12_08_wbbB	0		0 / 8 (0.00%)		1	OL3α/β_08_wbdC,98.43%,85.48%,truncated	OL3α/β_08_wbdC,98.43%,85.48%,truncated		ST167
3.3.2	Klebsiella_pneumoniae_Species_Complex_O	3.2.0	GCA_040419005.1	ST167	OL12	O12	Typeable	-	97.78%	35.13%	-6355	4 / 8 (50.00%)	OL12_01_rfbB,98.02%,99.44%;OL12_02_rfbA,96.54%,99.66%;OL12_03_rfbD,99.32%,99.66%;OL12_04_rfbC,97.24%,97.84%	OL12_05_wbbL;OL12_06_wzm;OL12_07_wzt;OL12_08_wbbB	0		0 / 8 (0.00%)		1	OL3α/β_08_wbdC,98.43%,85.48%,truncated	OL3α/β_08_wbdC,98.43%,85.48%,truncated		ST167
3.3.2	Klebsiella_pneumoniae_Species_Complex_O	3.2.0	GCA_040419025.1	ST167	OL12	O12	Typeable	-	98.05%	35.13%	-6355	4 / 8 (50.00%)	OL12_01_rfbB,98.30%,99.44%;OL12_02_rfbA,97.23%,99.66%;OL12_03_rfbD,98.31%,99.66%;OL12_04_rfbC,98.34%,97.84%	OL12_05_wbbL;OL12_06_wzm;OL12_07_wzt;OL12_08_wbbB	0		0 / 8 (0.00%)		1	OL3α/β_08_wbdC,95.00%,26.88%,truncated	OL3α/β_08_wbdC,95.00%,26.88%,truncated		ST167
3.3.2	Klebsiella_pneumoniae_Species_Complex_O	3.2.0	GCA_040419045.1	ST167	OL12	O12	Typeable	-	98.13%	35.13%	-6355	4 / 8 (50.00%)	OL12_01_rfbB,98.30%,99.44%;OL12_02_rfbA,97.23%,99.66%;OL12_03_rfbD,98.65%,99.66%;OL12_04_rfbC,98.34%,97.84%	OL12_05_wbbL;OL12_06_wzm;OL12_07_wzt;OL12_08_wbbB	0		0 / 8 (0.00%)		1	OL3α/β_08_wbdC,98.34%,81.18%,truncated	OL3α/β_08_wbdC,98.34%,81.18%,truncated		ST167
3.3.2	Klebsiella_pneumoniae_Species_Complex_O	3.2.0	GCA_040419065.1	ST167	OL12	O12	Typeable	-	98.13%	35.13%	-6355	4 / 8 (50.00%)	OL12_01_rfbB,98.30%,99.44%;OL12_02_rfbA,97.23%,99.66%;OL12_03_rfbD,98.65%,99.66%;OL12_04_rfbC,98.34%,97.84%	OL12_05_wbbL;OL12_06_wzm;OL12_07_wzt;OL12_08_wbbB	0		0 / 8 (0.00%)		1	OL3α/β_08_wbdC,98.34%,81.18%,truncated	OL3α/β_08_wbdC,98.34%,81.18%,truncated		ST167
3.3.2	Klebsiella_pneumoniae_Species_Complex_O	3.2.0	GCA_040419085.1	ST167	OL12	O12	Typeable	-	97.78%	35.13%	-6355	4 / 8 (50.00%)	OL12_01_rfbB,98.02%,99.44%;OL12_02_rfbA,96.54%,99.66%;OL12_03_rfbD,99.32%,99.66%;OL12_04_rfbC,97.24%,97.84%	OL12_05_wbbL;OL12_06_wzm;OL12_07_wzt;OL12_08_wbbB	0		0 / 8 (0.00%)		1	OL3α/β_08_wbdC,98.43%,85.48%,truncated	OL3α/β_08_wbdC,98.43%,85.48%,truncated		ST167
3.3.2	Klebsiella_pneumoniae_Species_Complex_O	3.2.0	GCA_040419105.1	ST167	OL12	O12	Typeable	-	98.13%	35.13%	-6355	4 / 8 (50.00%)	OL12_01_rfbB,98.30%,99.44%;OL12_02_rfbA,97.23%,99.66%;OL12_03_rfbD,98.65%,99.66%;OL12_04_rfbC,98.34%,97.84%	OL12_05_wbbL;OL12_06_wzm;OL12_07_wzt;OL12_08_wbbB	0		0 / 8 (0.00%)		1	OL3α/β_08_wbdC,98.34%,81.18%,truncated	OL3α/β_08_wbdC,98.34%,81.18%,truncated		ST167
3.3.2	Klebsiella_pneumoniae_Species_Complex_O	3.2.0	GCA_040419125.1	ST167	OL12	O12	Typeable	-	97.78%	35.13%	-6355	4 / 8 (50.00%)	OL12_01_rfbB,98.02%,99.44%;OL12_02_rfbA,96.54%,99.66%;OL12_03_rfbD,99.32%,99.66%;OL12_04_rfbC,97.24%,97.84%	OL12_05_wbbL;OL12_06_wzm;OL12_07_wzt;OL12_08_wbbB	0		0 / 8 (0.00%)		1	OL3α/β_08_wbdC,98.43%,85.48%,truncated	OL3α/β_08_wbdC,98.43%,85.48%,truncated		ST167
3.3.2	Klebsiella_pneumoniae_Species_Complex_O	3.2.0	GCA_040419145.1	ST167	OL12	O12	Typeable	-	98.13%	35.13%	-6355	4 / 8 (50.00%)	OL12_01_rfbB,98.30%,99.44%;OL12_02_rfbA,97.23%,99.66%;OL12_03_rfbD,98.65%,99.66%;OL12_04_rfbC,98.34%,97.84%	OL12_05_wbbL;OL12_06_wzm;OL12_07_wzt;OL12_08_wbbB	0		0 / 8 (0.00%)		1	OL3α/β_08_wbdC,98.34%,81.18%,truncated	OL3α/β_08_wbdC,98.34%,81.18%,truncated		ST167
3.3.2	Klebsiella_pneumoniae_Species_Complex_O	3.2.0	GCA_040419165.1	ST167	OL12	O12	Typeable	-	97.78%	35.13%	-6355	4 / 8 (50.00%)	OL12_01_rfbB,98.02%,99.44%;OL12_02_rfbA,96.54%,99.66%;OL12_03_rfbD,99.32%,99.66%;OL12_04_rfbC,97.24%,97.84%	OL12_05_wbbL;OL12_06_wzm;OL12_07_wzt;OL12_08_wbbB	0		0 / 8 (0.00%)		1	OL3α/β_08_wbdC,98.43%,85.48%,truncated	OL3α/β_08_wbdC,98.43%,85.48%,truncated		ST167
3.3.2	Klebsiella_pneumoniae_Species_Complex_O	3.2.0	GCA_040419185.1	ST167	OL12	O12	Typeable	-	97.78%	35.13%	-6355	4 / 8 (50.00%)	OL12_01_rfbB,98.02%,99.44%;OL12_02_rfbA,96.54%,99.66%;OL12_03_rfbD,99.32%,99.66%;OL12_04_rfbC,97.24%,97.84%	OL12_05_wbbL;OL12_06_wzm;OL12_07_wzt;OL12_08_wbbB	0		0 / 8 (0.00%)		1	OL3α/β_08_wbdC,98.43%,85.48%,truncated	OL3α/β_08_wbdC,98.43%,85.48%,truncated		ST167
3.3.2	Klebsiella_pneumoniae_Species_Complex_O	3.2.0	GCA_040419205.1	ST167	OL12	O12	Typeable	-	98.13%	35.13%	-6355	4 / 8 (50.00%)	OL12_01_rfbB,98.30%,99.44%;OL12_02_rfbA,97.23%,99.66%;OL12_03_rfbD,98.65%,99.66%;OL12_04_rfbC,98.34%,97.84%	OL12_05_wbbL;OL12_06_wzm;OL12_07_wzt;OL12_08_wbbB	0		0 / 8 (0.00%)		1	OL3α/β_08_wbdC,98.34%,81.18%,truncated	OL3α/β_08_wbdC,98.34%,81.18%,truncated		ST167
3.3.2	Klebsiella_pneumoniae_Species_Complex_O	3.2.0	GCA_040507325.1	ST167	OL12	O12	Typeable	-	98.13%	35.13%	-6355	4 / 8 (50.00%)	OL12_01_rfbB,98.30%,99.44%;OL12_02_rfbA,97.23%,99.66%;OL12_03_rfbD,98.65%,99.66%;OL12_04_rfbC,98.34%,97.84%	OL12_05_wbbL;OL12_06_wzm;OL12_07_wzt;OL12_08_wbbB	0		0 / 8 (0.00%)		1	OL3α/β_08_wbdC,98.34%,81.18%,truncated	OL3α/β_08_wbdC,98.34%,81.18%,truncated		ST167
3.3.2	Klebsiella_pneumoniae_Species_Complex_O	3.2.0	GCA_040507365.1	ST167	OL12	O12	Typeable	-	97.78%	35.13%	-6355	4 / 8 (50.00%)	OL12_01_rfbB,98.02%,99.44%;OL12_02_rfbA,96.54%,99.66%;OL12_03_rfbD,99.32%,99.66%;OL12_04_rfbC,97.24%,97.84%	OL12_05_wbbL;OL12_06_wzm;OL12_07_wzt;OL12_08_wbbB	0		0 / 8 (0.00%)		1	OL3α/β_08_wbdC,98.43%,85.48%,truncated	OL3α/β_08_wbdC,98.43%,85.48%,truncated		ST167
3.3.2	Klebsiella_pneumoniae_Species_Complex_O	3.2.0	GCA_040712335.1	ST167	OL14	unknown	Untypeable	-*!	0.00%	19.01%	-5567	2 / 8 (25.00%)	OL14_01_rfbB,76.92%,96.57%,below_id_threshold;OL14_02_rfbA,77.43%,88.62%,truncated	OL14_03_rfbD;OL14_04_rfbC;OL14_05_wbbL;OL14_06_rhamnan;OL14_07_wzm;OL14_08_wzt	0		0 / 8 (0.00%)		1	OL3α/β_08_wbdC,97.97%,66.13%,truncated	OL3α/β_08_wbdC,97.97%,66.13%,truncated;OL14_02_rfbA,77.43%,88.62%,truncated		ST167
3.3.2	Klebsiella_pneumoniae_Species_Complex_O	3.2.0	GCA_045801095.1	ST167	OL12	O12	Typeable	-	98.13%	35.13%	-6355	4 / 8 (50.00%)	OL12_01_rfbB,98.30%,99.44%;OL12_02_rfbA,97.23%,99.66%;OL12_03_rfbD,98.65%,99.66%;OL12_04_rfbC,98.34%,97.84%	OL12_05_wbbL;OL12_06_wzm;OL12_07_wzt;OL12_08_wbbB	0		0 / 8 (0.00%)		1	OL3α/β_08_wbdC,98.34%,81.18%,truncated	OL3α/β_08_wbdC,98.34%,81.18%,truncated		ST167
3.3.2	Klebsiella_pneumoniae_Species_Complex_O	3.2.0	GCA_049546825.1	ST167	OL12	O12	Typeable	-	98.13%	35.13%	-6355	4 / 8 (50.00%)	OL12_01_rfbB,98.30%,99.44%;OL12_02_rfbA,97.23%,99.66%;OL12_03_rfbD,98.65%,99.66%;OL12_04_rfbC,98.34%,97.84%	OL12_05_wbbL;OL12_06_wzm;OL12_07_wzt;OL12_08_wbbB	0		0 / 8 (0.00%)		1	OL3α/β_08_wbdC,98.34%,81.18%,truncated	OL3α/β_08_wbdC,98.34%,81.18%,truncated		ST167
3.3.2	Klebsiella_pneumoniae_Species_Complex_O	3.2.0	GCA_050112895.1	ST167	OL12	O12	Typeable	-	97.78%	35.13%	-6355	4 / 8 (50.00%)	OL12_01_rfbB,98.02%,99.44%;OL12_02_rfbA,96.54%,99.66%;OL12_03_rfbD,99.32%,99.66%;OL12_04_rfbC,97.24%,97.84%	OL12_05_wbbL;OL12_06_wzm;OL12_07_wzt;OL12_08_wbbB	0		0 / 8 (0.00%)		1	OL3α/β_08_wbdC,98.43%,85.48%,truncated	OL3α/β_08_wbdC,98.43%,85.48%,truncated		ST167
3.3.2	Klebsiella_pneumoniae_Species_Complex_O	3.2.0	GCA_050112935.1	ST167	OL12	O12	Typeable	-	98.05%	35.13%	-6355	4 / 8 (50.00%)	OL12_01_rfbB,98.30%,99.44%;OL12_02_rfbA,97.23%,99.66%;OL12_03_rfbD,98.31%,99.66%;OL12_04_rfbC,98.34%,97.84%	OL12_05_wbbL;OL12_06_wzm;OL12_07_wzt;OL12_08_wbbB	0		0 / 8 (0.00%)		1	OL3α/β_08_wbdC,95.00%,26.88%,truncated	OL3α/β_08_wbdC,95.00%,26.88%,truncated		ST167
3.3.2	Klebsiella_pneumoniae_Species_Complex_O	3.2.0	GCA_050112975.1	ST167	OL12	O12	Typeable	-	97.78%	35.13%	-6355	4 / 8 (50.00%)	OL12_01_rfbB,98.02%,99.44%;OL12_02_rfbA,96.54%,99.66%;OL12_03_rfbD,99.32%,99.66%;OL12_04_rfbC,97.24%,97.84%	OL12_05_wbbL;OL12_06_wzm;OL12_07_wzt;OL12_08_wbbB	0		0 / 8 (0.00%)		1	OL3α/β_08_wbdC,98.43%,85.48%,truncated	OL3α/β_08_wbdC,98.43%,85.48%,truncated		ST167
3.3.2	Klebsiella_pneumoniae_Species_Complex_O	3.2.0	GCA_050113015.1	ST167	OL12	O12	Typeable	-	98.13%	35.13%	-6355	4 / 8 (50.00%)	OL12_01_rfbB,98.30%,99.44%;OL12_02_rfbA,97.23%,99.66%;OL12_03_rfbD,98.65%,99.66%;OL12_04_rfbC,98.34%,97.84%	OL12_05_wbbL;OL12_06_wzm;OL12_07_wzt;OL12_08_wbbB	0		0 / 8 (0.00%)		1	OL3α/β_08_wbdC,98.34%,81.18%,truncated	OL3α/β_08_wbdC,98.34%,81.18%,truncated		ST167
3.3.2	Klebsiella_pneumoniae_Species_Complex_O	3.2.0	GCA_050113055.1	ST167	OL12	O12	Typeable	-	97.78%	35.13%	-6355	4 / 8 (50.00%)	OL12_01_rfbB,98.02%,99.44%;OL12_02_rfbA,96.54%,99.66%;OL12_03_rfbD,99.32%,99.66%;OL12_04_rfbC,97.24%,97.84%	OL12_05_wbbL;OL12_06_wzm;OL12_07_wzt;OL12_08_wbbB	0		0 / 8 (0.00%)		1	OL3α/β_08_wbdC,98.43%,85.48%,truncated	OL3α/β_08_wbdC,98.43%,85.48%,truncated		ST167
3.3.2	Klebsiella_pneumoniae_Species_Complex_O	3.2.0	GCA_050113075.1	ST167	OL12	O12	Typeable	-	98.13%	35.13%	-6355	4 / 8 (50.00%)	OL12_01_rfbB,98.30%,99.44%;OL12_02_rfbA,97.23%,99.66%;OL12_03_rfbD,98.65%,99.66%;OL12_04_rfbC,98.34%,97.84%	OL12_05_wbbL;OL12_06_wzm;OL12_07_wzt;OL12_08_wbbB	0		0 / 8 (0.00%)		1	OL3α/β_08_wbdC,98.34%,81.18%,truncated	OL3α/β_08_wbdC,98.34%,81.18%,truncated		ST167
3.3.2	Klebsiella_pneumoniae_Species_Complex_O	3.2.0	GCA_050113115.1	ST167	OL12	O12	Typeable	-	97.78%	35.13%	-6355	4 / 8 (50.00%)	OL12_01_rfbB,98.02%,99.44%;OL12_02_rfbA,96.54%,99.66%;OL12_03_rfbD,99.32%,99.66%;OL12_04_rfbC,97.24%,97.84%	OL12_05_wbbL;OL12_06_wzm;OL12_07_wzt;OL12_08_wbbB	0		0 / 8 (0.00%)		1	OL3α/β_08_wbdC,98.43%,85.48%,truncated	OL3α/β_08_wbdC,98.43%,85.48%,truncated		ST167
3.3.2	Klebsiella_pneumoniae_Species_Complex_O	3.2.0	GCA_050113135.1	ST167	OL12	O12	Typeable	-	98.05%	35.13%	-6355	4 / 8 (50.00%)	OL12_01_rfbB,98.30%,99.44%;OL12_02_rfbA,97.23%,99.66%;OL12_03_rfbD,98.31%,99.66%;OL12_04_rfbC,98.34%,97.84%	OL12_05_wbbL;OL12_06_wzm;OL12_07_wzt;OL12_08_wbbB	0		0 / 8 (0.00%)		1	OL3α/β_08_wbdC,95.00%,26.88%,truncated	OL3α/β_08_wbdC,95.00%,26.88%,truncated		ST167
3.3.2	Klebsiella_pneumoniae_Species_Complex_O	3.2.0	GCA_050113155.1	ST167	OL12	O12	Typeable	-	97.78%	35.13%	-6355	4 / 8 (50.00%)	OL12_01_rfbB,98.02%,99.44%;OL12_02_rfbA,96.54%,99.66%;OL12_03_rfbD,99.32%,99.66%;OL12_04_rfbC,97.24%,97.84%	OL12_05_wbbL;OL12_06_wzm;OL12_07_wzt;OL12_08_wbbB	0		0 / 8 (0.00%)		1	OL3α/β_08_wbdC,98.43%,85.48%,truncated	OL3α/β_08_wbdC,98.43%,85.48%,truncated		ST167
3.3.2	Klebsiella_pneumoniae_Species_Complex_O	3.2.0	GCA_050113175.1	ST167	OL12	O12	Typeable	-	97.78%	35.13%	-6355	4 / 8 (50.00%)	OL12_01_rfbB,98.02%,99.44%;OL12_02_rfbA,96.54%,99.66%;OL12_03_rfbD,99.32%,99.66%;OL12_04_rfbC,97.24%,97.84%	OL12_05_wbbL;OL12_06_wzm;OL12_07_wzt;OL12_08_wbbB	0		0 / 8 (0.00%)		1	OL3α/β_08_wbdC,98.43%,85.48%,truncated	OL3α/β_08_wbdC,98.43%,85.48%,truncated		ST167
3.3.2	Klebsiella_pneumoniae_Species_Complex_O	3.2.0	GCA_050113195.1	ST167	OL12	O12	Typeable	-	97.78%	35.13%	-6355	4 / 8 (50.00%)	OL12_01_rfbB,98.02%,99.44%;OL12_02_rfbA,96.54%,99.66%;OL12_03_rfbD,99.32%,99.66%;OL12_04_rfbC,97.24%,97.84%	OL12_05_wbbL;OL12_06_wzm;OL12_07_wzt;OL12_08_wbbB	0		0 / 8 (0.00%)		1	OL3α/β_08_wbdC,98.43%,85.48%,truncated	OL3α/β_08_wbdC,98.43%,85.48%,truncated		ST167
3.3.2	Klebsiella_pneumoniae_Species_Complex_O	3.2.0	GCA_052072695.1	ST167	OL12	O12	Typeable	-	98.13%	35.13%	-6355	4 / 8 (50.00%)	OL12_01_rfbB,98.30%,99.44%;OL12_02_rfbA,97.23%,99.66%;OL12_03_rfbD,98.65%,99.66%;OL12_04_rfbC,98.34%,97.84%	OL12_05_wbbL;OL12_06_wzm;OL12_07_wzt;OL12_08_wbbB	0		0 / 8 (0.00%)		1	OL3α/β_08_wbdC,98.34%,81.18%,truncated	OL3α/β_08_wbdC,98.34%,81.18%,truncated		ST167
3.3.2	Klebsiella_pneumoniae_Species_Complex_O	3.2.0	GCA_052072795.1	ST167	OL5	O5	Typeable	-!	96.74%	67.85%	-3885	5 / 8 (62.50%)	OL5_04_wzt,27.27%,7.65%,truncated;OL5_05_wbdD,92.47%,99.77%;OL5_06_wbdA,93.57%,99.92%;OL5_07_wbdB,96.62%,99.74%;OL5_08_wbdC,95.15%,99.73%	OL5_01_manC;OL5_02_manB;OL5_03_wzm	0		0 / 8 (0.00%)		4	OL12_01_rfbB,98.58%,99.44%;OL13_02_rfbA,98.96%,99.66%;OL13_03_rfbD,99.66%,99.66%;OL13_04_rfbC,98.90%,97.84%	OL5_04_wzt,27.27%,7.65%,truncated		ST167
3.3.2	Klebsiella_pneumoniae_Species_Complex_O	3.2.0	GCA_052072855.1	ST167	OL12	O12	Typeable	-	98.13%	35.13%	-6355	4 / 8 (50.00%)	OL12_01_rfbB,98.30%,99.44%;OL12_02_rfbA,97.23%,99.66%;OL12_03_rfbD,98.65%,99.66%;OL12_04_rfbC,98.34%,97.84%	OL12_05_wbbL;OL12_06_wzm;OL12_07_wzt;OL12_08_wbbB	0		0 / 8 (0.00%)		1	OL3α/β_08_wbdC,98.34%,81.18%,truncated	OL3α/β_08_wbdC,98.34%,81.18%,truncated		ST167
3.3.2	Klebsiella_pneumoniae_Species_Complex_O	3.2.0	GCA_052072985.1	ST167	OL12	O12	Typeable	-	98.13%	35.13%	-6355	4 / 8 (50.00%)	OL12_01_rfbB,98.30%,99.44%;OL12_02_rfbA,97.23%,99.66%;OL12_03_rfbD,98.65%,99.66%;OL12_04_rfbC,98.34%,97.84%	OL12_05_wbbL;OL12_06_wzm;OL12_07_wzt;OL12_08_wbbB	0		0 / 8 (0.00%)		1	OL3α/β_08_wbdC,98.34%,81.18%,truncated	OL3α/β_08_wbdC,98.34%,81.18%,truncated		ST167
3.3.2	Klebsiella_pneumoniae_Species_Complex_O	3.2.0	GCA_907163365.1	ST167	OL3α/β	O3αβ	Typeable	?-!	98.88%	80.41%		6 / 9 (66.67%)	OL3α/β_01_manC,98.51%,99.79%;OL3α/β_02_manB,99.55%,97.18%;OL3α/β_05_wbdD,98.87%,99.86%;OL3α/β_06_wbdA,97.74%,99.88%;OL3α/β_07_wbdB,99.74%,99.74%;OL3α/β_08_wbdC,99.68%,83.06%,truncated	OL3α/β_03_wzm;OL3α/β_04_wzt	0		1 / 9 (11.11%)	OL3α/β_08_wbdC,93.55%,16.67%,truncated	0		OL3α/β_08_wbdC,99.68%,83.06%,truncated;OL3α/β_08_wbdC,93.55%,16.67%,truncated		ST167
3.3.2	Klebsiella_pneumoniae_Species_Complex_O	3.2.0	GCA_907163485.1	ST167	OL5	O5	Untypeable	?-!	99.13%	30.77%		3 / 8 (37.50%)	OL5_01_manC,99.15%,99.79%;OL5_02_manB,99.11%,97.39%;OL5_08_wbdC,98.39%,83.60%,truncated	OL5_03_wzm;OL5_04_wzt;OL5_05_wbdD;OL5_06_wbdA;OL5_07_wbdB	0		0 / 8 (0.00%)		0		OL5_08_wbdC,98.39%,83.60%,truncated		ST167
3.3.2	Klebsiella_pneumoniae_Species_Complex_O	3.2.0	GCA_907163495.1	ST167	OL5	O5	Untypeable	?-!	99.13%	30.77%		3 / 8 (37.50%)	OL5_01_manC,99.15%,99.79%;OL5_02_manB,99.11%,97.39%;OL5_08_wbdC,98.39%,83.60%,truncated	OL5_03_wzm;OL5_04_wzt;OL5_05_wbdD;OL5_06_wbdA;OL5_07_wbdB	0		0 / 8 (0.00%)		0		OL5_08_wbdC,98.39%,83.60%,truncated		ST167
3.3.2	Klebsiella_pneumoniae_Species_Complex_O	3.2.0	GCA_907163665.1	ST167	OL5	O5	Untypeable	?-!	99.13%	30.77%		3 / 8 (37.50%)	OL5_01_manC,99.15%,99.79%;OL5_02_manB,99.11%,97.39%;OL5_08_wbdC,98.39%,83.60%,truncated	OL5_03_wzm;OL5_04_wzt;OL5_05_wbdD;OL5_06_wbdA;OL5_07_wbdB	0		0 / 8 (0.00%)		0		OL5_08_wbdC,98.39%,83.60%,truncated		ST167
3.3.2	Klebsiella_pneumoniae_Species_Complex_O	3.2.0	GCA_907163715.1	ST167	OL5	O5	Untypeable	?-!	99.13%	30.77%		3 / 8 (37.50%)	OL5_01_manC,99.15%,99.79%;OL5_02_manB,99.11%,97.39%;OL5_08_wbdC,98.39%,83.60%,truncated	OL5_03_wzm;OL5_04_wzt;OL5_05_wbdD;OL5_06_wbdA;OL5_07_wbdB	0		0 / 8 (0.00%)		0		OL5_08_wbdC,98.39%,83.60%,truncated		ST167
3.3.2	Klebsiella_pneumoniae_Species_Complex_O	3.2.0	GCA_964007015.1	ST167	OL5	O5	Untypeable	?-!	96.76%	29.10%		3 / 8 (37.50%)	OL5_01_manC,95.75%,99.79%;OL5_02_manB,97.76%,97.39%;OL5_08_wbdC,97.54%,65.59%,partial	OL5_03_wzm;OL5_04_wzt;OL5_05_wbdD;OL5_06_wbdA;OL5_07_wbdB	0		0 / 8 (0.00%)		0		OL5_08_wbdC,97.54%,65.59%,partial		ST167
3.3.2	Klebsiella_pneumoniae_Species_Complex_O	3.2.0	GCA_964007195.1	ST167	OL5	O5	Untypeable	?-!	98.50%	29.12%		3 / 8 (37.50%)	OL5_01_manC,97.66%,99.79%;OL5_02_manB,99.33%,97.39%;OL5_08_wbdC,97.96%,65.86%,partial	OL5_03_wzm;OL5_04_wzt;OL5_05_wbdD;OL5_06_wbdA;OL5_07_wbdB	0		0 / 8 (0.00%)		0		OL5_08_wbdC,97.96%,65.86%,partial		ST167
3.3.2	Klebsiella_pneumoniae_Species_Complex_O	3.2.0	GCA_964007265.1	ST167	OL12	O12	Typeable	-	97.79%	35.13%	-6355	4 / 8 (50.00%)	OL12_01_rfbB,98.02%,99.44%;OL12_02_rfbA,97.23%,99.66%;OL12_03_rfbD,99.32%,99.66%;OL12_04_rfbC,97.24%,97.84%	OL12_05_wbbL;OL12_06_wzm;OL12_07_wzt;OL12_08_wbbB	0		0 / 8 (0.00%)		4	OL3α/β_05_wbdD,100.00%,8.32%,partial;OL3α/β_06_wbdA,97.86%,99.88%;OL3α/β_07_wbdB,99.48%,99.74%;OL3α/β_08_wbdC,95.42%,99.73%	OL3α/β_05_wbdD,100.00%,8.32%,partial		ST167
3.3.2	Klebsiella_pneumoniae_Species_Complex_O	3.2.0	GCA_964007295.1	ST167	OL12	O12	Typeable	-	97.79%	35.13%	-6355	4 / 8 (50.00%)	OL12_01_rfbB,98.02%,99.44%;OL12_02_rfbA,97.23%,99.66%;OL12_03_rfbD,99.32%,99.66%;OL12_04_rfbC,97.24%,97.84%	OL12_05_wbbL;OL12_06_wzm;OL12_07_wzt;OL12_08_wbbB	0		0 / 8 (0.00%)		4	OL3α/β_05_wbdD,100.00%,8.32%,partial;OL3α/β_06_wbdA,97.86%,99.88%;OL3α/β_07_wbdB,99.48%,99.74%;OL3α/β_08_wbdC,95.42%,99.73%	OL3α/β_05_wbdD,100.00%,8.32%,partial		ST167
3.3.2	Klebsiella_pneumoniae_Species_Complex_O	3.2.0	GCA_964205355.1	ST167	OL12	O12	Typeable	-	97.79%	35.13%	-6355	4 / 8 (50.00%)	OL12_01_rfbB,98.02%,99.44%;OL12_02_rfbA,97.23%,99.66%;OL12_03_rfbD,99.32%,99.66%;OL12_04_rfbC,97.24%,97.84%	OL12_05_wbbL;OL12_06_wzm;OL12_07_wzt;OL12_08_wbbB	0		0 / 8 (0.00%)		4	OL3α/β_05_wbdD,100.00%,8.32%,partial;OL3α/β_06_wbdA,97.86%,99.88%;OL3α/β_07_wbdB,99.48%,99.74%;OL3α/β_08_wbdC,95.42%,99.73%	OL3α/β_05_wbdD,100.00%,8.32%,partial		ST167
3.3.2	Klebsiella_pneumoniae_Species_Complex_O	3.2.0	GCA_964205375.1	ST167	OL5	O5	Typeable	-!	97.10%	67.61%	-3914	5 / 8 (62.50%)	OL5_01_manC,99.36%,99.79%;OL5_02_manB,97.54%,97.39%;OL5_06_wbdA,95.24%,20.76%,truncated;OL5_07_wbdB,96.62%,99.74%;OL5_08_wbdC,94.88%,99.73%	OL5_03_wzm;OL5_04_wzt;OL5_05_wbdD	0		0 / 8 (0.00%)		0		OL5_06_wbdA,95.24%,20.76%,truncated		ST167
3.3.2	Klebsiella_pneumoniae_Species_Complex_O	3.2.0	GCA_964205385.1	ST167	OL12	O12	Typeable	-	97.79%	35.13%	-6355	4 / 8 (50.00%)	OL12_01_rfbB,98.02%,99.44%;OL12_02_rfbA,97.23%,99.66%;OL12_03_rfbD,99.32%,99.66%;OL12_04_rfbC,97.24%,97.84%	OL12_05_wbbL;OL12_06_wzm;OL12_07_wzt;OL12_08_wbbB	0		0 / 8 (0.00%)		4	OL3α/β_05_wbdD,100.00%,8.32%,partial;OL3α/β_06_wbdA,97.86%,99.88%;OL3α/β_07_wbdB,99.48%,99.74%;OL3α/β_08_wbdC,95.42%,99.73%	OL3α/β_05_wbdD,100.00%,8.32%,partial		ST167
3.3.2	Klebsiella_pneumoniae_Species_Complex_O	3.2.0	GCA_964205875.1	ST167	OL12	O12	Typeable	-	97.79%	35.13%	-6355	4 / 8 (50.00%)	OL12_01_rfbB,98.02%,99.44%;OL12_02_rfbA,97.23%,99.66%;OL12_03_rfbD,99.32%,99.66%;OL12_04_rfbC,97.24%,97.84%	OL12_05_wbbL;OL12_06_wzm;OL12_07_wzt;OL12_08_wbbB	0		0 / 8 (0.00%)		4	OL3α/β_05_wbdD,100.00%,8.32%,partial;OL3α/β_06_wbdA,97.86%,99.88%;OL3α/β_07_wbdB,99.48%,99.74%;OL3α/β_08_wbdC,95.42%,99.73%	OL3α/β_05_wbdD,100.00%,8.32%,partial		ST167
3.3.2	Klebsiella_pneumoniae_Species_Complex_O	3.2.0	GCA_964206105.1	ST167	OL5	O5	Typeable	-!	97.10%	67.61%	-3914	5 / 8 (62.50%)	OL5_01_manC,99.36%,99.79%;OL5_02_manB,97.54%,97.39%;OL5_06_wbdA,95.24%,20.76%,truncated;OL5_07_wbdB,96.62%,99.74%;OL5_08_wbdC,94.88%,99.73%	OL5_03_wzm;OL5_04_wzt;OL5_05_wbdD	0		0 / 8 (0.00%)		0		OL5_06_wbdA,95.24%,20.76%,truncated		ST167
3.3.2	Klebsiella_pneumoniae_Species_Complex_O	3.2.0	GCA_964206265.1	ST167	OL5	O5	Untypeable	?-!	98.50%	29.12%		3 / 8 (37.50%)	OL5_01_manC,97.66%,99.79%;OL5_02_manB,99.33%,97.39%;OL5_08_wbdC,97.96%,65.86%,partial	OL5_03_wzm;OL5_04_wzt;OL5_05_wbdD;OL5_06_wbdA;OL5_07_wbdB	0		0 / 8 (0.00%)		0		OL5_08_wbdC,97.96%,65.86%,partial		ST167
3.3.2	Klebsiella_pneumoniae_Species_Complex_O	3.2.0	GCA_964206275.1	ST167	OL5	O5	Untypeable	?-!	98.50%	29.12%		3 / 8 (37.50%)	OL5_01_manC,97.66%,99.79%;OL5_02_manB,99.33%,97.39%;OL5_08_wbdC,97.96%,65.86%,partial	OL5_03_wzm;OL5_04_wzt;OL5_05_wbdD;OL5_06_wbdA;OL5_07_wbdB	0		0 / 8 (0.00%)		0		OL5_08_wbdC,97.96%,65.86%,partial		ST167
3.3.2	Klebsiella_pneumoniae_Species_Complex_O	3.2.0	GCA_964206385.1	ST167	OL12	O12	Typeable	-	97.79%	35.13%	-6355	4 / 8 (50.00%)	OL12_01_rfbB,98.02%,99.44%;OL12_02_rfbA,97.23%,99.66%;OL12_03_rfbD,99.32%,99.66%;OL12_04_rfbC,97.24%,97.84%	OL12_05_wbbL;OL12_06_wzm;OL12_07_wzt;OL12_08_wbbB	0		0 / 8 (0.00%)		4	OL3α/β_05_wbdD,100.00%,8.18%,partial;OL3α/β_06_wbdA,97.86%,99.88%;OL3α/β_07_wbdB,99.48%,99.74%;OL3α/β_08_wbdC,95.42%,99.73%	OL3α/β_05_wbdD,100.00%,8.18%,partial		ST167
