Kaptive version	Database name	Database version	Assembly	ST	Best match locus	Best match type	Match confidence	Problems	Identity	Coverage	Length discrepancy	Expected genes in locus	Expected genes in locus, details	Missing expected genes	Other genes in locus	Other genes in locus, details	Expected genes outside locus	Expected genes outside locus, details	Other genes outside locus	Other genes outside locus, details	Truncated genes, details	Extra genes, details	ST
3.3.2	Klebsiella_pneumoniae_Species_Complex_K	3.2.2	GCA_000713235.1	ST10	KL64	Capsule null	Untypeable	?+-*!	95.85%	100.00%		5 / 24 (20.83%)	KL64_17_gnd,95.51%,99.79%;KL64_18_manC,61.22%,83.05%,truncated;KL64_19_manB,77.21%,93.87%,below_id_threshold;KL64_19_manB,77.34%,93.44%,below_id_threshold;KL64_20_rmlB,78.91%,74.32%,truncated;KL64_21_rmlA,77.17%,87.59%,truncated	KL64_01_galF;KL64_02_cpsACP;KL64_03_wzi;KL64_04_wza;KL64_05_wzb;KL64_06_wzc;KL64_07_wzx_KL64;KL64_08_ptr26;KL64_09_gtr242;KL64_10_wzy_KL64;KL64_11_gtr243;KL64_12_gtr244;KL64_13_gtr245;KL64_14_ghl58;KL64_15_gtr246;KL64_16_wcaJ27;KL64_22_rmlD;KL64_23_rmlC;KL64_24_ugd1	1	KL156-D1_01_galF,99.33%,99.66%	0 / 24 (0.00%)		2	KL6_11_gmd,90.33%,97.05%;KL156-D1_17_ugd1,98.22%,97.23%	KL64_18_manC,61.22%,83.05%,truncated;KL64_20_rmlB,78.91%,74.32%,truncated;KL64_21_rmlA,77.17%,87.59%,truncated		ST10
3.3.2	Klebsiella_pneumoniae_Species_Complex_K	3.2.2	GCA_009793215.1	ST10	KL156-D1	unknown	Untypeable	-!	97.60%	100.00%	416	7 / 17 (41.18%)	KL156-D1_01_galF,99.66%,99.66%;KL156-D1_02_rmlB,95.01%,99.72%;KL156-D1_03_rmlD,95.99%,99.67%;KL156-D1_04_rmlA,96.92%,99.66%;KL156-D1_05_rmlC,94.20%,75.82%,truncated;KL156-D1_16_gnd,98.72%,99.79%;KL156-D1_17_ugd1,99.29%,97.23%	KL156-D1_06_wzx_KL156-D1;KL156-D1_07_gtr512;KL156-D1_08_gtr513;KL156-D1_09_wzy_KL156-D1;KL156-D1_10_ghl119;KL156-D1_11_gtr514;KL156-D1_12_gtr515;KL156-D1_13_reg;KL156-D1_14_gtr516;KL156-D1_15_gtr517	0		0 / 17 (0.00%)		0		KL156-D1_05_rmlC,94.20%,75.82%,truncated		ST10
3.3.2	Klebsiella_pneumoniae_Species_Complex_K	3.2.2	GCA_009793445.1	ST10	KL156-D1	unknown	Untypeable	-!	97.60%	100.00%	416	7 / 17 (41.18%)	KL156-D1_01_galF,99.66%,99.66%;KL156-D1_02_rmlB,95.01%,99.72%;KL156-D1_03_rmlD,95.99%,99.67%;KL156-D1_04_rmlA,96.92%,99.66%;KL156-D1_05_rmlC,94.20%,75.82%,truncated;KL156-D1_16_gnd,98.72%,99.79%;KL156-D1_17_ugd1,99.29%,97.23%	KL156-D1_06_wzx_KL156-D1;KL156-D1_07_gtr512;KL156-D1_08_gtr513;KL156-D1_09_wzy_KL156-D1;KL156-D1_10_ghl119;KL156-D1_11_gtr514;KL156-D1_12_gtr515;KL156-D1_13_reg;KL156-D1_14_gtr516;KL156-D1_15_gtr517	0		0 / 17 (0.00%)		0		KL156-D1_05_rmlC,94.20%,75.82%,truncated		ST10
3.3.2	Klebsiella_pneumoniae_Species_Complex_K	3.2.2	GCA_009793505.1	ST10	KL156-D1	unknown	Untypeable	-!	97.60%	100.00%	416	7 / 17 (41.18%)	KL156-D1_01_galF,99.66%,99.66%;KL156-D1_02_rmlB,95.01%,99.72%;KL156-D1_03_rmlD,95.99%,99.67%;KL156-D1_04_rmlA,96.92%,99.66%;KL156-D1_05_rmlC,94.20%,75.82%,truncated;KL156-D1_16_gnd,98.72%,99.79%;KL156-D1_17_ugd1,99.29%,97.23%	KL156-D1_06_wzx_KL156-D1;KL156-D1_07_gtr512;KL156-D1_08_gtr513;KL156-D1_09_wzy_KL156-D1;KL156-D1_10_ghl119;KL156-D1_11_gtr514;KL156-D1_12_gtr515;KL156-D1_13_reg;KL156-D1_14_gtr516;KL156-D1_15_gtr517	0		0 / 17 (0.00%)		0		KL156-D1_05_rmlC,94.20%,75.82%,truncated		ST10
3.3.2	Klebsiella_pneumoniae_Species_Complex_K	3.2.2	GCA_009793615.1	ST10	KL156-D1	unknown	Untypeable	-!	97.60%	100.00%	416	7 / 17 (41.18%)	KL156-D1_01_galF,99.66%,99.66%;KL156-D1_02_rmlB,95.01%,99.72%;KL156-D1_03_rmlD,95.99%,99.67%;KL156-D1_04_rmlA,96.92%,99.66%;KL156-D1_05_rmlC,94.20%,75.82%,truncated;KL156-D1_16_gnd,98.72%,99.79%;KL156-D1_17_ugd1,99.29%,97.23%	KL156-D1_06_wzx_KL156-D1;KL156-D1_07_gtr512;KL156-D1_08_gtr513;KL156-D1_09_wzy_KL156-D1;KL156-D1_10_ghl119;KL156-D1_11_gtr514;KL156-D1_12_gtr515;KL156-D1_13_reg;KL156-D1_14_gtr516;KL156-D1_15_gtr517	0		0 / 17 (0.00%)		0		KL156-D1_05_rmlC,94.20%,75.82%,truncated		ST10
3.3.2	Klebsiella_pneumoniae_Species_Complex_K	3.2.2	GCA_009793635.1	ST10	KL156-D1	unknown	Untypeable	-!	97.60%	100.00%	416	7 / 17 (41.18%)	KL156-D1_01_galF,99.66%,99.66%;KL156-D1_02_rmlB,95.01%,99.72%;KL156-D1_03_rmlD,95.99%,99.67%;KL156-D1_04_rmlA,96.92%,99.66%;KL156-D1_05_rmlC,94.20%,75.82%,truncated;KL156-D1_16_gnd,98.72%,99.79%;KL156-D1_17_ugd1,99.29%,97.23%	KL156-D1_06_wzx_KL156-D1;KL156-D1_07_gtr512;KL156-D1_08_gtr513;KL156-D1_09_wzy_KL156-D1;KL156-D1_10_ghl119;KL156-D1_11_gtr514;KL156-D1_12_gtr515;KL156-D1_13_reg;KL156-D1_14_gtr516;KL156-D1_15_gtr517	0		0 / 17 (0.00%)		0		KL156-D1_05_rmlC,94.20%,75.82%,truncated		ST10
3.3.2	Klebsiella_pneumoniae_Species_Complex_K	3.2.2	GCA_009793645.1	ST10	KL156-D1	unknown	Untypeable	-!	97.60%	100.00%	416	7 / 17 (41.18%)	KL156-D1_01_galF,99.66%,99.66%;KL156-D1_02_rmlB,95.01%,99.72%;KL156-D1_03_rmlD,95.99%,99.67%;KL156-D1_04_rmlA,96.92%,99.66%;KL156-D1_05_rmlC,94.20%,75.82%,truncated;KL156-D1_16_gnd,98.72%,99.79%;KL156-D1_17_ugd1,99.29%,97.23%	KL156-D1_06_wzx_KL156-D1;KL156-D1_07_gtr512;KL156-D1_08_gtr513;KL156-D1_09_wzy_KL156-D1;KL156-D1_10_ghl119;KL156-D1_11_gtr514;KL156-D1_12_gtr515;KL156-D1_13_reg;KL156-D1_14_gtr516;KL156-D1_15_gtr517	0		0 / 17 (0.00%)		0		KL156-D1_05_rmlC,94.20%,75.82%,truncated		ST10
3.3.2	Klebsiella_pneumoniae_Species_Complex_K	3.2.2	GCA_009793665.1	ST10	KL156-D1	unknown	Untypeable	-!	97.60%	100.00%	416	7 / 17 (41.18%)	KL156-D1_01_galF,99.66%,99.66%;KL156-D1_02_rmlB,95.01%,99.72%;KL156-D1_03_rmlD,95.99%,99.67%;KL156-D1_04_rmlA,96.92%,99.66%;KL156-D1_05_rmlC,94.20%,75.82%,truncated;KL156-D1_16_gnd,98.72%,99.79%;KL156-D1_17_ugd1,99.29%,97.23%	KL156-D1_06_wzx_KL156-D1;KL156-D1_07_gtr512;KL156-D1_08_gtr513;KL156-D1_09_wzy_KL156-D1;KL156-D1_10_ghl119;KL156-D1_11_gtr514;KL156-D1_12_gtr515;KL156-D1_13_reg;KL156-D1_14_gtr516;KL156-D1_15_gtr517	0		0 / 17 (0.00%)		0		KL156-D1_05_rmlC,94.20%,75.82%,truncated		ST10
3.3.2	Klebsiella_pneumoniae_Species_Complex_K	3.2.2	GCA_009793715.1	ST10	KL5	Capsule null	Untypeable	?-*!	92.03%	100.00%		5 / 19 (26.32%)	KL5_01_galF,92.98%,95.32%;KL5_04_wza,79.05%,83.33%,truncated;KL5_16_gnd,94.87%,99.79%;KL5_18_manB,77.88%,94.75%,below_id_threshold;KL5_19_ugd1,90.21%,99.74%	KL5_02_cpsACP;KL5_03_wzi;KL5_05_wzb;KL5_06_wzc;KL5_07_wzy_KL5;KL5_08_wzx_KL5;KL5_09_ptr3;KL5_10_ghl3;KL5_11_atr5;KL5_12_gtr14;KL5_13_gtr15;KL5_14_gtr16;KL5_15_wcaJ3;KL5_17_manC	0		0 / 19 (0.00%)		1	KL6_11_gmd,90.06%,97.05%	KL5_04_wza,79.05%,83.33%,truncated		ST10
3.3.2	Klebsiella_pneumoniae_Species_Complex_K	3.2.2	GCA_009793945.1	ST10	KL156-D1	unknown	Untypeable	-	96.80%	98.10%	-281	6 / 17 (35.29%)	KL156-D1_01_galF,99.66%,99.66%;KL156-D1_02_rmlB,96.12%,99.72%;KL156-D1_03_rmlD,94.65%,99.67%;KL156-D1_04_rmlA,97.59%,99.66%;KL156-D1_16_gnd,98.72%,99.79%;KL156-D1_17_ugd1,99.64%,97.23%	KL156-D1_05_rmlC;KL156-D1_06_wzx_KL156-D1;KL156-D1_07_gtr512;KL156-D1_08_gtr513;KL156-D1_09_wzy_KL156-D1;KL156-D1_10_ghl119;KL156-D1_11_gtr514;KL156-D1_12_gtr515;KL156-D1_13_reg;KL156-D1_14_gtr516;KL156-D1_15_gtr517	0		0 / 17 (0.00%)		2	KL103_21_ugd1,91.24%,99.74%;KL119_18_gnd,98.77%,17.27%,partial	KL119_18_gnd,98.77%,17.27%,partial		ST10
3.3.2	Klebsiella_pneumoniae_Species_Complex_K	3.2.2	GCA_009794485.1	ST10	KL156-D1	unknown	Untypeable	-	97.53%	100.00%	1775	6 / 17 (35.29%)	KL156-D1_01_galF,98.32%,99.66%;KL156-D1_02_rmlB,95.84%,99.72%;KL156-D1_03_rmlD,94.98%,99.67%;KL156-D1_04_rmlA,97.60%,99.66%;KL156-D1_16_gnd,99.15%,99.79%;KL156-D1_17_ugd1,99.29%,97.23%	KL156-D1_05_rmlC;KL156-D1_06_wzx_KL156-D1;KL156-D1_07_gtr512;KL156-D1_08_gtr513;KL156-D1_09_wzy_KL156-D1;KL156-D1_10_ghl119;KL156-D1_11_gtr514;KL156-D1_12_gtr515;KL156-D1_13_reg;KL156-D1_14_gtr516;KL156-D1_15_gtr517	0		0 / 17 (0.00%)		0				ST10
3.3.2	Klebsiella_pneumoniae_Species_Complex_K	3.2.2	GCA_009795575.1	ST10	KL156-D1	unknown	Untypeable	-!	97.60%	100.00%	416	7 / 17 (41.18%)	KL156-D1_01_galF,99.66%,99.66%;KL156-D1_02_rmlB,95.01%,99.72%;KL156-D1_03_rmlD,95.99%,99.67%;KL156-D1_04_rmlA,96.92%,99.66%;KL156-D1_05_rmlC,94.20%,75.82%,truncated;KL156-D1_16_gnd,98.72%,99.79%;KL156-D1_17_ugd1,99.29%,97.23%	KL156-D1_06_wzx_KL156-D1;KL156-D1_07_gtr512;KL156-D1_08_gtr513;KL156-D1_09_wzy_KL156-D1;KL156-D1_10_ghl119;KL156-D1_11_gtr514;KL156-D1_12_gtr515;KL156-D1_13_reg;KL156-D1_14_gtr516;KL156-D1_15_gtr517	0		0 / 17 (0.00%)		0		KL156-D1_05_rmlC,94.20%,75.82%,truncated		ST10
3.3.2	Klebsiella_pneumoniae_Species_Complex_K	3.2.2	GCA_009795595.1	ST10	KL156-D1	unknown	Untypeable	-!	97.60%	100.00%	416	7 / 17 (41.18%)	KL156-D1_01_galF,99.66%,99.66%;KL156-D1_02_rmlB,95.01%,99.72%;KL156-D1_03_rmlD,95.99%,99.67%;KL156-D1_04_rmlA,96.92%,99.66%;KL156-D1_05_rmlC,94.20%,75.82%,truncated;KL156-D1_16_gnd,98.72%,99.79%;KL156-D1_17_ugd1,99.29%,97.23%	KL156-D1_06_wzx_KL156-D1;KL156-D1_07_gtr512;KL156-D1_08_gtr513;KL156-D1_09_wzy_KL156-D1;KL156-D1_10_ghl119;KL156-D1_11_gtr514;KL156-D1_12_gtr515;KL156-D1_13_reg;KL156-D1_14_gtr516;KL156-D1_15_gtr517	0		0 / 17 (0.00%)		0		KL156-D1_05_rmlC,94.20%,75.82%,truncated		ST10
3.3.2	Klebsiella_pneumoniae_Species_Complex_K	3.2.2	GCA_009795645.1	ST10	KL156-D1	unknown	Untypeable	-!	97.60%	100.00%	416	7 / 17 (41.18%)	KL156-D1_01_galF,99.66%,99.66%;KL156-D1_02_rmlB,95.01%,99.72%;KL156-D1_03_rmlD,95.99%,99.67%;KL156-D1_04_rmlA,96.92%,99.66%;KL156-D1_05_rmlC,94.20%,75.82%,truncated;KL156-D1_16_gnd,98.72%,99.79%;KL156-D1_17_ugd1,99.29%,97.23%	KL156-D1_06_wzx_KL156-D1;KL156-D1_07_gtr512;KL156-D1_08_gtr513;KL156-D1_09_wzy_KL156-D1;KL156-D1_10_ghl119;KL156-D1_11_gtr514;KL156-D1_12_gtr515;KL156-D1_13_reg;KL156-D1_14_gtr516;KL156-D1_15_gtr517	0		0 / 17 (0.00%)		0		KL156-D1_05_rmlC,94.20%,75.82%,truncated		ST10
3.3.2	Klebsiella_pneumoniae_Species_Complex_K	3.2.2	GCA_009798605.1	ST10	KL17	Capsule null	Untypeable	?+-*!	89.51%	82.70%		6 / 20 (30.00%)	KL17_01_galF,90.24%,95.99%;KL17_04_wza,81.25%,76.19%,truncated;KL17_15_gnd,95.30%,99.79%;KL17_16_rmlB,78.95%,74.93%,truncated;KL17_17_rmlA,77.43%,88.62%,truncated;KL17_20_ugd1,82.99%,99.74%	KL17_02_cpsACP;KL17_03_wzi;KL17_05_wzb;KL17_06_wzc;KL17_07_wzy_KL17;KL17_08_gtr60;KL17_09_gtr61;KL17_10_gtr62;KL17_11_gtr63;KL17_12_wcaJ10;KL17_13_gtr64;KL17_14_wzx_KL17;KL17_18_rmlD;KL17_19_rmlC	1	KL135_17_manB,77.78%,94.31%,below_id_threshold	0 / 20 (0.00%)		0		KL17_04_wza,81.25%,76.19%,truncated;KL17_16_rmlB,78.95%,74.93%,truncated;KL17_17_rmlA,77.43%,88.62%,truncated		ST10
3.3.2	Klebsiella_pneumoniae_Species_Complex_K	3.2.2	GCA_009823885.1	ST10	KL156-D1	unknown	Typeable		98.77%	99.96%	-6	17 / 17 (100.00%)	KL156-D1_01_galF,99.66%,99.66%;KL156-D1_02_rmlB,99.72%,99.72%;KL156-D1_03_rmlD,99.67%,99.67%;KL156-D1_04_rmlA,100.00%,99.66%;KL156-D1_05_rmlC,100.00%,99.45%;KL156-D1_06_wzx_KL156-D1,99.76%,99.76%;KL156-D1_07_gtr512,99.66%,99.66%;KL156-D1_08_gtr513,99.31%,99.66%;KL156-D1_09_wzy_KL156-D1,99.48%,99.74%;KL156-D1_10_ghl119,99.19%,99.20%;KL156-D1_11_gtr514,91.53%,100.00%;KL156-D1_12_gtr515,99.42%,97.21%;KL156-D1_13_reg,100.00%,100.00%;KL156-D1_14_gtr516,93.47%,100.00%;KL156-D1_15_gtr517,99.16%,99.17%;KL156-D1_16_gnd,99.36%,99.79%;KL156-D1_17_ugd1,99.64%,97.23%		0		0 / 17 (0.00%)		0				ST10
3.3.2	Klebsiella_pneumoniae_Species_Complex_K	3.2.2	GCA_009823945.1	ST10	KL156-D1	unknown	Untypeable	-	97.40%	100.00%	2912	6 / 17 (35.29%)	KL156-D1_01_galF,98.65%,99.66%;KL156-D1_02_rmlB,97.23%,99.72%;KL156-D1_03_rmlD,96.66%,99.67%;KL156-D1_04_rmlA,97.22%,98.29%;KL156-D1_16_gnd,98.72%,99.79%;KL156-D1_17_ugd1,95.90%,92.73%	KL156-D1_05_rmlC;KL156-D1_06_wzx_KL156-D1;KL156-D1_07_gtr512;KL156-D1_08_gtr513;KL156-D1_09_wzy_KL156-D1;KL156-D1_10_ghl119;KL156-D1_11_gtr514;KL156-D1_12_gtr515;KL156-D1_13_reg;KL156-D1_14_gtr516;KL156-D1_15_gtr517	0		0 / 17 (0.00%)		0				ST10
3.3.2	Klebsiella_pneumoniae_Species_Complex_K	3.2.2	GCA_009824195.1	ST10	KL156-D1	unknown	Untypeable	-!	97.04%	96.05%	-584	7 / 17 (41.18%)	KL156-D1_01_galF,99.66%,99.66%;KL156-D1_02_rmlB,94.46%,99.72%;KL156-D1_03_rmlD,94.65%,99.67%;KL156-D1_04_rmlA,97.26%,99.66%;KL156-D1_05_rmlC,94.74%,73.08%,truncated;KL156-D1_16_gnd,99.15%,99.79%;KL156-D1_17_ugd1,90.38%,71.97%,truncated	KL156-D1_06_wzx_KL156-D1;KL156-D1_07_gtr512;KL156-D1_08_gtr513;KL156-D1_09_wzy_KL156-D1;KL156-D1_10_ghl119;KL156-D1_11_gtr514;KL156-D1_12_gtr515;KL156-D1_13_reg;KL156-D1_14_gtr516;KL156-D1_15_gtr517	0		0 / 17 (0.00%)		0		KL156-D1_05_rmlC,94.74%,73.08%,truncated;KL156-D1_17_ugd1,90.38%,71.97%,truncated		ST10
3.3.2	Klebsiella_pneumoniae_Species_Complex_K	3.2.2	GCA_009824205.1	ST10	KL156-D1	unknown	Untypeable	+-!	97.50%	97.12%	-426	6 / 17 (35.29%)	KL156-D1_01_galF,99.66%,99.66%;KL156-D1_02_rmlB,94.74%,99.72%;KL156-D1_03_rmlD,95.65%,99.67%;KL156-D1_04_rmlA,96.92%,99.66%;KL156-D1_16_gnd,98.72%,99.79%;KL156-D1_17_ugd1,99.29%,97.23%	KL156-D1_05_rmlC;KL156-D1_06_wzx_KL156-D1;KL156-D1_07_gtr512;KL156-D1_08_gtr513;KL156-D1_09_wzy_KL156-D1;KL156-D1_10_ghl119;KL156-D1_11_gtr514;KL156-D1_12_gtr515;KL156-D1_13_reg;KL156-D1_14_gtr516;KL156-D1_15_gtr517	1	KL44_20_rmlC,82.95%,69.73%,truncated	0 / 17 (0.00%)		0		KL44_20_rmlC,82.95%,69.73%,truncated		ST10
3.3.2	Klebsiella_pneumoniae_Species_Complex_K	3.2.2	GCA_009824215.1	ST10	KL156-D1	unknown	Untypeable	-	97.75%	100.00%	131	6 / 17 (35.29%)	KL156-D1_01_galF,98.99%,99.66%;KL156-D1_02_rmlB,95.84%,99.72%;KL156-D1_03_rmlD,96.32%,99.67%;KL156-D1_04_rmlA,96.58%,99.66%;KL156-D1_16_gnd,99.15%,99.79%;KL156-D1_17_ugd1,99.64%,97.23%	KL156-D1_05_rmlC;KL156-D1_06_wzx_KL156-D1;KL156-D1_07_gtr512;KL156-D1_08_gtr513;KL156-D1_09_wzy_KL156-D1;KL156-D1_10_ghl119;KL156-D1_11_gtr514;KL156-D1_12_gtr515;KL156-D1_13_reg;KL156-D1_14_gtr516;KL156-D1_15_gtr517	0		0 / 17 (0.00%)		0				ST10
3.3.2	Klebsiella_pneumoniae_Species_Complex_K	3.2.2	GCA_009824295.1	ST10	KL177	Capsule null	Untypeable	?-*!	92.48%	80.91%		5 / 25 (20.00%)	KL177_01_galF,90.59%,95.99%;KL177_18_gnd,95.09%,99.79%;KL177_20_manB,77.34%,91.04%,below_id_threshold;KL177_21_rmlB,78.95%,74.93%,truncated;KL177_22_rmlA,77.43%,88.62%,truncated	KL177_02_cpsACP;KL177_03_wzi;KL177_04_wza;KL177_05_wzb;KL177_06_wzc;KL177_07_wzy_KL177;KL177_08_gtr582;KL177_09_gtr583;KL177_10_gtr584;KL177_11_glf;KL177_12_gtr585;KL177_13_wcaJ49;KL177_14_wzx_KL177;KL177_15_ghl136;KL177_16_atr65;KL177_17_atr66;KL177_19_manC;KL177_23_rmlD;KL177_24_rmlC;KL177_25_ugd1	0		0 / 25 (0.00%)		1	KL170_23_ugd1,91.75%,99.74%	KL177_21_rmlB,78.95%,74.93%,truncated;KL177_22_rmlA,77.43%,88.62%,truncated		ST10
3.3.2	Klebsiella_pneumoniae_Species_Complex_K	3.2.2	GCA_009824335.1	ST10	KL156-D1	unknown	Untypeable	-!	97.04%	96.05%	-584	7 / 17 (41.18%)	KL156-D1_01_galF,99.66%,99.66%;KL156-D1_02_rmlB,94.46%,99.72%;KL156-D1_03_rmlD,94.65%,99.67%;KL156-D1_04_rmlA,97.26%,99.66%;KL156-D1_05_rmlC,94.74%,73.08%,truncated;KL156-D1_16_gnd,99.15%,99.79%;KL156-D1_17_ugd1,90.38%,71.97%,truncated	KL156-D1_06_wzx_KL156-D1;KL156-D1_07_gtr512;KL156-D1_08_gtr513;KL156-D1_09_wzy_KL156-D1;KL156-D1_10_ghl119;KL156-D1_11_gtr514;KL156-D1_12_gtr515;KL156-D1_13_reg;KL156-D1_14_gtr516;KL156-D1_15_gtr517	0		0 / 17 (0.00%)		0		KL156-D1_05_rmlC,94.74%,73.08%,truncated;KL156-D1_17_ugd1,90.38%,71.97%,truncated		ST10
3.3.2	Klebsiella_pneumoniae_Species_Complex_K	3.2.2	GCA_009824425.1	ST10	KL156-D1	unknown	Untypeable	-!	97.04%	96.05%	-584	7 / 17 (41.18%)	KL156-D1_01_galF,99.66%,99.66%;KL156-D1_02_rmlB,94.46%,99.72%;KL156-D1_03_rmlD,94.65%,99.67%;KL156-D1_04_rmlA,97.26%,99.66%;KL156-D1_05_rmlC,94.74%,73.08%,truncated;KL156-D1_16_gnd,99.15%,99.79%;KL156-D1_17_ugd1,90.38%,71.97%,truncated	KL156-D1_06_wzx_KL156-D1;KL156-D1_07_gtr512;KL156-D1_08_gtr513;KL156-D1_09_wzy_KL156-D1;KL156-D1_10_ghl119;KL156-D1_11_gtr514;KL156-D1_12_gtr515;KL156-D1_13_reg;KL156-D1_14_gtr516;KL156-D1_15_gtr517	0		0 / 17 (0.00%)		0		KL156-D1_05_rmlC,94.74%,73.08%,truncated;KL156-D1_17_ugd1,90.38%,71.97%,truncated		ST10
3.3.2	Klebsiella_pneumoniae_Species_Complex_K	3.2.2	GCA_009824475.1	ST10	KL156-D1	unknown	Untypeable	-!	97.04%	96.05%	-584	7 / 17 (41.18%)	KL156-D1_01_galF,99.66%,99.66%;KL156-D1_02_rmlB,94.46%,99.72%;KL156-D1_03_rmlD,94.65%,99.67%;KL156-D1_04_rmlA,97.26%,99.66%;KL156-D1_05_rmlC,94.74%,73.08%,truncated;KL156-D1_16_gnd,99.15%,99.79%;KL156-D1_17_ugd1,90.38%,71.97%,truncated	KL156-D1_06_wzx_KL156-D1;KL156-D1_07_gtr512;KL156-D1_08_gtr513;KL156-D1_09_wzy_KL156-D1;KL156-D1_10_ghl119;KL156-D1_11_gtr514;KL156-D1_12_gtr515;KL156-D1_13_reg;KL156-D1_14_gtr516;KL156-D1_15_gtr517	0		0 / 17 (0.00%)		0		KL156-D1_05_rmlC,94.74%,73.08%,truncated;KL156-D1_17_ugd1,90.38%,71.97%,truncated		ST10
3.3.2	Klebsiella_pneumoniae_Species_Complex_K	3.2.2	GCA_009824555.1	ST10	KL156-D1	unknown	Untypeable	-!	97.04%	96.05%	-584	7 / 17 (41.18%)	KL156-D1_01_galF,99.66%,99.66%;KL156-D1_02_rmlB,94.46%,99.72%;KL156-D1_03_rmlD,94.65%,99.67%;KL156-D1_04_rmlA,97.26%,99.66%;KL156-D1_05_rmlC,94.74%,73.08%,truncated;KL156-D1_16_gnd,99.15%,99.79%;KL156-D1_17_ugd1,90.38%,71.97%,truncated	KL156-D1_06_wzx_KL156-D1;KL156-D1_07_gtr512;KL156-D1_08_gtr513;KL156-D1_09_wzy_KL156-D1;KL156-D1_10_ghl119;KL156-D1_11_gtr514;KL156-D1_12_gtr515;KL156-D1_13_reg;KL156-D1_14_gtr516;KL156-D1_15_gtr517	0		0 / 17 (0.00%)		0		KL156-D1_05_rmlC,94.74%,73.08%,truncated;KL156-D1_17_ugd1,90.38%,71.97%,truncated		ST10
3.3.2	Klebsiella_pneumoniae_Species_Complex_K	3.2.2	GCA_009824615.1	ST10	KL114	unknown	Typeable	?-!	99.20%	96.68%		19 / 21 (90.48%)	KL114_01_galF,98.99%,99.67%;KL114_02_cpsACP,96.17%,99.52%;KL114_03_wzi,94.63%,99.67%;KL114_04_wza,99.47%,99.74%;KL114_05_wzb,100.00%,99.31%;KL114_06_wzc,99.72%,99.86%;KL114_07_wbaP36,99.79%,99.79%;KL114_08_wzy_KL114,99.53%,99.76%;KL114_09_gtr345,99.74%,99.74%;KL114_10_wzx_KL114,100.00%,99.80%;KL114_11_atr38,100.00%,99.47%;KL114_12_gtr346,99.74%,99.74%;KL114_13_ghl81,99.03%,99.81%;KL114_14_gtr347,100.00%,99.74%;KL114_15_atr39,100.00%,94.88%;KL114_16_gnd,99.79%,99.79%;KL114_17_manC,100.00%,68.01%,partial;KL114_18_manB,99.44%,78.12%,partial;KL114_19_ugd1,99.74%,99.74%		0		2 / 21 (9.52%)	KL114_17_manC,98.44%,40.68%,partial;KL114_18_manB,99.29%,30.63%,partial	5	KL31_19_manB,97.99%,76.15%,partial;KL63_18_manC,95.95%,68.01%,partial;KL156-D1_01_galF,98.80%,56.04%,truncated;KL156-D1_16_gnd,99.04%,44.56%,partial;KL156-D1_16_gnd,100.00%,14.50%,partial;KL156-D1_17_ugd1,99.60%,87.20%,partial;KL156-D1_17_ugd1,100.00%,5.88%,partial	KL31_19_manB,97.99%,76.15%,partial;KL63_18_manC,95.95%,68.01%,partial;KL114_17_manC,100.00%,68.01%,partial;KL114_17_manC,98.44%,40.68%,partial;KL114_18_manB,99.44%,78.12%,partial;KL114_18_manB,99.29%,30.63%,partial;KL156-D1_01_galF,98.80%,56.04%,truncated;KL156-D1_16_gnd,99.04%,44.56%,partial;KL156-D1_16_gnd,100.00%,14.50%,partial;KL156-D1_17_ugd1,99.60%,87.20%,partial;KL156-D1_17_ugd1,100.00%,5.88%,partial		ST10
3.3.2	Klebsiella_pneumoniae_Species_Complex_K	3.2.2	GCA_009824745.1	ST10	KL114	unknown	Typeable	?-!	98.91%	96.68%		19 / 21 (90.48%)	KL114_01_galF,98.99%,99.67%;KL114_02_cpsACP,96.17%,99.52%;KL114_03_wzi,94.63%,99.67%;KL114_04_wza,99.47%,99.74%;KL114_05_wzb,100.00%,99.31%;KL114_06_wzc,99.72%,99.86%;KL114_07_wbaP36,99.79%,99.79%;KL114_08_wzy_KL114,99.53%,99.76%;KL114_09_gtr345,99.74%,99.74%;KL114_10_wzx_KL114,100.00%,99.80%;KL114_11_atr38,100.00%,99.47%;KL114_12_gtr346,99.74%,99.74%;KL114_13_ghl81,99.03%,99.81%;KL114_14_gtr347,100.00%,99.74%;KL114_15_atr39,100.00%,94.88%;KL114_16_gnd,99.79%,99.79%;KL114_17_manC,100.00%,68.01%,partial;KL114_18_manB,99.44%,78.12%,partial;KL114_19_ugd1,99.74%,99.74%		0		2 / 21 (9.52%)	KL114_17_manC,98.44%,40.68%,partial;KL114_18_manB,99.29%,30.63%,partial	9	KL31_19_manB,97.99%,76.15%,partial;KL63_18_manC,95.95%,68.01%,partial;KL156-D1_01_galF,99.33%,99.66%;KL156-D1_02_rmlB,95.01%,99.72%;KL156-D1_03_rmlD,97.32%,99.67%;KL156-D1_04_rmlA,98.29%,99.66%;KL156-D1_05_rmlC,95.38%,71.43%,truncated;KL156-D1_16_gnd,99.36%,99.79%;KL156-D1_17_ugd1,99.29%,97.23%	KL31_19_manB,97.99%,76.15%,partial;KL63_18_manC,95.95%,68.01%,partial;KL114_17_manC,100.00%,68.01%,partial;KL114_17_manC,98.44%,40.68%,partial;KL114_18_manB,99.44%,78.12%,partial;KL114_18_manB,99.29%,30.63%,partial;KL156-D1_05_rmlC,95.38%,71.43%,truncated		ST10
3.3.2	Klebsiella_pneumoniae_Species_Complex_K	3.2.2	GCA_009824835.1	ST10	KL156-D1	unknown	Untypeable	-!	97.60%	100.00%	416	7 / 17 (41.18%)	KL156-D1_01_galF,99.66%,99.66%;KL156-D1_02_rmlB,95.01%,99.72%;KL156-D1_03_rmlD,95.99%,99.67%;KL156-D1_04_rmlA,96.92%,99.66%;KL156-D1_05_rmlC,94.20%,75.82%,truncated;KL156-D1_16_gnd,98.72%,99.79%;KL156-D1_17_ugd1,99.29%,97.23%	KL156-D1_06_wzx_KL156-D1;KL156-D1_07_gtr512;KL156-D1_08_gtr513;KL156-D1_09_wzy_KL156-D1;KL156-D1_10_ghl119;KL156-D1_11_gtr514;KL156-D1_12_gtr515;KL156-D1_13_reg;KL156-D1_14_gtr516;KL156-D1_15_gtr517	0		0 / 17 (0.00%)		0		KL156-D1_05_rmlC,94.20%,75.82%,truncated		ST10
3.3.2	Klebsiella_pneumoniae_Species_Complex_K	3.2.2	GCA_009825065.1	ST10	KL114	unknown	Typeable	?-!	99.02%	78.87%		16 / 20 (80.00%)	KL114_01_galF,98.66%,99.67%;KL114_02_cpsACP,96.17%,99.52%;KL114_03_wzi,94.63%,99.67%;KL114_04_wza,99.47%,99.74%;KL114_05_wzb,100.00%,99.31%;KL114_06_wzc,99.58%,99.86%;KL114_07_wbaP36,99.79%,99.79%;KL114_08_wzy_KL114,99.53%,99.76%;KL114_09_gtr345,99.74%,99.74%;KL114_10_wzx_KL114,100.00%,99.80%;KL114_11_atr38,100.00%,99.47%;KL114_12_gtr346,99.74%,99.74%;KL114_13_ghl81,99.03%,99.81%;KL114_14_gtr347,100.00%,99.74%;KL114_17_manC,98.44%,40.68%,partial;KL114_18_manB,98.56%,76.15%,partial	KL114_15_atr39;KL114_16_gnd;KL114_19_ugd1	0		1 / 20 (5.00%)	KL114_18_manB,99.29%,30.63%,partial	2	KL72_03_wzi,100.00%,48.12%,partial;KL72_11_ptr32,87.50%,2.01%,partial	KL72_03_wzi,100.00%,48.12%,partial;KL72_11_ptr32,87.50%,2.01%,partial;KL114_17_manC,98.44%,40.68%,partial;KL114_18_manB,98.56%,76.15%,partial;KL114_18_manB,99.29%,30.63%,partial		ST10
3.3.2	Klebsiella_pneumoniae_Species_Complex_K	3.2.2	GCA_009825195.1	ST10	KL156-D1	unknown	Untypeable	-!	97.04%	96.05%	-584	7 / 17 (41.18%)	KL156-D1_01_galF,99.66%,99.66%;KL156-D1_02_rmlB,94.46%,99.72%;KL156-D1_03_rmlD,94.65%,99.67%;KL156-D1_04_rmlA,97.26%,99.66%;KL156-D1_05_rmlC,94.74%,73.08%,truncated;KL156-D1_16_gnd,99.15%,99.79%;KL156-D1_17_ugd1,90.38%,71.97%,truncated	KL156-D1_06_wzx_KL156-D1;KL156-D1_07_gtr512;KL156-D1_08_gtr513;KL156-D1_09_wzy_KL156-D1;KL156-D1_10_ghl119;KL156-D1_11_gtr514;KL156-D1_12_gtr515;KL156-D1_13_reg;KL156-D1_14_gtr516;KL156-D1_15_gtr517	0		0 / 17 (0.00%)		0		KL156-D1_05_rmlC,94.74%,73.08%,truncated;KL156-D1_17_ugd1,90.38%,71.97%,truncated		ST10
3.3.2	Klebsiella_pneumoniae_Species_Complex_K	3.2.2	GCA_009825265.1	ST10	KL54	K54	Typeable		96.52%	100.00%	378	20 / 20 (100.00%)	KL54_01_galF,98.32%,99.67%;KL54_02_cpsACP,91.87%,99.52%;KL54_03_wzi,98.33%,99.79%;KL54_04_wza,96.55%,99.74%;KL54_05_wzb,96.53%,99.31%;KL54_06_wzc,96.79%,99.86%;KL54_07_gtr208,95.08%,99.74%;KL54_08_wzx_KL54,95.33%,99.75%;KL54_09_wzy_KL54,96.39%,99.72%;KL54_10_atr24,97.21%,99.44%;KL54_11_gtr209,95.75%,99.67%;KL54_12_gmd,99.19%,99.73%;KL54_13_fcl,96.27%,99.69%;KL54_14_gmm,94.08%,99.35%;KL54_15_gtr2,92.06%,99.75%;KL54_16_wcaJ1,99.14%,99.79%;KL54_17_gnd,99.57%,99.79%;KL54_18_manC,98.73%,99.79%;KL54_19_manB,99.56%,99.78%;KL54_20_ugd1,99.74%,99.74%		0		0 / 20 (0.00%)		1	KL169_01_galF,90.34%,96.99%			ST10
3.3.2	Klebsiella_pneumoniae_Species_Complex_K	3.2.2	GCA_009900075.1	ST10	KL156-D1	unknown	Typeable	!	98.90%	99.89%	-16	17 / 17 (100.00%)	KL156-D1_01_galF,99.33%,99.66%;KL156-D1_02_rmlB,99.72%,99.72%;KL156-D1_03_rmlD,99.00%,99.67%;KL156-D1_04_rmlA,99.66%,99.66%;KL156-D1_05_rmlC,100.00%,99.45%;KL156-D1_06_wzx_KL156-D1,99.76%,99.76%;KL156-D1_07_gtr512,99.66%,99.66%;KL156-D1_08_gtr513,99.31%,99.66%;KL156-D1_09_wzy_KL156-D1,99.21%,99.74%;KL156-D1_10_ghl119,99.19%,99.20%;KL156-D1_11_gtr514,99.22%,99.23%;KL156-D1_12_gtr515,100.00%,13.41%,truncated;KL156-D1_13_reg,97.83%,100.00%;KL156-D1_14_gtr516,92.96%,100.00%;KL156-D1_15_gtr517,99.16%,99.17%;KL156-D1_16_gnd,99.15%,99.79%;KL156-D1_17_ugd1,99.29%,97.23%		0		0 / 17 (0.00%)		0		KL156-D1_12_gtr515,100.00%,13.41%,truncated		ST10
3.3.2	Klebsiella_pneumoniae_Species_Complex_K	3.2.2	GCA_009900285.1	ST10	KL124	unknown	Typeable	!	99.00%	100.00%	401	22 / 22 (100.00%)	KL124_01_galF,99.33%,99.67%;KL124_02_cpsACP,92.11%,18.10%,truncated;KL124_03_wzi,97.44%,40.79%,truncated;KL124_04_wza,99.47%,99.74%;KL124_05_wzb,99.31%,99.31%;KL124_06_wzc,99.58%,99.86%;KL124_07_wbaP38,99.58%,99.79%;KL124_08_gtr383,99.34%,99.67%;KL124_09_gtr384,99.66%,99.66%;KL124_10_gtr385,97.84%,99.64%;KL124_11_wzy_KL124,98.96%,99.74%;KL124_12_ghl91,98.31%,99.76%;KL124_13_ptr43,98.82%,99.76%;KL124_14_gtr386,99.02%,99.76%;KL124_15_wzx_KL124,99.55%,99.77%;KL124_16_gnd,99.79%,99.79%;KL124_17_atr43,84.15%,15.02%,truncated;KL124_18_rmlB,99.15%,99.72%;KL124_19_rmlA,97.89%,98.28%;KL124_20_rmlD,99.32%,99.66%;KL124_21_rmlC,97.83%,99.46%;KL124_22_ugd1,99.74%,99.74%		0		0 / 22 (0.00%)		2	KL31_18_manC,98.94%,99.79%;KL31_19_manB,97.54%,97.81%	KL124_02_cpsACP,92.11%,18.10%,truncated;KL124_03_wzi,97.44%,40.79%,truncated;KL124_17_atr43,84.15%,15.02%,truncated		ST10
3.3.2	Klebsiella_pneumoniae_Species_Complex_K	3.2.2	GCA_009900425.1	ST10	KL114	unknown	Typeable	?-!	99.18%	96.68%		19 / 21 (90.48%)	KL114_01_galF,98.66%,99.67%;KL114_02_cpsACP,96.17%,99.52%;KL114_03_wzi,94.63%,99.67%;KL114_04_wza,99.47%,99.74%;KL114_05_wzb,100.00%,99.31%;KL114_06_wzc,99.72%,99.86%;KL114_07_wbaP36,99.79%,99.79%;KL114_08_wzy_KL114,99.53%,99.76%;KL114_09_gtr345,99.74%,99.74%;KL114_10_wzx_KL114,100.00%,99.80%;KL114_11_atr38,100.00%,99.47%;KL114_12_gtr346,99.74%,99.74%;KL114_13_ghl81,99.03%,99.81%;KL114_14_gtr347,100.00%,99.74%;KL114_15_atr39,100.00%,94.88%;KL114_16_gnd,99.79%,99.79%;KL114_17_manC,100.00%,68.01%,partial;KL114_18_manB,99.44%,78.12%,partial;KL114_19_ugd1,99.74%,99.74%		0		2 / 21 (9.52%)	KL114_17_manC,98.44%,40.68%,partial;KL114_18_manB,99.29%,30.63%,partial	3	KL25_11_gtr92,98.65%,47.28%,partial;KL31_19_manB,97.99%,76.15%,partial;KL63_18_manC,95.95%,68.01%,partial	KL25_11_gtr92,98.65%,47.28%,partial;KL31_19_manB,97.99%,76.15%,partial;KL63_18_manC,95.95%,68.01%,partial;KL114_17_manC,100.00%,68.01%,partial;KL114_17_manC,98.44%,40.68%,partial;KL114_18_manB,99.44%,78.12%,partial;KL114_18_manB,99.29%,30.63%,partial		ST10
3.3.2	Klebsiella_pneumoniae_Species_Complex_K	3.2.2	GCA_009900585.1	ST10	KL13	Capsule null	Untypeable	-!	89.43%	100.00%	10114	5 / 19 (26.32%)	KL13_01_galF,89.80%,97.67%;KL13_04_wza,77.72%,50.92%,truncated;KL13_16_gnd,95.51%,99.79%;KL13_18_manB,80.58%,81.02%,truncated;KL13_19_ugd1,82.99%,99.74%	KL13_02_cpsACP;KL13_03_wzi;KL13_05_wzb;KL13_06_wzc;KL13_07_gtr45;KL13_08_gtr46;KL13_09_wzy_KL13;KL13_10_gtr47;KL13_11_wzx_KL13;KL13_12_ptr9;KL13_13_gtr48;KL13_14_ghl11;KL13_15_wcaJ8;KL13_17_manC	0		0 / 19 (0.00%)		0		KL13_04_wza,77.72%,50.92%,truncated;KL13_18_manB,80.58%,81.02%,truncated		ST10
3.3.2	Klebsiella_pneumoniae_Species_Complex_K	3.2.2	GCA_009900625.1	ST10	KL13	Capsule null	Untypeable	-!	89.43%	100.00%	10114	5 / 19 (26.32%)	KL13_01_galF,89.80%,97.67%;KL13_04_wza,77.72%,50.92%,truncated;KL13_16_gnd,95.51%,99.79%;KL13_18_manB,80.58%,81.02%,truncated;KL13_19_ugd1,82.99%,99.74%	KL13_02_cpsACP;KL13_03_wzi;KL13_05_wzb;KL13_06_wzc;KL13_07_gtr45;KL13_08_gtr46;KL13_09_wzy_KL13;KL13_10_gtr47;KL13_11_wzx_KL13;KL13_12_ptr9;KL13_13_gtr48;KL13_14_ghl11;KL13_15_wcaJ8;KL13_17_manC	0		0 / 19 (0.00%)		0		KL13_04_wza,77.72%,50.92%,truncated;KL13_18_manB,80.58%,81.02%,truncated		ST10
3.3.2	Klebsiella_pneumoniae_Species_Complex_K	3.2.2	GCA_009900645.1	ST10	KL13	Capsule null	Untypeable	-!	89.43%	100.00%	10114	5 / 19 (26.32%)	KL13_01_galF,89.80%,97.67%;KL13_04_wza,77.72%,50.92%,truncated;KL13_16_gnd,95.51%,99.79%;KL13_18_manB,80.58%,81.02%,truncated;KL13_19_ugd1,82.99%,99.74%	KL13_02_cpsACP;KL13_03_wzi;KL13_05_wzb;KL13_06_wzc;KL13_07_gtr45;KL13_08_gtr46;KL13_09_wzy_KL13;KL13_10_gtr47;KL13_11_wzx_KL13;KL13_12_ptr9;KL13_13_gtr48;KL13_14_ghl11;KL13_15_wcaJ8;KL13_17_manC	0		0 / 19 (0.00%)		0		KL13_04_wza,77.72%,50.92%,truncated;KL13_18_manB,80.58%,81.02%,truncated		ST10
3.3.2	Klebsiella_pneumoniae_Species_Complex_K	3.2.2	GCA_009901125.1	ST10	KL112	Capsule null	Untypeable	-!	91.08%	88.88%	-2711	4 / 18 (22.22%)	KL112_01_galF,90.24%,95.99%;KL112_15_gnd,95.09%,99.79%;KL112_16_manC,61.97%,75.21%,truncated;KL112_17_manB,80.58%,83.15%,truncated	KL112_02_cpsACP;KL112_03_wzi;KL112_04_wza;KL112_05_wzb;KL112_06_wzc;KL112_07_wbaP35;KL112_08_ghl80;KL112_09_wzy_KL112;KL112_10_gtr340;KL112_11_gtr341;KL112_12_gtr168;KL112_13_gtr342;KL112_14_wzx_KL112;KL112_18_ugd1	0		0 / 18 (0.00%)		2	KL6_11_gmd,90.33%,97.05%;KL169_25_ugd1,88.66%,99.74%	KL112_16_manC,61.97%,75.21%,truncated;KL112_17_manB,80.58%,83.15%,truncated		ST10
3.3.2	Klebsiella_pneumoniae_Species_Complex_K	3.2.2	GCA_009901145.1	ST10	KL114	unknown	Typeable	?-!	99.18%	96.68%		19 / 21 (90.48%)	KL114_01_galF,98.66%,99.67%;KL114_02_cpsACP,96.17%,99.52%;KL114_03_wzi,94.63%,99.67%;KL114_04_wza,99.47%,99.74%;KL114_05_wzb,100.00%,99.31%;KL114_06_wzc,99.72%,99.86%;KL114_07_wbaP36,99.79%,99.79%;KL114_08_wzy_KL114,99.53%,99.76%;KL114_09_gtr345,99.74%,99.74%;KL114_10_wzx_KL114,100.00%,99.80%;KL114_11_atr38,100.00%,99.47%;KL114_12_gtr346,99.74%,99.74%;KL114_13_ghl81,99.03%,99.81%;KL114_14_gtr347,100.00%,99.74%;KL114_15_atr39,100.00%,94.88%;KL114_16_gnd,99.79%,99.79%;KL114_17_manC,100.00%,68.01%,partial;KL114_18_manB,99.44%,78.12%,partial;KL114_19_ugd1,99.74%,99.74%		0		2 / 21 (9.52%)	KL114_17_manC,98.44%,40.68%,partial;KL114_18_manB,99.29%,30.63%,partial	2	KL31_19_manB,97.99%,76.15%,partial;KL63_18_manC,95.95%,68.01%,partial	KL31_19_manB,97.99%,76.15%,partial;KL63_18_manC,95.95%,68.01%,partial;KL114_17_manC,100.00%,68.01%,partial;KL114_17_manC,98.44%,40.68%,partial;KL114_18_manB,99.44%,78.12%,partial;KL114_18_manB,99.29%,30.63%,partial		ST10
3.3.2	Klebsiella_pneumoniae_Species_Complex_K	3.2.2	GCA_009901165.1	ST10	KL114	unknown	Typeable	?-!	99.18%	96.68%		19 / 21 (90.48%)	KL114_01_galF,98.66%,99.67%;KL114_02_cpsACP,96.17%,99.52%;KL114_03_wzi,94.63%,99.67%;KL114_04_wza,99.47%,99.74%;KL114_05_wzb,100.00%,99.31%;KL114_06_wzc,99.72%,99.86%;KL114_07_wbaP36,99.79%,99.79%;KL114_08_wzy_KL114,99.53%,99.76%;KL114_09_gtr345,99.74%,99.74%;KL114_10_wzx_KL114,100.00%,99.80%;KL114_11_atr38,100.00%,99.47%;KL114_12_gtr346,99.74%,99.74%;KL114_13_ghl81,99.03%,99.81%;KL114_14_gtr347,100.00%,99.74%;KL114_15_atr39,100.00%,94.88%;KL114_16_gnd,99.79%,99.79%;KL114_17_manC,100.00%,68.01%,partial;KL114_18_manB,99.44%,78.12%,partial;KL114_19_ugd1,99.74%,99.74%		0		2 / 21 (9.52%)	KL114_17_manC,98.44%,40.68%,partial;KL114_18_manB,99.29%,30.63%,partial	4	KL25_04_wza,99.12%,30.08%,partial;KL25_10_ghl22,98.63%,38.93%,partial;KL25_10_ghl22,96.80%,33.33%,partial;KL31_19_manB,97.99%,76.15%,partial;KL63_18_manC,95.95%,68.01%,partial	KL25_04_wza,99.12%,30.08%,partial;KL25_10_ghl22,98.63%,38.93%,partial;KL25_10_ghl22,96.80%,33.33%,partial;KL31_19_manB,97.99%,76.15%,partial;KL63_18_manC,95.95%,68.01%,partial;KL114_17_manC,100.00%,68.01%,partial;KL114_17_manC,98.44%,40.68%,partial;KL114_18_manB,99.44%,78.12%,partial;KL114_18_manB,99.29%,30.63%,partial		ST10
3.3.2	Klebsiella_pneumoniae_Species_Complex_K	3.2.2	GCA_009901185.1	ST10	KL9	Capsule null	Untypeable	?-*!	92.43%	58.14%		5 / 19 (26.32%)	KL9_01_galF,89.35%,97.32%;KL9_14_gnd,95.51%,99.79%;KL9_15_rmlB,78.57%,74.93%,truncated;KL9_16_rmlA,77.43%,88.62%,truncated;KL9_19_ugd1,82.47%,99.74%,below_id_threshold	KL9_02_cpsACP;KL9_03_wzi;KL9_04_wza;KL9_05_wzb;KL9_06_wzc;KL9_07_wbaP2;KL9_08_gtr29;KL9_09_gtr30;KL9_10_wzy_KL9;KL9_11_gtr31;KL9_12_ghl7;KL9_13_wzx_KL9;KL9_17_rmlD;KL9_18_rmlC	0		0 / 19 (0.00%)		0		KL9_15_rmlB,78.57%,74.93%,truncated;KL9_16_rmlA,77.43%,88.62%,truncated		ST10
3.3.2	Klebsiella_pneumoniae_Species_Complex_K	3.2.2	GCA_011317875.1	ST10	KL114	unknown	Typeable	?-!	99.17%	96.68%		19 / 21 (90.48%)	KL114_01_galF,98.66%,99.67%;KL114_02_cpsACP,96.17%,99.52%;KL114_03_wzi,94.63%,99.67%;KL114_04_wza,99.47%,99.74%;KL114_05_wzb,100.00%,99.31%;KL114_06_wzc,99.58%,99.86%;KL114_07_wbaP36,99.79%,99.79%;KL114_08_wzy_KL114,99.53%,99.76%;KL114_09_gtr345,99.74%,99.74%;KL114_10_wzx_KL114,100.00%,99.80%;KL114_11_atr38,100.00%,99.47%;KL114_12_gtr346,99.74%,99.74%;KL114_13_ghl81,99.03%,99.81%;KL114_14_gtr347,100.00%,99.74%;KL114_15_atr39,100.00%,94.88%;KL114_16_gnd,99.79%,99.79%;KL114_17_manC,100.00%,68.01%,partial;KL114_18_manB,99.44%,78.12%,partial;KL114_19_ugd1,99.74%,99.74%		0		2 / 21 (9.52%)	KL114_17_manC,98.44%,40.68%,partial;KL114_18_manB,99.29%,30.63%,partial	2	KL31_19_manB,97.99%,76.15%,partial;KL63_18_manC,95.95%,68.01%,partial	KL31_19_manB,97.99%,76.15%,partial;KL63_18_manC,95.95%,68.01%,partial;KL114_17_manC,100.00%,68.01%,partial;KL114_17_manC,98.44%,40.68%,partial;KL114_18_manB,99.44%,78.12%,partial;KL114_18_manB,99.29%,30.63%,partial		ST10
3.3.2	Klebsiella_pneumoniae_Species_Complex_K	3.2.2	GCA_011317975.1	ST10	KL114	unknown	Typeable	?-!	99.17%	100.00%		19 / 21 (90.48%)	KL114_01_galF,98.66%,99.67%;KL114_02_cpsACP,96.17%,99.52%;KL114_03_wzi,94.63%,99.67%;KL114_04_wza,99.47%,99.74%;KL114_05_wzb,100.00%,99.31%;KL114_06_wzc,99.58%,99.86%;KL114_07_wbaP36,99.79%,99.79%;KL114_08_wzy_KL114,99.53%,99.76%;KL114_09_gtr345,99.74%,99.74%;KL114_10_wzx_KL114,100.00%,99.80%;KL114_11_atr38,100.00%,99.47%;KL114_12_gtr346,99.74%,99.74%;KL114_13_ghl81,99.03%,99.81%;KL114_14_gtr347,100.00%,99.74%;KL114_15_atr39,100.00%,94.88%;KL114_16_gnd,99.79%,99.79%;KL114_17_manC,100.00%,68.01%,partial;KL114_18_manB,99.44%,78.12%,partial;KL114_19_ugd1,99.74%,99.74%		0		2 / 21 (9.52%)	KL114_17_manC,98.44%,40.68%,partial;KL114_18_manB,99.29%,30.63%,partial	6	KL31_19_manB,97.99%,76.15%,partial;KL63_18_manC,95.95%,68.01%,partial;KL137_03_wzi,100.00%,28.12%,partial;KL137_08_gtr430,100.00%,38.87%,partial;KL137_21_rmlA,100.00%,24.83%,partial;KL137_22_rmlD,95.45%,14.81%,partial	KL31_19_manB,97.99%,76.15%,partial;KL63_18_manC,95.95%,68.01%,partial;KL114_17_manC,100.00%,68.01%,partial;KL114_17_manC,98.44%,40.68%,partial;KL114_18_manB,99.44%,78.12%,partial;KL114_18_manB,99.29%,30.63%,partial;KL137_03_wzi,100.00%,28.12%,partial;KL137_08_gtr430,100.00%,38.87%,partial;KL137_21_rmlA,100.00%,24.83%,partial;KL137_22_rmlD,95.45%,14.81%,partial		ST10
3.3.2	Klebsiella_pneumoniae_Species_Complex_K	3.2.2	GCA_011318395.1	ST10	KL156-D1	unknown	Untypeable	-	97.18%	100.00%	246	6 / 17 (35.29%)	KL156-D1_01_galF,99.66%,99.66%;KL156-D1_02_rmlB,95.57%,99.72%;KL156-D1_03_rmlD,95.32%,99.67%;KL156-D1_04_rmlA,94.10%,98.29%;KL156-D1_16_gnd,99.15%,99.79%;KL156-D1_17_ugd1,99.29%,97.23%	KL156-D1_05_rmlC;KL156-D1_06_wzx_KL156-D1;KL156-D1_07_gtr512;KL156-D1_08_gtr513;KL156-D1_09_wzy_KL156-D1;KL156-D1_10_ghl119;KL156-D1_11_gtr514;KL156-D1_12_gtr515;KL156-D1_13_reg;KL156-D1_14_gtr516;KL156-D1_15_gtr517	0		0 / 17 (0.00%)		2	KL13_09_wzy_KL13,96.50%,34.13%,partial;KL31_19_manB,100.00%,32.82%,partial	KL13_09_wzy_KL13,96.50%,34.13%,partial;KL31_19_manB,100.00%,32.82%,partial		ST10
3.3.2	Klebsiella_pneumoniae_Species_Complex_K	3.2.2	GCA_011763075.1	ST10	KL177	Capsule null	Untypeable	?-*!	89.47%	84.92%		6 / 25 (24.00%)	KL177_01_galF,90.59%,95.99%;KL177_18_gnd,95.09%,99.79%;KL177_20_manB,77.57%,91.04%,below_id_threshold;KL177_21_rmlB,78.95%,74.93%,truncated;KL177_22_rmlA,77.43%,88.62%,truncated;KL177_25_ugd1,82.73%,99.74%	KL177_02_cpsACP;KL177_03_wzi;KL177_04_wza;KL177_05_wzb;KL177_06_wzc;KL177_07_wzy_KL177;KL177_08_gtr582;KL177_09_gtr583;KL177_10_gtr584;KL177_11_glf;KL177_12_gtr585;KL177_13_wcaJ49;KL177_14_wzx_KL177;KL177_15_ghl136;KL177_16_atr65;KL177_17_atr66;KL177_19_manC;KL177_23_rmlD;KL177_24_rmlC	0		0 / 25 (0.00%)		0		KL177_21_rmlB,78.95%,74.93%,truncated;KL177_22_rmlA,77.43%,88.62%,truncated		ST10
3.3.2	Klebsiella_pneumoniae_Species_Complex_K	3.2.2	GCA_011763135.1	ST10	KL156-D1	unknown	Untypeable	-!	97.60%	100.00%	416	7 / 17 (41.18%)	KL156-D1_01_galF,99.66%,99.66%;KL156-D1_02_rmlB,95.01%,99.72%;KL156-D1_03_rmlD,95.99%,99.67%;KL156-D1_04_rmlA,96.92%,99.66%;KL156-D1_05_rmlC,94.20%,75.82%,truncated;KL156-D1_16_gnd,98.72%,99.79%;KL156-D1_17_ugd1,99.29%,97.23%	KL156-D1_06_wzx_KL156-D1;KL156-D1_07_gtr512;KL156-D1_08_gtr513;KL156-D1_09_wzy_KL156-D1;KL156-D1_10_ghl119;KL156-D1_11_gtr514;KL156-D1_12_gtr515;KL156-D1_13_reg;KL156-D1_14_gtr516;KL156-D1_15_gtr517	0		0 / 17 (0.00%)		0		KL156-D1_05_rmlC,94.20%,75.82%,truncated		ST10
3.3.2	Klebsiella_pneumoniae_Species_Complex_K	3.2.2	GCA_011763275.1	ST10	KL177	Capsule null	Untypeable	?-*!	89.47%	84.92%		6 / 25 (24.00%)	KL177_01_galF,90.59%,95.99%;KL177_18_gnd,95.09%,99.79%;KL177_20_manB,77.57%,91.04%,below_id_threshold;KL177_21_rmlB,78.95%,74.93%,truncated;KL177_22_rmlA,77.43%,88.62%,truncated;KL177_25_ugd1,82.73%,99.74%	KL177_02_cpsACP;KL177_03_wzi;KL177_04_wza;KL177_05_wzb;KL177_06_wzc;KL177_07_wzy_KL177;KL177_08_gtr582;KL177_09_gtr583;KL177_10_gtr584;KL177_11_glf;KL177_12_gtr585;KL177_13_wcaJ49;KL177_14_wzx_KL177;KL177_15_ghl136;KL177_16_atr65;KL177_17_atr66;KL177_19_manC;KL177_23_rmlD;KL177_24_rmlC	0		0 / 25 (0.00%)		0		KL177_21_rmlB,78.95%,74.93%,truncated;KL177_22_rmlA,77.43%,88.62%,truncated		ST10
3.3.2	Klebsiella_pneumoniae_Species_Complex_K	3.2.2	GCA_011763295.1	ST10	KL156-D1	unknown	Untypeable	-!	97.60%	100.00%	416	7 / 17 (41.18%)	KL156-D1_01_galF,99.66%,99.66%;KL156-D1_02_rmlB,95.01%,99.72%;KL156-D1_03_rmlD,95.99%,99.67%;KL156-D1_04_rmlA,96.92%,99.66%;KL156-D1_05_rmlC,94.20%,75.82%,truncated;KL156-D1_16_gnd,98.72%,99.79%;KL156-D1_17_ugd1,99.29%,97.23%	KL156-D1_06_wzx_KL156-D1;KL156-D1_07_gtr512;KL156-D1_08_gtr513;KL156-D1_09_wzy_KL156-D1;KL156-D1_10_ghl119;KL156-D1_11_gtr514;KL156-D1_12_gtr515;KL156-D1_13_reg;KL156-D1_14_gtr516;KL156-D1_15_gtr517	0		0 / 17 (0.00%)		0		KL156-D1_05_rmlC,94.20%,75.82%,truncated		ST10
3.3.2	Klebsiella_pneumoniae_Species_Complex_K	3.2.2	GCA_011763315.1	ST10	KL156-D1	unknown	Untypeable	+-*	97.65%	100.00%	1037	6 / 17 (35.29%)	KL156-D1_01_galF,99.33%,99.66%;KL156-D1_02_rmlB,95.84%,99.72%;KL156-D1_03_rmlD,95.32%,99.67%;KL156-D1_04_rmlA,97.60%,99.66%;KL156-D1_16_gnd,98.50%,99.79%;KL156-D1_17_ugd1,99.29%,97.23%	KL156-D1_05_rmlC;KL156-D1_06_wzx_KL156-D1;KL156-D1_07_gtr512;KL156-D1_08_gtr513;KL156-D1_09_wzy_KL156-D1;KL156-D1_10_ghl119;KL156-D1_11_gtr514;KL156-D1_12_gtr515;KL156-D1_13_reg;KL156-D1_14_gtr516;KL156-D1_15_gtr517	1	KL174_19_manB,77.52%,93.22%,below_id_threshold	0 / 17 (0.00%)		0				ST10
3.3.2	Klebsiella_pneumoniae_Species_Complex_K	3.2.2	GCA_022488185.1	ST10	KL156-D1	unknown	Untypeable	-	97.10%	100.00%	774	6 / 17 (35.29%)	KL156-D1_01_galF,99.66%,99.66%;KL156-D1_02_rmlB,95.01%,99.72%;KL156-D1_03_rmlD,94.98%,99.67%;KL156-D1_04_rmlA,94.72%,96.93%;KL156-D1_16_gnd,98.93%,99.79%;KL156-D1_17_ugd1,99.29%,97.23%	KL156-D1_05_rmlC;KL156-D1_06_wzx_KL156-D1;KL156-D1_07_gtr512;KL156-D1_08_gtr513;KL156-D1_09_wzy_KL156-D1;KL156-D1_10_ghl119;KL156-D1_11_gtr514;KL156-D1_12_gtr515;KL156-D1_13_reg;KL156-D1_14_gtr516;KL156-D1_15_gtr517	0		0 / 17 (0.00%)		0				ST10
3.3.2	Klebsiella_pneumoniae_Species_Complex_K	3.2.2	GCA_022488205.1	ST10	KL156-D1	unknown	Untypeable	-	97.10%	100.00%	774	6 / 17 (35.29%)	KL156-D1_01_galF,99.66%,99.66%;KL156-D1_02_rmlB,95.01%,99.72%;KL156-D1_03_rmlD,94.98%,99.67%;KL156-D1_04_rmlA,94.72%,96.93%;KL156-D1_16_gnd,98.93%,99.79%;KL156-D1_17_ugd1,99.29%,97.23%	KL156-D1_05_rmlC;KL156-D1_06_wzx_KL156-D1;KL156-D1_07_gtr512;KL156-D1_08_gtr513;KL156-D1_09_wzy_KL156-D1;KL156-D1_10_ghl119;KL156-D1_11_gtr514;KL156-D1_12_gtr515;KL156-D1_13_reg;KL156-D1_14_gtr516;KL156-D1_15_gtr517	0		0 / 17 (0.00%)		0				ST10
3.3.2	Klebsiella_pneumoniae_Species_Complex_K	3.2.2	GCA_022488345.1	ST10	KL156-D1	unknown	Untypeable	-	97.10%	100.00%	774	6 / 17 (35.29%)	KL156-D1_01_galF,99.66%,99.66%;KL156-D1_02_rmlB,95.01%,99.72%;KL156-D1_03_rmlD,94.98%,99.67%;KL156-D1_04_rmlA,94.72%,96.93%;KL156-D1_16_gnd,98.93%,99.79%;KL156-D1_17_ugd1,99.29%,97.23%	KL156-D1_05_rmlC;KL156-D1_06_wzx_KL156-D1;KL156-D1_07_gtr512;KL156-D1_08_gtr513;KL156-D1_09_wzy_KL156-D1;KL156-D1_10_ghl119;KL156-D1_11_gtr514;KL156-D1_12_gtr515;KL156-D1_13_reg;KL156-D1_14_gtr516;KL156-D1_15_gtr517	0		0 / 17 (0.00%)		0				ST10
3.3.2	Klebsiella_pneumoniae_Species_Complex_K	3.2.2	GCA_022968555.1	ST10	KL158	unknown	Typeable	?!	99.08%	96.45%		22 / 22 (100.00%)	KL158_01_galF,99.33%,99.67%;KL158_02_cpsACP,93.30%,99.52%;KL158_03_wzi,99.79%,99.79%;KL158_04_wza,100.00%,99.74%;KL158_05_wzb,99.31%,99.32%;KL158_06_wzc,99.72%,99.86%;KL158_07_gtr522,99.67%,99.67%;KL158_08_wcaJ43,100.00%,99.79%;KL158_09_wzy_KL158,100.00%,99.75%;KL158_10_gtr523,100.00%,99.73%;KL158_11_gtr524,100.00%,99.65%;KL158_12_gtr525,100.00%,99.66%;KL158_13_atr57,100.00%,99.50%;KL158_14_gtr526,99.76%,99.76%;KL158_15_ghl121,100.00%,1.14%,truncated;KL158_16_wzx_KL158,99.38%,99.79%;KL158_17_gnd,100.00%,99.79%;KL158_18_rmlB,99.44%,99.72%;KL158_19_rmlA,100.00%,99.66%;KL158_20_rmlD,100.00%,99.66%;KL158_21_rmlC,100.00%,99.46%;KL158_22_ugd1,99.74%,99.74%		0		0 / 22 (0.00%)		1	KL169_01_galF,90.34%,96.99%	KL158_15_ghl121,100.00%,1.14%,truncated		ST10
3.3.2	Klebsiella_pneumoniae_Species_Complex_K	3.2.2	GCA_024330145.2	ST10	KL64	Capsule null	Untypeable	?-*!	89.24%	83.57%		7 / 24 (29.17%)	KL64_01_galF,89.62%,96.66%;KL64_17_gnd,95.51%,99.79%;KL64_18_manC,61.22%,83.05%,truncated;KL64_19_manB,77.78%,94.31%,below_id_threshold;KL64_20_rmlB,78.91%,74.32%,truncated;KL64_21_rmlA,77.17%,87.59%,truncated;KL64_24_ugd1,82.60%,98.97%	KL64_02_cpsACP;KL64_03_wzi;KL64_04_wza;KL64_05_wzb;KL64_06_wzc;KL64_07_wzx_KL64;KL64_08_ptr26;KL64_09_gtr242;KL64_10_wzy_KL64;KL64_11_gtr243;KL64_12_gtr244;KL64_13_gtr245;KL64_14_ghl58;KL64_15_gtr246;KL64_16_wcaJ27;KL64_22_rmlD;KL64_23_rmlC	0		0 / 24 (0.00%)		0		KL64_18_manC,61.22%,83.05%,truncated;KL64_20_rmlB,78.91%,74.32%,truncated;KL64_21_rmlA,77.17%,87.59%,truncated		ST10
3.3.2	Klebsiella_pneumoniae_Species_Complex_K	3.2.2	GCA_024331345.2	ST10	KL47	Capsule null	Untypeable	?-!	87.34%	12.61%		3 / 19 (15.79%)	KL47_14_gnd,87.34%,99.36%;KL47_15_rmlB,78.95%,74.93%,truncated;KL47_16_rmlA,77.43%,88.62%,truncated	KL47_01_galF;KL47_02_cpsACP;KL47_03_wzi;KL47_04_wza;KL47_05_wzb;KL47_06_wzc;KL47_07_wbaP17;KL47_08_gtr182;KL47_09_ghl43;KL47_10_gtr183;KL47_11_wzy_KL47;KL47_12_gtr184;KL47_13_wzx_KL47;KL47_17_rmlD;KL47_18_rmlC;KL47_19_ugd1	0		0 / 19 (0.00%)		0		KL47_15_rmlB,78.95%,74.93%,truncated;KL47_16_rmlA,77.43%,88.62%,truncated		ST10
3.3.2	Klebsiella_pneumoniae_Species_Complex_K	3.2.2	GCA_024700835.2	ST10	KL115	unknown	Typeable		98.89%	100.00%	451	20 / 20 (100.00%)	KL115_01_galF,98.66%,99.67%;KL115_02_cpsACP,98.56%,99.52%;KL115_03_wzi,99.16%,99.79%;KL115_04_wza,99.21%,99.74%;KL115_05_wzb,100.00%,99.31%;KL115_06_wzc,99.03%,99.86%;KL115_07_wbaP5,99.58%,99.79%;KL115_08_gtr348,98.90%,99.72%;KL115_09_gtr349,100.00%,99.67%;KL115_10_wzy_KL115,98.81%,99.70%;KL115_11_gtr350,99.67%,99.67%;KL115_12_gtr351,99.61%,99.61%;KL115_13_ghl82,99.40%,99.70%;KL115_14_wzx_KL115,99.27%,99.76%;KL115_15_gnd,99.36%,99.79%;KL115_16_rmlB,99.15%,99.72%;KL115_17_rmlA,100.00%,99.66%;KL115_18_rmlD,98.99%,99.66%;KL115_19_rmlC,99.46%,99.46%;KL115_20_ugd1,99.48%,99.74%		0		0 / 20 (0.00%)		1	KL169_01_galF,90.34%,96.99%			ST10
3.3.2	Klebsiella_pneumoniae_Species_Complex_K	3.2.2	GCA_025536495.1	ST10	KL156-D1	unknown	Untypeable	?-	97.74%	45.23%		6 / 17 (35.29%)	KL156-D1_01_galF,98.99%,99.66%;KL156-D1_02_rmlB,95.57%,99.72%;KL156-D1_03_rmlD,94.65%,99.67%;KL156-D1_04_rmlA,98.28%,99.32%;KL156-D1_16_gnd,98.93%,99.79%;KL156-D1_17_ugd1,100.00%,97.23%	KL156-D1_05_rmlC;KL156-D1_06_wzx_KL156-D1;KL156-D1_07_gtr512;KL156-D1_08_gtr513;KL156-D1_09_wzy_KL156-D1;KL156-D1_10_ghl119;KL156-D1_11_gtr514;KL156-D1_12_gtr515;KL156-D1_13_reg;KL156-D1_14_gtr516;KL156-D1_15_gtr517	0		0 / 17 (0.00%)		0				ST10
3.3.2	Klebsiella_pneumoniae_Species_Complex_K	3.2.2	GCA_025536555.1	ST10	KL156-D1	unknown	Untypeable	-	97.99%	91.78%	-1215	4 / 17 (23.53%)	KL156-D1_01_galF,98.99%,99.66%;KL156-D1_02_rmlB,94.38%,98.34%;KL156-D1_16_gnd,98.93%,99.79%;KL156-D1_17_ugd1,99.64%,97.23%	KL156-D1_03_rmlD;KL156-D1_04_rmlA;KL156-D1_05_rmlC;KL156-D1_06_wzx_KL156-D1;KL156-D1_07_gtr512;KL156-D1_08_gtr513;KL156-D1_09_wzy_KL156-D1;KL156-D1_10_ghl119;KL156-D1_11_gtr514;KL156-D1_12_gtr515;KL156-D1_13_reg;KL156-D1_14_gtr516;KL156-D1_15_gtr517	0		0 / 17 (0.00%)		0				ST10
3.3.2	Klebsiella_pneumoniae_Species_Complex_K	3.2.2	GCA_025536675.1	ST10	KL156-D1	unknown	Untypeable	+-*	97.74%	100.00%	1621	6 / 17 (35.29%)	KL156-D1_01_galF,98.99%,99.66%;KL156-D1_02_rmlB,95.57%,99.72%;KL156-D1_03_rmlD,94.65%,99.67%;KL156-D1_04_rmlA,98.28%,99.32%;KL156-D1_16_gnd,98.93%,99.79%;KL156-D1_17_ugd1,100.00%,97.23%	KL156-D1_05_rmlC;KL156-D1_06_wzx_KL156-D1;KL156-D1_07_gtr512;KL156-D1_08_gtr513;KL156-D1_09_wzy_KL156-D1;KL156-D1_10_ghl119;KL156-D1_11_gtr514;KL156-D1_12_gtr515;KL156-D1_13_reg;KL156-D1_14_gtr516;KL156-D1_15_gtr517	1	KL12_17_glf,71.76%,92.33%,below_id_threshold	0 / 17 (0.00%)		0				ST10
3.3.2	Klebsiella_pneumoniae_Species_Complex_K	3.2.2	GCA_025544715.1	ST10	KL156-D1	unknown	Untypeable	?-	97.74%	45.23%		6 / 17 (35.29%)	KL156-D1_01_galF,98.99%,99.66%;KL156-D1_02_rmlB,95.57%,99.72%;KL156-D1_03_rmlD,94.65%,99.67%;KL156-D1_04_rmlA,98.28%,99.32%;KL156-D1_16_gnd,98.93%,99.79%;KL156-D1_17_ugd1,100.00%,97.23%	KL156-D1_05_rmlC;KL156-D1_06_wzx_KL156-D1;KL156-D1_07_gtr512;KL156-D1_08_gtr513;KL156-D1_09_wzy_KL156-D1;KL156-D1_10_ghl119;KL156-D1_11_gtr514;KL156-D1_12_gtr515;KL156-D1_13_reg;KL156-D1_14_gtr516;KL156-D1_15_gtr517	0		0 / 17 (0.00%)		0				ST10
3.3.2	Klebsiella_pneumoniae_Species_Complex_K	3.2.2	GCA_025544835.1	ST10	KL156-D1	unknown	Untypeable	?-	97.74%	45.23%		6 / 17 (35.29%)	KL156-D1_01_galF,98.99%,99.66%;KL156-D1_02_rmlB,95.57%,99.72%;KL156-D1_03_rmlD,94.65%,99.67%;KL156-D1_04_rmlA,98.28%,99.32%;KL156-D1_16_gnd,98.93%,99.79%;KL156-D1_17_ugd1,100.00%,97.23%	KL156-D1_05_rmlC;KL156-D1_06_wzx_KL156-D1;KL156-D1_07_gtr512;KL156-D1_08_gtr513;KL156-D1_09_wzy_KL156-D1;KL156-D1_10_ghl119;KL156-D1_11_gtr514;KL156-D1_12_gtr515;KL156-D1_13_reg;KL156-D1_14_gtr516;KL156-D1_15_gtr517	0		0 / 17 (0.00%)		0				ST10
3.3.2	Klebsiella_pneumoniae_Species_Complex_K	3.2.2	GCA_030024825.1	ST10	KL10	K10	Typeable	?-!	98.54%	88.24%		19 / 21 (90.48%)	KL10_01_galF,98.99%,99.67%;KL10_02_cpsACP,95.69%,99.52%;KL10_03_wzi,95.41%,99.79%;KL10_04_wza,99.74%,99.74%;KL10_05_wzb,99.30%,99.31%;KL10_06_wzc,99.72%,99.86%;KL10_07_wbaP3,99.16%,99.79%;KL10_08_gtr32,99.47%,99.74%;KL10_09_gtr33,99.23%,99.74%;KL10_10_wzx_KL10,99.80%,99.60%;KL10_11_gtr34,99.24%,99.75%;KL10_12_gtr35,96.83%,99.74%;KL10_13_ghl8,98.52%,99.70%;KL10_14_wzy_KL10,98.60%,35.22%,truncated;KL10_16_gtr36,98.68%,98.19%;KL10_17_gnd,98.72%,99.79%;KL10_18_manC,97.24%,99.79%;KL10_19_manB,98.11%,69.58%,partial;KL10_20_ugd1,99.48%,99.74%	KL10_15_atr8	0		1 / 21 (4.76%)	KL10_19_manB,95.83%,31.51%,partial	2	KL31_19_manB,97.73%,67.61%,partial;KL122_17_manC,86.55%,36.23%,partial	KL10_14_wzy_KL10,98.60%,35.22%,truncated;KL10_19_manB,98.11%,69.58%,partial;KL10_19_manB,95.83%,31.51%,partial;KL31_19_manB,97.73%,67.61%,partial;KL122_17_manC,86.55%,36.23%,partial		ST10
3.3.2	Klebsiella_pneumoniae_Species_Complex_K	3.2.2	GCA_037047155.1	ST10	KL64	Capsule null	Untypeable	?-*!	92.10%	74.73%		6 / 24 (25.00%)	KL64_01_galF,89.80%,98.33%;KL64_17_gnd,95.51%,99.79%;KL64_19_manB,77.34%,93.44%,below_id_threshold;KL64_20_rmlB,78.91%,74.32%,truncated;KL64_21_rmlA,77.17%,87.59%,truncated;KL64_24_ugd1,90.98%,99.74%	KL64_02_cpsACP;KL64_03_wzi;KL64_04_wza;KL64_05_wzb;KL64_06_wzc;KL64_07_wzx_KL64;KL64_08_ptr26;KL64_09_gtr242;KL64_10_wzy_KL64;KL64_11_gtr243;KL64_12_gtr244;KL64_13_gtr245;KL64_14_ghl58;KL64_15_gtr246;KL64_16_wcaJ27;KL64_18_manC;KL64_22_rmlD;KL64_23_rmlC	0		0 / 24 (0.00%)		0		KL64_20_rmlB,78.91%,74.32%,truncated;KL64_21_rmlA,77.17%,87.59%,truncated		ST10
3.3.2	Klebsiella_pneumoniae_Species_Complex_K	3.2.2	GCA_037047365.1	ST10	KL64	Capsule null	Untypeable	?-!	89.17%	80.67%		6 / 24 (25.00%)	KL64_01_galF,89.69%,97.32%;KL64_17_gnd,95.09%,99.79%;KL64_19_manB,80.31%,83.15%,truncated;KL64_20_rmlB,78.91%,74.32%,truncated;KL64_21_rmlA,77.17%,87.59%,truncated;KL64_24_ugd1,82.73%,99.74%	KL64_02_cpsACP;KL64_03_wzi;KL64_04_wza;KL64_05_wzb;KL64_06_wzc;KL64_07_wzx_KL64;KL64_08_ptr26;KL64_09_gtr242;KL64_10_wzy_KL64;KL64_11_gtr243;KL64_12_gtr244;KL64_13_gtr245;KL64_14_ghl58;KL64_15_gtr246;KL64_16_wcaJ27;KL64_18_manC;KL64_22_rmlD;KL64_23_rmlC	0		0 / 24 (0.00%)		1	KL3_04_wza,82.52%,75.26%,truncated	KL3_04_wza,82.52%,75.26%,truncated;KL64_19_manB,80.31%,83.15%,truncated;KL64_20_rmlB,78.91%,74.32%,truncated;KL64_21_rmlA,77.17%,87.59%,truncated		ST10
3.3.2	Klebsiella_pneumoniae_Species_Complex_K	3.2.2	GCA_037048165.1	ST10	KL54	K54	Typeable	?	96.52%	96.14%		20 / 20 (100.00%)	KL54_01_galF,98.32%,99.67%;KL54_02_cpsACP,91.87%,99.52%;KL54_03_wzi,98.33%,99.79%;KL54_04_wza,96.55%,99.74%;KL54_05_wzb,96.53%,99.31%;KL54_06_wzc,96.93%,99.86%;KL54_07_gtr208,95.08%,99.74%;KL54_08_wzx_KL54,95.33%,99.75%;KL54_09_wzy_KL54,96.39%,99.72%;KL54_10_atr24,97.21%,99.44%;KL54_11_gtr209,95.75%,99.67%;KL54_12_gmd,99.19%,99.73%;KL54_13_fcl,96.27%,99.69%;KL54_14_gmm,94.08%,99.35%;KL54_15_gtr2,92.06%,99.75%;KL54_16_wcaJ1,99.14%,99.79%;KL54_17_gnd,99.57%,99.79%;KL54_18_manC,98.73%,99.79%;KL54_19_manB,99.56%,99.78%;KL54_20_ugd1,99.74%,99.74%		0		0 / 20 (0.00%)		1	KL169_01_galF,90.34%,96.99%			ST10
3.3.2	Klebsiella_pneumoniae_Species_Complex_K	3.2.2	GCA_037048805.1	ST10	KL156-D1	unknown	Untypeable	-	96.00%	83.35%	-2461	4 / 17 (23.53%)	KL156-D1_01_galF,99.33%,99.66%;KL156-D1_02_rmlB,90.45%,98.34%;KL156-D1_16_gnd,95.30%,99.79%;KL156-D1_17_ugd1,98.93%,97.23%	KL156-D1_03_rmlD;KL156-D1_04_rmlA;KL156-D1_05_rmlC;KL156-D1_06_wzx_KL156-D1;KL156-D1_07_gtr512;KL156-D1_08_gtr513;KL156-D1_09_wzy_KL156-D1;KL156-D1_10_ghl119;KL156-D1_11_gtr514;KL156-D1_12_gtr515;KL156-D1_13_reg;KL156-D1_14_gtr516;KL156-D1_15_gtr517	0		0 / 17 (0.00%)		0				ST10
3.3.2	Klebsiella_pneumoniae_Species_Complex_K	3.2.2	GCA_037048925.1	ST10	KL53	K53	Typeable	?-!	99.22%	95.28%		23 / 24 (95.83%)	KL53_01_galF,100.00%,99.67%;KL53_02_cpsACP,99.52%,99.52%;KL53_03_wzi,99.79%,99.79%;KL53_04_wza,98.94%,99.74%;KL53_05_wzb,99.31%,99.31%;KL53_06_wzc,99.44%,99.86%;KL53_07_wbaP21,100.00%,99.79%;KL53_08_gtr203,99.69%,99.69%;KL53_09_ghl48,99.71%,99.71%;KL53_10_wzy_KL53,99.46%,99.73%;KL53_11_gtr204,99.67%,78.65%,partial;KL53_12_gtr205,99.72%,99.72%;KL53_13_gtr206,99.69%,99.69%;KL53_14_gtr207,99.31%,99.65%;KL53_15_wzx_KL53,99.79%,99.79%;KL53_16_gnd,99.79%,99.79%;KL53_17_manC,99.15%,99.79%;KL53_18_manB,98.46%,99.78%;KL53_19_rmlB,100.00%,99.72%;KL53_20_rmlA,100.00%,99.66%;KL53_21_rmlD,100.00%,99.66%;KL53_22_rmlC,100.00%,99.46%;KL53_23_ugd1,100.00%,99.74%		0		1 / 24 (4.17%)	KL53_11_gtr204,100.00%,21.09%,partial	1	KL169_01_galF,90.34%,96.99%	KL53_11_gtr204,99.67%,78.65%,partial;KL53_11_gtr204,100.00%,21.09%,partial		ST10
3.3.2	Klebsiella_pneumoniae_Species_Complex_K	3.2.2	GCA_037049005.1	ST10	KL53	K53	Typeable	?	99.24%	96.58%		23 / 23 (100.00%)	KL53_01_galF,100.00%,99.67%;KL53_02_cpsACP,99.52%,99.52%;KL53_03_wzi,99.79%,99.79%;KL53_04_wza,98.94%,99.74%;KL53_05_wzb,99.31%,99.31%;KL53_06_wzc,99.44%,99.86%;KL53_07_wbaP21,100.00%,99.79%;KL53_08_gtr203,99.69%,99.69%;KL53_09_ghl48,99.71%,99.71%;KL53_10_wzy_KL53,99.46%,99.73%;KL53_11_gtr204,99.74%,99.74%;KL53_12_gtr205,99.72%,99.72%;KL53_13_gtr206,99.69%,99.69%;KL53_14_gtr207,99.31%,99.65%;KL53_15_wzx_KL53,99.79%,99.79%;KL53_16_gnd,99.79%,99.79%;KL53_17_manC,99.15%,99.79%;KL53_18_manB,98.46%,99.78%;KL53_19_rmlB,100.00%,99.72%;KL53_20_rmlA,100.00%,99.66%;KL53_21_rmlD,100.00%,99.66%;KL53_22_rmlC,100.00%,99.46%;KL53_23_ugd1,100.00%,99.74%		0		0 / 23 (0.00%)		1	KL169_01_galF,90.34%,96.99%			ST10
3.3.2	Klebsiella_pneumoniae_Species_Complex_K	3.2.2	GCA_040712345.1	ST10	KL137	unknown	Typeable	?-!	99.79%	94.95%		24 / 25 (96.00%)	KL137_01_galF,99.33%,99.67%;KL137_02_cpsACP,99.52%,99.52%;KL137_03_wzi,99.79%,99.79%;KL137_04_wza,100.00%,99.74%;KL137_05_wzb,100.00%,99.31%;KL137_06_wzc,99.86%,99.86%;KL137_07_wbaP44,100.00%,99.79%;KL137_08_gtr430,100.00%,99.74%;KL137_09_gtr431,99.08%,99.70%;KL137_10_gtr432,99.74%,99.74%;KL137_11_gtr433,99.66%,99.66%;KL137_12_wzx_KL137,99.53%,99.77%;KL137_13_gtr434,100.00%,99.73%;KL137_14_atr49,100.00%,99.71%;KL137_15_wzy_KL137,99.69%,99.70%;KL137_16_ghl103,99.58%,65.37%,truncated;KL137_17_gnd,100.00%,99.79%;KL137_18_manC,99.58%,99.79%;KL137_19_manB,100.00%,99.48%;KL137_20_rmlB,100.00%,99.73%;KL137_21_rmlA,100.00%,99.66%;KL137_22_rmlD,100.00%,99.66%;KL137_23_rmlC,100.00%,99.46%;KL137_24_ugd1,99.48%,99.74%		0		1 / 25 (4.00%)	KL137_16_ghl103,100.00%,35.18%,truncated	1	KL150_19_gae,100.00%,15.82%,truncated	KL137_16_ghl103,99.58%,65.37%,truncated;KL137_16_ghl103,100.00%,35.18%,truncated;KL150_19_gae,100.00%,15.82%,truncated		ST10
3.3.2	Klebsiella_pneumoniae_Species_Complex_K	3.2.2	GCA_040712355.1	ST10	KL137	unknown	Typeable	?-!	99.39%	94.67%		24 / 25 (96.00%)	KL137_01_galF,99.33%,99.67%;KL137_02_cpsACP,99.52%,99.52%;KL137_03_wzi,99.79%,99.79%;KL137_04_wza,100.00%,99.74%;KL137_05_wzb,100.00%,99.31%;KL137_06_wzc,99.86%,99.86%;KL137_07_wbaP44,100.00%,99.79%;KL137_08_gtr430,100.00%,99.74%;KL137_09_gtr431,99.08%,99.70%;KL137_10_gtr432,99.74%,99.74%;KL137_11_gtr433,99.66%,99.66%;KL137_12_wzx_KL137,99.53%,99.77%;KL137_13_gtr434,100.00%,99.73%;KL137_14_atr49,100.00%,99.71%;KL137_15_wzy_KL137,99.39%,99.70%;KL137_16_ghl103,99.58%,65.37%,truncated;KL137_17_gnd,100.00%,99.79%;KL137_18_manC,99.58%,99.79%;KL137_19_manB,100.00%,99.48%;KL137_20_rmlB,100.00%,99.73%;KL137_21_rmlA,100.00%,99.66%;KL137_22_rmlD,100.00%,99.66%;KL137_23_rmlC,100.00%,99.46%;KL137_24_ugd1,99.48%,99.74%		0		1 / 25 (4.00%)	KL137_16_ghl103,100.00%,35.18%,truncated	2	KL150_19_gae,100.00%,15.82%,truncated;KL169_01_galF,90.34%,96.99%	KL137_16_ghl103,99.58%,65.37%,truncated;KL137_16_ghl103,100.00%,35.18%,truncated;KL150_19_gae,100.00%,15.82%,truncated		ST10
3.3.2	Klebsiella_pneumoniae_Species_Complex_K	3.2.2	GCA_040712435.1	ST10	KL137	unknown	Typeable	?-!	99.79%	94.95%		24 / 25 (96.00%)	KL137_01_galF,99.33%,99.67%;KL137_02_cpsACP,99.52%,99.52%;KL137_03_wzi,99.79%,99.79%;KL137_04_wza,100.00%,99.74%;KL137_05_wzb,100.00%,99.31%;KL137_06_wzc,99.86%,99.86%;KL137_07_wbaP44,100.00%,99.79%;KL137_08_gtr430,100.00%,99.74%;KL137_09_gtr431,99.08%,99.70%;KL137_10_gtr432,99.74%,99.74%;KL137_11_gtr433,99.66%,99.66%;KL137_12_wzx_KL137,99.53%,99.77%;KL137_13_gtr434,100.00%,99.73%;KL137_14_atr49,100.00%,99.71%;KL137_15_wzy_KL137,99.69%,99.70%;KL137_16_ghl103,99.58%,65.37%,truncated;KL137_17_gnd,100.00%,99.79%;KL137_18_manC,99.58%,99.79%;KL137_19_manB,100.00%,99.48%;KL137_20_rmlB,100.00%,99.73%;KL137_21_rmlA,100.00%,99.66%;KL137_22_rmlD,100.00%,99.66%;KL137_23_rmlC,100.00%,99.46%;KL137_24_ugd1,99.48%,99.74%		0		1 / 25 (4.00%)	KL137_16_ghl103,100.00%,35.18%,truncated	1	KL150_19_gae,100.00%,15.82%,truncated	KL137_16_ghl103,99.58%,65.37%,truncated;KL137_16_ghl103,100.00%,35.18%,truncated;KL150_19_gae,100.00%,15.82%,truncated		ST10
3.3.2	Klebsiella_pneumoniae_Species_Complex_K	3.2.2	GCA_040712465.1	ST10	KL137	unknown	Typeable	?-!	99.38%	94.95%		24 / 25 (96.00%)	KL137_01_galF,99.33%,99.67%;KL137_02_cpsACP,99.52%,99.52%;KL137_03_wzi,99.79%,99.79%;KL137_04_wza,100.00%,99.74%;KL137_05_wzb,100.00%,99.31%;KL137_06_wzc,99.86%,99.86%;KL137_07_wbaP44,100.00%,99.79%;KL137_08_gtr430,100.00%,99.74%;KL137_09_gtr431,99.08%,99.70%;KL137_10_gtr432,99.74%,99.74%;KL137_11_gtr433,99.66%,99.66%;KL137_12_wzx_KL137,99.53%,99.77%;KL137_13_gtr434,100.00%,99.73%;KL137_14_atr49,100.00%,99.71%;KL137_15_wzy_KL137,99.69%,99.70%;KL137_16_ghl103,99.58%,65.37%,truncated;KL137_17_gnd,100.00%,99.79%;KL137_18_manC,99.58%,99.79%;KL137_19_manB,100.00%,99.48%;KL137_20_rmlB,100.00%,99.73%;KL137_21_rmlA,100.00%,99.66%;KL137_22_rmlD,100.00%,99.66%;KL137_23_rmlC,99.46%,99.46%;KL137_24_ugd1,99.48%,99.74%		0		1 / 25 (4.00%)	KL137_16_ghl103,100.00%,35.18%,truncated	2	KL150_19_gae,100.00%,15.82%,truncated;KL169_01_galF,90.34%,96.99%	KL137_16_ghl103,99.58%,65.37%,truncated;KL137_16_ghl103,100.00%,35.18%,truncated;KL150_19_gae,100.00%,15.82%,truncated		ST10
3.3.2	Klebsiella_pneumoniae_Species_Complex_K	3.2.2	GCA_040712505.1	ST10	KL137	unknown	Typeable	?-!	99.40%	94.95%		24 / 25 (96.00%)	KL137_01_galF,99.33%,99.67%;KL137_02_cpsACP,99.52%,99.52%;KL137_03_wzi,99.79%,99.79%;KL137_04_wza,100.00%,99.74%;KL137_05_wzb,100.00%,99.31%;KL137_06_wzc,99.86%,99.86%;KL137_07_wbaP44,100.00%,99.79%;KL137_08_gtr430,100.00%,99.74%;KL137_09_gtr431,99.08%,99.70%;KL137_10_gtr432,99.74%,99.74%;KL137_11_gtr433,99.66%,99.66%;KL137_12_wzx_KL137,99.53%,99.77%;KL137_13_gtr434,100.00%,99.73%;KL137_14_atr49,100.00%,99.71%;KL137_15_wzy_KL137,99.69%,99.70%;KL137_16_ghl103,99.58%,65.37%,truncated;KL137_17_gnd,100.00%,99.79%;KL137_18_manC,99.58%,99.79%;KL137_19_manB,100.00%,99.48%;KL137_20_rmlB,100.00%,99.73%;KL137_21_rmlA,100.00%,99.66%;KL137_22_rmlD,100.00%,99.66%;KL137_23_rmlC,100.00%,99.46%;KL137_24_ugd1,99.48%,99.74%		0		1 / 25 (4.00%)	KL137_16_ghl103,100.00%,35.18%,truncated	2	KL150_19_gae,100.00%,15.82%,truncated;KL169_01_galF,90.34%,96.99%	KL137_16_ghl103,99.58%,65.37%,truncated;KL137_16_ghl103,100.00%,35.18%,truncated;KL150_19_gae,100.00%,15.82%,truncated		ST10
3.3.2	Klebsiella_pneumoniae_Species_Complex_K	3.2.2	GCA_040713295.1	ST10	KL156-D1	unknown	Untypeable	?-!	97.51%	48.05%		7 / 17 (41.18%)	KL156-D1_01_galF,99.33%,99.66%;KL156-D1_02_rmlB,95.01%,99.72%;KL156-D1_03_rmlD,95.99%,99.67%;KL156-D1_04_rmlA,96.92%,99.66%;KL156-D1_05_rmlC,94.20%,75.82%,truncated;KL156-D1_16_gnd,98.50%,99.79%;KL156-D1_17_ugd1,99.29%,97.23%	KL156-D1_06_wzx_KL156-D1;KL156-D1_07_gtr512;KL156-D1_08_gtr513;KL156-D1_09_wzy_KL156-D1;KL156-D1_10_ghl119;KL156-D1_11_gtr514;KL156-D1_12_gtr515;KL156-D1_13_reg;KL156-D1_14_gtr516;KL156-D1_15_gtr517	0		0 / 17 (0.00%)		0		KL156-D1_05_rmlC,94.20%,75.82%,truncated		ST10
3.3.2	Klebsiella_pneumoniae_Species_Complex_K	3.2.2	GCA_040713755.1	ST10	KL156-D1	unknown	Untypeable	-	97.74%	100.00%	548	6 / 17 (35.29%)	KL156-D1_01_galF,99.33%,99.66%;KL156-D1_02_rmlB,95.29%,99.72%;KL156-D1_03_rmlD,95.99%,99.67%;KL156-D1_04_rmlA,97.95%,99.66%;KL156-D1_16_gnd,98.93%,99.79%;KL156-D1_17_ugd1,98.93%,97.23%	KL156-D1_05_rmlC;KL156-D1_06_wzx_KL156-D1;KL156-D1_07_gtr512;KL156-D1_08_gtr513;KL156-D1_09_wzy_KL156-D1;KL156-D1_10_ghl119;KL156-D1_11_gtr514;KL156-D1_12_gtr515;KL156-D1_13_reg;KL156-D1_14_gtr516;KL156-D1_15_gtr517	0		0 / 17 (0.00%)		0				ST10
3.3.2	Klebsiella_pneumoniae_Species_Complex_K	3.2.2	GCA_040713795.1	ST10	KL156-D1	unknown	Untypeable	?-	97.43%	45.12%		6 / 17 (35.29%)	KL156-D1_01_galF,98.65%,99.66%;KL156-D1_02_rmlB,95.84%,99.72%;KL156-D1_03_rmlD,94.98%,99.67%;KL156-D1_04_rmlA,96.88%,98.29%;KL156-D1_16_gnd,98.93%,99.79%;KL156-D1_17_ugd1,99.29%,97.23%	KL156-D1_05_rmlC;KL156-D1_06_wzx_KL156-D1;KL156-D1_07_gtr512;KL156-D1_08_gtr513;KL156-D1_09_wzy_KL156-D1;KL156-D1_10_ghl119;KL156-D1_11_gtr514;KL156-D1_12_gtr515;KL156-D1_13_reg;KL156-D1_14_gtr516;KL156-D1_15_gtr517	0		0 / 17 (0.00%)		0				ST10
3.3.2	Klebsiella_pneumoniae_Species_Complex_K	3.2.2	GCA_040713875.1	ST10	KL156-D1	unknown	Untypeable	-!	97.53%	100.00%	414	7 / 17 (41.18%)	KL156-D1_01_galF,99.66%,99.66%;KL156-D1_02_rmlB,95.01%,99.72%;KL156-D1_03_rmlD,95.99%,99.67%;KL156-D1_04_rmlA,96.92%,99.66%;KL156-D1_05_rmlC,94.20%,75.82%,truncated;KL156-D1_16_gnd,98.29%,99.79%;KL156-D1_17_ugd1,99.29%,97.23%	KL156-D1_06_wzx_KL156-D1;KL156-D1_07_gtr512;KL156-D1_08_gtr513;KL156-D1_09_wzy_KL156-D1;KL156-D1_10_ghl119;KL156-D1_11_gtr514;KL156-D1_12_gtr515;KL156-D1_13_reg;KL156-D1_14_gtr516;KL156-D1_15_gtr517	0		0 / 17 (0.00%)		0		KL156-D1_05_rmlC,94.20%,75.82%,truncated		ST10
3.3.2	Klebsiella_pneumoniae_Species_Complex_K	3.2.2	GCA_049379845.1	ST10	KL67	Capsule null	Untypeable	?-!	91.62%	73.77%		5 / 24 (20.83%)	KL67_01_galF,89.20%,95.99%;KL67_17_gnd,95.51%,99.79%;KL67_19_manB,80.58%,83.15%,truncated;KL67_21_rmlA,76.77%,87.59%,truncated;KL67_24_ugd1,90.16%,99.23%	KL67_02_cpsACP;KL67_03_wzi;KL67_04_wza;KL67_05_wzb;KL67_06_wzc;KL67_07_wzy_KL67;KL67_08_gtr255;KL67_09_gtr256;KL67_10_gtr257;KL67_11_gtr258;KL67_12_gtr259;KL67_13_wzx_KL67;KL67_14_ghl61;KL67_15_gtr260;KL67_16_wcaJ15;KL67_18_manC;KL67_20_rmlB;KL67_22_rmlD;KL67_23_rmlC	0		0 / 24 (0.00%)		0		KL67_19_manB,80.58%,83.15%,truncated;KL67_21_rmlA,76.77%,87.59%,truncated		ST10
3.3.2	Klebsiella_pneumoniae_Species_Complex_K	3.2.2	GCA_049379945.1	ST10	KL67	Capsule null	Untypeable	?-!	91.62%	73.77%		5 / 24 (20.83%)	KL67_01_galF,89.20%,95.99%;KL67_17_gnd,95.51%,99.79%;KL67_19_manB,80.58%,83.15%,truncated;KL67_21_rmlA,76.77%,87.59%,truncated;KL67_24_ugd1,90.16%,99.23%	KL67_02_cpsACP;KL67_03_wzi;KL67_04_wza;KL67_05_wzb;KL67_06_wzc;KL67_07_wzy_KL67;KL67_08_gtr255;KL67_09_gtr256;KL67_10_gtr257;KL67_11_gtr258;KL67_12_gtr259;KL67_13_wzx_KL67;KL67_14_ghl61;KL67_15_gtr260;KL67_16_wcaJ15;KL67_18_manC;KL67_20_rmlB;KL67_22_rmlD;KL67_23_rmlC	0		0 / 24 (0.00%)		0		KL67_19_manB,80.58%,83.15%,truncated;KL67_21_rmlA,76.77%,87.59%,truncated		ST10
3.3.2	Klebsiella_pneumoniae_Species_Complex_K	3.2.2	GCA_049380025.1	ST10	KL67	Capsule null	Untypeable	?-!	91.62%	73.77%		5 / 24 (20.83%)	KL67_01_galF,89.20%,95.99%;KL67_17_gnd,95.51%,99.79%;KL67_19_manB,80.58%,83.15%,truncated;KL67_21_rmlA,76.77%,87.59%,truncated;KL67_24_ugd1,90.16%,99.23%	KL67_02_cpsACP;KL67_03_wzi;KL67_04_wza;KL67_05_wzb;KL67_06_wzc;KL67_07_wzy_KL67;KL67_08_gtr255;KL67_09_gtr256;KL67_10_gtr257;KL67_11_gtr258;KL67_12_gtr259;KL67_13_wzx_KL67;KL67_14_ghl61;KL67_15_gtr260;KL67_16_wcaJ15;KL67_18_manC;KL67_20_rmlB;KL67_22_rmlD;KL67_23_rmlC	0		0 / 24 (0.00%)		0		KL67_19_manB,80.58%,83.15%,truncated;KL67_21_rmlA,76.77%,87.59%,truncated		ST10
3.3.2	Klebsiella_pneumoniae_Species_Complex_K	3.2.2	GCA_050955345.1	ST10	KL103	unknown	Typeable		99.13%	100.00%	2	21 / 21 (100.00%)	KL103_01_galF,99.33%,99.67%;KL103_02_cpsACP,98.09%,99.52%;KL103_03_wzi,98.95%,99.79%;KL103_04_wza,99.74%,99.74%;KL103_05_wzb,100.00%,99.31%;KL103_06_wzc,99.58%,99.86%;KL103_07_wbaP32,99.79%,99.79%;KL103_08_gtr308,99.34%,99.67%;KL103_09_gtr309,100.00%,99.72%;KL103_10_ghl74,99.79%,99.79%;KL103_11_gtr310,100.00%,99.66%;KL103_12_wzy_KL103,100.00%,99.76%;KL103_13_gtr311,99.20%,99.73%;KL103_14_gtr312,98.91%,99.64%;KL103_15_wzx_KL103,100.00%,99.79%;KL103_16_gnd,99.36%,99.79%;KL103_17_rmlB,100.00%,99.72%;KL103_18_rmlA,99.65%,99.66%;KL103_19_rmlD,99.66%,99.66%;KL103_20_rmlC,99.46%,99.46%;KL103_21_ugd1,99.74%,99.74%		0		0 / 21 (0.00%)		1	KL169_01_galF,90.34%,96.99%			ST10
3.3.2	Klebsiella_pneumoniae_Species_Complex_K	3.2.2	GCA_053164725.1	ST10	KL67	Capsule null	Untypeable	?-*!	91.60%	68.69%		5 / 24 (20.83%)	KL67_01_galF,89.55%,95.99%;KL67_17_gnd,95.30%,99.79%;KL67_19_manB,77.34%,93.44%,below_id_threshold;KL67_21_rmlA,76.77%,87.59%,truncated;KL67_24_ugd1,89.95%,99.74%	KL67_02_cpsACP;KL67_03_wzi;KL67_04_wza;KL67_05_wzb;KL67_06_wzc;KL67_07_wzy_KL67;KL67_08_gtr255;KL67_09_gtr256;KL67_10_gtr257;KL67_11_gtr258;KL67_12_gtr259;KL67_13_wzx_KL67;KL67_14_ghl61;KL67_15_gtr260;KL67_16_wcaJ15;KL67_18_manC;KL67_20_rmlB;KL67_22_rmlD;KL67_23_rmlC	0		0 / 24 (0.00%)		0		KL67_21_rmlA,76.77%,87.59%,truncated		ST10
3.3.2	Klebsiella_pneumoniae_Species_Complex_K	3.2.2	GCA_907163995.1	ST10	KL64	Capsule null	Untypeable	?-*!	92.73%	46.98%		6 / 24 (25.00%)	KL64_01_galF,89.90%,95.99%;KL64_17_gnd,95.51%,99.79%;KL64_19_manB,77.44%,93.87%,below_id_threshold;KL64_20_rmlB,78.91%,74.32%,truncated;KL64_21_rmlA,77.17%,87.59%,truncated;KL64_24_ugd1,89.76%,95.37%	KL64_02_cpsACP;KL64_03_wzi;KL64_04_wza;KL64_05_wzb;KL64_06_wzc;KL64_07_wzx_KL64;KL64_08_ptr26;KL64_09_gtr242;KL64_10_wzy_KL64;KL64_11_gtr243;KL64_12_gtr244;KL64_13_gtr245;KL64_14_ghl58;KL64_15_gtr246;KL64_16_wcaJ27;KL64_18_manC;KL64_22_rmlD;KL64_23_rmlC	0		0 / 24 (0.00%)		1	KL156-D1_02_rmlB,95.74%,90.88%	KL64_20_rmlB,78.91%,74.32%,truncated;KL64_21_rmlA,77.17%,87.59%,truncated		ST10
3.3.2	Klebsiella_pneumoniae_Species_Complex_K	3.2.2	GCA_964006435.1	ST10	KL64	Capsule null	Untypeable	?-!	89.17%	80.67%		6 / 24 (25.00%)	KL64_01_galF,89.69%,97.32%;KL64_17_gnd,95.09%,99.79%;KL64_19_manB,80.31%,83.15%,truncated;KL64_20_rmlB,78.91%,74.32%,truncated;KL64_21_rmlA,77.17%,87.59%,truncated;KL64_24_ugd1,82.73%,99.74%	KL64_02_cpsACP;KL64_03_wzi;KL64_04_wza;KL64_05_wzb;KL64_06_wzc;KL64_07_wzx_KL64;KL64_08_ptr26;KL64_09_gtr242;KL64_10_wzy_KL64;KL64_11_gtr243;KL64_12_gtr244;KL64_13_gtr245;KL64_14_ghl58;KL64_15_gtr246;KL64_16_wcaJ27;KL64_18_manC;KL64_22_rmlD;KL64_23_rmlC	0		0 / 24 (0.00%)		1	KL3_04_wza,82.52%,75.26%,truncated	KL3_04_wza,82.52%,75.26%,truncated;KL64_19_manB,80.31%,83.15%,truncated;KL64_20_rmlB,78.91%,74.32%,truncated;KL64_21_rmlA,77.17%,87.59%,truncated		ST10
3.3.2	Klebsiella_pneumoniae_Species_Complex_K	3.2.2	GCA_964006445.1	ST10	KL5	Capsule null	Untypeable	?-*!	91.88%	100.00%		5 / 19 (26.32%)	KL5_01_galF,92.63%,95.32%;KL5_04_wza,79.05%,83.33%,truncated;KL5_16_gnd,94.87%,99.79%;KL5_18_manB,77.88%,94.75%,below_id_threshold;KL5_19_ugd1,89.95%,99.74%	KL5_02_cpsACP;KL5_03_wzi;KL5_05_wzb;KL5_06_wzc;KL5_07_wzy_KL5;KL5_08_wzx_KL5;KL5_09_ptr3;KL5_10_ghl3;KL5_11_atr5;KL5_12_gtr14;KL5_13_gtr15;KL5_14_gtr16;KL5_15_wcaJ3;KL5_17_manC	0		0 / 19 (0.00%)		1	KL6_11_gmd,90.06%,97.05%	KL5_04_wza,79.05%,83.33%,truncated		ST10
3.3.2	Klebsiella_pneumoniae_Species_Complex_K	3.2.2	GCA_964006655.1	ST10	KL127	unknown	Typeable	?!	95.76%	99.99%		19 / 19 (100.00%)	KL127_01_galF,99.33%,99.67%;KL127_02_cpsACP,93.30%,99.52%;KL127_03_wzi,96.03%,99.79%;KL127_04_wza,98.41%,99.74%;KL127_05_wzb,97.22%,99.31%;KL127_06_wzc,95.85%,99.86%;KL127_07_wbaP41,94.53%,99.79%;KL127_08_gtr395,95.47%,99.36%;KL127_09_wzy_KL127,94.13%,99.77%;KL127_10_wzx_KL127,91.38%,99.51%;KL127_11_ptr44,94.07%,99.73%;KL127_12_gtr396,95.21%,99.73%;KL127_13_ghl94,91.01%,14.16%,truncated;KL127_14_gnd,97.65%,99.79%;KL127_15_rmlB,97.18%,99.72%;KL127_16_rmlA,98.27%,99.66%;KL127_17_rmlD,98.99%,99.66%;KL127_18_rmlC,96.20%,99.46%;KL127_19_ugd1,95.88%,99.74%		0		0 / 19 (0.00%)		2	KL31_19_manB,98.80%,72.87%,partial;KL169_01_galF,90.34%,96.99%	KL31_19_manB,98.80%,72.87%,partial;KL127_13_ghl94,91.01%,14.16%,truncated		ST10
3.3.2	Klebsiella_pneumoniae_Species_Complex_K	3.2.2	GCA_966512345.1	ST10	KL64	Capsule null	Untypeable	?-!	89.17%	80.67%		6 / 24 (25.00%)	KL64_01_galF,89.69%,97.32%;KL64_17_gnd,95.09%,99.79%;KL64_19_manB,80.31%,83.15%,truncated;KL64_20_rmlB,78.91%,74.32%,truncated;KL64_21_rmlA,77.17%,87.59%,truncated;KL64_24_ugd1,82.73%,99.74%	KL64_02_cpsACP;KL64_03_wzi;KL64_04_wza;KL64_05_wzb;KL64_06_wzc;KL64_07_wzx_KL64;KL64_08_ptr26;KL64_09_gtr242;KL64_10_wzy_KL64;KL64_11_gtr243;KL64_12_gtr244;KL64_13_gtr245;KL64_14_ghl58;KL64_15_gtr246;KL64_16_wcaJ27;KL64_18_manC;KL64_22_rmlD;KL64_23_rmlC	0		0 / 24 (0.00%)		1	KL3_04_wza,82.52%,75.26%,truncated	KL3_04_wza,82.52%,75.26%,truncated;KL64_19_manB,80.31%,83.15%,truncated;KL64_20_rmlB,78.91%,74.32%,truncated;KL64_21_rmlA,77.17%,87.59%,truncated		ST10
3.3.2	Klebsiella_pneumoniae_Species_Complex_K	3.2.2	GCA_966516095.1	ST10	KL156-D1	unknown	Untypeable	-	97.68%	98.10%	-281	6 / 17 (35.29%)	KL156-D1_01_galF,99.33%,99.66%;KL156-D1_02_rmlB,96.12%,99.72%;KL156-D1_03_rmlD,94.65%,99.67%;KL156-D1_04_rmlA,97.59%,99.66%;KL156-D1_16_gnd,98.72%,99.79%;KL156-D1_17_ugd1,99.64%,97.23%	KL156-D1_05_rmlC;KL156-D1_06_wzx_KL156-D1;KL156-D1_07_gtr512;KL156-D1_08_gtr513;KL156-D1_09_wzy_KL156-D1;KL156-D1_10_ghl119;KL156-D1_11_gtr514;KL156-D1_12_gtr515;KL156-D1_13_reg;KL156-D1_14_gtr516;KL156-D1_15_gtr517	0		0 / 17 (0.00%)		0				ST10
3.3.2	Klebsiella_pneumoniae_Species_Complex_K	3.2.2	GCA_966518725.1	ST10	KL183	Capsule null	Untypeable	?-!	91.88%	57.48%		4 / 19 (21.05%)	KL183_01_galF,90.46%,94.65%;KL183_14_gnd,95.49%,99.36%;KL183_15_rmlB,79.41%,76.62%,truncated;KL183_19_ugd1,89.69%,99.74%	KL183_02_cpsACP;KL183_03_wzi;KL183_04_wza;KL183_05_wzb;KL183_06_wzc;KL183_07_wbaP54;KL183_08_gtr610;KL183_09_gtr611;KL183_10_gtr612;KL183_11_wzx_KL183;KL183_12_wzy_KL183;KL183_13_ghl142;KL183_16_rmlA;KL183_17_rmlD;KL183_18_rmlC	0		0 / 19 (0.00%)		0		KL183_15_rmlB,79.41%,76.62%,truncated		ST10
3.3.2	Klebsiella_pneumoniae_Species_Complex_K	3.2.2	GCA_966555485.1	ST10	KL158	unknown	Typeable	?	99.10%	96.45%		22 / 22 (100.00%)	KL158_01_galF,99.33%,99.67%;KL158_02_cpsACP,93.30%,99.52%;KL158_03_wzi,99.79%,99.79%;KL158_04_wza,99.74%,99.74%;KL158_05_wzb,99.31%,99.32%;KL158_06_wzc,99.72%,99.86%;KL158_07_gtr522,99.67%,99.67%;KL158_08_wcaJ43,100.00%,99.79%;KL158_09_wzy_KL158,100.00%,99.75%;KL158_10_gtr523,100.00%,99.73%;KL158_11_gtr524,100.00%,99.65%;KL158_12_gtr525,99.66%,99.66%;KL158_13_atr57,100.00%,99.50%;KL158_14_gtr526,99.52%,99.76%;KL158_15_ghl121,99.86%,99.86%;KL158_16_wzx_KL158,99.79%,99.79%;KL158_17_gnd,100.00%,99.79%;KL158_18_rmlB,99.44%,99.72%;KL158_19_rmlA,100.00%,99.66%;KL158_20_rmlD,100.00%,99.66%;KL158_21_rmlC,100.00%,99.46%;KL158_22_ugd1,99.74%,99.74%		0		0 / 22 (0.00%)		1	KL169_01_galF,90.34%,96.99%			ST10
3.3.2	Klebsiella_pneumoniae_Species_Complex_K	3.2.2	GCA_966556535.1	ST10	KL64	Capsule null	Untypeable	?-!	89.17%	80.67%		6 / 24 (25.00%)	KL64_01_galF,89.69%,97.32%;KL64_17_gnd,95.09%,99.79%;KL64_19_manB,80.31%,83.15%,truncated;KL64_20_rmlB,78.91%,74.32%,truncated;KL64_21_rmlA,77.17%,87.59%,truncated;KL64_24_ugd1,82.73%,99.74%	KL64_02_cpsACP;KL64_03_wzi;KL64_04_wza;KL64_05_wzb;KL64_06_wzc;KL64_07_wzx_KL64;KL64_08_ptr26;KL64_09_gtr242;KL64_10_wzy_KL64;KL64_11_gtr243;KL64_12_gtr244;KL64_13_gtr245;KL64_14_ghl58;KL64_15_gtr246;KL64_16_wcaJ27;KL64_18_manC;KL64_22_rmlD;KL64_23_rmlC	0		0 / 24 (0.00%)		1	KL3_04_wza,82.52%,75.26%,truncated	KL3_04_wza,82.52%,75.26%,truncated;KL64_19_manB,80.31%,83.15%,truncated;KL64_20_rmlB,78.91%,74.32%,truncated;KL64_21_rmlA,77.17%,87.59%,truncated		ST10
3.3.2	Klebsiella_pneumoniae_Species_Complex_K	3.2.2	GCA_966562275.1	ST10	KL64	Capsule null	Untypeable	?-!	89.17%	80.67%		6 / 24 (25.00%)	KL64_01_galF,89.69%,97.32%;KL64_17_gnd,95.09%,99.79%;KL64_19_manB,80.31%,83.15%,truncated;KL64_20_rmlB,78.91%,74.32%,truncated;KL64_21_rmlA,77.17%,87.59%,truncated;KL64_24_ugd1,82.73%,99.74%	KL64_02_cpsACP;KL64_03_wzi;KL64_04_wza;KL64_05_wzb;KL64_06_wzc;KL64_07_wzx_KL64;KL64_08_ptr26;KL64_09_gtr242;KL64_10_wzy_KL64;KL64_11_gtr243;KL64_12_gtr244;KL64_13_gtr245;KL64_14_ghl58;KL64_15_gtr246;KL64_16_wcaJ27;KL64_18_manC;KL64_22_rmlD;KL64_23_rmlC	0		0 / 24 (0.00%)		1	KL3_04_wza,82.52%,75.26%,truncated	KL3_04_wza,82.52%,75.26%,truncated;KL64_19_manB,80.31%,83.15%,truncated;KL64_20_rmlB,78.91%,74.32%,truncated;KL64_21_rmlA,77.17%,87.59%,truncated		ST10
3.3.2	Klebsiella_pneumoniae_Species_Complex_K	3.2.2	GCA_966562775.1	ST10	KL183	Capsule null	Untypeable	?-!	91.88%	57.48%		4 / 19 (21.05%)	KL183_01_galF,90.46%,94.65%;KL183_14_gnd,95.49%,99.36%;KL183_15_rmlB,79.41%,76.62%,truncated;KL183_19_ugd1,89.69%,99.74%	KL183_02_cpsACP;KL183_03_wzi;KL183_04_wza;KL183_05_wzb;KL183_06_wzc;KL183_07_wbaP54;KL183_08_gtr610;KL183_09_gtr611;KL183_10_gtr612;KL183_11_wzx_KL183;KL183_12_wzy_KL183;KL183_13_ghl142;KL183_16_rmlA;KL183_17_rmlD;KL183_18_rmlC	0		0 / 19 (0.00%)		0		KL183_15_rmlB,79.41%,76.62%,truncated		ST10
3.3.2	Klebsiella_pneumoniae_Species_Complex_K	3.2.2	GCA_966564195.1	ST10	KL64	Capsule null	Untypeable	?-*!	91.79%	45.56%		6 / 24 (25.00%)	KL64_01_galF,92.63%,95.32%;KL64_17_gnd,95.09%,99.79%;KL64_19_manB,77.88%,94.75%,below_id_threshold;KL64_20_rmlB,78.91%,74.32%,truncated;KL64_21_rmlA,77.17%,87.59%,truncated;KL64_24_ugd1,89.38%,99.23%	KL64_02_cpsACP;KL64_03_wzi;KL64_04_wza;KL64_05_wzb;KL64_06_wzc;KL64_07_wzx_KL64;KL64_08_ptr26;KL64_09_gtr242;KL64_10_wzy_KL64;KL64_11_gtr243;KL64_12_gtr244;KL64_13_gtr245;KL64_14_ghl58;KL64_15_gtr246;KL64_16_wcaJ27;KL64_18_manC;KL64_22_rmlD;KL64_23_rmlC	0		0 / 24 (0.00%)		1	KL6_11_gmd,90.06%,97.05%	KL64_20_rmlB,78.91%,74.32%,truncated;KL64_21_rmlA,77.17%,87.59%,truncated		ST10
3.3.2	Klebsiella_pneumoniae_Species_Complex_K	3.2.2	GCA_966565785.1	ST10	KL64	Capsule null	Untypeable	?-*!	91.79%	45.56%		6 / 24 (25.00%)	KL64_01_galF,92.63%,95.32%;KL64_17_gnd,95.09%,99.79%;KL64_19_manB,77.88%,94.75%,below_id_threshold;KL64_20_rmlB,78.91%,74.32%,truncated;KL64_21_rmlA,77.17%,87.59%,truncated;KL64_24_ugd1,89.38%,99.23%	KL64_02_cpsACP;KL64_03_wzi;KL64_04_wza;KL64_05_wzb;KL64_06_wzc;KL64_07_wzx_KL64;KL64_08_ptr26;KL64_09_gtr242;KL64_10_wzy_KL64;KL64_11_gtr243;KL64_12_gtr244;KL64_13_gtr245;KL64_14_ghl58;KL64_15_gtr246;KL64_16_wcaJ27;KL64_18_manC;KL64_22_rmlD;KL64_23_rmlC	0		0 / 24 (0.00%)		1	KL6_11_gmd,90.06%,97.05%	KL64_20_rmlB,78.91%,74.32%,truncated;KL64_21_rmlA,77.17%,87.59%,truncated		ST10
3.3.2	Klebsiella_pneumoniae_Species_Complex_K	3.2.2	GCA_966570365.1	ST10	KL183	Capsule null	Untypeable	?-!	91.88%	57.48%		4 / 19 (21.05%)	KL183_01_galF,90.46%,94.65%;KL183_14_gnd,95.49%,99.36%;KL183_15_rmlB,79.41%,76.62%,truncated;KL183_19_ugd1,89.69%,99.74%	KL183_02_cpsACP;KL183_03_wzi;KL183_04_wza;KL183_05_wzb;KL183_06_wzc;KL183_07_wbaP54;KL183_08_gtr610;KL183_09_gtr611;KL183_10_gtr612;KL183_11_wzx_KL183;KL183_12_wzy_KL183;KL183_13_ghl142;KL183_16_rmlA;KL183_17_rmlD;KL183_18_rmlC	0		0 / 19 (0.00%)		0		KL183_15_rmlB,79.41%,76.62%,truncated		ST10
3.3.2	Klebsiella_pneumoniae_Species_Complex_K	3.2.2	GCA_966572575.1	ST10	KL64	Capsule null	Untypeable	?-!	89.17%	80.67%		6 / 24 (25.00%)	KL64_01_galF,89.69%,97.32%;KL64_17_gnd,95.09%,99.79%;KL64_19_manB,80.31%,83.15%,truncated;KL64_20_rmlB,78.91%,74.32%,truncated;KL64_21_rmlA,77.17%,87.59%,truncated;KL64_24_ugd1,82.73%,99.74%	KL64_02_cpsACP;KL64_03_wzi;KL64_04_wza;KL64_05_wzb;KL64_06_wzc;KL64_07_wzx_KL64;KL64_08_ptr26;KL64_09_gtr242;KL64_10_wzy_KL64;KL64_11_gtr243;KL64_12_gtr244;KL64_13_gtr245;KL64_14_ghl58;KL64_15_gtr246;KL64_16_wcaJ27;KL64_18_manC;KL64_22_rmlD;KL64_23_rmlC	0		0 / 24 (0.00%)		1	KL3_04_wza,82.52%,75.26%,truncated	KL3_04_wza,82.52%,75.26%,truncated;KL64_19_manB,80.31%,83.15%,truncated;KL64_20_rmlB,78.91%,74.32%,truncated;KL64_21_rmlA,77.17%,87.59%,truncated		ST10
3.3.2	Klebsiella_pneumoniae_Species_Complex_K	3.2.2	GCA_966573225.1	ST10	KL158	unknown	Typeable	?-!	99.29%	83.85%		22 / 26 (84.62%)	KL158_01_galF,99.62%,88.29%,partial;KL158_02_cpsACP,93.30%,99.52%;KL158_03_wzi,99.78%,95.19%,partial;KL158_04_wza,99.74%,99.74%;KL158_05_wzb,99.31%,99.32%;KL158_06_wzc,99.53%,59.61%,partial;KL158_07_gtr522,99.53%,70.96%,partial;KL158_08_wcaJ43,100.00%,56.53%,partial;KL158_09_wzy_KL158,99.75%,99.75%;KL158_10_gtr523,100.00%,99.73%;KL158_11_gtr524,100.00%,60.99%,partial;KL158_11_gtr524,100.00%,39.36%,partial;KL158_12_gtr525,99.66%,99.66%;KL158_13_atr57,100.00%,99.50%;KL158_14_gtr526,94.32%,63.72%,truncated;KL158_15_ghl121,99.86%,99.86%;KL158_16_wzx_KL158,99.79%,99.79%;KL158_17_gnd,100.00%,82.30%,partial;KL158_18_rmlB,99.44%,99.72%;KL158_19_rmlA,100.00%,99.66%;KL158_20_rmlD,100.00%,99.66%;KL158_21_rmlC,100.00%,99.46%;KL158_22_ugd1,99.74%,99.74%		0		4 / 26 (15.38%)	KL158_06_wzc,100.00%,40.81%,partial;KL158_07_gtr522,100.00%,26.07%,partial;KL158_08_wcaJ43,100.00%,37.04%,partial;KL158_08_wcaJ43,100.00%,5.35%,partial;KL158_17_gnd,100.00%,15.35%,partial	5	KL156-D1_01_galF,99.32%,99.66%;KL156-D1_16_gnd,98.72%,99.79%;KL156-D1_17_ugd1,99.29%,97.23%;KL168_01_galF,95.05%,33.55%,truncated;KL169_01_galF,87.98%,61.20%,truncated	KL158_01_galF,99.62%,88.29%,partial;KL158_03_wzi,99.78%,95.19%,partial;KL158_06_wzc,99.53%,59.61%,partial;KL158_06_wzc,100.00%,40.81%,partial;KL158_07_gtr522,99.53%,70.96%,partial;KL158_07_gtr522,100.00%,26.07%,partial;KL158_08_wcaJ43,100.00%,56.53%,partial;KL158_08_wcaJ43,100.00%,37.04%,partial;KL158_08_wcaJ43,100.00%,5.35%,partial;KL158_11_gtr524,100.00%,60.99%,partial;KL158_11_gtr524,100.00%,39.36%,partial;KL158_14_gtr526,94.32%,63.72%,truncated;KL158_17_gnd,100.00%,82.30%,partial;KL158_17_gnd,100.00%,15.35%,partial;KL168_01_galF,95.05%,33.55%,truncated;KL169_01_galF,87.98%,61.20%,truncated		ST10
3.3.2	Klebsiella_pneumoniae_Species_Complex_K	3.2.2	GCA_966573385.1	ST10	KL183	Capsule null	Untypeable	?-!	91.88%	57.48%		4 / 19 (21.05%)	KL183_01_galF,90.46%,94.65%;KL183_14_gnd,95.49%,99.36%;KL183_15_rmlB,79.41%,76.62%,truncated;KL183_19_ugd1,89.69%,99.74%	KL183_02_cpsACP;KL183_03_wzi;KL183_04_wza;KL183_05_wzb;KL183_06_wzc;KL183_07_wbaP54;KL183_08_gtr610;KL183_09_gtr611;KL183_10_gtr612;KL183_11_wzx_KL183;KL183_12_wzy_KL183;KL183_13_ghl142;KL183_16_rmlA;KL183_17_rmlD;KL183_18_rmlC	0		0 / 19 (0.00%)		0		KL183_15_rmlB,79.41%,76.62%,truncated		ST10
3.3.2	Klebsiella_pneumoniae_Species_Complex_K	3.2.2	GCA_966576395.1	ST10	KL158	unknown	Typeable	?	99.10%	96.45%		22 / 22 (100.00%)	KL158_01_galF,99.33%,99.67%;KL158_02_cpsACP,93.30%,99.52%;KL158_03_wzi,99.79%,99.79%;KL158_04_wza,99.74%,99.74%;KL158_05_wzb,99.31%,99.32%;KL158_06_wzc,99.72%,99.86%;KL158_07_gtr522,99.67%,99.67%;KL158_08_wcaJ43,100.00%,99.79%;KL158_09_wzy_KL158,100.00%,99.75%;KL158_10_gtr523,100.00%,99.73%;KL158_11_gtr524,100.00%,99.65%;KL158_12_gtr525,99.66%,99.66%;KL158_13_atr57,100.00%,99.50%;KL158_14_gtr526,99.52%,99.76%;KL158_15_ghl121,99.86%,99.86%;KL158_16_wzx_KL158,99.79%,99.79%;KL158_17_gnd,100.00%,99.79%;KL158_18_rmlB,99.44%,99.72%;KL158_19_rmlA,100.00%,99.66%;KL158_20_rmlD,100.00%,99.66%;KL158_21_rmlC,100.00%,99.46%;KL158_22_ugd1,99.74%,99.74%		0		0 / 22 (0.00%)		4	KL156-D1_01_galF,99.32%,99.66%;KL156-D1_16_gnd,98.72%,99.79%;KL156-D1_17_ugd1,99.29%,97.23%;KL169_01_galF,90.34%,96.99%			ST10
3.3.2	Klebsiella_pneumoniae_Species_Complex_K	3.2.2	GCA_966591305.1	ST10	KL64	Capsule null	Untypeable	?-*!	91.79%	45.56%		6 / 24 (25.00%)	KL64_01_galF,92.63%,95.32%;KL64_17_gnd,95.09%,99.79%;KL64_19_manB,77.88%,94.75%,below_id_threshold;KL64_20_rmlB,78.91%,74.32%,truncated;KL64_21_rmlA,77.17%,87.59%,truncated;KL64_24_ugd1,89.38%,99.23%	KL64_02_cpsACP;KL64_03_wzi;KL64_04_wza;KL64_05_wzb;KL64_06_wzc;KL64_07_wzx_KL64;KL64_08_ptr26;KL64_09_gtr242;KL64_10_wzy_KL64;KL64_11_gtr243;KL64_12_gtr244;KL64_13_gtr245;KL64_14_ghl58;KL64_15_gtr246;KL64_16_wcaJ27;KL64_18_manC;KL64_22_rmlD;KL64_23_rmlC	0		0 / 24 (0.00%)		1	KL6_11_gmd,90.06%,97.05%	KL64_20_rmlB,78.91%,74.32%,truncated;KL64_21_rmlA,77.17%,87.59%,truncated		ST10
3.3.2	Klebsiella_pneumoniae_Species_Complex_K	3.2.2	GCA_966652735.1	ST10	KL127	unknown	Typeable	?!	95.76%	98.34%		19 / 19 (100.00%)	KL127_01_galF,99.33%,99.67%;KL127_02_cpsACP,93.30%,99.52%;KL127_03_wzi,96.03%,99.79%;KL127_04_wza,98.41%,99.74%;KL127_05_wzb,97.22%,99.31%;KL127_06_wzc,95.85%,99.86%;KL127_07_wbaP41,94.53%,99.79%;KL127_08_gtr395,95.47%,99.36%;KL127_09_wzy_KL127,94.13%,99.77%;KL127_10_wzx_KL127,91.38%,99.51%;KL127_11_ptr44,94.07%,99.73%;KL127_12_gtr396,95.21%,99.73%;KL127_13_ghl94,91.01%,14.16%,truncated;KL127_14_gnd,97.65%,99.79%;KL127_15_rmlB,97.18%,99.72%;KL127_16_rmlA,98.27%,99.66%;KL127_17_rmlD,98.99%,99.66%;KL127_18_rmlC,96.20%,99.46%;KL127_19_ugd1,95.88%,99.74%		0		0 / 19 (0.00%)		2	KL31_19_manB,98.80%,73.09%,truncated;KL169_01_galF,90.34%,96.99%	KL31_19_manB,98.80%,73.09%,truncated;KL127_13_ghl94,91.01%,14.16%,truncated		ST10
3.3.2	Klebsiella_pneumoniae_Species_Complex_K	3.2.2	GCA_968938235.1	ST10	KL64	Capsule null	Untypeable	?-*!	93.62%	22.95%		5 / 25 (20.00%)	KL64_17_gnd,95.49%,99.36%;KL64_19_manB,75.47%,93.44%,below_id_threshold;KL64_20_rmlB,78.91%,74.32%,truncated;KL64_21_rmlA,77.17%,87.59%,truncated;KL64_24_ugd1,89.35%,98.97%	KL64_01_galF;KL64_02_cpsACP;KL64_03_wzi;KL64_04_wza;KL64_05_wzb;KL64_06_wzc;KL64_07_wzx_KL64;KL64_08_ptr26;KL64_09_gtr242;KL64_10_wzy_KL64;KL64_11_gtr243;KL64_12_gtr244;KL64_13_gtr245;KL64_14_ghl58;KL64_15_gtr246;KL64_16_wcaJ27;KL64_18_manC;KL64_22_rmlD;KL64_23_rmlC	0		1 / 25 (4.00%)	KL64_17_gnd,96.61%,25.16%,partial	3	KL103_16_gnd,95.69%,49.47%,partial;KL156-D1_01_galF,99.65%,94.97%;KL169_01_galF,90.00%,96.99%	KL64_17_gnd,96.61%,25.16%,partial;KL64_20_rmlB,78.91%,74.32%,truncated;KL64_21_rmlA,77.17%,87.59%,truncated;KL103_16_gnd,95.69%,49.47%,partial		ST10
3.3.2	Klebsiella_pneumoniae_Species_Complex_K	3.2.2	GCA_969779115.1	ST10	KL64	Capsule null	Untypeable	?+-*!	95.85%	100.00%		5 / 24 (20.83%)	KL64_17_gnd,95.51%,99.79%;KL64_18_manC,58.57%,53.18%,truncated;KL64_19_manB,77.21%,93.87%,below_id_threshold;KL64_19_manB,77.34%,93.44%,below_id_threshold;KL64_20_rmlB,78.91%,74.32%,truncated;KL64_21_rmlA,77.17%,87.59%,truncated	KL64_01_galF;KL64_02_cpsACP;KL64_03_wzi;KL64_04_wza;KL64_05_wzb;KL64_06_wzc;KL64_07_wzx_KL64;KL64_08_ptr26;KL64_09_gtr242;KL64_10_wzy_KL64;KL64_11_gtr243;KL64_12_gtr244;KL64_13_gtr245;KL64_14_ghl58;KL64_15_gtr246;KL64_16_wcaJ27;KL64_22_rmlD;KL64_23_rmlC;KL64_24_ugd1	1	KL156-D1_01_galF,99.33%,99.66%	0 / 24 (0.00%)		2	KL6_11_gmd,90.33%,97.05%;KL156-D1_17_ugd1,98.22%,97.23%	KL64_18_manC,58.57%,53.18%,truncated;KL64_20_rmlB,78.91%,74.32%,truncated;KL64_21_rmlA,77.17%,87.59%,truncated		ST10
3.3.2	Klebsiella_pneumoniae_Species_Complex_K	3.2.2	GCA_009720065.1	ST131	KL156-D1	unknown	Untypeable	-!	97.73%	98.16%	-272	7 / 17 (41.18%)	KL156-D1_01_galF,98.65%,99.66%;KL156-D1_02_rmlB,95.01%,99.72%;KL156-D1_03_rmlD,95.32%,99.67%;KL156-D1_04_rmlA,98.63%,99.66%;KL156-D1_05_rmlC,94.07%,74.18%,truncated;KL156-D1_16_gnd,99.15%,99.79%;KL156-D1_17_ugd1,99.64%,97.23%	KL156-D1_06_wzx_KL156-D1;KL156-D1_07_gtr512;KL156-D1_08_gtr513;KL156-D1_09_wzy_KL156-D1;KL156-D1_10_ghl119;KL156-D1_11_gtr514;KL156-D1_12_gtr515;KL156-D1_13_reg;KL156-D1_14_gtr516;KL156-D1_15_gtr517	0		0 / 17 (0.00%)		0		KL156-D1_05_rmlC,94.07%,74.18%,truncated		ST131
3.3.2	Klebsiella_pneumoniae_Species_Complex_K	3.2.2	GCA_018972205.1	ST131	KL156-D1	unknown	Untypeable	-!	97.73%	98.16%	-272	7 / 17 (41.18%)	KL156-D1_01_galF,98.65%,99.66%;KL156-D1_02_rmlB,95.01%,99.72%;KL156-D1_03_rmlD,95.32%,99.67%;KL156-D1_04_rmlA,98.63%,99.66%;KL156-D1_05_rmlC,94.07%,74.18%,truncated;KL156-D1_16_gnd,99.15%,99.79%;KL156-D1_17_ugd1,99.64%,97.23%	KL156-D1_06_wzx_KL156-D1;KL156-D1_07_gtr512;KL156-D1_08_gtr513;KL156-D1_09_wzy_KL156-D1;KL156-D1_10_ghl119;KL156-D1_11_gtr514;KL156-D1_12_gtr515;KL156-D1_13_reg;KL156-D1_14_gtr516;KL156-D1_15_gtr517	0		0 / 17 (0.00%)		0		KL156-D1_05_rmlC,94.07%,74.18%,truncated		ST131
3.3.2	Klebsiella_pneumoniae_Species_Complex_K	3.2.2	GCA_018972225.1	ST131	KL156-D1	unknown	Untypeable	-!	97.73%	98.16%	-272	7 / 17 (41.18%)	KL156-D1_01_galF,98.65%,99.66%;KL156-D1_02_rmlB,95.01%,99.72%;KL156-D1_03_rmlD,95.32%,99.67%;KL156-D1_04_rmlA,98.63%,99.66%;KL156-D1_05_rmlC,94.07%,74.18%,truncated;KL156-D1_16_gnd,99.15%,99.79%;KL156-D1_17_ugd1,99.64%,97.23%	KL156-D1_06_wzx_KL156-D1;KL156-D1_07_gtr512;KL156-D1_08_gtr513;KL156-D1_09_wzy_KL156-D1;KL156-D1_10_ghl119;KL156-D1_11_gtr514;KL156-D1_12_gtr515;KL156-D1_13_reg;KL156-D1_14_gtr516;KL156-D1_15_gtr517	0		0 / 17 (0.00%)		0		KL156-D1_05_rmlC,94.07%,74.18%,truncated		ST131
3.3.2	Klebsiella_pneumoniae_Species_Complex_K	3.2.2	GCA_018972245.1	ST131	KL156-D1	unknown	Untypeable	-!	97.73%	98.16%	-272	7 / 17 (41.18%)	KL156-D1_01_galF,98.65%,99.66%;KL156-D1_02_rmlB,95.01%,99.72%;KL156-D1_03_rmlD,95.32%,99.67%;KL156-D1_04_rmlA,98.63%,99.66%;KL156-D1_05_rmlC,94.07%,74.18%,truncated;KL156-D1_16_gnd,99.15%,99.79%;KL156-D1_17_ugd1,99.64%,97.23%	KL156-D1_06_wzx_KL156-D1;KL156-D1_07_gtr512;KL156-D1_08_gtr513;KL156-D1_09_wzy_KL156-D1;KL156-D1_10_ghl119;KL156-D1_11_gtr514;KL156-D1_12_gtr515;KL156-D1_13_reg;KL156-D1_14_gtr516;KL156-D1_15_gtr517	0		0 / 17 (0.00%)		0		KL156-D1_05_rmlC,94.07%,74.18%,truncated		ST131
3.3.2	Klebsiella_pneumoniae_Species_Complex_K	3.2.2	GCA_018972265.1	ST131	KL156-D1	unknown	Untypeable	-!	97.70%	98.16%	-272	7 / 17 (41.18%)	KL156-D1_01_galF,98.65%,99.66%;KL156-D1_02_rmlB,95.01%,99.72%;KL156-D1_03_rmlD,95.32%,99.67%;KL156-D1_04_rmlA,98.63%,99.66%;KL156-D1_05_rmlC,94.07%,74.18%,truncated;KL156-D1_16_gnd,98.93%,99.79%;KL156-D1_17_ugd1,99.64%,97.23%	KL156-D1_06_wzx_KL156-D1;KL156-D1_07_gtr512;KL156-D1_08_gtr513;KL156-D1_09_wzy_KL156-D1;KL156-D1_10_ghl119;KL156-D1_11_gtr514;KL156-D1_12_gtr515;KL156-D1_13_reg;KL156-D1_14_gtr516;KL156-D1_15_gtr517	0		0 / 17 (0.00%)		0		KL156-D1_05_rmlC,94.07%,74.18%,truncated		ST131
3.3.2	Klebsiella_pneumoniae_Species_Complex_K	3.2.2	GCA_019355495.1	ST131	KL156-D1	unknown	Untypeable	-!	97.73%	98.16%	-272	7 / 17 (41.18%)	KL156-D1_01_galF,98.65%,99.66%;KL156-D1_02_rmlB,95.01%,99.72%;KL156-D1_03_rmlD,95.32%,99.67%;KL156-D1_04_rmlA,98.63%,99.66%;KL156-D1_05_rmlC,94.07%,74.18%,truncated;KL156-D1_16_gnd,99.15%,99.79%;KL156-D1_17_ugd1,99.64%,97.23%	KL156-D1_06_wzx_KL156-D1;KL156-D1_07_gtr512;KL156-D1_08_gtr513;KL156-D1_09_wzy_KL156-D1;KL156-D1_10_ghl119;KL156-D1_11_gtr514;KL156-D1_12_gtr515;KL156-D1_13_reg;KL156-D1_14_gtr516;KL156-D1_15_gtr517	0		0 / 17 (0.00%)		0		KL156-D1_05_rmlC,94.07%,74.18%,truncated		ST131
3.3.2	Klebsiella_pneumoniae_Species_Complex_K	3.2.2	GCA_030024465.1	ST131	KL156-D1	unknown	Untypeable	-	97.45%	97.13%	-425	6 / 17 (35.29%)	KL156-D1_01_galF,99.66%,99.66%;KL156-D1_02_rmlB,96.12%,99.72%;KL156-D1_03_rmlD,95.99%,99.67%;KL156-D1_04_rmlA,94.72%,96.93%;KL156-D1_16_gnd,98.93%,99.79%;KL156-D1_17_ugd1,99.29%,97.23%	KL156-D1_05_rmlC;KL156-D1_06_wzx_KL156-D1;KL156-D1_07_gtr512;KL156-D1_08_gtr513;KL156-D1_09_wzy_KL156-D1;KL156-D1_10_ghl119;KL156-D1_11_gtr514;KL156-D1_12_gtr515;KL156-D1_13_reg;KL156-D1_14_gtr516;KL156-D1_15_gtr517	0		0 / 17 (0.00%)		0				ST131
3.3.2	Klebsiella_pneumoniae_Species_Complex_K	3.2.2	GCA_030025055.1	ST131	KL156-D1	unknown	Untypeable	-	97.45%	97.13%	-425	6 / 17 (35.29%)	KL156-D1_01_galF,99.66%,99.66%;KL156-D1_02_rmlB,96.12%,99.72%;KL156-D1_03_rmlD,95.99%,99.67%;KL156-D1_04_rmlA,94.72%,96.93%;KL156-D1_16_gnd,98.93%,99.79%;KL156-D1_17_ugd1,99.29%,97.23%	KL156-D1_05_rmlC;KL156-D1_06_wzx_KL156-D1;KL156-D1_07_gtr512;KL156-D1_08_gtr513;KL156-D1_09_wzy_KL156-D1;KL156-D1_10_ghl119;KL156-D1_11_gtr514;KL156-D1_12_gtr515;KL156-D1_13_reg;KL156-D1_14_gtr516;KL156-D1_15_gtr517	0		0 / 17 (0.00%)		0				ST131
3.3.2	Klebsiella_pneumoniae_Species_Complex_K	3.2.2	GCA_037046935.1	ST131	KL156-D1	unknown	Untypeable	-!	97.73%	98.16%	-272	7 / 17 (41.18%)	KL156-D1_01_galF,98.65%,99.66%;KL156-D1_02_rmlB,95.01%,99.72%;KL156-D1_03_rmlD,95.32%,99.67%;KL156-D1_04_rmlA,98.63%,99.66%;KL156-D1_05_rmlC,94.07%,74.18%,truncated;KL156-D1_16_gnd,99.15%,99.79%;KL156-D1_17_ugd1,99.64%,97.23%	KL156-D1_06_wzx_KL156-D1;KL156-D1_07_gtr512;KL156-D1_08_gtr513;KL156-D1_09_wzy_KL156-D1;KL156-D1_10_ghl119;KL156-D1_11_gtr514;KL156-D1_12_gtr515;KL156-D1_13_reg;KL156-D1_14_gtr516;KL156-D1_15_gtr517	0		0 / 17 (0.00%)		0		KL156-D1_05_rmlC,94.07%,74.18%,truncated		ST131
3.3.2	Klebsiella_pneumoniae_Species_Complex_K	3.2.2	GCA_037047175.1	ST131	KL156-D1	unknown	Untypeable	-!	97.73%	98.16%	-272	7 / 17 (41.18%)	KL156-D1_01_galF,98.65%,99.66%;KL156-D1_02_rmlB,95.01%,99.72%;KL156-D1_03_rmlD,95.32%,99.67%;KL156-D1_04_rmlA,98.63%,99.66%;KL156-D1_05_rmlC,94.07%,74.18%,truncated;KL156-D1_16_gnd,99.15%,99.79%;KL156-D1_17_ugd1,99.64%,97.23%	KL156-D1_06_wzx_KL156-D1;KL156-D1_07_gtr512;KL156-D1_08_gtr513;KL156-D1_09_wzy_KL156-D1;KL156-D1_10_ghl119;KL156-D1_11_gtr514;KL156-D1_12_gtr515;KL156-D1_13_reg;KL156-D1_14_gtr516;KL156-D1_15_gtr517	0		0 / 17 (0.00%)		0		KL156-D1_05_rmlC,94.07%,74.18%,truncated		ST131
3.3.2	Klebsiella_pneumoniae_Species_Complex_K	3.2.2	GCA_037047235.1	ST131	KL156-D1	unknown	Untypeable	-	97.45%	97.13%	-425	6 / 17 (35.29%)	KL156-D1_01_galF,99.66%,99.66%;KL156-D1_02_rmlB,96.12%,99.72%;KL156-D1_03_rmlD,95.99%,99.67%;KL156-D1_04_rmlA,94.72%,96.93%;KL156-D1_16_gnd,98.93%,99.79%;KL156-D1_17_ugd1,99.29%,97.23%	KL156-D1_05_rmlC;KL156-D1_06_wzx_KL156-D1;KL156-D1_07_gtr512;KL156-D1_08_gtr513;KL156-D1_09_wzy_KL156-D1;KL156-D1_10_ghl119;KL156-D1_11_gtr514;KL156-D1_12_gtr515;KL156-D1_13_reg;KL156-D1_14_gtr516;KL156-D1_15_gtr517	0		0 / 17 (0.00%)		0				ST131
3.3.2	Klebsiella_pneumoniae_Species_Complex_K	3.2.2	GCA_037047245.1	ST131	KL156-D1	unknown	Untypeable	-!	97.73%	98.16%	-272	7 / 17 (41.18%)	KL156-D1_01_galF,98.65%,99.66%;KL156-D1_02_rmlB,95.01%,99.72%;KL156-D1_03_rmlD,95.32%,99.67%;KL156-D1_04_rmlA,98.63%,99.66%;KL156-D1_05_rmlC,94.07%,74.18%,truncated;KL156-D1_16_gnd,99.15%,99.79%;KL156-D1_17_ugd1,99.64%,97.23%	KL156-D1_06_wzx_KL156-D1;KL156-D1_07_gtr512;KL156-D1_08_gtr513;KL156-D1_09_wzy_KL156-D1;KL156-D1_10_ghl119;KL156-D1_11_gtr514;KL156-D1_12_gtr515;KL156-D1_13_reg;KL156-D1_14_gtr516;KL156-D1_15_gtr517	0		0 / 17 (0.00%)		0		KL156-D1_05_rmlC,94.07%,74.18%,truncated		ST131
3.3.2	Klebsiella_pneumoniae_Species_Complex_K	3.2.2	GCA_037047345.1	ST131	KL156-D1	unknown	Untypeable	-!	97.73%	98.16%	-272	7 / 17 (41.18%)	KL156-D1_01_galF,98.65%,99.66%;KL156-D1_02_rmlB,95.01%,99.72%;KL156-D1_03_rmlD,95.32%,99.67%;KL156-D1_04_rmlA,98.63%,99.66%;KL156-D1_05_rmlC,94.07%,74.18%,truncated;KL156-D1_16_gnd,99.15%,99.79%;KL156-D1_17_ugd1,99.64%,97.23%	KL156-D1_06_wzx_KL156-D1;KL156-D1_07_gtr512;KL156-D1_08_gtr513;KL156-D1_09_wzy_KL156-D1;KL156-D1_10_ghl119;KL156-D1_11_gtr514;KL156-D1_12_gtr515;KL156-D1_13_reg;KL156-D1_14_gtr516;KL156-D1_15_gtr517	0		0 / 17 (0.00%)		0		KL156-D1_05_rmlC,94.07%,74.18%,truncated		ST131
3.3.2	Klebsiella_pneumoniae_Species_Complex_K	3.2.2	GCA_037047485.1	ST131	KL156-D1	unknown	Untypeable	-	97.45%	97.13%	-425	6 / 17 (35.29%)	KL156-D1_01_galF,99.66%,99.66%;KL156-D1_02_rmlB,96.12%,99.72%;KL156-D1_03_rmlD,95.99%,99.67%;KL156-D1_04_rmlA,94.72%,96.93%;KL156-D1_16_gnd,98.93%,99.79%;KL156-D1_17_ugd1,99.29%,97.23%	KL156-D1_05_rmlC;KL156-D1_06_wzx_KL156-D1;KL156-D1_07_gtr512;KL156-D1_08_gtr513;KL156-D1_09_wzy_KL156-D1;KL156-D1_10_ghl119;KL156-D1_11_gtr514;KL156-D1_12_gtr515;KL156-D1_13_reg;KL156-D1_14_gtr516;KL156-D1_15_gtr517	0		0 / 17 (0.00%)		0				ST131
3.3.2	Klebsiella_pneumoniae_Species_Complex_K	3.2.2	GCA_037047525.1	ST131	KL156-D1	unknown	Untypeable	-!	97.73%	98.16%	-272	7 / 17 (41.18%)	KL156-D1_01_galF,98.65%,99.66%;KL156-D1_02_rmlB,95.01%,99.72%;KL156-D1_03_rmlD,95.32%,99.67%;KL156-D1_04_rmlA,98.63%,99.66%;KL156-D1_05_rmlC,94.07%,74.18%,truncated;KL156-D1_16_gnd,99.15%,99.79%;KL156-D1_17_ugd1,99.64%,97.23%	KL156-D1_06_wzx_KL156-D1;KL156-D1_07_gtr512;KL156-D1_08_gtr513;KL156-D1_09_wzy_KL156-D1;KL156-D1_10_ghl119;KL156-D1_11_gtr514;KL156-D1_12_gtr515;KL156-D1_13_reg;KL156-D1_14_gtr516;KL156-D1_15_gtr517	0		0 / 17 (0.00%)		0		KL156-D1_05_rmlC,94.07%,74.18%,truncated		ST131
3.3.2	Klebsiella_pneumoniae_Species_Complex_K	3.2.2	GCA_037047605.1	ST131	KL156-D1	unknown	Untypeable	-	97.45%	97.13%	-425	6 / 17 (35.29%)	KL156-D1_01_galF,99.66%,99.66%;KL156-D1_02_rmlB,96.12%,99.72%;KL156-D1_03_rmlD,95.99%,99.67%;KL156-D1_04_rmlA,94.72%,96.93%;KL156-D1_16_gnd,98.93%,99.79%;KL156-D1_17_ugd1,99.29%,97.23%	KL156-D1_05_rmlC;KL156-D1_06_wzx_KL156-D1;KL156-D1_07_gtr512;KL156-D1_08_gtr513;KL156-D1_09_wzy_KL156-D1;KL156-D1_10_ghl119;KL156-D1_11_gtr514;KL156-D1_12_gtr515;KL156-D1_13_reg;KL156-D1_14_gtr516;KL156-D1_15_gtr517	0		0 / 17 (0.00%)		0				ST131
3.3.2	Klebsiella_pneumoniae_Species_Complex_K	3.2.2	GCA_037047645.1	ST131	KL156-D1	unknown	Untypeable	-!	97.73%	98.16%	-272	7 / 17 (41.18%)	KL156-D1_01_galF,98.65%,99.66%;KL156-D1_02_rmlB,95.01%,99.72%;KL156-D1_03_rmlD,95.32%,99.67%;KL156-D1_04_rmlA,98.63%,99.66%;KL156-D1_05_rmlC,94.07%,74.18%,truncated;KL156-D1_16_gnd,99.15%,99.79%;KL156-D1_17_ugd1,99.64%,97.23%	KL156-D1_06_wzx_KL156-D1;KL156-D1_07_gtr512;KL156-D1_08_gtr513;KL156-D1_09_wzy_KL156-D1;KL156-D1_10_ghl119;KL156-D1_11_gtr514;KL156-D1_12_gtr515;KL156-D1_13_reg;KL156-D1_14_gtr516;KL156-D1_15_gtr517	0		0 / 17 (0.00%)		0		KL156-D1_05_rmlC,94.07%,74.18%,truncated		ST131
3.3.2	Klebsiella_pneumoniae_Species_Complex_K	3.2.2	GCA_037047685.1	ST131	KL156-D1	unknown	Untypeable	-!	97.73%	98.16%	-272	7 / 17 (41.18%)	KL156-D1_01_galF,98.65%,99.66%;KL156-D1_02_rmlB,95.01%,99.72%;KL156-D1_03_rmlD,95.32%,99.67%;KL156-D1_04_rmlA,98.63%,99.66%;KL156-D1_05_rmlC,94.07%,74.18%,truncated;KL156-D1_16_gnd,99.15%,99.79%;KL156-D1_17_ugd1,99.64%,97.23%	KL156-D1_06_wzx_KL156-D1;KL156-D1_07_gtr512;KL156-D1_08_gtr513;KL156-D1_09_wzy_KL156-D1;KL156-D1_10_ghl119;KL156-D1_11_gtr514;KL156-D1_12_gtr515;KL156-D1_13_reg;KL156-D1_14_gtr516;KL156-D1_15_gtr517	0		0 / 17 (0.00%)		0		KL156-D1_05_rmlC,94.07%,74.18%,truncated		ST131
3.3.2	Klebsiella_pneumoniae_Species_Complex_K	3.2.2	GCA_037047825.1	ST131	KL156-D1	unknown	Untypeable	-!	97.73%	98.16%	-272	7 / 17 (41.18%)	KL156-D1_01_galF,98.65%,99.66%;KL156-D1_02_rmlB,95.01%,99.72%;KL156-D1_03_rmlD,95.32%,99.67%;KL156-D1_04_rmlA,98.63%,99.66%;KL156-D1_05_rmlC,94.07%,74.18%,truncated;KL156-D1_16_gnd,99.15%,99.79%;KL156-D1_17_ugd1,99.64%,97.23%	KL156-D1_06_wzx_KL156-D1;KL156-D1_07_gtr512;KL156-D1_08_gtr513;KL156-D1_09_wzy_KL156-D1;KL156-D1_10_ghl119;KL156-D1_11_gtr514;KL156-D1_12_gtr515;KL156-D1_13_reg;KL156-D1_14_gtr516;KL156-D1_15_gtr517	0		0 / 17 (0.00%)		0		KL156-D1_05_rmlC,94.07%,74.18%,truncated		ST131
3.3.2	Klebsiella_pneumoniae_Species_Complex_K	3.2.2	GCA_037047925.1	ST131	KL156-D1	unknown	Untypeable	-!	97.73%	98.16%	-272	7 / 17 (41.18%)	KL156-D1_01_galF,98.65%,99.66%;KL156-D1_02_rmlB,95.01%,99.72%;KL156-D1_03_rmlD,95.32%,99.67%;KL156-D1_04_rmlA,98.63%,99.66%;KL156-D1_05_rmlC,94.07%,74.18%,truncated;KL156-D1_16_gnd,99.15%,99.79%;KL156-D1_17_ugd1,99.64%,97.23%	KL156-D1_06_wzx_KL156-D1;KL156-D1_07_gtr512;KL156-D1_08_gtr513;KL156-D1_09_wzy_KL156-D1;KL156-D1_10_ghl119;KL156-D1_11_gtr514;KL156-D1_12_gtr515;KL156-D1_13_reg;KL156-D1_14_gtr516;KL156-D1_15_gtr517	0		0 / 17 (0.00%)		0		KL156-D1_05_rmlC,94.07%,74.18%,truncated		ST131
3.3.2	Klebsiella_pneumoniae_Species_Complex_K	3.2.2	GCA_037048105.1	ST131	KL156-D1	unknown	Untypeable	-!	97.73%	98.16%	-272	7 / 17 (41.18%)	KL156-D1_01_galF,98.65%,99.66%;KL156-D1_02_rmlB,95.01%,99.72%;KL156-D1_03_rmlD,95.32%,99.67%;KL156-D1_04_rmlA,98.63%,99.66%;KL156-D1_05_rmlC,94.07%,74.18%,truncated;KL156-D1_16_gnd,99.15%,99.79%;KL156-D1_17_ugd1,99.64%,97.23%	KL156-D1_06_wzx_KL156-D1;KL156-D1_07_gtr512;KL156-D1_08_gtr513;KL156-D1_09_wzy_KL156-D1;KL156-D1_10_ghl119;KL156-D1_11_gtr514;KL156-D1_12_gtr515;KL156-D1_13_reg;KL156-D1_14_gtr516;KL156-D1_15_gtr517	0		0 / 17 (0.00%)		0		KL156-D1_05_rmlC,94.07%,74.18%,truncated		ST131
3.3.2	Klebsiella_pneumoniae_Species_Complex_K	3.2.2	GCA_037048185.1	ST131	KL156-D1	unknown	Untypeable	-!	97.73%	98.16%	-272	7 / 17 (41.18%)	KL156-D1_01_galF,98.65%,99.66%;KL156-D1_02_rmlB,95.01%,99.72%;KL156-D1_03_rmlD,95.32%,99.67%;KL156-D1_04_rmlA,98.63%,99.66%;KL156-D1_05_rmlC,94.07%,74.18%,truncated;KL156-D1_16_gnd,99.15%,99.79%;KL156-D1_17_ugd1,99.64%,97.23%	KL156-D1_06_wzx_KL156-D1;KL156-D1_07_gtr512;KL156-D1_08_gtr513;KL156-D1_09_wzy_KL156-D1;KL156-D1_10_ghl119;KL156-D1_11_gtr514;KL156-D1_12_gtr515;KL156-D1_13_reg;KL156-D1_14_gtr516;KL156-D1_15_gtr517	0		0 / 17 (0.00%)		0		KL156-D1_05_rmlC,94.07%,74.18%,truncated		ST131
3.3.2	Klebsiella_pneumoniae_Species_Complex_K	3.2.2	GCA_037048265.1	ST131	KL156-D1	unknown	Untypeable	-!	97.73%	98.16%	-272	7 / 17 (41.18%)	KL156-D1_01_galF,98.65%,99.66%;KL156-D1_02_rmlB,95.01%,99.72%;KL156-D1_03_rmlD,95.32%,99.67%;KL156-D1_04_rmlA,98.63%,99.66%;KL156-D1_05_rmlC,94.07%,74.18%,truncated;KL156-D1_16_gnd,99.15%,99.79%;KL156-D1_17_ugd1,99.64%,97.23%	KL156-D1_06_wzx_KL156-D1;KL156-D1_07_gtr512;KL156-D1_08_gtr513;KL156-D1_09_wzy_KL156-D1;KL156-D1_10_ghl119;KL156-D1_11_gtr514;KL156-D1_12_gtr515;KL156-D1_13_reg;KL156-D1_14_gtr516;KL156-D1_15_gtr517	0		0 / 17 (0.00%)		0		KL156-D1_05_rmlC,94.07%,74.18%,truncated		ST131
3.3.2	Klebsiella_pneumoniae_Species_Complex_K	3.2.2	GCA_037048405.1	ST131	KL156-D1	unknown	Untypeable	-!	97.73%	98.16%	-272	7 / 17 (41.18%)	KL156-D1_01_galF,98.65%,99.66%;KL156-D1_02_rmlB,95.01%,99.72%;KL156-D1_03_rmlD,95.32%,99.67%;KL156-D1_04_rmlA,98.63%,99.66%;KL156-D1_05_rmlC,94.07%,74.18%,truncated;KL156-D1_16_gnd,99.15%,99.79%;KL156-D1_17_ugd1,99.64%,97.23%	KL156-D1_06_wzx_KL156-D1;KL156-D1_07_gtr512;KL156-D1_08_gtr513;KL156-D1_09_wzy_KL156-D1;KL156-D1_10_ghl119;KL156-D1_11_gtr514;KL156-D1_12_gtr515;KL156-D1_13_reg;KL156-D1_14_gtr516;KL156-D1_15_gtr517	0		0 / 17 (0.00%)		0		KL156-D1_05_rmlC,94.07%,74.18%,truncated		ST131
3.3.2	Klebsiella_pneumoniae_Species_Complex_K	3.2.2	GCA_037048425.1	ST131	KL156-D1	unknown	Untypeable	-!	97.73%	98.16%	-272	7 / 17 (41.18%)	KL156-D1_01_galF,98.65%,99.66%;KL156-D1_02_rmlB,95.01%,99.72%;KL156-D1_03_rmlD,95.32%,99.67%;KL156-D1_04_rmlA,98.63%,99.66%;KL156-D1_05_rmlC,94.07%,74.18%,truncated;KL156-D1_16_gnd,99.15%,99.79%;KL156-D1_17_ugd1,99.64%,97.23%	KL156-D1_06_wzx_KL156-D1;KL156-D1_07_gtr512;KL156-D1_08_gtr513;KL156-D1_09_wzy_KL156-D1;KL156-D1_10_ghl119;KL156-D1_11_gtr514;KL156-D1_12_gtr515;KL156-D1_13_reg;KL156-D1_14_gtr516;KL156-D1_15_gtr517	0		0 / 17 (0.00%)		0		KL156-D1_05_rmlC,94.07%,74.18%,truncated		ST131
3.3.2	Klebsiella_pneumoniae_Species_Complex_K	3.2.2	GCA_037048485.1	ST131	KL156-D1	unknown	Untypeable	-!	97.73%	98.16%	-272	7 / 17 (41.18%)	KL156-D1_01_galF,98.65%,99.66%;KL156-D1_02_rmlB,95.01%,99.72%;KL156-D1_03_rmlD,95.32%,99.67%;KL156-D1_04_rmlA,98.63%,99.66%;KL156-D1_05_rmlC,94.07%,74.18%,truncated;KL156-D1_16_gnd,99.15%,99.79%;KL156-D1_17_ugd1,99.64%,97.23%	KL156-D1_06_wzx_KL156-D1;KL156-D1_07_gtr512;KL156-D1_08_gtr513;KL156-D1_09_wzy_KL156-D1;KL156-D1_10_ghl119;KL156-D1_11_gtr514;KL156-D1_12_gtr515;KL156-D1_13_reg;KL156-D1_14_gtr516;KL156-D1_15_gtr517	0		0 / 17 (0.00%)		0		KL156-D1_05_rmlC,94.07%,74.18%,truncated		ST131
3.3.2	Klebsiella_pneumoniae_Species_Complex_K	3.2.2	GCA_037048945.1	ST131	KL156-D1	unknown	Untypeable	-	97.45%	97.13%	-425	6 / 17 (35.29%)	KL156-D1_01_galF,99.66%,99.66%;KL156-D1_02_rmlB,96.12%,99.72%;KL156-D1_03_rmlD,95.99%,99.67%;KL156-D1_04_rmlA,94.72%,96.93%;KL156-D1_16_gnd,98.93%,99.79%;KL156-D1_17_ugd1,99.29%,97.23%	KL156-D1_05_rmlC;KL156-D1_06_wzx_KL156-D1;KL156-D1_07_gtr512;KL156-D1_08_gtr513;KL156-D1_09_wzy_KL156-D1;KL156-D1_10_ghl119;KL156-D1_11_gtr514;KL156-D1_12_gtr515;KL156-D1_13_reg;KL156-D1_14_gtr516;KL156-D1_15_gtr517	0		0 / 17 (0.00%)		0				ST131
3.3.2	Klebsiella_pneumoniae_Species_Complex_K	3.2.2	GCA_037049045.1	ST131	KL156-D1	unknown	Untypeable	-!	97.73%	98.16%	-272	7 / 17 (41.18%)	KL156-D1_01_galF,98.65%,99.66%;KL156-D1_02_rmlB,95.01%,99.72%;KL156-D1_03_rmlD,95.32%,99.67%;KL156-D1_04_rmlA,98.63%,99.66%;KL156-D1_05_rmlC,94.07%,74.18%,truncated;KL156-D1_16_gnd,99.15%,99.79%;KL156-D1_17_ugd1,99.64%,97.23%	KL156-D1_06_wzx_KL156-D1;KL156-D1_07_gtr512;KL156-D1_08_gtr513;KL156-D1_09_wzy_KL156-D1;KL156-D1_10_ghl119;KL156-D1_11_gtr514;KL156-D1_12_gtr515;KL156-D1_13_reg;KL156-D1_14_gtr516;KL156-D1_15_gtr517	0		0 / 17 (0.00%)		0		KL156-D1_05_rmlC,94.07%,74.18%,truncated		ST131
3.3.2	Klebsiella_pneumoniae_Species_Complex_K	3.2.2	GCA_037049065.1	ST131	KL156-D1	unknown	Untypeable	-!	97.73%	98.16%	-272	7 / 17 (41.18%)	KL156-D1_01_galF,98.65%,99.66%;KL156-D1_02_rmlB,95.01%,99.72%;KL156-D1_03_rmlD,95.32%,99.67%;KL156-D1_04_rmlA,98.63%,99.66%;KL156-D1_05_rmlC,94.07%,74.18%,truncated;KL156-D1_16_gnd,99.15%,99.79%;KL156-D1_17_ugd1,99.64%,97.23%	KL156-D1_06_wzx_KL156-D1;KL156-D1_07_gtr512;KL156-D1_08_gtr513;KL156-D1_09_wzy_KL156-D1;KL156-D1_10_ghl119;KL156-D1_11_gtr514;KL156-D1_12_gtr515;KL156-D1_13_reg;KL156-D1_14_gtr516;KL156-D1_15_gtr517	0		0 / 17 (0.00%)		0		KL156-D1_05_rmlC,94.07%,74.18%,truncated		ST131
3.3.2	Klebsiella_pneumoniae_Species_Complex_K	3.2.2	GCA_037049145.1	ST131	KL156-D1	unknown	Untypeable	-!	97.73%	98.16%	-272	7 / 17 (41.18%)	KL156-D1_01_galF,98.65%,99.66%;KL156-D1_02_rmlB,95.01%,99.72%;KL156-D1_03_rmlD,95.32%,99.67%;KL156-D1_04_rmlA,98.63%,99.66%;KL156-D1_05_rmlC,94.07%,74.18%,truncated;KL156-D1_16_gnd,99.15%,99.79%;KL156-D1_17_ugd1,99.64%,97.23%	KL156-D1_06_wzx_KL156-D1;KL156-D1_07_gtr512;KL156-D1_08_gtr513;KL156-D1_09_wzy_KL156-D1;KL156-D1_10_ghl119;KL156-D1_11_gtr514;KL156-D1_12_gtr515;KL156-D1_13_reg;KL156-D1_14_gtr516;KL156-D1_15_gtr517	0		0 / 17 (0.00%)		0		KL156-D1_05_rmlC,94.07%,74.18%,truncated		ST131
3.3.2	Klebsiella_pneumoniae_Species_Complex_K	3.2.2	GCA_037049305.1	ST131	KL156-D1	unknown	Untypeable	-!	97.73%	98.17%	-271	7 / 17 (41.18%)	KL156-D1_01_galF,98.65%,99.66%;KL156-D1_02_rmlB,95.01%,99.72%;KL156-D1_03_rmlD,95.32%,99.67%;KL156-D1_04_rmlA,98.63%,99.66%;KL156-D1_05_rmlC,94.07%,74.18%,truncated;KL156-D1_16_gnd,99.15%,99.79%;KL156-D1_17_ugd1,99.64%,97.23%	KL156-D1_06_wzx_KL156-D1;KL156-D1_07_gtr512;KL156-D1_08_gtr513;KL156-D1_09_wzy_KL156-D1;KL156-D1_10_ghl119;KL156-D1_11_gtr514;KL156-D1_12_gtr515;KL156-D1_13_reg;KL156-D1_14_gtr516;KL156-D1_15_gtr517	0		0 / 17 (0.00%)		0		KL156-D1_05_rmlC,94.07%,74.18%,truncated		ST131
3.3.2	Klebsiella_pneumoniae_Species_Complex_K	3.2.2	GCA_037049765.1	ST131	KL156-D1	unknown	Untypeable	-!	97.73%	98.16%	-272	7 / 17 (41.18%)	KL156-D1_01_galF,98.65%,99.66%;KL156-D1_02_rmlB,95.01%,99.72%;KL156-D1_03_rmlD,95.32%,99.67%;KL156-D1_04_rmlA,98.63%,99.66%;KL156-D1_05_rmlC,94.07%,74.18%,truncated;KL156-D1_16_gnd,99.15%,99.79%;KL156-D1_17_ugd1,99.64%,97.23%	KL156-D1_06_wzx_KL156-D1;KL156-D1_07_gtr512;KL156-D1_08_gtr513;KL156-D1_09_wzy_KL156-D1;KL156-D1_10_ghl119;KL156-D1_11_gtr514;KL156-D1_12_gtr515;KL156-D1_13_reg;KL156-D1_14_gtr516;KL156-D1_15_gtr517	0		0 / 17 (0.00%)		0		KL156-D1_05_rmlC,94.07%,74.18%,truncated		ST131
3.3.2	Klebsiella_pneumoniae_Species_Complex_K	3.2.2	GCA_037049825.1	ST131	KL156-D1	unknown	Untypeable	-!	97.73%	98.16%	-272	7 / 17 (41.18%)	KL156-D1_01_galF,98.65%,99.66%;KL156-D1_02_rmlB,95.01%,99.72%;KL156-D1_03_rmlD,95.32%,99.67%;KL156-D1_04_rmlA,98.63%,99.66%;KL156-D1_05_rmlC,94.07%,74.18%,truncated;KL156-D1_16_gnd,99.15%,99.79%;KL156-D1_17_ugd1,99.64%,97.23%	KL156-D1_06_wzx_KL156-D1;KL156-D1_07_gtr512;KL156-D1_08_gtr513;KL156-D1_09_wzy_KL156-D1;KL156-D1_10_ghl119;KL156-D1_11_gtr514;KL156-D1_12_gtr515;KL156-D1_13_reg;KL156-D1_14_gtr516;KL156-D1_15_gtr517	0		0 / 17 (0.00%)		0		KL156-D1_05_rmlC,94.07%,74.18%,truncated		ST131
3.3.2	Klebsiella_pneumoniae_Species_Complex_K	3.2.2	GCA_040713425.1	ST131	KL156-D1	unknown	Untypeable	-!	98.08%	98.17%	-271	7 / 17 (41.18%)	KL156-D1_01_galF,99.33%,99.66%;KL156-D1_02_rmlB,96.12%,99.72%;KL156-D1_03_rmlD,96.32%,99.67%;KL156-D1_04_rmlA,97.95%,99.66%;KL156-D1_05_rmlC,94.07%,74.18%,truncated;KL156-D1_16_gnd,99.15%,99.79%;KL156-D1_17_ugd1,99.64%,97.23%	KL156-D1_06_wzx_KL156-D1;KL156-D1_07_gtr512;KL156-D1_08_gtr513;KL156-D1_09_wzy_KL156-D1;KL156-D1_10_ghl119;KL156-D1_11_gtr514;KL156-D1_12_gtr515;KL156-D1_13_reg;KL156-D1_14_gtr516;KL156-D1_15_gtr517	0		0 / 17 (0.00%)		0		KL156-D1_05_rmlC,94.07%,74.18%,truncated		ST131
3.3.2	Klebsiella_pneumoniae_Species_Complex_K	3.2.2	GCA_040716695.1	ST131	KL156-D1	unknown	Untypeable	-!	98.08%	98.17%	-271	7 / 17 (41.18%)	KL156-D1_01_galF,99.33%,99.66%;KL156-D1_02_rmlB,96.12%,99.72%;KL156-D1_03_rmlD,96.32%,99.67%;KL156-D1_04_rmlA,97.95%,99.66%;KL156-D1_05_rmlC,94.07%,74.18%,truncated;KL156-D1_16_gnd,99.15%,99.79%;KL156-D1_17_ugd1,99.64%,97.23%	KL156-D1_06_wzx_KL156-D1;KL156-D1_07_gtr512;KL156-D1_08_gtr513;KL156-D1_09_wzy_KL156-D1;KL156-D1_10_ghl119;KL156-D1_11_gtr514;KL156-D1_12_gtr515;KL156-D1_13_reg;KL156-D1_14_gtr516;KL156-D1_15_gtr517	0		0 / 17 (0.00%)		0		KL156-D1_05_rmlC,94.07%,74.18%,truncated		ST131
3.3.2	Klebsiella_pneumoniae_Species_Complex_K	3.2.2	GCA_907163515.1	ST131	KL156-D1	unknown	Untypeable	-!	97.73%	98.16%	-272	7 / 17 (41.18%)	KL156-D1_01_galF,98.65%,99.66%;KL156-D1_02_rmlB,95.01%,99.72%;KL156-D1_03_rmlD,95.32%,99.67%;KL156-D1_04_rmlA,98.63%,99.66%;KL156-D1_05_rmlC,94.07%,74.18%,truncated;KL156-D1_16_gnd,99.15%,99.79%;KL156-D1_17_ugd1,99.64%,97.23%	KL156-D1_06_wzx_KL156-D1;KL156-D1_07_gtr512;KL156-D1_08_gtr513;KL156-D1_09_wzy_KL156-D1;KL156-D1_10_ghl119;KL156-D1_11_gtr514;KL156-D1_12_gtr515;KL156-D1_13_reg;KL156-D1_14_gtr516;KL156-D1_15_gtr517	0		0 / 17 (0.00%)		0		KL156-D1_05_rmlC,94.07%,74.18%,truncated		ST131
3.3.2	Klebsiella_pneumoniae_Species_Complex_K	3.2.2	GCA_907163575.1	ST131	KL156-D1	unknown	Untypeable	-!	97.73%	98.16%	-272	7 / 17 (41.18%)	KL156-D1_01_galF,98.65%,99.66%;KL156-D1_02_rmlB,95.01%,99.72%;KL156-D1_03_rmlD,95.32%,99.67%;KL156-D1_04_rmlA,98.63%,99.66%;KL156-D1_05_rmlC,94.07%,74.18%,truncated;KL156-D1_16_gnd,99.15%,99.79%;KL156-D1_17_ugd1,99.64%,97.23%	KL156-D1_06_wzx_KL156-D1;KL156-D1_07_gtr512;KL156-D1_08_gtr513;KL156-D1_09_wzy_KL156-D1;KL156-D1_10_ghl119;KL156-D1_11_gtr514;KL156-D1_12_gtr515;KL156-D1_13_reg;KL156-D1_14_gtr516;KL156-D1_15_gtr517	0		0 / 17 (0.00%)		0		KL156-D1_05_rmlC,94.07%,74.18%,truncated		ST131
3.3.2	Klebsiella_pneumoniae_Species_Complex_K	3.2.2	GCA_907163605.1	ST131	KL156-D1	unknown	Untypeable	-!	97.73%	98.16%	-272	7 / 17 (41.18%)	KL156-D1_01_galF,98.65%,99.66%;KL156-D1_02_rmlB,95.01%,99.72%;KL156-D1_03_rmlD,95.32%,99.67%;KL156-D1_04_rmlA,98.63%,99.66%;KL156-D1_05_rmlC,94.07%,74.18%,truncated;KL156-D1_16_gnd,99.15%,99.79%;KL156-D1_17_ugd1,99.64%,97.23%	KL156-D1_06_wzx_KL156-D1;KL156-D1_07_gtr512;KL156-D1_08_gtr513;KL156-D1_09_wzy_KL156-D1;KL156-D1_10_ghl119;KL156-D1_11_gtr514;KL156-D1_12_gtr515;KL156-D1_13_reg;KL156-D1_14_gtr516;KL156-D1_15_gtr517	0		0 / 17 (0.00%)		0		KL156-D1_05_rmlC,94.07%,74.18%,truncated		ST131
3.3.2	Klebsiella_pneumoniae_Species_Complex_K	3.2.2	GCA_907163625.1	ST131	KL156-D1	unknown	Untypeable	-!	97.73%	98.16%	-272	7 / 17 (41.18%)	KL156-D1_01_galF,98.65%,99.66%;KL156-D1_02_rmlB,95.01%,99.72%;KL156-D1_03_rmlD,95.32%,99.67%;KL156-D1_04_rmlA,98.63%,99.66%;KL156-D1_05_rmlC,94.07%,74.18%,truncated;KL156-D1_16_gnd,99.15%,99.79%;KL156-D1_17_ugd1,99.64%,97.23%	KL156-D1_06_wzx_KL156-D1;KL156-D1_07_gtr512;KL156-D1_08_gtr513;KL156-D1_09_wzy_KL156-D1;KL156-D1_10_ghl119;KL156-D1_11_gtr514;KL156-D1_12_gtr515;KL156-D1_13_reg;KL156-D1_14_gtr516;KL156-D1_15_gtr517	0		0 / 17 (0.00%)		0		KL156-D1_05_rmlC,94.07%,74.18%,truncated		ST131
3.3.2	Klebsiella_pneumoniae_Species_Complex_K	3.2.2	GCA_907163635.1	ST131	KL156-D1	unknown	Untypeable	-!	97.73%	98.16%	-272	7 / 17 (41.18%)	KL156-D1_01_galF,98.65%,99.66%;KL156-D1_02_rmlB,95.01%,99.72%;KL156-D1_03_rmlD,95.32%,99.67%;KL156-D1_04_rmlA,98.63%,99.66%;KL156-D1_05_rmlC,94.07%,74.18%,truncated;KL156-D1_16_gnd,99.15%,99.79%;KL156-D1_17_ugd1,99.64%,97.23%	KL156-D1_06_wzx_KL156-D1;KL156-D1_07_gtr512;KL156-D1_08_gtr513;KL156-D1_09_wzy_KL156-D1;KL156-D1_10_ghl119;KL156-D1_11_gtr514;KL156-D1_12_gtr515;KL156-D1_13_reg;KL156-D1_14_gtr516;KL156-D1_15_gtr517	0		0 / 17 (0.00%)		0		KL156-D1_05_rmlC,94.07%,74.18%,truncated		ST131
3.3.2	Klebsiella_pneumoniae_Species_Complex_K	3.2.2	GCA_907163705.1	ST131	KL156-D1	unknown	Untypeable	-!	97.69%	98.16%	-272	7 / 17 (41.18%)	KL156-D1_01_galF,98.65%,99.66%;KL156-D1_02_rmlB,94.74%,99.72%;KL156-D1_03_rmlD,95.32%,99.67%;KL156-D1_04_rmlA,98.63%,99.66%;KL156-D1_05_rmlC,94.07%,74.18%,truncated;KL156-D1_16_gnd,99.15%,99.79%;KL156-D1_17_ugd1,99.64%,97.23%	KL156-D1_06_wzx_KL156-D1;KL156-D1_07_gtr512;KL156-D1_08_gtr513;KL156-D1_09_wzy_KL156-D1;KL156-D1_10_ghl119;KL156-D1_11_gtr514;KL156-D1_12_gtr515;KL156-D1_13_reg;KL156-D1_14_gtr516;KL156-D1_15_gtr517	0		0 / 17 (0.00%)		0		KL156-D1_05_rmlC,94.07%,74.18%,truncated		ST131
3.3.2	Klebsiella_pneumoniae_Species_Complex_K	3.2.2	GCA_907163735.1	ST131	KL156-D1	unknown	Untypeable	-!	97.73%	98.16%	-272	7 / 17 (41.18%)	KL156-D1_01_galF,98.65%,99.66%;KL156-D1_02_rmlB,95.01%,99.72%;KL156-D1_03_rmlD,95.32%,99.67%;KL156-D1_04_rmlA,98.63%,99.66%;KL156-D1_05_rmlC,94.07%,74.18%,truncated;KL156-D1_16_gnd,99.15%,99.79%;KL156-D1_17_ugd1,99.64%,97.23%	KL156-D1_06_wzx_KL156-D1;KL156-D1_07_gtr512;KL156-D1_08_gtr513;KL156-D1_09_wzy_KL156-D1;KL156-D1_10_ghl119;KL156-D1_11_gtr514;KL156-D1_12_gtr515;KL156-D1_13_reg;KL156-D1_14_gtr516;KL156-D1_15_gtr517	0		0 / 17 (0.00%)		0		KL156-D1_05_rmlC,94.07%,74.18%,truncated		ST131
3.3.2	Klebsiella_pneumoniae_Species_Complex_K	3.2.2	GCA_907163765.1	ST131	KL156-D1	unknown	Untypeable	-!	97.69%	98.16%	-272	7 / 17 (41.18%)	KL156-D1_01_galF,98.65%,99.66%;KL156-D1_02_rmlB,94.74%,99.72%;KL156-D1_03_rmlD,95.32%,99.67%;KL156-D1_04_rmlA,98.63%,99.66%;KL156-D1_05_rmlC,94.07%,74.18%,truncated;KL156-D1_16_gnd,99.15%,99.79%;KL156-D1_17_ugd1,99.64%,97.23%	KL156-D1_06_wzx_KL156-D1;KL156-D1_07_gtr512;KL156-D1_08_gtr513;KL156-D1_09_wzy_KL156-D1;KL156-D1_10_ghl119;KL156-D1_11_gtr514;KL156-D1_12_gtr515;KL156-D1_13_reg;KL156-D1_14_gtr516;KL156-D1_15_gtr517	0		0 / 17 (0.00%)		0		KL156-D1_05_rmlC,94.07%,74.18%,truncated		ST131
3.3.2	Klebsiella_pneumoniae_Species_Complex_K	3.2.2	GCA_907163805.1	ST131	KL156-D1	unknown	Untypeable	-!	97.69%	98.16%	-272	7 / 17 (41.18%)	KL156-D1_01_galF,98.65%,99.66%;KL156-D1_02_rmlB,94.74%,99.72%;KL156-D1_03_rmlD,95.32%,99.67%;KL156-D1_04_rmlA,98.63%,99.66%;KL156-D1_05_rmlC,94.07%,74.18%,truncated;KL156-D1_16_gnd,99.15%,99.79%;KL156-D1_17_ugd1,99.64%,97.23%	KL156-D1_06_wzx_KL156-D1;KL156-D1_07_gtr512;KL156-D1_08_gtr513;KL156-D1_09_wzy_KL156-D1;KL156-D1_10_ghl119;KL156-D1_11_gtr514;KL156-D1_12_gtr515;KL156-D1_13_reg;KL156-D1_14_gtr516;KL156-D1_15_gtr517	0		0 / 17 (0.00%)		0		KL156-D1_05_rmlC,94.07%,74.18%,truncated		ST131
3.3.2	Klebsiella_pneumoniae_Species_Complex_K	3.2.2	GCA_907163815.1	ST131	KL156-D1	unknown	Untypeable	-!	97.69%	98.16%	-272	7 / 17 (41.18%)	KL156-D1_01_galF,98.65%,99.66%;KL156-D1_02_rmlB,94.74%,99.72%;KL156-D1_03_rmlD,95.32%,99.67%;KL156-D1_04_rmlA,98.63%,99.66%;KL156-D1_05_rmlC,94.07%,74.18%,truncated;KL156-D1_16_gnd,99.15%,99.79%;KL156-D1_17_ugd1,99.64%,97.23%	KL156-D1_06_wzx_KL156-D1;KL156-D1_07_gtr512;KL156-D1_08_gtr513;KL156-D1_09_wzy_KL156-D1;KL156-D1_10_ghl119;KL156-D1_11_gtr514;KL156-D1_12_gtr515;KL156-D1_13_reg;KL156-D1_14_gtr516;KL156-D1_15_gtr517	0		0 / 17 (0.00%)		0		KL156-D1_05_rmlC,94.07%,74.18%,truncated		ST131
3.3.2	Klebsiella_pneumoniae_Species_Complex_K	3.2.2	GCA_907163825.1	ST131	KL156-D1	unknown	Untypeable	-!	97.69%	98.16%	-272	7 / 17 (41.18%)	KL156-D1_01_galF,98.65%,99.66%;KL156-D1_02_rmlB,94.74%,99.72%;KL156-D1_03_rmlD,95.32%,99.67%;KL156-D1_04_rmlA,98.63%,99.66%;KL156-D1_05_rmlC,94.07%,74.18%,truncated;KL156-D1_16_gnd,99.15%,99.79%;KL156-D1_17_ugd1,99.64%,97.23%	KL156-D1_06_wzx_KL156-D1;KL156-D1_07_gtr512;KL156-D1_08_gtr513;KL156-D1_09_wzy_KL156-D1;KL156-D1_10_ghl119;KL156-D1_11_gtr514;KL156-D1_12_gtr515;KL156-D1_13_reg;KL156-D1_14_gtr516;KL156-D1_15_gtr517	0		0 / 17 (0.00%)		0		KL156-D1_05_rmlC,94.07%,74.18%,truncated		ST131
3.3.2	Klebsiella_pneumoniae_Species_Complex_K	3.2.2	GCA_907163915.1	ST131	KL156-D1	unknown	Untypeable	-!	97.73%	98.16%	-272	7 / 17 (41.18%)	KL156-D1_01_galF,98.65%,99.66%;KL156-D1_02_rmlB,95.01%,99.72%;KL156-D1_03_rmlD,95.32%,99.67%;KL156-D1_04_rmlA,98.63%,99.66%;KL156-D1_05_rmlC,94.07%,74.18%,truncated;KL156-D1_16_gnd,99.15%,99.79%;KL156-D1_17_ugd1,99.64%,97.23%	KL156-D1_06_wzx_KL156-D1;KL156-D1_07_gtr512;KL156-D1_08_gtr513;KL156-D1_09_wzy_KL156-D1;KL156-D1_10_ghl119;KL156-D1_11_gtr514;KL156-D1_12_gtr515;KL156-D1_13_reg;KL156-D1_14_gtr516;KL156-D1_15_gtr517	0		0 / 17 (0.00%)		0		KL156-D1_05_rmlC,94.07%,74.18%,truncated		ST131
3.3.2	Klebsiella_pneumoniae_Species_Complex_K	3.2.2	GCA_907164245.1	ST131	KL156-D1	unknown	Untypeable	-!	97.69%	98.16%	-272	7 / 17 (41.18%)	KL156-D1_01_galF,98.65%,99.66%;KL156-D1_02_rmlB,94.74%,99.72%;KL156-D1_03_rmlD,95.32%,99.67%;KL156-D1_04_rmlA,98.63%,99.66%;KL156-D1_05_rmlC,94.07%,74.18%,truncated;KL156-D1_16_gnd,99.15%,99.79%;KL156-D1_17_ugd1,99.64%,97.23%	KL156-D1_06_wzx_KL156-D1;KL156-D1_07_gtr512;KL156-D1_08_gtr513;KL156-D1_09_wzy_KL156-D1;KL156-D1_10_ghl119;KL156-D1_11_gtr514;KL156-D1_12_gtr515;KL156-D1_13_reg;KL156-D1_14_gtr516;KL156-D1_15_gtr517	0		0 / 17 (0.00%)		0		KL156-D1_05_rmlC,94.07%,74.18%,truncated		ST131
3.3.2	Klebsiella_pneumoniae_Species_Complex_K	3.2.2	GCA_907164365.1	ST131	KL156-D1	unknown	Untypeable	-!	97.69%	98.16%	-272	7 / 17 (41.18%)	KL156-D1_01_galF,98.65%,99.66%;KL156-D1_02_rmlB,94.74%,99.72%;KL156-D1_03_rmlD,95.32%,99.67%;KL156-D1_04_rmlA,98.63%,99.66%;KL156-D1_05_rmlC,94.07%,74.18%,truncated;KL156-D1_16_gnd,99.15%,99.79%;KL156-D1_17_ugd1,99.64%,97.23%	KL156-D1_06_wzx_KL156-D1;KL156-D1_07_gtr512;KL156-D1_08_gtr513;KL156-D1_09_wzy_KL156-D1;KL156-D1_10_ghl119;KL156-D1_11_gtr514;KL156-D1_12_gtr515;KL156-D1_13_reg;KL156-D1_14_gtr516;KL156-D1_15_gtr517	0		0 / 17 (0.00%)		0		KL156-D1_05_rmlC,94.07%,74.18%,truncated		ST131
3.3.2	Klebsiella_pneumoniae_Species_Complex_K	3.2.2	GCA_907164375.1	ST131	KL156-D1	unknown	Untypeable	-!	97.69%	98.16%	-272	7 / 17 (41.18%)	KL156-D1_01_galF,98.65%,99.66%;KL156-D1_02_rmlB,94.74%,99.72%;KL156-D1_03_rmlD,95.32%,99.67%;KL156-D1_04_rmlA,98.63%,99.66%;KL156-D1_05_rmlC,94.07%,74.18%,truncated;KL156-D1_16_gnd,99.15%,99.79%;KL156-D1_17_ugd1,99.64%,97.23%	KL156-D1_06_wzx_KL156-D1;KL156-D1_07_gtr512;KL156-D1_08_gtr513;KL156-D1_09_wzy_KL156-D1;KL156-D1_10_ghl119;KL156-D1_11_gtr514;KL156-D1_12_gtr515;KL156-D1_13_reg;KL156-D1_14_gtr516;KL156-D1_15_gtr517	0		0 / 17 (0.00%)		0		KL156-D1_05_rmlC,94.07%,74.18%,truncated		ST131
3.3.2	Klebsiella_pneumoniae_Species_Complex_K	3.2.2	GCA_964006015.1	ST131	KL156-D1	unknown	Untypeable	-	97.45%	97.13%	-425	6 / 17 (35.29%)	KL156-D1_01_galF,99.66%,99.66%;KL156-D1_02_rmlB,96.12%,99.72%;KL156-D1_03_rmlD,95.99%,99.67%;KL156-D1_04_rmlA,94.72%,96.93%;KL156-D1_16_gnd,98.93%,99.79%;KL156-D1_17_ugd1,99.29%,97.23%	KL156-D1_05_rmlC;KL156-D1_06_wzx_KL156-D1;KL156-D1_07_gtr512;KL156-D1_08_gtr513;KL156-D1_09_wzy_KL156-D1;KL156-D1_10_ghl119;KL156-D1_11_gtr514;KL156-D1_12_gtr515;KL156-D1_13_reg;KL156-D1_14_gtr516;KL156-D1_15_gtr517	0		0 / 17 (0.00%)		0				ST131
3.3.2	Klebsiella_pneumoniae_Species_Complex_K	3.2.2	GCA_964006025.1	ST131	KL156-D1	unknown	Untypeable	-!	97.73%	98.16%	-272	7 / 17 (41.18%)	KL156-D1_01_galF,98.65%,99.66%;KL156-D1_02_rmlB,95.01%,99.72%;KL156-D1_03_rmlD,95.32%,99.67%;KL156-D1_04_rmlA,98.63%,99.66%;KL156-D1_05_rmlC,94.07%,74.18%,truncated;KL156-D1_16_gnd,99.15%,99.79%;KL156-D1_17_ugd1,99.64%,97.23%	KL156-D1_06_wzx_KL156-D1;KL156-D1_07_gtr512;KL156-D1_08_gtr513;KL156-D1_09_wzy_KL156-D1;KL156-D1_10_ghl119;KL156-D1_11_gtr514;KL156-D1_12_gtr515;KL156-D1_13_reg;KL156-D1_14_gtr516;KL156-D1_15_gtr517	0		0 / 17 (0.00%)		0		KL156-D1_05_rmlC,94.07%,74.18%,truncated		ST131
3.3.2	Klebsiella_pneumoniae_Species_Complex_K	3.2.2	GCA_964006055.1	ST131	KL156-D1	unknown	Untypeable	-!	97.73%	98.16%	-272	7 / 17 (41.18%)	KL156-D1_01_galF,98.65%,99.66%;KL156-D1_02_rmlB,95.01%,99.72%;KL156-D1_03_rmlD,95.32%,99.67%;KL156-D1_04_rmlA,98.63%,99.66%;KL156-D1_05_rmlC,94.07%,74.18%,truncated;KL156-D1_16_gnd,99.15%,99.79%;KL156-D1_17_ugd1,99.64%,97.23%	KL156-D1_06_wzx_KL156-D1;KL156-D1_07_gtr512;KL156-D1_08_gtr513;KL156-D1_09_wzy_KL156-D1;KL156-D1_10_ghl119;KL156-D1_11_gtr514;KL156-D1_12_gtr515;KL156-D1_13_reg;KL156-D1_14_gtr516;KL156-D1_15_gtr517	0		0 / 17 (0.00%)		0		KL156-D1_05_rmlC,94.07%,74.18%,truncated		ST131
3.3.2	Klebsiella_pneumoniae_Species_Complex_K	3.2.2	GCA_964006105.1	ST131	KL156-D1	unknown	Untypeable	-	97.45%	97.13%	-425	6 / 17 (35.29%)	KL156-D1_01_galF,99.66%,99.66%;KL156-D1_02_rmlB,96.12%,99.72%;KL156-D1_03_rmlD,95.99%,99.67%;KL156-D1_04_rmlA,94.72%,96.93%;KL156-D1_16_gnd,98.93%,99.79%;KL156-D1_17_ugd1,99.29%,97.23%	KL156-D1_05_rmlC;KL156-D1_06_wzx_KL156-D1;KL156-D1_07_gtr512;KL156-D1_08_gtr513;KL156-D1_09_wzy_KL156-D1;KL156-D1_10_ghl119;KL156-D1_11_gtr514;KL156-D1_12_gtr515;KL156-D1_13_reg;KL156-D1_14_gtr516;KL156-D1_15_gtr517	0		0 / 17 (0.00%)		0				ST131
3.3.2	Klebsiella_pneumoniae_Species_Complex_K	3.2.2	GCA_964006175.1	ST131	KL156-D1	unknown	Untypeable	-!	97.73%	98.16%	-272	7 / 17 (41.18%)	KL156-D1_01_galF,98.65%,99.66%;KL156-D1_02_rmlB,95.01%,99.72%;KL156-D1_03_rmlD,95.32%,99.67%;KL156-D1_04_rmlA,98.63%,99.66%;KL156-D1_05_rmlC,94.07%,74.18%,truncated;KL156-D1_16_gnd,99.15%,99.79%;KL156-D1_17_ugd1,99.64%,97.23%	KL156-D1_06_wzx_KL156-D1;KL156-D1_07_gtr512;KL156-D1_08_gtr513;KL156-D1_09_wzy_KL156-D1;KL156-D1_10_ghl119;KL156-D1_11_gtr514;KL156-D1_12_gtr515;KL156-D1_13_reg;KL156-D1_14_gtr516;KL156-D1_15_gtr517	0		0 / 17 (0.00%)		0		KL156-D1_05_rmlC,94.07%,74.18%,truncated		ST131
3.3.2	Klebsiella_pneumoniae_Species_Complex_K	3.2.2	GCA_964006185.1	ST131	KL156-D1	unknown	Untypeable	-!	97.73%	98.16%	-272	7 / 17 (41.18%)	KL156-D1_01_galF,98.65%,99.66%;KL156-D1_02_rmlB,95.01%,99.72%;KL156-D1_03_rmlD,95.32%,99.67%;KL156-D1_04_rmlA,98.63%,99.66%;KL156-D1_05_rmlC,94.07%,74.18%,truncated;KL156-D1_16_gnd,99.15%,99.79%;KL156-D1_17_ugd1,99.64%,97.23%	KL156-D1_06_wzx_KL156-D1;KL156-D1_07_gtr512;KL156-D1_08_gtr513;KL156-D1_09_wzy_KL156-D1;KL156-D1_10_ghl119;KL156-D1_11_gtr514;KL156-D1_12_gtr515;KL156-D1_13_reg;KL156-D1_14_gtr516;KL156-D1_15_gtr517	0		0 / 17 (0.00%)		0		KL156-D1_05_rmlC,94.07%,74.18%,truncated		ST131
3.3.2	Klebsiella_pneumoniae_Species_Complex_K	3.2.2	GCA_964006205.1	ST131	KL156-D1	unknown	Untypeable	?-!	97.73%	46.31%		7 / 17 (41.18%)	KL156-D1_01_galF,98.65%,99.66%;KL156-D1_02_rmlB,95.01%,99.72%;KL156-D1_03_rmlD,95.32%,99.67%;KL156-D1_04_rmlA,98.63%,99.66%;KL156-D1_05_rmlC,94.07%,74.18%,truncated;KL156-D1_16_gnd,99.15%,99.79%;KL156-D1_17_ugd1,99.64%,97.23%	KL156-D1_06_wzx_KL156-D1;KL156-D1_07_gtr512;KL156-D1_08_gtr513;KL156-D1_09_wzy_KL156-D1;KL156-D1_10_ghl119;KL156-D1_11_gtr514;KL156-D1_12_gtr515;KL156-D1_13_reg;KL156-D1_14_gtr516;KL156-D1_15_gtr517	0		0 / 17 (0.00%)		0		KL156-D1_05_rmlC,94.07%,74.18%,truncated		ST131
3.3.2	Klebsiella_pneumoniae_Species_Complex_K	3.2.2	GCA_964006225.1	ST131	KL156-D1	unknown	Untypeable	-!	97.73%	98.16%	-272	7 / 17 (41.18%)	KL156-D1_01_galF,98.65%,99.66%;KL156-D1_02_rmlB,95.01%,99.72%;KL156-D1_03_rmlD,95.32%,99.67%;KL156-D1_04_rmlA,98.63%,99.66%;KL156-D1_05_rmlC,94.07%,74.18%,truncated;KL156-D1_16_gnd,99.15%,99.79%;KL156-D1_17_ugd1,99.64%,97.23%	KL156-D1_06_wzx_KL156-D1;KL156-D1_07_gtr512;KL156-D1_08_gtr513;KL156-D1_09_wzy_KL156-D1;KL156-D1_10_ghl119;KL156-D1_11_gtr514;KL156-D1_12_gtr515;KL156-D1_13_reg;KL156-D1_14_gtr516;KL156-D1_15_gtr517	0		0 / 17 (0.00%)		0		KL156-D1_05_rmlC,94.07%,74.18%,truncated		ST131
3.3.2	Klebsiella_pneumoniae_Species_Complex_K	3.2.2	GCA_964006265.1	ST131	KL156-D1	unknown	Untypeable	-!	97.73%	98.16%	-272	7 / 17 (41.18%)	KL156-D1_01_galF,98.65%,99.66%;KL156-D1_02_rmlB,95.01%,99.72%;KL156-D1_03_rmlD,95.32%,99.67%;KL156-D1_04_rmlA,98.63%,99.66%;KL156-D1_05_rmlC,94.07%,74.18%,truncated;KL156-D1_16_gnd,99.15%,99.79%;KL156-D1_17_ugd1,99.64%,97.23%	KL156-D1_06_wzx_KL156-D1;KL156-D1_07_gtr512;KL156-D1_08_gtr513;KL156-D1_09_wzy_KL156-D1;KL156-D1_10_ghl119;KL156-D1_11_gtr514;KL156-D1_12_gtr515;KL156-D1_13_reg;KL156-D1_14_gtr516;KL156-D1_15_gtr517	0		0 / 17 (0.00%)		0		KL156-D1_05_rmlC,94.07%,74.18%,truncated		ST131
3.3.2	Klebsiella_pneumoniae_Species_Complex_K	3.2.2	GCA_964006295.1	ST131	KL156-D1	unknown	Untypeable	-!	97.73%	98.16%	-272	7 / 17 (41.18%)	KL156-D1_01_galF,98.65%,99.66%;KL156-D1_02_rmlB,95.01%,99.72%;KL156-D1_03_rmlD,95.32%,99.67%;KL156-D1_04_rmlA,98.63%,99.66%;KL156-D1_05_rmlC,94.07%,74.18%,truncated;KL156-D1_16_gnd,99.15%,99.79%;KL156-D1_17_ugd1,99.64%,97.23%	KL156-D1_06_wzx_KL156-D1;KL156-D1_07_gtr512;KL156-D1_08_gtr513;KL156-D1_09_wzy_KL156-D1;KL156-D1_10_ghl119;KL156-D1_11_gtr514;KL156-D1_12_gtr515;KL156-D1_13_reg;KL156-D1_14_gtr516;KL156-D1_15_gtr517	0		0 / 17 (0.00%)		0		KL156-D1_05_rmlC,94.07%,74.18%,truncated		ST131
3.3.2	Klebsiella_pneumoniae_Species_Complex_K	3.2.2	GCA_964006315.1	ST131	KL156-D1	unknown	Untypeable	-!	97.73%	98.16%	-272	7 / 17 (41.18%)	KL156-D1_01_galF,98.65%,99.66%;KL156-D1_02_rmlB,95.01%,99.72%;KL156-D1_03_rmlD,95.32%,99.67%;KL156-D1_04_rmlA,98.63%,99.66%;KL156-D1_05_rmlC,94.07%,74.18%,truncated;KL156-D1_16_gnd,99.15%,99.79%;KL156-D1_17_ugd1,99.64%,97.23%	KL156-D1_06_wzx_KL156-D1;KL156-D1_07_gtr512;KL156-D1_08_gtr513;KL156-D1_09_wzy_KL156-D1;KL156-D1_10_ghl119;KL156-D1_11_gtr514;KL156-D1_12_gtr515;KL156-D1_13_reg;KL156-D1_14_gtr516;KL156-D1_15_gtr517	0		0 / 17 (0.00%)		0		KL156-D1_05_rmlC,94.07%,74.18%,truncated		ST131
3.3.2	Klebsiella_pneumoniae_Species_Complex_K	3.2.2	GCA_964006325.1	ST131	KL156-D1	unknown	Untypeable	-!	97.73%	98.16%	-272	7 / 17 (41.18%)	KL156-D1_01_galF,98.65%,99.66%;KL156-D1_02_rmlB,95.01%,99.72%;KL156-D1_03_rmlD,95.32%,99.67%;KL156-D1_04_rmlA,98.63%,99.66%;KL156-D1_05_rmlC,94.07%,74.18%,truncated;KL156-D1_16_gnd,99.15%,99.79%;KL156-D1_17_ugd1,99.64%,97.23%	KL156-D1_06_wzx_KL156-D1;KL156-D1_07_gtr512;KL156-D1_08_gtr513;KL156-D1_09_wzy_KL156-D1;KL156-D1_10_ghl119;KL156-D1_11_gtr514;KL156-D1_12_gtr515;KL156-D1_13_reg;KL156-D1_14_gtr516;KL156-D1_15_gtr517	0		0 / 17 (0.00%)		0		KL156-D1_05_rmlC,94.07%,74.18%,truncated		ST131
3.3.2	Klebsiella_pneumoniae_Species_Complex_K	3.2.2	GCA_964006355.1	ST131	KL156-D1	unknown	Untypeable	-!	97.73%	98.16%	-272	7 / 17 (41.18%)	KL156-D1_01_galF,98.65%,99.66%;KL156-D1_02_rmlB,95.01%,99.72%;KL156-D1_03_rmlD,95.32%,99.67%;KL156-D1_04_rmlA,98.63%,99.66%;KL156-D1_05_rmlC,94.07%,74.18%,truncated;KL156-D1_16_gnd,99.15%,99.79%;KL156-D1_17_ugd1,99.64%,97.23%	KL156-D1_06_wzx_KL156-D1;KL156-D1_07_gtr512;KL156-D1_08_gtr513;KL156-D1_09_wzy_KL156-D1;KL156-D1_10_ghl119;KL156-D1_11_gtr514;KL156-D1_12_gtr515;KL156-D1_13_reg;KL156-D1_14_gtr516;KL156-D1_15_gtr517	0		0 / 17 (0.00%)		0		KL156-D1_05_rmlC,94.07%,74.18%,truncated		ST131
3.3.2	Klebsiella_pneumoniae_Species_Complex_K	3.2.2	GCA_964006385.1	ST131	KL156-D1	unknown	Untypeable	-!	97.73%	98.16%	-272	7 / 17 (41.18%)	KL156-D1_01_galF,98.65%,99.66%;KL156-D1_02_rmlB,95.01%,99.72%;KL156-D1_03_rmlD,95.32%,99.67%;KL156-D1_04_rmlA,98.63%,99.66%;KL156-D1_05_rmlC,94.07%,74.18%,truncated;KL156-D1_16_gnd,99.15%,99.79%;KL156-D1_17_ugd1,99.64%,97.23%	KL156-D1_06_wzx_KL156-D1;KL156-D1_07_gtr512;KL156-D1_08_gtr513;KL156-D1_09_wzy_KL156-D1;KL156-D1_10_ghl119;KL156-D1_11_gtr514;KL156-D1_12_gtr515;KL156-D1_13_reg;KL156-D1_14_gtr516;KL156-D1_15_gtr517	0		0 / 17 (0.00%)		0		KL156-D1_05_rmlC,94.07%,74.18%,truncated		ST131
3.3.2	Klebsiella_pneumoniae_Species_Complex_K	3.2.2	GCA_964006395.1	ST131	KL156-D1	unknown	Untypeable	-!	97.69%	98.16%	-272	7 / 17 (41.18%)	KL156-D1_01_galF,98.65%,99.66%;KL156-D1_02_rmlB,94.74%,99.72%;KL156-D1_03_rmlD,95.32%,99.67%;KL156-D1_04_rmlA,98.63%,99.66%;KL156-D1_05_rmlC,94.07%,74.18%,truncated;KL156-D1_16_gnd,99.15%,99.79%;KL156-D1_17_ugd1,99.64%,97.23%	KL156-D1_06_wzx_KL156-D1;KL156-D1_07_gtr512;KL156-D1_08_gtr513;KL156-D1_09_wzy_KL156-D1;KL156-D1_10_ghl119;KL156-D1_11_gtr514;KL156-D1_12_gtr515;KL156-D1_13_reg;KL156-D1_14_gtr516;KL156-D1_15_gtr517	0		0 / 17 (0.00%)		0		KL156-D1_05_rmlC,94.07%,74.18%,truncated		ST131
3.3.2	Klebsiella_pneumoniae_Species_Complex_K	3.2.2	GCA_964006405.1	ST131	KL156-D1	unknown	Untypeable	-!	97.73%	98.16%	-272	7 / 17 (41.18%)	KL156-D1_01_galF,98.65%,99.66%;KL156-D1_02_rmlB,95.01%,99.72%;KL156-D1_03_rmlD,95.32%,99.67%;KL156-D1_04_rmlA,98.63%,99.66%;KL156-D1_05_rmlC,94.07%,74.18%,truncated;KL156-D1_16_gnd,99.15%,99.79%;KL156-D1_17_ugd1,99.64%,97.23%	KL156-D1_06_wzx_KL156-D1;KL156-D1_07_gtr512;KL156-D1_08_gtr513;KL156-D1_09_wzy_KL156-D1;KL156-D1_10_ghl119;KL156-D1_11_gtr514;KL156-D1_12_gtr515;KL156-D1_13_reg;KL156-D1_14_gtr516;KL156-D1_15_gtr517	0		0 / 17 (0.00%)		0		KL156-D1_05_rmlC,94.07%,74.18%,truncated		ST131
3.3.2	Klebsiella_pneumoniae_Species_Complex_K	3.2.2	GCA_964006475.1	ST131	KL156-D1	unknown	Untypeable	-!	97.73%	98.16%	-272	7 / 17 (41.18%)	KL156-D1_01_galF,98.65%,99.66%;KL156-D1_02_rmlB,95.01%,99.72%;KL156-D1_03_rmlD,95.32%,99.67%;KL156-D1_04_rmlA,98.63%,99.66%;KL156-D1_05_rmlC,94.07%,74.18%,truncated;KL156-D1_16_gnd,99.15%,99.79%;KL156-D1_17_ugd1,99.64%,97.23%	KL156-D1_06_wzx_KL156-D1;KL156-D1_07_gtr512;KL156-D1_08_gtr513;KL156-D1_09_wzy_KL156-D1;KL156-D1_10_ghl119;KL156-D1_11_gtr514;KL156-D1_12_gtr515;KL156-D1_13_reg;KL156-D1_14_gtr516;KL156-D1_15_gtr517	0		0 / 17 (0.00%)		0		KL156-D1_05_rmlC,94.07%,74.18%,truncated		ST131
3.3.2	Klebsiella_pneumoniae_Species_Complex_K	3.2.2	GCA_964006505.1	ST131	KL156-D1	unknown	Untypeable	-!	97.69%	98.16%	-272	7 / 17 (41.18%)	KL156-D1_01_galF,98.65%,99.66%;KL156-D1_02_rmlB,94.74%,99.72%;KL156-D1_03_rmlD,95.32%,99.67%;KL156-D1_04_rmlA,98.63%,99.66%;KL156-D1_05_rmlC,94.07%,74.18%,truncated;KL156-D1_16_gnd,99.15%,99.79%;KL156-D1_17_ugd1,99.64%,97.23%	KL156-D1_06_wzx_KL156-D1;KL156-D1_07_gtr512;KL156-D1_08_gtr513;KL156-D1_09_wzy_KL156-D1;KL156-D1_10_ghl119;KL156-D1_11_gtr514;KL156-D1_12_gtr515;KL156-D1_13_reg;KL156-D1_14_gtr516;KL156-D1_15_gtr517	0		0 / 17 (0.00%)		0		KL156-D1_05_rmlC,94.07%,74.18%,truncated		ST131
3.3.2	Klebsiella_pneumoniae_Species_Complex_K	3.2.2	GCA_964006545.1	ST131	KL156-D1	unknown	Untypeable	-!	97.73%	98.16%	-272	7 / 17 (41.18%)	KL156-D1_01_galF,98.65%,99.66%;KL156-D1_02_rmlB,95.01%,99.72%;KL156-D1_03_rmlD,95.32%,99.67%;KL156-D1_04_rmlA,98.63%,99.66%;KL156-D1_05_rmlC,94.07%,74.18%,truncated;KL156-D1_16_gnd,99.15%,99.79%;KL156-D1_17_ugd1,99.64%,97.23%	KL156-D1_06_wzx_KL156-D1;KL156-D1_07_gtr512;KL156-D1_08_gtr513;KL156-D1_09_wzy_KL156-D1;KL156-D1_10_ghl119;KL156-D1_11_gtr514;KL156-D1_12_gtr515;KL156-D1_13_reg;KL156-D1_14_gtr516;KL156-D1_15_gtr517	0		0 / 17 (0.00%)		0		KL156-D1_05_rmlC,94.07%,74.18%,truncated		ST131
3.3.2	Klebsiella_pneumoniae_Species_Complex_K	3.2.2	GCA_964006555.1	ST131	KL156-D1	unknown	Untypeable	-	97.45%	97.13%	-425	6 / 17 (35.29%)	KL156-D1_01_galF,99.66%,99.66%;KL156-D1_02_rmlB,96.12%,99.72%;KL156-D1_03_rmlD,95.99%,99.67%;KL156-D1_04_rmlA,94.72%,96.93%;KL156-D1_16_gnd,98.93%,99.79%;KL156-D1_17_ugd1,99.29%,97.23%	KL156-D1_05_rmlC;KL156-D1_06_wzx_KL156-D1;KL156-D1_07_gtr512;KL156-D1_08_gtr513;KL156-D1_09_wzy_KL156-D1;KL156-D1_10_ghl119;KL156-D1_11_gtr514;KL156-D1_12_gtr515;KL156-D1_13_reg;KL156-D1_14_gtr516;KL156-D1_15_gtr517	0		0 / 17 (0.00%)		0				ST131
3.3.2	Klebsiella_pneumoniae_Species_Complex_K	3.2.2	GCA_964006615.1	ST131	KL156-D1	unknown	Untypeable	-!	97.70%	98.16%	-272	7 / 17 (41.18%)	KL156-D1_01_galF,98.65%,99.66%;KL156-D1_02_rmlB,95.01%,99.72%;KL156-D1_03_rmlD,95.32%,99.67%;KL156-D1_04_rmlA,98.63%,99.66%;KL156-D1_05_rmlC,94.07%,74.18%,truncated;KL156-D1_16_gnd,98.93%,99.79%;KL156-D1_17_ugd1,99.64%,97.23%	KL156-D1_06_wzx_KL156-D1;KL156-D1_07_gtr512;KL156-D1_08_gtr513;KL156-D1_09_wzy_KL156-D1;KL156-D1_10_ghl119;KL156-D1_11_gtr514;KL156-D1_12_gtr515;KL156-D1_13_reg;KL156-D1_14_gtr516;KL156-D1_15_gtr517	0		0 / 17 (0.00%)		0		KL156-D1_05_rmlC,94.07%,74.18%,truncated		ST131
3.3.2	Klebsiella_pneumoniae_Species_Complex_K	3.2.2	GCA_964006635.1	ST131	KL156-D1	unknown	Untypeable	-	97.45%	97.13%	-425	6 / 17 (35.29%)	KL156-D1_01_galF,99.66%,99.66%;KL156-D1_02_rmlB,96.12%,99.72%;KL156-D1_03_rmlD,95.99%,99.67%;KL156-D1_04_rmlA,94.72%,96.93%;KL156-D1_16_gnd,98.93%,99.79%;KL156-D1_17_ugd1,99.29%,97.23%	KL156-D1_05_rmlC;KL156-D1_06_wzx_KL156-D1;KL156-D1_07_gtr512;KL156-D1_08_gtr513;KL156-D1_09_wzy_KL156-D1;KL156-D1_10_ghl119;KL156-D1_11_gtr514;KL156-D1_12_gtr515;KL156-D1_13_reg;KL156-D1_14_gtr516;KL156-D1_15_gtr517	0		0 / 17 (0.00%)		0				ST131
3.3.2	Klebsiella_pneumoniae_Species_Complex_K	3.2.2	GCA_964006675.1	ST131	KL156-D1	unknown	Untypeable	-!	97.73%	98.16%	-272	7 / 17 (41.18%)	KL156-D1_01_galF,98.65%,99.66%;KL156-D1_02_rmlB,95.01%,99.72%;KL156-D1_03_rmlD,95.32%,99.67%;KL156-D1_04_rmlA,98.63%,99.66%;KL156-D1_05_rmlC,94.07%,74.18%,truncated;KL156-D1_16_gnd,99.15%,99.79%;KL156-D1_17_ugd1,99.64%,97.23%	KL156-D1_06_wzx_KL156-D1;KL156-D1_07_gtr512;KL156-D1_08_gtr513;KL156-D1_09_wzy_KL156-D1;KL156-D1_10_ghl119;KL156-D1_11_gtr514;KL156-D1_12_gtr515;KL156-D1_13_reg;KL156-D1_14_gtr516;KL156-D1_15_gtr517	0		0 / 17 (0.00%)		0		KL156-D1_05_rmlC,94.07%,74.18%,truncated		ST131
3.3.2	Klebsiella_pneumoniae_Species_Complex_K	3.2.2	GCA_964006685.1	ST131	KL156-D1	unknown	Untypeable	-	97.45%	97.13%	-425	6 / 17 (35.29%)	KL156-D1_01_galF,99.66%,99.66%;KL156-D1_02_rmlB,96.12%,99.72%;KL156-D1_03_rmlD,95.99%,99.67%;KL156-D1_04_rmlA,94.72%,96.93%;KL156-D1_16_gnd,98.93%,99.79%;KL156-D1_17_ugd1,99.29%,97.23%	KL156-D1_05_rmlC;KL156-D1_06_wzx_KL156-D1;KL156-D1_07_gtr512;KL156-D1_08_gtr513;KL156-D1_09_wzy_KL156-D1;KL156-D1_10_ghl119;KL156-D1_11_gtr514;KL156-D1_12_gtr515;KL156-D1_13_reg;KL156-D1_14_gtr516;KL156-D1_15_gtr517	0		0 / 17 (0.00%)		0				ST131
3.3.2	Klebsiella_pneumoniae_Species_Complex_K	3.2.2	GCA_964006725.1	ST131	KL156-D1	unknown	Untypeable	-	97.45%	97.13%	-425	6 / 17 (35.29%)	KL156-D1_01_galF,99.66%,99.66%;KL156-D1_02_rmlB,96.12%,99.72%;KL156-D1_03_rmlD,95.99%,99.67%;KL156-D1_04_rmlA,94.72%,96.93%;KL156-D1_16_gnd,98.93%,99.79%;KL156-D1_17_ugd1,99.29%,97.23%	KL156-D1_05_rmlC;KL156-D1_06_wzx_KL156-D1;KL156-D1_07_gtr512;KL156-D1_08_gtr513;KL156-D1_09_wzy_KL156-D1;KL156-D1_10_ghl119;KL156-D1_11_gtr514;KL156-D1_12_gtr515;KL156-D1_13_reg;KL156-D1_14_gtr516;KL156-D1_15_gtr517	0		0 / 17 (0.00%)		0				ST131
3.3.2	Klebsiella_pneumoniae_Species_Complex_K	3.2.2	GCA_964006755.1	ST131	KL156-D1	unknown	Untypeable	-!	97.73%	98.16%	-272	7 / 17 (41.18%)	KL156-D1_01_galF,98.65%,99.66%;KL156-D1_02_rmlB,95.01%,99.72%;KL156-D1_03_rmlD,95.32%,99.67%;KL156-D1_04_rmlA,98.63%,99.66%;KL156-D1_05_rmlC,94.07%,74.18%,truncated;KL156-D1_16_gnd,99.15%,99.79%;KL156-D1_17_ugd1,99.64%,97.23%	KL156-D1_06_wzx_KL156-D1;KL156-D1_07_gtr512;KL156-D1_08_gtr513;KL156-D1_09_wzy_KL156-D1;KL156-D1_10_ghl119;KL156-D1_11_gtr514;KL156-D1_12_gtr515;KL156-D1_13_reg;KL156-D1_14_gtr516;KL156-D1_15_gtr517	0		0 / 17 (0.00%)		0		KL156-D1_05_rmlC,94.07%,74.18%,truncated		ST131
3.3.2	Klebsiella_pneumoniae_Species_Complex_K	3.2.2	GCA_964006795.1	ST131	KL156-D1	unknown	Untypeable	-	97.45%	97.13%	-425	6 / 17 (35.29%)	KL156-D1_01_galF,99.66%,99.66%;KL156-D1_02_rmlB,96.12%,99.72%;KL156-D1_03_rmlD,95.99%,99.67%;KL156-D1_04_rmlA,94.72%,96.93%;KL156-D1_16_gnd,98.93%,99.79%;KL156-D1_17_ugd1,99.29%,97.23%	KL156-D1_05_rmlC;KL156-D1_06_wzx_KL156-D1;KL156-D1_07_gtr512;KL156-D1_08_gtr513;KL156-D1_09_wzy_KL156-D1;KL156-D1_10_ghl119;KL156-D1_11_gtr514;KL156-D1_12_gtr515;KL156-D1_13_reg;KL156-D1_14_gtr516;KL156-D1_15_gtr517	0		0 / 17 (0.00%)		0				ST131
3.3.2	Klebsiella_pneumoniae_Species_Complex_K	3.2.2	GCA_964006855.1	ST131	KL156-D1	unknown	Untypeable	-!	97.73%	98.16%	-272	7 / 17 (41.18%)	KL156-D1_01_galF,98.65%,99.66%;KL156-D1_02_rmlB,95.01%,99.72%;KL156-D1_03_rmlD,95.32%,99.67%;KL156-D1_04_rmlA,98.63%,99.66%;KL156-D1_05_rmlC,94.07%,74.18%,truncated;KL156-D1_16_gnd,99.15%,99.79%;KL156-D1_17_ugd1,99.64%,97.23%	KL156-D1_06_wzx_KL156-D1;KL156-D1_07_gtr512;KL156-D1_08_gtr513;KL156-D1_09_wzy_KL156-D1;KL156-D1_10_ghl119;KL156-D1_11_gtr514;KL156-D1_12_gtr515;KL156-D1_13_reg;KL156-D1_14_gtr516;KL156-D1_15_gtr517	0		0 / 17 (0.00%)		0		KL156-D1_05_rmlC,94.07%,74.18%,truncated		ST131
3.3.2	Klebsiella_pneumoniae_Species_Complex_K	3.2.2	GCA_964006865.1	ST131	KL156-D1	unknown	Untypeable	-!	97.73%	98.16%	-272	7 / 17 (41.18%)	KL156-D1_01_galF,98.65%,99.66%;KL156-D1_02_rmlB,95.01%,99.72%;KL156-D1_03_rmlD,95.32%,99.67%;KL156-D1_04_rmlA,98.63%,99.66%;KL156-D1_05_rmlC,94.07%,74.18%,truncated;KL156-D1_16_gnd,99.15%,99.79%;KL156-D1_17_ugd1,99.64%,97.23%	KL156-D1_06_wzx_KL156-D1;KL156-D1_07_gtr512;KL156-D1_08_gtr513;KL156-D1_09_wzy_KL156-D1;KL156-D1_10_ghl119;KL156-D1_11_gtr514;KL156-D1_12_gtr515;KL156-D1_13_reg;KL156-D1_14_gtr516;KL156-D1_15_gtr517	0		0 / 17 (0.00%)		0		KL156-D1_05_rmlC,94.07%,74.18%,truncated		ST131
3.3.2	Klebsiella_pneumoniae_Species_Complex_K	3.2.2	GCA_964006875.1	ST131	KL156-D1	unknown	Untypeable	-	97.45%	97.13%	-425	6 / 17 (35.29%)	KL156-D1_01_galF,99.66%,99.66%;KL156-D1_02_rmlB,96.12%,99.72%;KL156-D1_03_rmlD,95.99%,99.67%;KL156-D1_04_rmlA,94.72%,96.93%;KL156-D1_16_gnd,98.93%,99.79%;KL156-D1_17_ugd1,99.29%,97.23%	KL156-D1_05_rmlC;KL156-D1_06_wzx_KL156-D1;KL156-D1_07_gtr512;KL156-D1_08_gtr513;KL156-D1_09_wzy_KL156-D1;KL156-D1_10_ghl119;KL156-D1_11_gtr514;KL156-D1_12_gtr515;KL156-D1_13_reg;KL156-D1_14_gtr516;KL156-D1_15_gtr517	0		0 / 17 (0.00%)		0				ST131
3.3.2	Klebsiella_pneumoniae_Species_Complex_K	3.2.2	GCA_964006905.1	ST131	KL156-D1	unknown	Untypeable	?-!	97.70%	86.70%		7 / 20 (35.00%)	KL156-D1_01_galF,98.78%,55.03%,partial;KL156-D1_02_rmlB,95.86%,40.06%,partial;KL156-D1_02_rmlB,94.74%,36.74%,partial;KL156-D1_03_rmlD,95.32%,99.67%;KL156-D1_04_rmlA,98.63%,99.66%;KL156-D1_05_rmlC,94.07%,74.18%,truncated;KL156-D1_16_gnd,99.15%,99.79%;KL156-D1_17_ugd1,99.63%,93.77%,partial	KL156-D1_06_wzx_KL156-D1;KL156-D1_07_gtr512;KL156-D1_08_gtr513;KL156-D1_09_wzy_KL156-D1;KL156-D1_10_ghl119;KL156-D1_11_gtr514;KL156-D1_12_gtr515;KL156-D1_13_reg;KL156-D1_14_gtr516;KL156-D1_15_gtr517	0		3 / 20 (15.00%)	KL156-D1_01_galF,97.96%,32.89%,partial;KL156-D1_02_rmlB,100.00%,20.44%,partial;KL156-D1_03_rmlD,95.79%,31.67%,partial	4	KL10_19_manB,82.89%,40.92%,truncated;KL21_01_galF,95.35%,28.76%,partial;KL79_16_gnd,97.16%,30.06%,partial;KL135_17_manB,90.74%,23.63%,truncated	KL10_19_manB,82.89%,40.92%,truncated;KL21_01_galF,95.35%,28.76%,partial;KL79_16_gnd,97.16%,30.06%,partial;KL135_17_manB,90.74%,23.63%,truncated;KL156-D1_01_galF,98.78%,55.03%,partial;KL156-D1_01_galF,97.96%,32.89%,partial;KL156-D1_02_rmlB,95.86%,40.06%,partial;KL156-D1_02_rmlB,94.74%,36.74%,partial;KL156-D1_02_rmlB,100.00%,20.44%,partial;KL156-D1_03_rmlD,95.79%,31.67%,partial;KL156-D1_05_rmlC,94.07%,74.18%,truncated;KL156-D1_17_ugd1,99.63%,93.77%,partial		ST131
3.3.2	Klebsiella_pneumoniae_Species_Complex_K	3.2.2	GCA_964006915.1	ST131	KL156-D1	unknown	Untypeable	-!	97.73%	98.16%	-272	7 / 17 (41.18%)	KL156-D1_01_galF,98.65%,99.66%;KL156-D1_02_rmlB,95.01%,99.72%;KL156-D1_03_rmlD,95.32%,99.67%;KL156-D1_04_rmlA,98.63%,99.66%;KL156-D1_05_rmlC,94.07%,74.18%,truncated;KL156-D1_16_gnd,99.15%,99.79%;KL156-D1_17_ugd1,99.64%,97.23%	KL156-D1_06_wzx_KL156-D1;KL156-D1_07_gtr512;KL156-D1_08_gtr513;KL156-D1_09_wzy_KL156-D1;KL156-D1_10_ghl119;KL156-D1_11_gtr514;KL156-D1_12_gtr515;KL156-D1_13_reg;KL156-D1_14_gtr516;KL156-D1_15_gtr517	0		0 / 17 (0.00%)		0		KL156-D1_05_rmlC,94.07%,74.18%,truncated		ST131
3.3.2	Klebsiella_pneumoniae_Species_Complex_K	3.2.2	GCA_964006945.1	ST131	KL156-D1	unknown	Untypeable	-!	97.73%	98.16%	-272	7 / 17 (41.18%)	KL156-D1_01_galF,98.65%,99.66%;KL156-D1_02_rmlB,95.01%,99.72%;KL156-D1_03_rmlD,95.32%,99.67%;KL156-D1_04_rmlA,98.63%,99.66%;KL156-D1_05_rmlC,94.07%,74.18%,truncated;KL156-D1_16_gnd,99.15%,99.79%;KL156-D1_17_ugd1,99.64%,97.23%	KL156-D1_06_wzx_KL156-D1;KL156-D1_07_gtr512;KL156-D1_08_gtr513;KL156-D1_09_wzy_KL156-D1;KL156-D1_10_ghl119;KL156-D1_11_gtr514;KL156-D1_12_gtr515;KL156-D1_13_reg;KL156-D1_14_gtr516;KL156-D1_15_gtr517	0		0 / 17 (0.00%)		0		KL156-D1_05_rmlC,94.07%,74.18%,truncated		ST131
3.3.2	Klebsiella_pneumoniae_Species_Complex_K	3.2.2	GCA_964006965.1	ST131	KL156-D1	unknown	Untypeable	-!	97.73%	98.16%	-272	7 / 17 (41.18%)	KL156-D1_01_galF,98.65%,99.66%;KL156-D1_02_rmlB,95.01%,99.72%;KL156-D1_03_rmlD,95.32%,99.67%;KL156-D1_04_rmlA,98.63%,99.66%;KL156-D1_05_rmlC,94.07%,74.18%,truncated;KL156-D1_16_gnd,99.15%,99.79%;KL156-D1_17_ugd1,99.64%,97.23%	KL156-D1_06_wzx_KL156-D1;KL156-D1_07_gtr512;KL156-D1_08_gtr513;KL156-D1_09_wzy_KL156-D1;KL156-D1_10_ghl119;KL156-D1_11_gtr514;KL156-D1_12_gtr515;KL156-D1_13_reg;KL156-D1_14_gtr516;KL156-D1_15_gtr517	0		0 / 17 (0.00%)		0		KL156-D1_05_rmlC,94.07%,74.18%,truncated		ST131
3.3.2	Klebsiella_pneumoniae_Species_Complex_K	3.2.2	GCA_964006995.1	ST131	KL156-D1	unknown	Untypeable	-!	97.73%	98.16%	-272	7 / 17 (41.18%)	KL156-D1_01_galF,98.65%,99.66%;KL156-D1_02_rmlB,95.01%,99.72%;KL156-D1_03_rmlD,95.32%,99.67%;KL156-D1_04_rmlA,98.63%,99.66%;KL156-D1_05_rmlC,94.07%,74.18%,truncated;KL156-D1_16_gnd,99.15%,99.79%;KL156-D1_17_ugd1,99.64%,97.23%	KL156-D1_06_wzx_KL156-D1;KL156-D1_07_gtr512;KL156-D1_08_gtr513;KL156-D1_09_wzy_KL156-D1;KL156-D1_10_ghl119;KL156-D1_11_gtr514;KL156-D1_12_gtr515;KL156-D1_13_reg;KL156-D1_14_gtr516;KL156-D1_15_gtr517	0		0 / 17 (0.00%)		0		KL156-D1_05_rmlC,94.07%,74.18%,truncated		ST131
3.3.2	Klebsiella_pneumoniae_Species_Complex_K	3.2.2	GCA_964007005.1	ST131	KL156-D1	unknown	Untypeable	-	97.45%	97.13%	-425	6 / 17 (35.29%)	KL156-D1_01_galF,99.66%,99.66%;KL156-D1_02_rmlB,96.12%,99.72%;KL156-D1_03_rmlD,95.99%,99.67%;KL156-D1_04_rmlA,94.72%,96.93%;KL156-D1_16_gnd,98.93%,99.79%;KL156-D1_17_ugd1,99.29%,97.23%	KL156-D1_05_rmlC;KL156-D1_06_wzx_KL156-D1;KL156-D1_07_gtr512;KL156-D1_08_gtr513;KL156-D1_09_wzy_KL156-D1;KL156-D1_10_ghl119;KL156-D1_11_gtr514;KL156-D1_12_gtr515;KL156-D1_13_reg;KL156-D1_14_gtr516;KL156-D1_15_gtr517	0		0 / 17 (0.00%)		0				ST131
3.3.2	Klebsiella_pneumoniae_Species_Complex_K	3.2.2	GCA_964007025.1	ST131	KL156-D1	unknown	Untypeable	-!	97.73%	98.16%	-272	7 / 17 (41.18%)	KL156-D1_01_galF,98.65%,99.66%;KL156-D1_02_rmlB,95.01%,99.72%;KL156-D1_03_rmlD,95.32%,99.67%;KL156-D1_04_rmlA,98.63%,99.66%;KL156-D1_05_rmlC,94.07%,74.18%,truncated;KL156-D1_16_gnd,99.15%,99.79%;KL156-D1_17_ugd1,99.64%,97.23%	KL156-D1_06_wzx_KL156-D1;KL156-D1_07_gtr512;KL156-D1_08_gtr513;KL156-D1_09_wzy_KL156-D1;KL156-D1_10_ghl119;KL156-D1_11_gtr514;KL156-D1_12_gtr515;KL156-D1_13_reg;KL156-D1_14_gtr516;KL156-D1_15_gtr517	0		0 / 17 (0.00%)		0		KL156-D1_05_rmlC,94.07%,74.18%,truncated		ST131
3.3.2	Klebsiella_pneumoniae_Species_Complex_K	3.2.2	GCA_964007035.1	ST131	KL156-D1	unknown	Untypeable	-!	97.68%	98.15%	-273	7 / 17 (41.18%)	KL156-D1_01_galF,98.65%,99.66%;KL156-D1_02_rmlB,95.01%,99.72%;KL156-D1_03_rmlD,95.32%,99.67%;KL156-D1_04_rmlA,98.29%,99.66%;KL156-D1_05_rmlC,94.07%,74.18%,truncated;KL156-D1_16_gnd,99.15%,99.79%;KL156-D1_17_ugd1,99.64%,97.23%	KL156-D1_06_wzx_KL156-D1;KL156-D1_07_gtr512;KL156-D1_08_gtr513;KL156-D1_09_wzy_KL156-D1;KL156-D1_10_ghl119;KL156-D1_11_gtr514;KL156-D1_12_gtr515;KL156-D1_13_reg;KL156-D1_14_gtr516;KL156-D1_15_gtr517	0		0 / 17 (0.00%)		0		KL156-D1_05_rmlC,94.07%,74.18%,truncated		ST131
3.3.2	Klebsiella_pneumoniae_Species_Complex_K	3.2.2	GCA_964007055.1	ST131	KL156-D1	unknown	Untypeable	-!	97.68%	98.16%	-272	7 / 17 (41.18%)	KL156-D1_01_galF,98.65%,99.66%;KL156-D1_02_rmlB,95.01%,99.72%;KL156-D1_03_rmlD,95.32%,99.67%;KL156-D1_04_rmlA,98.29%,99.66%;KL156-D1_05_rmlC,94.07%,74.18%,truncated;KL156-D1_16_gnd,99.15%,99.79%;KL156-D1_17_ugd1,99.64%,97.23%	KL156-D1_06_wzx_KL156-D1;KL156-D1_07_gtr512;KL156-D1_08_gtr513;KL156-D1_09_wzy_KL156-D1;KL156-D1_10_ghl119;KL156-D1_11_gtr514;KL156-D1_12_gtr515;KL156-D1_13_reg;KL156-D1_14_gtr516;KL156-D1_15_gtr517	0		0 / 17 (0.00%)		0		KL156-D1_05_rmlC,94.07%,74.18%,truncated		ST131
3.3.2	Klebsiella_pneumoniae_Species_Complex_K	3.2.2	GCA_964007175.1	ST131	KL156-D1	unknown	Untypeable	-!	97.69%	98.16%	-272	7 / 17 (41.18%)	KL156-D1_01_galF,98.65%,99.66%;KL156-D1_02_rmlB,94.74%,99.72%;KL156-D1_03_rmlD,95.32%,99.67%;KL156-D1_04_rmlA,98.63%,99.66%;KL156-D1_05_rmlC,94.07%,74.18%,truncated;KL156-D1_16_gnd,99.15%,99.79%;KL156-D1_17_ugd1,99.64%,97.23%	KL156-D1_06_wzx_KL156-D1;KL156-D1_07_gtr512;KL156-D1_08_gtr513;KL156-D1_09_wzy_KL156-D1;KL156-D1_10_ghl119;KL156-D1_11_gtr514;KL156-D1_12_gtr515;KL156-D1_13_reg;KL156-D1_14_gtr516;KL156-D1_15_gtr517	0		0 / 17 (0.00%)		0		KL156-D1_05_rmlC,94.07%,74.18%,truncated		ST131
3.3.2	Klebsiella_pneumoniae_Species_Complex_K	3.2.2	GCA_964007215.1	ST131	KL156-D1	unknown	Untypeable	-!	97.73%	98.16%	-272	7 / 17 (41.18%)	KL156-D1_01_galF,98.65%,99.66%;KL156-D1_02_rmlB,95.01%,99.72%;KL156-D1_03_rmlD,95.32%,99.67%;KL156-D1_04_rmlA,98.63%,99.66%;KL156-D1_05_rmlC,94.07%,74.18%,truncated;KL156-D1_16_gnd,99.15%,99.79%;KL156-D1_17_ugd1,99.64%,97.23%	KL156-D1_06_wzx_KL156-D1;KL156-D1_07_gtr512;KL156-D1_08_gtr513;KL156-D1_09_wzy_KL156-D1;KL156-D1_10_ghl119;KL156-D1_11_gtr514;KL156-D1_12_gtr515;KL156-D1_13_reg;KL156-D1_14_gtr516;KL156-D1_15_gtr517	0		0 / 17 (0.00%)		0		KL156-D1_05_rmlC,94.07%,74.18%,truncated		ST131
3.3.2	Klebsiella_pneumoniae_Species_Complex_K	3.2.2	GCA_964007225.1	ST131	KL156-D1	unknown	Untypeable	-	97.45%	97.13%	-425	6 / 17 (35.29%)	KL156-D1_01_galF,99.66%,99.66%;KL156-D1_02_rmlB,96.12%,99.72%;KL156-D1_03_rmlD,95.99%,99.67%;KL156-D1_04_rmlA,94.72%,96.93%;KL156-D1_16_gnd,98.93%,99.79%;KL156-D1_17_ugd1,99.29%,97.23%	KL156-D1_05_rmlC;KL156-D1_06_wzx_KL156-D1;KL156-D1_07_gtr512;KL156-D1_08_gtr513;KL156-D1_09_wzy_KL156-D1;KL156-D1_10_ghl119;KL156-D1_11_gtr514;KL156-D1_12_gtr515;KL156-D1_13_reg;KL156-D1_14_gtr516;KL156-D1_15_gtr517	0		0 / 17 (0.00%)		0				ST131
3.3.2	Klebsiella_pneumoniae_Species_Complex_K	3.2.2	GCA_964007255.1	ST131	KL156-D1	unknown	Untypeable	-!	97.73%	98.16%	-272	7 / 17 (41.18%)	KL156-D1_01_galF,98.65%,99.66%;KL156-D1_02_rmlB,95.01%,99.72%;KL156-D1_03_rmlD,95.32%,99.67%;KL156-D1_04_rmlA,98.63%,99.66%;KL156-D1_05_rmlC,94.07%,74.18%,truncated;KL156-D1_16_gnd,99.15%,99.79%;KL156-D1_17_ugd1,99.64%,97.23%	KL156-D1_06_wzx_KL156-D1;KL156-D1_07_gtr512;KL156-D1_08_gtr513;KL156-D1_09_wzy_KL156-D1;KL156-D1_10_ghl119;KL156-D1_11_gtr514;KL156-D1_12_gtr515;KL156-D1_13_reg;KL156-D1_14_gtr516;KL156-D1_15_gtr517	0		0 / 17 (0.00%)		0		KL156-D1_05_rmlC,94.07%,74.18%,truncated		ST131
3.3.2	Klebsiella_pneumoniae_Species_Complex_K	3.2.2	GCA_964007285.1	ST131	KL156-D1	unknown	Untypeable	-!	97.73%	98.16%	-272	7 / 17 (41.18%)	KL156-D1_01_galF,98.65%,99.66%;KL156-D1_02_rmlB,95.01%,99.72%;KL156-D1_03_rmlD,95.32%,99.67%;KL156-D1_04_rmlA,98.63%,99.66%;KL156-D1_05_rmlC,94.07%,74.18%,truncated;KL156-D1_16_gnd,99.15%,99.79%;KL156-D1_17_ugd1,99.64%,97.23%	KL156-D1_06_wzx_KL156-D1;KL156-D1_07_gtr512;KL156-D1_08_gtr513;KL156-D1_09_wzy_KL156-D1;KL156-D1_10_ghl119;KL156-D1_11_gtr514;KL156-D1_12_gtr515;KL156-D1_13_reg;KL156-D1_14_gtr516;KL156-D1_15_gtr517	0		0 / 17 (0.00%)		0		KL156-D1_05_rmlC,94.07%,74.18%,truncated		ST131
3.3.2	Klebsiella_pneumoniae_Species_Complex_K	3.2.2	GCA_964007325.1	ST131	KL156-D1	unknown	Untypeable	-	97.45%	97.13%	-425	6 / 17 (35.29%)	KL156-D1_01_galF,99.66%,99.66%;KL156-D1_02_rmlB,96.12%,99.72%;KL156-D1_03_rmlD,95.99%,99.67%;KL156-D1_04_rmlA,94.72%,96.93%;KL156-D1_16_gnd,98.93%,99.79%;KL156-D1_17_ugd1,99.29%,97.23%	KL156-D1_05_rmlC;KL156-D1_06_wzx_KL156-D1;KL156-D1_07_gtr512;KL156-D1_08_gtr513;KL156-D1_09_wzy_KL156-D1;KL156-D1_10_ghl119;KL156-D1_11_gtr514;KL156-D1_12_gtr515;KL156-D1_13_reg;KL156-D1_14_gtr516;KL156-D1_15_gtr517	0		0 / 17 (0.00%)		0				ST131
3.3.2	Klebsiella_pneumoniae_Species_Complex_K	3.2.2	GCA_964007355.1	ST131	KL156-D1	unknown	Untypeable	-!	97.73%	98.16%	-272	7 / 17 (41.18%)	KL156-D1_01_galF,98.65%,99.66%;KL156-D1_02_rmlB,95.01%,99.72%;KL156-D1_03_rmlD,95.32%,99.67%;KL156-D1_04_rmlA,98.63%,99.66%;KL156-D1_05_rmlC,94.07%,74.18%,truncated;KL156-D1_16_gnd,99.15%,99.79%;KL156-D1_17_ugd1,99.64%,97.23%	KL156-D1_06_wzx_KL156-D1;KL156-D1_07_gtr512;KL156-D1_08_gtr513;KL156-D1_09_wzy_KL156-D1;KL156-D1_10_ghl119;KL156-D1_11_gtr514;KL156-D1_12_gtr515;KL156-D1_13_reg;KL156-D1_14_gtr516;KL156-D1_15_gtr517	0		0 / 17 (0.00%)		0		KL156-D1_05_rmlC,94.07%,74.18%,truncated		ST131
3.3.2	Klebsiella_pneumoniae_Species_Complex_K	3.2.2	GCA_964007395.1	ST131	KL156-D1	unknown	Untypeable	-!	97.73%	98.16%	-272	7 / 17 (41.18%)	KL156-D1_01_galF,98.65%,99.66%;KL156-D1_02_rmlB,95.01%,99.72%;KL156-D1_03_rmlD,95.32%,99.67%;KL156-D1_04_rmlA,98.63%,99.66%;KL156-D1_05_rmlC,94.07%,74.18%,truncated;KL156-D1_16_gnd,99.15%,99.79%;KL156-D1_17_ugd1,99.64%,97.23%	KL156-D1_06_wzx_KL156-D1;KL156-D1_07_gtr512;KL156-D1_08_gtr513;KL156-D1_09_wzy_KL156-D1;KL156-D1_10_ghl119;KL156-D1_11_gtr514;KL156-D1_12_gtr515;KL156-D1_13_reg;KL156-D1_14_gtr516;KL156-D1_15_gtr517	0		0 / 17 (0.00%)		0		KL156-D1_05_rmlC,94.07%,74.18%,truncated		ST131
3.3.2	Klebsiella_pneumoniae_Species_Complex_K	3.2.2	GCA_964007445.1	ST131	KL156-D1	unknown	Untypeable	-	97.45%	97.13%	-425	6 / 17 (35.29%)	KL156-D1_01_galF,99.66%,99.66%;KL156-D1_02_rmlB,96.12%,99.72%;KL156-D1_03_rmlD,95.99%,99.67%;KL156-D1_04_rmlA,94.72%,96.93%;KL156-D1_16_gnd,98.93%,99.79%;KL156-D1_17_ugd1,99.29%,97.23%	KL156-D1_05_rmlC;KL156-D1_06_wzx_KL156-D1;KL156-D1_07_gtr512;KL156-D1_08_gtr513;KL156-D1_09_wzy_KL156-D1;KL156-D1_10_ghl119;KL156-D1_11_gtr514;KL156-D1_12_gtr515;KL156-D1_13_reg;KL156-D1_14_gtr516;KL156-D1_15_gtr517	0		0 / 17 (0.00%)		0				ST131
3.3.2	Klebsiella_pneumoniae_Species_Complex_K	3.2.2	GCA_964205365.1	ST131	KL156-D1	unknown	Untypeable	-!	97.73%	98.16%	-272	7 / 17 (41.18%)	KL156-D1_01_galF,98.65%,99.66%;KL156-D1_02_rmlB,95.01%,99.72%;KL156-D1_03_rmlD,95.32%,99.67%;KL156-D1_04_rmlA,98.63%,99.66%;KL156-D1_05_rmlC,94.07%,74.18%,truncated;KL156-D1_16_gnd,99.15%,99.79%;KL156-D1_17_ugd1,99.64%,97.23%	KL156-D1_06_wzx_KL156-D1;KL156-D1_07_gtr512;KL156-D1_08_gtr513;KL156-D1_09_wzy_KL156-D1;KL156-D1_10_ghl119;KL156-D1_11_gtr514;KL156-D1_12_gtr515;KL156-D1_13_reg;KL156-D1_14_gtr516;KL156-D1_15_gtr517	0		0 / 17 (0.00%)		0		KL156-D1_05_rmlC,94.07%,74.18%,truncated		ST131
3.3.2	Klebsiella_pneumoniae_Species_Complex_K	3.2.2	GCA_964205425.1	ST131	KL156-D1	unknown	Untypeable	-!	97.73%	98.16%	-272	7 / 17 (41.18%)	KL156-D1_01_galF,98.65%,99.66%;KL156-D1_02_rmlB,95.01%,99.72%;KL156-D1_03_rmlD,95.32%,99.67%;KL156-D1_04_rmlA,98.63%,99.66%;KL156-D1_05_rmlC,94.07%,74.18%,truncated;KL156-D1_16_gnd,99.15%,99.79%;KL156-D1_17_ugd1,99.64%,97.23%	KL156-D1_06_wzx_KL156-D1;KL156-D1_07_gtr512;KL156-D1_08_gtr513;KL156-D1_09_wzy_KL156-D1;KL156-D1_10_ghl119;KL156-D1_11_gtr514;KL156-D1_12_gtr515;KL156-D1_13_reg;KL156-D1_14_gtr516;KL156-D1_15_gtr517	0		0 / 17 (0.00%)		0		KL156-D1_05_rmlC,94.07%,74.18%,truncated		ST131
3.3.2	Klebsiella_pneumoniae_Species_Complex_K	3.2.2	GCA_964205435.1	ST131	KL156-D1	unknown	Untypeable	?-!	98.35%	97.10%		7 / 19 (36.84%)	KL156-D1_01_galF,98.59%,95.30%,partial;KL156-D1_02_rmlB,94.52%,40.33%,partial;KL156-D1_02_rmlB,100.00%,20.44%,partial;KL156-D1_03_rmlD,95.99%,99.67%;KL156-D1_04_rmlA,98.63%,99.66%;KL156-D1_05_rmlC,94.07%,74.18%,truncated;KL156-D1_16_gnd,99.15%,99.79%;KL156-D1_17_ugd1,99.64%,97.23%	KL156-D1_06_wzx_KL156-D1;KL156-D1_07_gtr512;KL156-D1_08_gtr513;KL156-D1_09_wzy_KL156-D1;KL156-D1_10_ghl119;KL156-D1_11_gtr514;KL156-D1_12_gtr515;KL156-D1_13_reg;KL156-D1_14_gtr516;KL156-D1_15_gtr517	0		2 / 19 (10.53%)	KL156-D1_01_galF,99.64%,92.62%,partial;KL156-D1_02_rmlB,90.65%,29.83%,partial	5	KL38_17_ugd1,88.63%,65.55%,truncated;KL54_05_wzb,97.37%,52.41%,partial;KL54_07_gtr208,93.48%,23.77%,partial;KL54_08_wzx_KL54,96.59%,43.14%,partial;KL79_16_gnd,95.90%,41.58%,partial	KL38_17_ugd1,88.63%,65.55%,truncated;KL54_05_wzb,97.37%,52.41%,partial;KL54_07_gtr208,93.48%,23.77%,partial;KL54_08_wzx_KL54,96.59%,43.14%,partial;KL79_16_gnd,95.90%,41.58%,partial;KL156-D1_01_galF,98.59%,95.30%,partial;KL156-D1_01_galF,99.64%,92.62%,partial;KL156-D1_02_rmlB,94.52%,40.33%,partial;KL156-D1_02_rmlB,90.65%,29.83%,partial;KL156-D1_02_rmlB,100.00%,20.44%,partial;KL156-D1_05_rmlC,94.07%,74.18%,truncated		ST131
3.3.2	Klebsiella_pneumoniae_Species_Complex_K	3.2.2	GCA_964205455.1	ST131	KL156-D1	unknown	Untypeable	-	97.45%	97.13%	-425	6 / 17 (35.29%)	KL156-D1_01_galF,99.66%,99.66%;KL156-D1_02_rmlB,96.12%,99.72%;KL156-D1_03_rmlD,95.99%,99.67%;KL156-D1_04_rmlA,94.72%,96.93%;KL156-D1_16_gnd,98.93%,99.79%;KL156-D1_17_ugd1,99.29%,97.23%	KL156-D1_05_rmlC;KL156-D1_06_wzx_KL156-D1;KL156-D1_07_gtr512;KL156-D1_08_gtr513;KL156-D1_09_wzy_KL156-D1;KL156-D1_10_ghl119;KL156-D1_11_gtr514;KL156-D1_12_gtr515;KL156-D1_13_reg;KL156-D1_14_gtr516;KL156-D1_15_gtr517	0		0 / 17 (0.00%)		0				ST131
3.3.2	Klebsiella_pneumoniae_Species_Complex_K	3.2.2	GCA_964205485.1	ST131	KL156-D1	unknown	Untypeable	-!	97.73%	98.16%	-272	7 / 17 (41.18%)	KL156-D1_01_galF,98.65%,99.66%;KL156-D1_02_rmlB,95.01%,99.72%;KL156-D1_03_rmlD,95.32%,99.67%;KL156-D1_04_rmlA,98.63%,99.66%;KL156-D1_05_rmlC,94.07%,74.18%,truncated;KL156-D1_16_gnd,99.15%,99.79%;KL156-D1_17_ugd1,99.64%,97.23%	KL156-D1_06_wzx_KL156-D1;KL156-D1_07_gtr512;KL156-D1_08_gtr513;KL156-D1_09_wzy_KL156-D1;KL156-D1_10_ghl119;KL156-D1_11_gtr514;KL156-D1_12_gtr515;KL156-D1_13_reg;KL156-D1_14_gtr516;KL156-D1_15_gtr517	0		0 / 17 (0.00%)		0		KL156-D1_05_rmlC,94.07%,74.18%,truncated		ST131
3.3.2	Klebsiella_pneumoniae_Species_Complex_K	3.2.2	GCA_964205495.1	ST131	KL156-D1	unknown	Untypeable	-!	97.73%	98.16%	-272	7 / 17 (41.18%)	KL156-D1_01_galF,98.65%,99.66%;KL156-D1_02_rmlB,95.01%,99.72%;KL156-D1_03_rmlD,95.32%,99.67%;KL156-D1_04_rmlA,98.63%,99.66%;KL156-D1_05_rmlC,94.07%,74.18%,truncated;KL156-D1_16_gnd,99.15%,99.79%;KL156-D1_17_ugd1,99.64%,97.23%	KL156-D1_06_wzx_KL156-D1;KL156-D1_07_gtr512;KL156-D1_08_gtr513;KL156-D1_09_wzy_KL156-D1;KL156-D1_10_ghl119;KL156-D1_11_gtr514;KL156-D1_12_gtr515;KL156-D1_13_reg;KL156-D1_14_gtr516;KL156-D1_15_gtr517	0		0 / 17 (0.00%)		0		KL156-D1_05_rmlC,94.07%,74.18%,truncated		ST131
3.3.2	Klebsiella_pneumoniae_Species_Complex_K	3.2.2	GCA_964205505.1	ST131	KL156-D1	unknown	Untypeable	-!	97.73%	98.16%	-272	7 / 17 (41.18%)	KL156-D1_01_galF,98.65%,99.66%;KL156-D1_02_rmlB,95.01%,99.72%;KL156-D1_03_rmlD,95.32%,99.67%;KL156-D1_04_rmlA,98.63%,99.66%;KL156-D1_05_rmlC,94.07%,74.18%,truncated;KL156-D1_16_gnd,99.15%,99.79%;KL156-D1_17_ugd1,99.64%,97.23%	KL156-D1_06_wzx_KL156-D1;KL156-D1_07_gtr512;KL156-D1_08_gtr513;KL156-D1_09_wzy_KL156-D1;KL156-D1_10_ghl119;KL156-D1_11_gtr514;KL156-D1_12_gtr515;KL156-D1_13_reg;KL156-D1_14_gtr516;KL156-D1_15_gtr517	0		0 / 17 (0.00%)		0		KL156-D1_05_rmlC,94.07%,74.18%,truncated		ST131
3.3.2	Klebsiella_pneumoniae_Species_Complex_K	3.2.2	GCA_964205525.1	ST131	KL156-D1	unknown	Untypeable	-!	97.73%	98.16%	-272	7 / 17 (41.18%)	KL156-D1_01_galF,98.65%,99.66%;KL156-D1_02_rmlB,95.01%,99.72%;KL156-D1_03_rmlD,95.32%,99.67%;KL156-D1_04_rmlA,98.63%,99.66%;KL156-D1_05_rmlC,94.07%,74.18%,truncated;KL156-D1_16_gnd,99.15%,99.79%;KL156-D1_17_ugd1,99.64%,97.23%	KL156-D1_06_wzx_KL156-D1;KL156-D1_07_gtr512;KL156-D1_08_gtr513;KL156-D1_09_wzy_KL156-D1;KL156-D1_10_ghl119;KL156-D1_11_gtr514;KL156-D1_12_gtr515;KL156-D1_13_reg;KL156-D1_14_gtr516;KL156-D1_15_gtr517	0		0 / 17 (0.00%)		0		KL156-D1_05_rmlC,94.07%,74.18%,truncated		ST131
3.3.2	Klebsiella_pneumoniae_Species_Complex_K	3.2.2	GCA_964205535.1	ST131	KL156-D1	unknown	Untypeable	-	97.45%	97.13%	-425	6 / 17 (35.29%)	KL156-D1_01_galF,99.66%,99.66%;KL156-D1_02_rmlB,96.12%,99.72%;KL156-D1_03_rmlD,95.99%,99.67%;KL156-D1_04_rmlA,94.72%,96.93%;KL156-D1_16_gnd,98.93%,99.79%;KL156-D1_17_ugd1,99.29%,97.23%	KL156-D1_05_rmlC;KL156-D1_06_wzx_KL156-D1;KL156-D1_07_gtr512;KL156-D1_08_gtr513;KL156-D1_09_wzy_KL156-D1;KL156-D1_10_ghl119;KL156-D1_11_gtr514;KL156-D1_12_gtr515;KL156-D1_13_reg;KL156-D1_14_gtr516;KL156-D1_15_gtr517	0		0 / 17 (0.00%)		0				ST131
3.3.2	Klebsiella_pneumoniae_Species_Complex_K	3.2.2	GCA_964205545.1	ST131	KL156-D1	unknown	Untypeable	-!	97.73%	98.16%	-272	7 / 17 (41.18%)	KL156-D1_01_galF,98.65%,99.66%;KL156-D1_02_rmlB,95.01%,99.72%;KL156-D1_03_rmlD,95.32%,99.67%;KL156-D1_04_rmlA,98.63%,99.66%;KL156-D1_05_rmlC,94.07%,74.18%,truncated;KL156-D1_16_gnd,99.15%,99.79%;KL156-D1_17_ugd1,99.64%,97.23%	KL156-D1_06_wzx_KL156-D1;KL156-D1_07_gtr512;KL156-D1_08_gtr513;KL156-D1_09_wzy_KL156-D1;KL156-D1_10_ghl119;KL156-D1_11_gtr514;KL156-D1_12_gtr515;KL156-D1_13_reg;KL156-D1_14_gtr516;KL156-D1_15_gtr517	0		0 / 17 (0.00%)		0		KL156-D1_05_rmlC,94.07%,74.18%,truncated		ST131
3.3.2	Klebsiella_pneumoniae_Species_Complex_K	3.2.2	GCA_964205555.1	ST131	KL156-D1	unknown	Untypeable	-!	97.73%	98.16%	-272	7 / 17 (41.18%)	KL156-D1_01_galF,98.65%,99.66%;KL156-D1_02_rmlB,95.01%,99.72%;KL156-D1_03_rmlD,95.32%,99.67%;KL156-D1_04_rmlA,98.63%,99.66%;KL156-D1_05_rmlC,94.07%,74.18%,truncated;KL156-D1_16_gnd,99.15%,99.79%;KL156-D1_17_ugd1,99.64%,97.23%	KL156-D1_06_wzx_KL156-D1;KL156-D1_07_gtr512;KL156-D1_08_gtr513;KL156-D1_09_wzy_KL156-D1;KL156-D1_10_ghl119;KL156-D1_11_gtr514;KL156-D1_12_gtr515;KL156-D1_13_reg;KL156-D1_14_gtr516;KL156-D1_15_gtr517	0		0 / 17 (0.00%)		0		KL156-D1_05_rmlC,94.07%,74.18%,truncated		ST131
3.3.2	Klebsiella_pneumoniae_Species_Complex_K	3.2.2	GCA_964205565.1	ST131	KL156-D1	unknown	Untypeable	-!	97.73%	98.16%	-272	7 / 17 (41.18%)	KL156-D1_01_galF,98.65%,99.66%;KL156-D1_02_rmlB,95.01%,99.72%;KL156-D1_03_rmlD,95.32%,99.67%;KL156-D1_04_rmlA,98.63%,99.66%;KL156-D1_05_rmlC,94.07%,74.18%,truncated;KL156-D1_16_gnd,99.15%,99.79%;KL156-D1_17_ugd1,99.64%,97.23%	KL156-D1_06_wzx_KL156-D1;KL156-D1_07_gtr512;KL156-D1_08_gtr513;KL156-D1_09_wzy_KL156-D1;KL156-D1_10_ghl119;KL156-D1_11_gtr514;KL156-D1_12_gtr515;KL156-D1_13_reg;KL156-D1_14_gtr516;KL156-D1_15_gtr517	0		0 / 17 (0.00%)		0		KL156-D1_05_rmlC,94.07%,74.18%,truncated		ST131
3.3.2	Klebsiella_pneumoniae_Species_Complex_K	3.2.2	GCA_964205585.1	ST131	KL156-D1	unknown	Untypeable	-	97.45%	97.13%	-425	6 / 17 (35.29%)	KL156-D1_01_galF,99.66%,99.66%;KL156-D1_02_rmlB,96.12%,99.72%;KL156-D1_03_rmlD,95.99%,99.67%;KL156-D1_04_rmlA,94.72%,96.93%;KL156-D1_16_gnd,98.93%,99.79%;KL156-D1_17_ugd1,99.29%,97.23%	KL156-D1_05_rmlC;KL156-D1_06_wzx_KL156-D1;KL156-D1_07_gtr512;KL156-D1_08_gtr513;KL156-D1_09_wzy_KL156-D1;KL156-D1_10_ghl119;KL156-D1_11_gtr514;KL156-D1_12_gtr515;KL156-D1_13_reg;KL156-D1_14_gtr516;KL156-D1_15_gtr517	0		0 / 17 (0.00%)		0				ST131
3.3.2	Klebsiella_pneumoniae_Species_Complex_K	3.2.2	GCA_964205595.1	ST131	KL156-D1	unknown	Untypeable	-!	97.73%	98.16%	-272	7 / 17 (41.18%)	KL156-D1_01_galF,98.65%,99.66%;KL156-D1_02_rmlB,95.01%,99.72%;KL156-D1_03_rmlD,95.32%,99.67%;KL156-D1_04_rmlA,98.63%,99.66%;KL156-D1_05_rmlC,94.07%,74.18%,truncated;KL156-D1_16_gnd,99.15%,99.79%;KL156-D1_17_ugd1,99.64%,97.23%	KL156-D1_06_wzx_KL156-D1;KL156-D1_07_gtr512;KL156-D1_08_gtr513;KL156-D1_09_wzy_KL156-D1;KL156-D1_10_ghl119;KL156-D1_11_gtr514;KL156-D1_12_gtr515;KL156-D1_13_reg;KL156-D1_14_gtr516;KL156-D1_15_gtr517	0		0 / 17 (0.00%)		0		KL156-D1_05_rmlC,94.07%,74.18%,truncated		ST131
3.3.2	Klebsiella_pneumoniae_Species_Complex_K	3.2.2	GCA_964205635.1	ST131	KL156-D1	unknown	Untypeable	-!	97.73%	98.16%	-272	7 / 17 (41.18%)	KL156-D1_01_galF,98.65%,99.66%;KL156-D1_02_rmlB,95.01%,99.72%;KL156-D1_03_rmlD,95.32%,99.67%;KL156-D1_04_rmlA,98.63%,99.66%;KL156-D1_05_rmlC,94.07%,74.18%,truncated;KL156-D1_16_gnd,99.15%,99.79%;KL156-D1_17_ugd1,99.64%,97.23%	KL156-D1_06_wzx_KL156-D1;KL156-D1_07_gtr512;KL156-D1_08_gtr513;KL156-D1_09_wzy_KL156-D1;KL156-D1_10_ghl119;KL156-D1_11_gtr514;KL156-D1_12_gtr515;KL156-D1_13_reg;KL156-D1_14_gtr516;KL156-D1_15_gtr517	0		0 / 17 (0.00%)		0		KL156-D1_05_rmlC,94.07%,74.18%,truncated		ST131
3.3.2	Klebsiella_pneumoniae_Species_Complex_K	3.2.2	GCA_964205655.1	ST131	KL156-D1	unknown	Untypeable	-!	97.73%	98.16%	-272	7 / 17 (41.18%)	KL156-D1_01_galF,98.65%,99.66%;KL156-D1_02_rmlB,95.01%,99.72%;KL156-D1_03_rmlD,95.32%,99.67%;KL156-D1_04_rmlA,98.63%,99.66%;KL156-D1_05_rmlC,94.07%,74.18%,truncated;KL156-D1_16_gnd,99.15%,99.79%;KL156-D1_17_ugd1,99.64%,97.23%	KL156-D1_06_wzx_KL156-D1;KL156-D1_07_gtr512;KL156-D1_08_gtr513;KL156-D1_09_wzy_KL156-D1;KL156-D1_10_ghl119;KL156-D1_11_gtr514;KL156-D1_12_gtr515;KL156-D1_13_reg;KL156-D1_14_gtr516;KL156-D1_15_gtr517	0		0 / 17 (0.00%)		0		KL156-D1_05_rmlC,94.07%,74.18%,truncated		ST131
3.3.2	Klebsiella_pneumoniae_Species_Complex_K	3.2.2	GCA_964205675.1	ST131	KL156-D1	unknown	Untypeable	-!	97.73%	98.16%	-272	7 / 17 (41.18%)	KL156-D1_01_galF,98.65%,99.66%;KL156-D1_02_rmlB,95.01%,99.72%;KL156-D1_03_rmlD,95.32%,99.67%;KL156-D1_04_rmlA,98.63%,99.66%;KL156-D1_05_rmlC,94.07%,74.18%,truncated;KL156-D1_16_gnd,99.15%,99.79%;KL156-D1_17_ugd1,99.64%,97.23%	KL156-D1_06_wzx_KL156-D1;KL156-D1_07_gtr512;KL156-D1_08_gtr513;KL156-D1_09_wzy_KL156-D1;KL156-D1_10_ghl119;KL156-D1_11_gtr514;KL156-D1_12_gtr515;KL156-D1_13_reg;KL156-D1_14_gtr516;KL156-D1_15_gtr517	0		0 / 17 (0.00%)		0		KL156-D1_05_rmlC,94.07%,74.18%,truncated		ST131
3.3.2	Klebsiella_pneumoniae_Species_Complex_K	3.2.2	GCA_964205705.1	ST131	KL156-D1	unknown	Untypeable	-!	97.73%	98.16%	-272	7 / 17 (41.18%)	KL156-D1_01_galF,98.65%,99.66%;KL156-D1_02_rmlB,95.01%,99.72%;KL156-D1_03_rmlD,95.32%,99.67%;KL156-D1_04_rmlA,98.63%,99.66%;KL156-D1_05_rmlC,94.07%,74.18%,truncated;KL156-D1_16_gnd,99.15%,99.79%;KL156-D1_17_ugd1,99.64%,97.23%	KL156-D1_06_wzx_KL156-D1;KL156-D1_07_gtr512;KL156-D1_08_gtr513;KL156-D1_09_wzy_KL156-D1;KL156-D1_10_ghl119;KL156-D1_11_gtr514;KL156-D1_12_gtr515;KL156-D1_13_reg;KL156-D1_14_gtr516;KL156-D1_15_gtr517	0		0 / 17 (0.00%)		0		KL156-D1_05_rmlC,94.07%,74.18%,truncated		ST131
3.3.2	Klebsiella_pneumoniae_Species_Complex_K	3.2.2	GCA_964205715.1	ST131	KL156-D1	unknown	Untypeable	-!	97.73%	98.16%	-272	7 / 17 (41.18%)	KL156-D1_01_galF,98.65%,99.66%;KL156-D1_02_rmlB,95.01%,99.72%;KL156-D1_03_rmlD,95.32%,99.67%;KL156-D1_04_rmlA,98.63%,99.66%;KL156-D1_05_rmlC,94.07%,74.18%,truncated;KL156-D1_16_gnd,99.15%,99.79%;KL156-D1_17_ugd1,99.64%,97.23%	KL156-D1_06_wzx_KL156-D1;KL156-D1_07_gtr512;KL156-D1_08_gtr513;KL156-D1_09_wzy_KL156-D1;KL156-D1_10_ghl119;KL156-D1_11_gtr514;KL156-D1_12_gtr515;KL156-D1_13_reg;KL156-D1_14_gtr516;KL156-D1_15_gtr517	0		0 / 17 (0.00%)		0		KL156-D1_05_rmlC,94.07%,74.18%,truncated		ST131
3.3.2	Klebsiella_pneumoniae_Species_Complex_K	3.2.2	GCA_964205725.1	ST131	KL156-D1	unknown	Untypeable	-!	97.73%	98.16%	-272	7 / 17 (41.18%)	KL156-D1_01_galF,98.65%,99.66%;KL156-D1_02_rmlB,95.01%,99.72%;KL156-D1_03_rmlD,95.32%,99.67%;KL156-D1_04_rmlA,98.63%,99.66%;KL156-D1_05_rmlC,94.07%,74.18%,truncated;KL156-D1_16_gnd,99.15%,99.79%;KL156-D1_17_ugd1,99.64%,97.23%	KL156-D1_06_wzx_KL156-D1;KL156-D1_07_gtr512;KL156-D1_08_gtr513;KL156-D1_09_wzy_KL156-D1;KL156-D1_10_ghl119;KL156-D1_11_gtr514;KL156-D1_12_gtr515;KL156-D1_13_reg;KL156-D1_14_gtr516;KL156-D1_15_gtr517	0		0 / 17 (0.00%)		0		KL156-D1_05_rmlC,94.07%,74.18%,truncated		ST131
3.3.2	Klebsiella_pneumoniae_Species_Complex_K	3.2.2	GCA_964205745.1	ST131	KL156-D1	unknown	Untypeable	-	97.45%	97.13%	-425	6 / 17 (35.29%)	KL156-D1_01_galF,99.66%,99.66%;KL156-D1_02_rmlB,96.12%,99.72%;KL156-D1_03_rmlD,95.99%,99.67%;KL156-D1_04_rmlA,94.72%,96.93%;KL156-D1_16_gnd,98.93%,99.79%;KL156-D1_17_ugd1,99.29%,97.23%	KL156-D1_05_rmlC;KL156-D1_06_wzx_KL156-D1;KL156-D1_07_gtr512;KL156-D1_08_gtr513;KL156-D1_09_wzy_KL156-D1;KL156-D1_10_ghl119;KL156-D1_11_gtr514;KL156-D1_12_gtr515;KL156-D1_13_reg;KL156-D1_14_gtr516;KL156-D1_15_gtr517	0		0 / 17 (0.00%)		0				ST131
3.3.2	Klebsiella_pneumoniae_Species_Complex_K	3.2.2	GCA_964205785.1	ST131	KL156-D1	unknown	Untypeable	-!	97.73%	98.16%	-272	7 / 17 (41.18%)	KL156-D1_01_galF,98.65%,99.66%;KL156-D1_02_rmlB,95.01%,99.72%;KL156-D1_03_rmlD,95.32%,99.67%;KL156-D1_04_rmlA,98.63%,99.66%;KL156-D1_05_rmlC,94.07%,74.18%,truncated;KL156-D1_16_gnd,99.15%,99.79%;KL156-D1_17_ugd1,99.64%,97.23%	KL156-D1_06_wzx_KL156-D1;KL156-D1_07_gtr512;KL156-D1_08_gtr513;KL156-D1_09_wzy_KL156-D1;KL156-D1_10_ghl119;KL156-D1_11_gtr514;KL156-D1_12_gtr515;KL156-D1_13_reg;KL156-D1_14_gtr516;KL156-D1_15_gtr517	0		0 / 17 (0.00%)		0		KL156-D1_05_rmlC,94.07%,74.18%,truncated		ST131
3.3.2	Klebsiella_pneumoniae_Species_Complex_K	3.2.2	GCA_964205825.1	ST131	KL156-D1	unknown	Untypeable	-!	97.73%	98.16%	-272	7 / 17 (41.18%)	KL156-D1_01_galF,98.65%,99.66%;KL156-D1_02_rmlB,95.01%,99.72%;KL156-D1_03_rmlD,95.32%,99.67%;KL156-D1_04_rmlA,98.63%,99.66%;KL156-D1_05_rmlC,94.07%,74.18%,truncated;KL156-D1_16_gnd,99.15%,99.79%;KL156-D1_17_ugd1,99.64%,97.23%	KL156-D1_06_wzx_KL156-D1;KL156-D1_07_gtr512;KL156-D1_08_gtr513;KL156-D1_09_wzy_KL156-D1;KL156-D1_10_ghl119;KL156-D1_11_gtr514;KL156-D1_12_gtr515;KL156-D1_13_reg;KL156-D1_14_gtr516;KL156-D1_15_gtr517	0		0 / 17 (0.00%)		0		KL156-D1_05_rmlC,94.07%,74.18%,truncated		ST131
3.3.2	Klebsiella_pneumoniae_Species_Complex_K	3.2.2	GCA_964205855.1	ST131	KL156-D1	unknown	Untypeable	-!	97.73%	98.16%	-272	7 / 17 (41.18%)	KL156-D1_01_galF,98.65%,99.66%;KL156-D1_02_rmlB,95.01%,99.72%;KL156-D1_03_rmlD,95.32%,99.67%;KL156-D1_04_rmlA,98.63%,99.66%;KL156-D1_05_rmlC,94.07%,74.18%,truncated;KL156-D1_16_gnd,99.15%,99.79%;KL156-D1_17_ugd1,99.64%,97.23%	KL156-D1_06_wzx_KL156-D1;KL156-D1_07_gtr512;KL156-D1_08_gtr513;KL156-D1_09_wzy_KL156-D1;KL156-D1_10_ghl119;KL156-D1_11_gtr514;KL156-D1_12_gtr515;KL156-D1_13_reg;KL156-D1_14_gtr516;KL156-D1_15_gtr517	0		0 / 17 (0.00%)		0		KL156-D1_05_rmlC,94.07%,74.18%,truncated		ST131
3.3.2	Klebsiella_pneumoniae_Species_Complex_K	3.2.2	GCA_964205905.1	ST131	KL80	Capsule null	Untypeable	?-*!	92.42%	23.12%		6 / 23 (26.09%)	KL80_16_gnd,94.44%,99.79%;KL80_17_manC,58.17%,53.18%,truncated;KL80_18_manB,77.67%,93.87%,below_id_threshold;KL80_19_rmlB,80.00%,77.46%,truncated;KL80_20_rmlA,76.28%,87.24%,truncated;KL80_23_ugd1,83.16%,99.23%	KL80_01_galF;KL80_02_cpsACP;KL80_03_wzi;KL80_04_wza;KL80_05_wzb;KL80_06_wzc;KL80_07_wbaP29;KL80_08_gtr288;KL80_09_gtr289;KL80_10_gtr290;KL80_11_wzy_KL80;KL80_12_ghl69;KL80_13_wzx_KL80;KL80_14_ptr34;KL80_15_gtr291;KL80_21_rmlD;KL80_22_rmlC	0		0 / 23 (0.00%)		1	KL156-D1_01_galF,99.66%,99.66%	KL80_17_manC,58.17%,53.18%,truncated;KL80_19_rmlB,80.00%,77.46%,truncated;KL80_20_rmlA,76.28%,87.24%,truncated		ST131
3.3.2	Klebsiella_pneumoniae_Species_Complex_K	3.2.2	GCA_964205925.1	ST131	KL156-D1	unknown	Untypeable	-!	97.73%	98.16%	-272	7 / 17 (41.18%)	KL156-D1_01_galF,98.65%,99.66%;KL156-D1_02_rmlB,95.01%,99.72%;KL156-D1_03_rmlD,95.32%,99.67%;KL156-D1_04_rmlA,98.63%,99.66%;KL156-D1_05_rmlC,94.07%,74.18%,truncated;KL156-D1_16_gnd,99.15%,99.79%;KL156-D1_17_ugd1,99.64%,97.23%	KL156-D1_06_wzx_KL156-D1;KL156-D1_07_gtr512;KL156-D1_08_gtr513;KL156-D1_09_wzy_KL156-D1;KL156-D1_10_ghl119;KL156-D1_11_gtr514;KL156-D1_12_gtr515;KL156-D1_13_reg;KL156-D1_14_gtr516;KL156-D1_15_gtr517	0		0 / 17 (0.00%)		0		KL156-D1_05_rmlC,94.07%,74.18%,truncated		ST131
3.3.2	Klebsiella_pneumoniae_Species_Complex_K	3.2.2	GCA_964205945.1	ST131	KL156-D1	unknown	Untypeable	-!	99.14%	79.17%	-3079	5 / 17 (29.41%)	KL156-D1_03_rmlD,97.28%,49.00%,partial;KL156-D1_04_rmlA,98.63%,99.66%;KL156-D1_05_rmlC,94.07%,74.18%,truncated;KL156-D1_16_gnd,99.15%,99.79%;KL156-D1_17_ugd1,99.64%,97.23%	KL156-D1_01_galF;KL156-D1_02_rmlB;KL156-D1_06_wzx_KL156-D1;KL156-D1_07_gtr512;KL156-D1_08_gtr513;KL156-D1_09_wzy_KL156-D1;KL156-D1_10_ghl119;KL156-D1_11_gtr514;KL156-D1_12_gtr515;KL156-D1_13_reg;KL156-D1_14_gtr516;KL156-D1_15_gtr517	0		0 / 17 (0.00%)		0		KL156-D1_03_rmlD,97.28%,49.00%,partial;KL156-D1_05_rmlC,94.07%,74.18%,truncated		ST131
3.3.2	Klebsiella_pneumoniae_Species_Complex_K	3.2.2	GCA_964205975.1	ST131	KL156-D1	unknown	Untypeable	-!	97.73%	98.16%	-272	7 / 17 (41.18%)	KL156-D1_01_galF,98.65%,99.66%;KL156-D1_02_rmlB,95.01%,99.72%;KL156-D1_03_rmlD,95.32%,99.67%;KL156-D1_04_rmlA,98.63%,99.66%;KL156-D1_05_rmlC,94.07%,74.18%,truncated;KL156-D1_16_gnd,99.15%,99.79%;KL156-D1_17_ugd1,99.64%,97.23%	KL156-D1_06_wzx_KL156-D1;KL156-D1_07_gtr512;KL156-D1_08_gtr513;KL156-D1_09_wzy_KL156-D1;KL156-D1_10_ghl119;KL156-D1_11_gtr514;KL156-D1_12_gtr515;KL156-D1_13_reg;KL156-D1_14_gtr516;KL156-D1_15_gtr517	0		0 / 17 (0.00%)		0		KL156-D1_05_rmlC,94.07%,74.18%,truncated		ST131
3.3.2	Klebsiella_pneumoniae_Species_Complex_K	3.2.2	GCA_964205995.1	ST131	KL156-D1	unknown	Untypeable	-!	97.73%	98.16%	-272	7 / 17 (41.18%)	KL156-D1_01_galF,98.65%,99.66%;KL156-D1_02_rmlB,95.01%,99.72%;KL156-D1_03_rmlD,95.32%,99.67%;KL156-D1_04_rmlA,98.63%,99.66%;KL156-D1_05_rmlC,94.07%,74.18%,truncated;KL156-D1_16_gnd,99.15%,99.79%;KL156-D1_17_ugd1,99.64%,97.23%	KL156-D1_06_wzx_KL156-D1;KL156-D1_07_gtr512;KL156-D1_08_gtr513;KL156-D1_09_wzy_KL156-D1;KL156-D1_10_ghl119;KL156-D1_11_gtr514;KL156-D1_12_gtr515;KL156-D1_13_reg;KL156-D1_14_gtr516;KL156-D1_15_gtr517	0		0 / 17 (0.00%)		0		KL156-D1_05_rmlC,94.07%,74.18%,truncated		ST131
3.3.2	Klebsiella_pneumoniae_Species_Complex_K	3.2.2	GCA_964206005.1	ST131	KL156-D1	unknown	Untypeable	-	97.45%	97.10%	-428	6 / 17 (35.29%)	KL156-D1_01_galF,99.66%,99.66%;KL156-D1_02_rmlB,96.12%,99.72%;KL156-D1_03_rmlD,95.99%,99.67%;KL156-D1_04_rmlA,94.72%,96.93%;KL156-D1_16_gnd,98.93%,99.79%;KL156-D1_17_ugd1,99.29%,97.23%	KL156-D1_05_rmlC;KL156-D1_06_wzx_KL156-D1;KL156-D1_07_gtr512;KL156-D1_08_gtr513;KL156-D1_09_wzy_KL156-D1;KL156-D1_10_ghl119;KL156-D1_11_gtr514;KL156-D1_12_gtr515;KL156-D1_13_reg;KL156-D1_14_gtr516;KL156-D1_15_gtr517	0		0 / 17 (0.00%)		0				ST131
3.3.2	Klebsiella_pneumoniae_Species_Complex_K	3.2.2	GCA_964206025.1	ST131	KL156-D1	unknown	Untypeable	-!	97.73%	98.16%	-272	7 / 17 (41.18%)	KL156-D1_01_galF,98.65%,99.66%;KL156-D1_02_rmlB,95.01%,99.72%;KL156-D1_03_rmlD,95.32%,99.67%;KL156-D1_04_rmlA,98.63%,99.66%;KL156-D1_05_rmlC,94.07%,74.18%,truncated;KL156-D1_16_gnd,99.15%,99.79%;KL156-D1_17_ugd1,99.64%,97.23%	KL156-D1_06_wzx_KL156-D1;KL156-D1_07_gtr512;KL156-D1_08_gtr513;KL156-D1_09_wzy_KL156-D1;KL156-D1_10_ghl119;KL156-D1_11_gtr514;KL156-D1_12_gtr515;KL156-D1_13_reg;KL156-D1_14_gtr516;KL156-D1_15_gtr517	0		0 / 17 (0.00%)		0		KL156-D1_05_rmlC,94.07%,74.18%,truncated		ST131
3.3.2	Klebsiella_pneumoniae_Species_Complex_K	3.2.2	GCA_964206045.1	ST131	KL156-D1	unknown	Untypeable	?-!	97.69%	47.98%		7 / 17 (41.18%)	KL156-D1_01_galF,98.65%,99.66%;KL156-D1_02_rmlB,94.74%,99.72%;KL156-D1_03_rmlD,95.32%,99.67%;KL156-D1_04_rmlA,98.63%,99.66%;KL156-D1_05_rmlC,94.07%,74.18%,truncated;KL156-D1_16_gnd,99.15%,99.79%;KL156-D1_17_ugd1,99.64%,97.23%	KL156-D1_06_wzx_KL156-D1;KL156-D1_07_gtr512;KL156-D1_08_gtr513;KL156-D1_09_wzy_KL156-D1;KL156-D1_10_ghl119;KL156-D1_11_gtr514;KL156-D1_12_gtr515;KL156-D1_13_reg;KL156-D1_14_gtr516;KL156-D1_15_gtr517	0		0 / 17 (0.00%)		0		KL156-D1_05_rmlC,94.07%,74.18%,truncated		ST131
3.3.2	Klebsiella_pneumoniae_Species_Complex_K	3.2.2	GCA_964206175.1	ST131	KL156-D1	unknown	Untypeable	-	97.45%	97.13%	-425	6 / 17 (35.29%)	KL156-D1_01_galF,99.66%,99.66%;KL156-D1_02_rmlB,96.12%,99.72%;KL156-D1_03_rmlD,95.99%,99.67%;KL156-D1_04_rmlA,94.72%,96.93%;KL156-D1_16_gnd,98.93%,99.79%;KL156-D1_17_ugd1,99.29%,97.23%	KL156-D1_05_rmlC;KL156-D1_06_wzx_KL156-D1;KL156-D1_07_gtr512;KL156-D1_08_gtr513;KL156-D1_09_wzy_KL156-D1;KL156-D1_10_ghl119;KL156-D1_11_gtr514;KL156-D1_12_gtr515;KL156-D1_13_reg;KL156-D1_14_gtr516;KL156-D1_15_gtr517	0		0 / 17 (0.00%)		0				ST131
3.3.2	Klebsiella_pneumoniae_Species_Complex_K	3.2.2	GCA_964206185.1	ST131	KL156-D1	unknown	Untypeable	-!	97.73%	98.16%	-272	7 / 17 (41.18%)	KL156-D1_01_galF,98.65%,99.66%;KL156-D1_02_rmlB,95.01%,99.72%;KL156-D1_03_rmlD,95.32%,99.67%;KL156-D1_04_rmlA,98.63%,99.66%;KL156-D1_05_rmlC,94.07%,74.18%,truncated;KL156-D1_16_gnd,99.15%,99.79%;KL156-D1_17_ugd1,99.64%,97.23%	KL156-D1_06_wzx_KL156-D1;KL156-D1_07_gtr512;KL156-D1_08_gtr513;KL156-D1_09_wzy_KL156-D1;KL156-D1_10_ghl119;KL156-D1_11_gtr514;KL156-D1_12_gtr515;KL156-D1_13_reg;KL156-D1_14_gtr516;KL156-D1_15_gtr517	0		0 / 17 (0.00%)		0		KL156-D1_05_rmlC,94.07%,74.18%,truncated		ST131
3.3.2	Klebsiella_pneumoniae_Species_Complex_K	3.2.2	GCA_964206225.1	ST131	KL156-D1	unknown	Untypeable	-!	97.73%	98.16%	-272	7 / 17 (41.18%)	KL156-D1_01_galF,98.65%,99.66%;KL156-D1_02_rmlB,95.01%,99.72%;KL156-D1_03_rmlD,95.32%,99.67%;KL156-D1_04_rmlA,98.63%,99.66%;KL156-D1_05_rmlC,94.07%,74.18%,truncated;KL156-D1_16_gnd,99.15%,99.79%;KL156-D1_17_ugd1,99.64%,97.23%	KL156-D1_06_wzx_KL156-D1;KL156-D1_07_gtr512;KL156-D1_08_gtr513;KL156-D1_09_wzy_KL156-D1;KL156-D1_10_ghl119;KL156-D1_11_gtr514;KL156-D1_12_gtr515;KL156-D1_13_reg;KL156-D1_14_gtr516;KL156-D1_15_gtr517	0		0 / 17 (0.00%)		0		KL156-D1_05_rmlC,94.07%,74.18%,truncated		ST131
3.3.2	Klebsiella_pneumoniae_Species_Complex_K	3.2.2	GCA_964206255.1	ST131	KL156-D1	unknown	Untypeable	?-!	97.68%	47.98%		7 / 17 (41.18%)	KL156-D1_01_galF,98.65%,99.66%;KL156-D1_02_rmlB,95.01%,99.72%;KL156-D1_03_rmlD,95.32%,99.67%;KL156-D1_04_rmlA,98.29%,99.66%;KL156-D1_05_rmlC,94.07%,74.18%,truncated;KL156-D1_16_gnd,99.15%,99.79%;KL156-D1_17_ugd1,99.64%,97.23%	KL156-D1_06_wzx_KL156-D1;KL156-D1_07_gtr512;KL156-D1_08_gtr513;KL156-D1_09_wzy_KL156-D1;KL156-D1_10_ghl119;KL156-D1_11_gtr514;KL156-D1_12_gtr515;KL156-D1_13_reg;KL156-D1_14_gtr516;KL156-D1_15_gtr517	0		0 / 17 (0.00%)		0		KL156-D1_05_rmlC,94.07%,74.18%,truncated		ST131
3.3.2	Klebsiella_pneumoniae_Species_Complex_K	3.2.2	GCA_964206355.1	ST131	KL156-D1	unknown	Untypeable	-	97.45%	97.13%	-425	6 / 17 (35.29%)	KL156-D1_01_galF,99.66%,99.66%;KL156-D1_02_rmlB,96.12%,99.72%;KL156-D1_03_rmlD,95.99%,99.67%;KL156-D1_04_rmlA,94.72%,96.93%;KL156-D1_16_gnd,98.93%,99.79%;KL156-D1_17_ugd1,99.29%,97.23%	KL156-D1_05_rmlC;KL156-D1_06_wzx_KL156-D1;KL156-D1_07_gtr512;KL156-D1_08_gtr513;KL156-D1_09_wzy_KL156-D1;KL156-D1_10_ghl119;KL156-D1_11_gtr514;KL156-D1_12_gtr515;KL156-D1_13_reg;KL156-D1_14_gtr516;KL156-D1_15_gtr517	0		0 / 17 (0.00%)		0				ST131
3.3.2	Klebsiella_pneumoniae_Species_Complex_K	3.2.2	GCA_964206375.1	ST131	KL156-D1	unknown	Untypeable	-	97.45%	97.13%	-425	6 / 17 (35.29%)	KL156-D1_01_galF,99.66%,99.66%;KL156-D1_02_rmlB,96.12%,99.72%;KL156-D1_03_rmlD,95.99%,99.67%;KL156-D1_04_rmlA,94.72%,96.93%;KL156-D1_16_gnd,98.93%,99.79%;KL156-D1_17_ugd1,99.29%,97.23%	KL156-D1_05_rmlC;KL156-D1_06_wzx_KL156-D1;KL156-D1_07_gtr512;KL156-D1_08_gtr513;KL156-D1_09_wzy_KL156-D1;KL156-D1_10_ghl119;KL156-D1_11_gtr514;KL156-D1_12_gtr515;KL156-D1_13_reg;KL156-D1_14_gtr516;KL156-D1_15_gtr517	0		0 / 17 (0.00%)		0				ST131
3.3.2	Klebsiella_pneumoniae_Species_Complex_K	3.2.2	GCA_964206405.1	ST131	KL156-D1	unknown	Untypeable	-	97.45%	97.13%	-425	6 / 17 (35.29%)	KL156-D1_01_galF,99.66%,99.66%;KL156-D1_02_rmlB,96.12%,99.72%;KL156-D1_03_rmlD,95.99%,99.67%;KL156-D1_04_rmlA,94.72%,96.93%;KL156-D1_16_gnd,98.93%,99.79%;KL156-D1_17_ugd1,99.29%,97.23%	KL156-D1_05_rmlC;KL156-D1_06_wzx_KL156-D1;KL156-D1_07_gtr512;KL156-D1_08_gtr513;KL156-D1_09_wzy_KL156-D1;KL156-D1_10_ghl119;KL156-D1_11_gtr514;KL156-D1_12_gtr515;KL156-D1_13_reg;KL156-D1_14_gtr516;KL156-D1_15_gtr517	0		0 / 17 (0.00%)		0				ST131
3.3.2	Klebsiella_pneumoniae_Species_Complex_K	3.2.2	GCA_964206415.1	ST131	KL156-D1	unknown	Untypeable	-!	97.73%	98.16%	-272	7 / 17 (41.18%)	KL156-D1_01_galF,98.65%,99.66%;KL156-D1_02_rmlB,95.01%,99.72%;KL156-D1_03_rmlD,95.32%,99.67%;KL156-D1_04_rmlA,98.63%,99.66%;KL156-D1_05_rmlC,94.07%,74.18%,truncated;KL156-D1_16_gnd,99.15%,99.79%;KL156-D1_17_ugd1,99.64%,97.23%	KL156-D1_06_wzx_KL156-D1;KL156-D1_07_gtr512;KL156-D1_08_gtr513;KL156-D1_09_wzy_KL156-D1;KL156-D1_10_ghl119;KL156-D1_11_gtr514;KL156-D1_12_gtr515;KL156-D1_13_reg;KL156-D1_14_gtr516;KL156-D1_15_gtr517	0		0 / 17 (0.00%)		0		KL156-D1_05_rmlC,94.07%,74.18%,truncated		ST131
3.3.2	Klebsiella_pneumoniae_Species_Complex_K	3.2.2	GCA_964206505.1	ST131	KL156-D1	unknown	Untypeable	-!	97.73%	98.16%	-272	7 / 17 (41.18%)	KL156-D1_01_galF,98.65%,99.66%;KL156-D1_02_rmlB,95.01%,99.72%;KL156-D1_03_rmlD,95.32%,99.67%;KL156-D1_04_rmlA,98.63%,99.66%;KL156-D1_05_rmlC,94.07%,74.18%,truncated;KL156-D1_16_gnd,99.15%,99.79%;KL156-D1_17_ugd1,99.64%,97.23%	KL156-D1_06_wzx_KL156-D1;KL156-D1_07_gtr512;KL156-D1_08_gtr513;KL156-D1_09_wzy_KL156-D1;KL156-D1_10_ghl119;KL156-D1_11_gtr514;KL156-D1_12_gtr515;KL156-D1_13_reg;KL156-D1_14_gtr516;KL156-D1_15_gtr517	0		0 / 17 (0.00%)		0		KL156-D1_05_rmlC,94.07%,74.18%,truncated		ST131
3.3.2	Klebsiella_pneumoniae_Species_Complex_K	3.2.2	GCA_964206525.1	ST131	KL156-D1	unknown	Untypeable	-!	97.73%	98.16%	-272	7 / 17 (41.18%)	KL156-D1_01_galF,98.65%,99.66%;KL156-D1_02_rmlB,95.01%,99.72%;KL156-D1_03_rmlD,95.32%,99.67%;KL156-D1_04_rmlA,98.63%,99.66%;KL156-D1_05_rmlC,94.07%,74.18%,truncated;KL156-D1_16_gnd,99.15%,99.79%;KL156-D1_17_ugd1,99.64%,97.23%	KL156-D1_06_wzx_KL156-D1;KL156-D1_07_gtr512;KL156-D1_08_gtr513;KL156-D1_09_wzy_KL156-D1;KL156-D1_10_ghl119;KL156-D1_11_gtr514;KL156-D1_12_gtr515;KL156-D1_13_reg;KL156-D1_14_gtr516;KL156-D1_15_gtr517	0		0 / 17 (0.00%)		0		KL156-D1_05_rmlC,94.07%,74.18%,truncated		ST131
3.3.2	Klebsiella_pneumoniae_Species_Complex_K	3.2.2	GCA_964206535.1	ST131	KL156-D1	unknown	Untypeable	-!	97.70%	98.16%	-272	7 / 17 (41.18%)	KL156-D1_01_galF,98.65%,99.66%;KL156-D1_02_rmlB,95.01%,99.72%;KL156-D1_03_rmlD,95.32%,99.67%;KL156-D1_04_rmlA,98.63%,99.66%;KL156-D1_05_rmlC,94.07%,74.18%,truncated;KL156-D1_16_gnd,98.93%,99.79%;KL156-D1_17_ugd1,99.64%,97.23%	KL156-D1_06_wzx_KL156-D1;KL156-D1_07_gtr512;KL156-D1_08_gtr513;KL156-D1_09_wzy_KL156-D1;KL156-D1_10_ghl119;KL156-D1_11_gtr514;KL156-D1_12_gtr515;KL156-D1_13_reg;KL156-D1_14_gtr516;KL156-D1_15_gtr517	0		0 / 17 (0.00%)		0		KL156-D1_05_rmlC,94.07%,74.18%,truncated		ST131
3.3.2	Klebsiella_pneumoniae_Species_Complex_K	3.2.2	GCA_964206545.1	ST131	KL156-D1	unknown	Untypeable	-	97.45%	97.13%	-425	6 / 17 (35.29%)	KL156-D1_01_galF,99.66%,99.66%;KL156-D1_02_rmlB,96.12%,99.72%;KL156-D1_03_rmlD,95.99%,99.67%;KL156-D1_04_rmlA,94.72%,96.93%;KL156-D1_16_gnd,98.93%,99.79%;KL156-D1_17_ugd1,99.29%,97.23%	KL156-D1_05_rmlC;KL156-D1_06_wzx_KL156-D1;KL156-D1_07_gtr512;KL156-D1_08_gtr513;KL156-D1_09_wzy_KL156-D1;KL156-D1_10_ghl119;KL156-D1_11_gtr514;KL156-D1_12_gtr515;KL156-D1_13_reg;KL156-D1_14_gtr516;KL156-D1_15_gtr517	0		0 / 17 (0.00%)		0				ST131
3.3.2	Klebsiella_pneumoniae_Species_Complex_K	3.2.2	GCA_964206565.1	ST131	KL156-D1	unknown	Untypeable	-	97.45%	97.13%	-425	6 / 17 (35.29%)	KL156-D1_01_galF,99.66%,99.66%;KL156-D1_02_rmlB,96.12%,99.72%;KL156-D1_03_rmlD,95.99%,99.67%;KL156-D1_04_rmlA,94.72%,96.93%;KL156-D1_16_gnd,98.93%,99.79%;KL156-D1_17_ugd1,99.29%,97.23%	KL156-D1_05_rmlC;KL156-D1_06_wzx_KL156-D1;KL156-D1_07_gtr512;KL156-D1_08_gtr513;KL156-D1_09_wzy_KL156-D1;KL156-D1_10_ghl119;KL156-D1_11_gtr514;KL156-D1_12_gtr515;KL156-D1_13_reg;KL156-D1_14_gtr516;KL156-D1_15_gtr517	0		0 / 17 (0.00%)		0				ST131
3.3.2	Klebsiella_pneumoniae_Species_Complex_K	3.2.2	GCA_964206575.1	ST131	KL156-D1	unknown	Untypeable	-!	97.73%	98.16%	-272	7 / 17 (41.18%)	KL156-D1_01_galF,98.65%,99.66%;KL156-D1_02_rmlB,95.01%,99.72%;KL156-D1_03_rmlD,95.32%,99.67%;KL156-D1_04_rmlA,98.63%,99.66%;KL156-D1_05_rmlC,94.07%,74.18%,truncated;KL156-D1_16_gnd,99.15%,99.79%;KL156-D1_17_ugd1,99.64%,97.23%	KL156-D1_06_wzx_KL156-D1;KL156-D1_07_gtr512;KL156-D1_08_gtr513;KL156-D1_09_wzy_KL156-D1;KL156-D1_10_ghl119;KL156-D1_11_gtr514;KL156-D1_12_gtr515;KL156-D1_13_reg;KL156-D1_14_gtr516;KL156-D1_15_gtr517	0		0 / 17 (0.00%)		0		KL156-D1_05_rmlC,94.07%,74.18%,truncated		ST131
3.3.2	Klebsiella_pneumoniae_Species_Complex_K	3.2.2	GCA_964206585.1	ST131	KL156-D1	unknown	Untypeable	-!	97.73%	98.16%	-272	7 / 17 (41.18%)	KL156-D1_01_galF,98.65%,99.66%;KL156-D1_02_rmlB,95.01%,99.72%;KL156-D1_03_rmlD,95.32%,99.67%;KL156-D1_04_rmlA,98.63%,99.66%;KL156-D1_05_rmlC,94.07%,74.18%,truncated;KL156-D1_16_gnd,99.15%,99.79%;KL156-D1_17_ugd1,99.64%,97.23%	KL156-D1_06_wzx_KL156-D1;KL156-D1_07_gtr512;KL156-D1_08_gtr513;KL156-D1_09_wzy_KL156-D1;KL156-D1_10_ghl119;KL156-D1_11_gtr514;KL156-D1_12_gtr515;KL156-D1_13_reg;KL156-D1_14_gtr516;KL156-D1_15_gtr517	0		0 / 17 (0.00%)		0		KL156-D1_05_rmlC,94.07%,74.18%,truncated		ST131
3.3.2	Klebsiella_pneumoniae_Species_Complex_K	3.2.2	GCA_964206605.1	ST131	KL156-D1	unknown	Untypeable	-!	97.55%	98.16%	-272	7 / 17 (41.18%)	KL156-D1_01_galF,100.00%,12.75%,truncated;KL156-D1_02_rmlB,95.01%,99.72%;KL156-D1_03_rmlD,95.32%,99.67%;KL156-D1_04_rmlA,98.63%,99.66%;KL156-D1_05_rmlC,94.07%,74.18%,truncated;KL156-D1_16_gnd,99.15%,99.79%;KL156-D1_17_ugd1,99.64%,97.23%	KL156-D1_06_wzx_KL156-D1;KL156-D1_07_gtr512;KL156-D1_08_gtr513;KL156-D1_09_wzy_KL156-D1;KL156-D1_10_ghl119;KL156-D1_11_gtr514;KL156-D1_12_gtr515;KL156-D1_13_reg;KL156-D1_14_gtr516;KL156-D1_15_gtr517	0		0 / 17 (0.00%)		0		KL156-D1_01_galF,100.00%,12.75%,truncated;KL156-D1_05_rmlC,94.07%,74.18%,truncated		ST131
3.3.2	Klebsiella_pneumoniae_Species_Complex_K	3.2.2	GCA_966502205.1	ST131	KL156-D1	unknown	Untypeable	-!	97.69%	98.16%	-272	7 / 17 (41.18%)	KL156-D1_01_galF,98.65%,99.66%;KL156-D1_02_rmlB,94.74%,99.72%;KL156-D1_03_rmlD,95.32%,99.67%;KL156-D1_04_rmlA,98.63%,99.66%;KL156-D1_05_rmlC,94.07%,74.18%,truncated;KL156-D1_16_gnd,99.15%,99.79%;KL156-D1_17_ugd1,99.64%,97.23%	KL156-D1_06_wzx_KL156-D1;KL156-D1_07_gtr512;KL156-D1_08_gtr513;KL156-D1_09_wzy_KL156-D1;KL156-D1_10_ghl119;KL156-D1_11_gtr514;KL156-D1_12_gtr515;KL156-D1_13_reg;KL156-D1_14_gtr516;KL156-D1_15_gtr517	0		0 / 17 (0.00%)		0		KL156-D1_05_rmlC,94.07%,74.18%,truncated		ST131
3.3.2	Klebsiella_pneumoniae_Species_Complex_K	3.2.2	GCA_966555405.1	ST131	KL156-D1	unknown	Untypeable	-!	97.69%	98.16%	-272	7 / 17 (41.18%)	KL156-D1_01_galF,98.65%,99.66%;KL156-D1_02_rmlB,94.74%,99.72%;KL156-D1_03_rmlD,95.32%,99.67%;KL156-D1_04_rmlA,98.63%,99.66%;KL156-D1_05_rmlC,94.07%,74.18%,truncated;KL156-D1_16_gnd,99.15%,99.79%;KL156-D1_17_ugd1,99.64%,97.23%	KL156-D1_06_wzx_KL156-D1;KL156-D1_07_gtr512;KL156-D1_08_gtr513;KL156-D1_09_wzy_KL156-D1;KL156-D1_10_ghl119;KL156-D1_11_gtr514;KL156-D1_12_gtr515;KL156-D1_13_reg;KL156-D1_14_gtr516;KL156-D1_15_gtr517	0		0 / 17 (0.00%)		0		KL156-D1_05_rmlC,94.07%,74.18%,truncated		ST131
3.3.2	Klebsiella_pneumoniae_Species_Complex_K	3.2.2	GCA_970664135.1	ST131	KL156-D1	unknown	Untypeable	-	97.45%	97.13%	-425	6 / 17 (35.29%)	KL156-D1_01_galF,99.66%,99.66%;KL156-D1_02_rmlB,96.12%,99.72%;KL156-D1_03_rmlD,95.99%,99.67%;KL156-D1_04_rmlA,94.72%,96.93%;KL156-D1_16_gnd,98.93%,99.79%;KL156-D1_17_ugd1,99.29%,97.23%	KL156-D1_05_rmlC;KL156-D1_06_wzx_KL156-D1;KL156-D1_07_gtr512;KL156-D1_08_gtr513;KL156-D1_09_wzy_KL156-D1;KL156-D1_10_ghl119;KL156-D1_11_gtr514;KL156-D1_12_gtr515;KL156-D1_13_reg;KL156-D1_14_gtr516;KL156-D1_15_gtr517	0		0 / 17 (0.00%)		0				ST131
3.3.2	Klebsiella_pneumoniae_Species_Complex_K	3.2.2	GCA_972176215.1	ST131	KL156-D1	unknown	Untypeable	-!	97.73%	98.16%	-272	7 / 17 (41.18%)	KL156-D1_01_galF,98.65%,99.66%;KL156-D1_02_rmlB,95.01%,99.72%;KL156-D1_03_rmlD,95.32%,99.67%;KL156-D1_04_rmlA,98.63%,99.66%;KL156-D1_05_rmlC,94.07%,74.18%,truncated;KL156-D1_16_gnd,99.15%,99.79%;KL156-D1_17_ugd1,99.64%,97.23%	KL156-D1_06_wzx_KL156-D1;KL156-D1_07_gtr512;KL156-D1_08_gtr513;KL156-D1_09_wzy_KL156-D1;KL156-D1_10_ghl119;KL156-D1_11_gtr514;KL156-D1_12_gtr515;KL156-D1_13_reg;KL156-D1_14_gtr516;KL156-D1_15_gtr517	0		0 / 17 (0.00%)		0		KL156-D1_05_rmlC,94.07%,74.18%,truncated		ST131
3.3.2	Klebsiella_pneumoniae_Species_Complex_K	3.2.2	GCA_972176395.1	ST131	KL156-D1	unknown	Untypeable	-	97.45%	97.13%	-425	6 / 17 (35.29%)	KL156-D1_01_galF,99.66%,99.66%;KL156-D1_02_rmlB,96.12%,99.72%;KL156-D1_03_rmlD,95.99%,99.67%;KL156-D1_04_rmlA,94.72%,96.93%;KL156-D1_16_gnd,98.93%,99.79%;KL156-D1_17_ugd1,99.29%,97.23%	KL156-D1_05_rmlC;KL156-D1_06_wzx_KL156-D1;KL156-D1_07_gtr512;KL156-D1_08_gtr513;KL156-D1_09_wzy_KL156-D1;KL156-D1_10_ghl119;KL156-D1_11_gtr514;KL156-D1_12_gtr515;KL156-D1_13_reg;KL156-D1_14_gtr516;KL156-D1_15_gtr517	0		0 / 17 (0.00%)		0				ST131
3.3.2	Klebsiella_pneumoniae_Species_Complex_K	3.2.2	GCA_025630975.1	ST167	KL101	unknown	Typeable	!	97.83%	100.00%	424	21 / 21 (100.00%)	KL101_01_galF,98.66%,99.67%;KL101_02_cpsACP,92.11%,18.10%,truncated;KL101_03_wzi,96.23%,99.79%;KL101_04_wza,99.47%,99.74%;KL101_05_wzb,100.00%,99.31%;KL101_06_wzc,98.75%,99.86%;KL101_07_wbaP5,98.53%,99.79%;KL101_08_gtr300,98.68%,99.67%;KL101_09_gtr301,96.79%,99.29%;KL101_10_gtr115,97.78%,99.68%;KL101_11_ghl72,96.67%,99.76%;KL101_12_wzy_KL101,98.72%,99.74%;KL101_13_gtr302,95.42%,99.65%;KL101_14_wzx_KL101,98.63%,99.77%;KL101_15_ptr35,98.19%,99.74%;KL101_16_gnd,99.15%,99.79%;KL101_17_rmlB,97.74%,99.72%;KL101_18_rmlA,99.31%,99.66%;KL101_19_rmlD,98.65%,99.66%;KL101_20_rmlC,98.91%,99.46%;KL101_21_ugd1,99.74%,99.74%,partial		0		0 / 21 (0.00%)		1	KL169_01_galF,90.34%,96.99%	KL101_02_cpsACP,92.11%,18.10%,truncated;KL101_21_ugd1,99.74%,99.74%,partial		ST167
3.3.2	Klebsiella_pneumoniae_Species_Complex_K	3.2.2	GCA_030520165.1	ST167	KL30	K30	Typeable	?-!	96.71%	94.76%		19 / 20 (95.00%)	KL30_01_galF,98.66%,99.67%;KL30_03_wzi,96.43%,99.80%;KL30_04_wza,100.00%,99.74%;KL30_05_wzb,99.30%,99.31%;KL30_06_wzc,99.17%,99.86%;KL30_07_ptr16,99.37%,99.68%;KL30_08_wzx_KL30,100.00%,99.74%;KL30_09_gtr113,96.61%,99.74%;KL30_10_wzy_KL30,92.22%,99.77%;KL30_11_gtr114,91.99%,99.72%;KL30_12_gtr115,93.57%,99.74%;KL30_13_gtr116,92.13%,99.61%;KL30_14_ghl26,93.97%,99.65%;KL30_15_atr14,81.07%,89.30%,truncated;KL30_16_wcaJ16,97.85%,99.79%;KL30_17_gnd,97.44%,99.79%;KL30_18_manC,99.15%,99.79%;KL30_19_manB,99.57%,99.79%;KL30_20_ugd1,99.74%,99.74%	KL30_02_cpsACP	0		0 / 20 (0.00%)		1	KL169_01_galF,90.34%,96.99%	KL30_15_atr14,81.07%,89.30%,truncated		ST167
3.3.2	Klebsiella_pneumoniae_Species_Complex_K	3.2.2	GCA_037047805.1	ST167	KL124	unknown	Typeable	!	98.59%	100.00%	400	22 / 22 (100.00%)	KL124_01_galF,98.99%,99.67%;KL124_02_cpsACP,92.11%,18.10%,truncated;KL124_03_wzi,97.90%,99.79%;KL124_04_wza,99.47%,99.74%;KL124_05_wzb,99.31%,99.31%;KL124_06_wzc,99.45%,99.86%;KL124_07_wbaP38,99.58%,99.79%;KL124_08_gtr383,99.34%,99.67%;KL124_09_gtr384,99.31%,99.66%;KL124_10_gtr385,97.48%,99.64%;KL124_11_wzy_KL124,98.96%,99.74%;KL124_12_ghl91,98.31%,99.76%;KL124_13_ptr43,98.82%,99.76%;KL124_14_gtr386,99.02%,99.76%;KL124_15_wzx_KL124,99.55%,99.77%;KL124_16_gnd,100.00%,99.79%;KL124_17_atr43,84.15%,15.02%,truncated;KL124_18_rmlB,99.44%,99.72%;KL124_19_rmlA,97.89%,98.28%;KL124_20_rmlD,99.32%,99.66%;KL124_21_rmlC,97.83%,99.46%;KL124_22_ugd1,100.00%,99.74%		0		0 / 22 (0.00%)		1	KL169_01_galF,90.34%,96.99%	KL124_02_cpsACP,92.11%,18.10%,truncated;KL124_17_atr43,84.15%,15.02%,truncated		ST167
3.3.2	Klebsiella_pneumoniae_Species_Complex_K	3.2.2	GCA_037049325.1	ST167	KL125	unknown	Typeable	?-!	93.00%	92.14%		18 / 19 (94.74%)	KL125_01_galF,99.33%,99.67%;KL125_02_cpsACP,97.61%,99.52%;KL125_03_wzi,96.66%,99.38%;KL125_04_wza,97.62%,99.74%;KL125_05_wzb,93.71%,99.31%;KL125_06_wzc,96.61%,61.56%,partial;KL125_07_wbaP39,93.05%,99.79%;KL125_08_gtr387,89.55%,99.65%;KL125_09_wzy_KL125,92.89%,99.76%;KL125_10_gtr388,86.69%,99.72%;KL125_11_gtr389,91.48%,99.63%;KL125_12_atr44,92.68%,99.39%;KL125_13_gtr390,91.91%,99.64%;KL125_14_wzx_KL125,91.51%,99.79%;KL125_15_ghl92,86.55%,99.82%;KL125_16_ghl93,85.41%,99.61%;KL125_17_gnd,97.22%,99.79%;KL125_18_ugd1,99.74%,99.74%		0		1 / 19 (5.26%)	KL125_06_wzc,94.89%,38.16%,partial	1	KL169_01_galF,90.34%,96.99%	KL125_06_wzc,96.61%,61.56%,partial;KL125_06_wzc,94.89%,38.16%,partial		ST167
3.3.2	Klebsiella_pneumoniae_Species_Complex_K	3.2.2	GCA_037049365.1	ST167	KL48	K48	Typeable		99.31%	99.99%	-2	21 / 21 (100.00%)	KL48_01_galF,99.33%,99.67%;KL48_02_cpsACP,99.04%,99.52%;KL48_03_wzi,99.79%,99.79%;KL48_04_wza,99.47%,99.74%;KL48_05_wzb,100.00%,99.31%;KL48_06_wzc,99.72%,99.86%;KL48_07_gtr185,99.67%,99.67%;KL48_08_wcaJ23,100.00%,99.79%;KL48_09_gtr186,99.26%,99.63%;KL48_10_wzy_KL48,100.00%,99.69%;KL48_11_gtr187,99.63%,99.63%;KL48_12_gtr188,100.00%,99.71%;KL48_13_ghl44,100.00%,99.78%;KL48_14_wzx_KL48,100.00%,99.77%;KL48_15_atr19,99.38%,99.39%;KL48_16_gnd,100.00%,99.79%;KL48_17_rmlB,100.00%,99.72%;KL48_18_rmlA,99.65%,99.66%;KL48_19_rmlD,100.00%,99.66%;KL48_20_rmlC,99.46%,99.46%;KL48_21_ugd1,100.00%,99.74%		0		0 / 21 (0.00%)		1	KL169_01_galF,90.34%,96.99%			ST167
3.3.2	Klebsiella_pneumoniae_Species_Complex_K	3.2.2	GCA_037049385.1	ST167	KL125	unknown	Typeable	?	93.15%	95.78%		18 / 18 (100.00%)	KL125_01_galF,99.33%,99.67%;KL125_02_cpsACP,97.61%,99.52%;KL125_03_wzi,96.66%,99.38%;KL125_04_wza,97.62%,99.74%;KL125_05_wzb,93.71%,99.31%;KL125_06_wzc,95.96%,99.86%;KL125_07_wbaP39,93.05%,99.79%;KL125_08_gtr387,89.55%,99.65%;KL125_09_wzy_KL125,92.89%,99.76%;KL125_10_gtr388,86.69%,99.72%;KL125_11_gtr389,91.48%,99.63%;KL125_12_atr44,92.68%,99.39%;KL125_13_gtr390,91.91%,99.64%;KL125_14_wzx_KL125,91.51%,99.79%;KL125_15_ghl92,86.55%,99.82%;KL125_16_ghl93,85.41%,99.61%;KL125_17_gnd,97.22%,99.79%;KL125_18_ugd1,99.74%,99.74%		0		0 / 18 (0.00%)		1	KL169_01_galF,90.34%,96.99%			ST167
3.3.2	Klebsiella_pneumoniae_Species_Complex_K	3.2.2	GCA_040415435.1	ST167	KL9	K9	Typeable	?!	98.41%	98.40%		19 / 19 (100.00%)	KL9_01_galF,98.99%,99.67%;KL9_02_cpsACP,92.11%,18.10%,truncated;KL9_03_wzi,98.81%,99.80%;KL9_04_wza,98.68%,99.74%;KL9_05_wzb,99.31%,99.31%;KL9_06_wzc,99.45%,99.86%;KL9_07_wbaP2,98.74%,99.79%;KL9_08_gtr29,98.66%,98.35%,partial;KL9_09_gtr30,98.72%,99.68%;KL9_10_wzy_KL9,98.31%,90.54%,partial;KL9_10_wzy_KL9,100.00%,5.37%,partial;KL9_11_gtr31,98.62%,99.66%;KL9_12_ghl7,97.60%,28.80%,truncated;KL9_13_wzx_KL9,99.05%,99.76%;KL9_14_gnd,99.57%,99.79%;KL9_15_rmlB,98.87%,99.72%;KL9_16_rmlA,98.25%,98.28%;KL9_17_rmlD,99.32%,99.66%;KL9_18_rmlC,97.83%,99.46%;KL9_19_ugd1,100.00%,99.74%		0		0 / 19 (0.00%)		1	KL169_01_galF,90.34%,96.99%	KL9_02_cpsACP,92.11%,18.10%,truncated;KL9_08_gtr29,98.66%,98.35%,partial;KL9_10_wzy_KL9,98.31%,90.54%,partial;KL9_10_wzy_KL9,100.00%,5.37%,partial;KL9_12_ghl7,97.60%,28.80%,truncated		ST167
3.3.2	Klebsiella_pneumoniae_Species_Complex_K	3.2.2	GCA_040415445.1	ST167	KL9	K9	Typeable	?-!	98.34%	78.60%		16 / 19 (84.21%)	KL9_01_galF,98.99%,99.67%;KL9_02_cpsACP,92.11%,18.10%,truncated;KL9_03_wzi,98.81%,99.80%;KL9_04_wza,98.68%,99.74%;KL9_05_wzb,99.31%,99.31%;KL9_06_wzc,99.45%,99.86%;KL9_07_wbaP2,98.52%,99.16%,partial;KL9_08_gtr29,99.00%,66.34%,partial;KL9_12_ghl7,97.60%,28.80%,truncated;KL9_13_wzx_KL9,99.05%,99.76%;KL9_14_gnd,99.57%,99.79%;KL9_15_rmlB,98.87%,99.72%;KL9_16_rmlA,98.25%,98.28%;KL9_17_rmlD,99.32%,99.66%;KL9_18_rmlC,97.83%,99.46%;KL9_19_ugd1,100.00%,99.74%	KL9_09_gtr30;KL9_10_wzy_KL9;KL9_11_gtr31	0		0 / 19 (0.00%)		1	KL169_01_galF,90.34%,96.99%	KL9_02_cpsACP,92.11%,18.10%,truncated;KL9_07_wbaP2,98.52%,99.16%,partial;KL9_08_gtr29,99.00%,66.34%,partial;KL9_12_ghl7,97.60%,28.80%,truncated		ST167
3.3.2	Klebsiella_pneumoniae_Species_Complex_K	3.2.2	GCA_040415455.1	ST167	KL115	unknown	Typeable	?-!	98.62%	74.10%		19 / 21 (90.48%)	KL115_01_galF,97.99%,99.67%;KL115_02_cpsACP,98.56%,99.52%;KL115_03_wzi,99.16%,99.79%;KL115_04_wza,99.21%,99.74%;KL115_05_wzb,100.00%,99.31%;KL115_06_wzc,99.17%,99.86%;KL115_07_wbaP5,99.58%,99.79%;KL115_08_gtr348,98.90%,99.72%;KL115_09_gtr349,100.00%,82.06%,partial;KL115_11_gtr350,100.00%,51.66%,partial;KL115_12_gtr351,100.00%,39.45%,partial;KL115_13_ghl82,99.10%,66.47%,partial;KL115_14_wzx_KL115,97.71%,31.72%,partial;KL115_15_gnd,99.36%,99.79%;KL115_16_rmlB,99.15%,99.72%;KL115_17_rmlA,100.00%,99.66%;KL115_18_rmlD,98.99%,99.66%;KL115_19_rmlC,99.46%,99.46%;KL115_20_ugd1,99.48%,99.74%	KL115_10_wzy_KL115	0		1 / 21 (4.76%)	KL115_12_gtr351,98.00%,19.53%,partial	1	KL169_01_galF,90.34%,96.99%	KL115_09_gtr349,100.00%,82.06%,partial;KL115_11_gtr350,100.00%,51.66%,partial;KL115_12_gtr351,100.00%,39.45%,partial;KL115_12_gtr351,98.00%,19.53%,partial;KL115_13_ghl82,99.10%,66.47%,partial;KL115_14_wzx_KL115,97.71%,31.72%,partial		ST167
3.3.2	Klebsiella_pneumoniae_Species_Complex_K	3.2.2	GCA_040415465.1	ST167	KL103	unknown	Typeable	?-!	98.90%	73.33%		18 / 23 (78.26%)	KL103_01_galF,99.33%,99.67%;KL103_02_cpsACP,98.09%,99.52%;KL103_03_wzi,98.95%,99.79%;KL103_04_wza,99.74%,99.74%;KL103_05_wzb,100.00%,99.31%;KL103_06_wzc,99.72%,99.86%;KL103_07_wbaP32,99.64%,57.62%,partial;KL103_08_gtr308,99.34%,99.67%;KL103_09_gtr309,100.00%,53.24%,partial;KL103_10_ghl74,99.57%,99.79%;KL103_11_gtr310,100.00%,89.83%,partial;KL103_15_wzx_KL103,100.00%,11.27%,partial;KL103_16_gnd,99.36%,99.79%;KL103_17_rmlB,100.00%,99.72%;KL103_18_rmlA,99.65%,99.66%;KL103_19_rmlD,99.66%,99.66%;KL103_20_rmlC,100.00%,99.46%;KL103_21_ugd1,99.74%,99.74%	KL103_12_wzy_KL103;KL103_13_gtr311;KL103_14_gtr312	0		2 / 23 (8.70%)	KL103_07_wbaP32,99.44%,37.16%,partial;KL103_09_gtr309,100.00%,21.41%,partial	1	KL169_01_galF,90.34%,96.99%	KL103_07_wbaP32,99.64%,57.62%,partial;KL103_07_wbaP32,99.44%,37.16%,partial;KL103_09_gtr309,100.00%,53.24%,partial;KL103_09_gtr309,100.00%,21.41%,partial;KL103_11_gtr310,100.00%,89.83%,partial;KL103_15_wzx_KL103,100.00%,11.27%,partial		ST167
3.3.2	Klebsiella_pneumoniae_Species_Complex_K	3.2.2	GCA_040415475.1	ST167	KL103	unknown	Typeable	?!	99.15%	99.48%		21 / 21 (100.00%)	KL103_01_galF,99.33%,99.67%;KL103_02_cpsACP,98.09%,99.52%;KL103_03_wzi,98.95%,99.79%;KL103_04_wza,99.74%,99.74%;KL103_05_wzb,100.00%,99.31%;KL103_06_wzc,99.72%,99.86%;KL103_07_wbaP32,99.79%,99.79%;KL103_08_gtr308,99.34%,99.67%;KL103_09_gtr309,100.00%,99.72%;KL103_10_ghl74,99.57%,99.79%;KL103_11_gtr310,100.00%,99.66%;KL103_12_wzy_KL103,100.00%,99.76%;KL103_13_gtr311,99.19%,98.40%,partial;KL103_14_gtr312,98.91%,99.64%;KL103_15_wzx_KL103,100.00%,99.79%;KL103_16_gnd,99.36%,99.79%;KL103_17_rmlB,100.00%,99.72%;KL103_18_rmlA,99.65%,99.66%;KL103_19_rmlD,99.66%,99.66%;KL103_20_rmlC,100.00%,99.46%;KL103_21_ugd1,99.74%,99.74%		0		0 / 21 (0.00%)		1	KL169_01_galF,90.34%,96.99%	KL103_13_gtr311,99.19%,98.40%,partial		ST167
3.3.2	Klebsiella_pneumoniae_Species_Complex_K	3.2.2	GCA_040415535.1	ST167	KL9	K9	Typeable	?-!	98.37%	91.36%		18 / 19 (94.74%)	KL9_01_galF,98.99%,99.67%;KL9_02_cpsACP,92.11%,18.10%,truncated;KL9_03_wzi,98.81%,99.80%;KL9_04_wza,98.68%,99.74%;KL9_05_wzb,99.31%,99.31%;KL9_06_wzc,99.45%,99.86%;KL9_07_wbaP2,98.74%,99.79%;KL9_08_gtr29,98.01%,99.67%;KL9_09_gtr30,98.72%,99.68%;KL9_10_wzy_KL9,97.53%,41.43%,partial;KL9_12_ghl7,97.60%,28.80%,truncated;KL9_13_wzx_KL9,99.05%,99.76%;KL9_14_gnd,99.57%,99.79%;KL9_15_rmlB,98.87%,99.72%;KL9_16_rmlA,98.25%,98.28%;KL9_17_rmlD,99.32%,99.66%;KL9_18_rmlC,97.83%,99.46%;KL9_19_ugd1,100.00%,99.74%	KL9_11_gtr31	0		0 / 19 (0.00%)		1	KL169_01_galF,90.34%,96.99%	KL9_02_cpsACP,92.11%,18.10%,truncated;KL9_10_wzy_KL9,97.53%,41.43%,partial;KL9_12_ghl7,97.60%,28.80%,truncated		ST167
3.3.2	Klebsiella_pneumoniae_Species_Complex_K	3.2.2	GCA_040415565.1	ST167	KL103	unknown	Typeable	?-!	99.07%	97.23%		21 / 22 (95.45%)	KL103_01_galF,99.33%,99.67%;KL103_02_cpsACP,98.09%,99.52%;KL103_03_wzi,98.95%,99.79%;KL103_04_wza,99.74%,99.74%;KL103_05_wzb,100.00%,99.31%;KL103_06_wzc,99.72%,99.86%;KL103_07_wbaP32,99.79%,99.79%;KL103_08_gtr308,99.34%,99.67%;KL103_09_gtr309,99.72%,99.72%,partial;KL103_10_ghl74,99.57%,99.79%;KL103_11_gtr310,100.00%,99.66%;KL103_12_wzy_KL103,100.00%,99.76%;KL103_13_gtr311,99.44%,94.40%,partial;KL103_14_gtr312,98.91%,99.28%,partial;KL103_15_wzx_KL103,100.00%,78.91%,partial;KL103_16_gnd,99.36%,99.79%;KL103_17_rmlB,100.00%,99.72%;KL103_18_rmlA,99.65%,99.66%;KL103_19_rmlD,99.66%,99.66%;KL103_20_rmlC,100.00%,99.46%;KL103_21_ugd1,99.74%,99.74%		0		1 / 22 (4.55%)	KL103_15_wzx_KL103,100.00%,22.55%,partial	1	KL169_01_galF,90.34%,96.99%	KL103_09_gtr309,99.72%,99.72%,partial;KL103_13_gtr311,99.44%,94.40%,partial;KL103_14_gtr312,98.91%,99.28%,partial;KL103_15_wzx_KL103,100.00%,78.91%,partial;KL103_15_wzx_KL103,100.00%,22.55%,partial		ST167
3.3.2	Klebsiella_pneumoniae_Species_Complex_K	3.2.2	GCA_040415575.1	ST167	KL103	unknown	Typeable	?-!	99.02%	80.04%		18 / 21 (85.71%)	KL103_01_galF,99.33%,99.67%;KL103_02_cpsACP,98.09%,99.52%;KL103_03_wzi,98.95%,99.79%;KL103_04_wza,99.74%,99.74%;KL103_05_wzb,100.00%,99.31%;KL103_06_wzc,99.72%,99.86%;KL103_07_wbaP32,99.79%,99.79%;KL103_08_gtr308,99.34%,99.67%;KL103_09_gtr309,100.00%,37.18%,partial;KL103_10_ghl74,99.57%,99.79%;KL103_11_gtr310,100.00%,99.66%;KL103_12_wzy_KL103,100.00%,45.85%,partial;KL103_16_gnd,99.36%,99.79%;KL103_17_rmlB,100.00%,99.72%;KL103_18_rmlA,99.65%,99.66%;KL103_19_rmlD,99.66%,99.66%;KL103_20_rmlC,100.00%,99.46%;KL103_21_ugd1,99.74%,99.74%	KL103_13_gtr311;KL103_14_gtr312;KL103_15_wzx_KL103	0		0 / 21 (0.00%)		1	KL169_01_galF,90.34%,96.99%	KL103_09_gtr309,100.00%,37.18%,partial;KL103_12_wzy_KL103,100.00%,45.85%,partial		ST167
3.3.2	Klebsiella_pneumoniae_Species_Complex_K	3.2.2	GCA_040415585.1	ST167	KL9	K9	Typeable	?-!	98.41%	96.16%		19 / 20 (95.00%)	KL9_01_galF,98.99%,99.67%;KL9_02_cpsACP,92.11%,18.10%,truncated;KL9_03_wzi,98.81%,99.80%;KL9_04_wza,98.68%,99.74%;KL9_05_wzb,99.31%,99.31%;KL9_06_wzc,99.45%,99.86%;KL9_07_wbaP2,98.74%,99.79%;KL9_08_gtr29,98.68%,99.67%;KL9_09_gtr30,98.68%,97.12%,partial;KL9_10_wzy_KL9,99.02%,52.43%,partial;KL9_11_gtr31,98.62%,99.66%;KL9_12_ghl7,97.60%,28.80%,truncated;KL9_13_wzx_KL9,99.05%,99.76%;KL9_14_gnd,99.57%,99.79%;KL9_15_rmlB,98.87%,99.72%;KL9_16_rmlA,98.25%,98.28%;KL9_17_rmlD,99.32%,99.66%;KL9_18_rmlC,97.83%,99.46%;KL9_19_ugd1,100.00%,99.74%		0		1 / 20 (5.00%)	KL9_10_wzy_KL9,97.71%,44.76%,partial	1	KL169_01_galF,90.34%,96.99%	KL9_02_cpsACP,92.11%,18.10%,truncated;KL9_09_gtr30,98.68%,97.12%,partial;KL9_10_wzy_KL9,99.02%,52.43%,partial;KL9_10_wzy_KL9,97.71%,44.76%,partial;KL9_12_ghl7,97.60%,28.80%,truncated		ST167
3.3.2	Klebsiella_pneumoniae_Species_Complex_K	3.2.2	GCA_040415655.1	ST167	KL103	unknown	Typeable	?!	99.09%	99.37%		21 / 21 (100.00%)	KL103_01_galF,99.33%,99.67%;KL103_02_cpsACP,98.09%,99.52%;KL103_03_wzi,98.95%,99.79%;KL103_04_wza,99.74%,99.74%;KL103_05_wzb,100.00%,99.31%;KL103_06_wzc,99.72%,99.86%;KL103_07_wbaP32,99.79%,99.79%;KL103_08_gtr308,99.34%,99.67%;KL103_09_gtr309,100.00%,96.06%,partial;KL103_10_ghl74,99.55%,95.33%,partial;KL103_11_gtr310,100.00%,99.66%;KL103_12_wzy_KL103,100.00%,99.76%;KL103_13_gtr311,99.20%,99.73%;KL103_14_gtr312,98.91%,99.64%;KL103_15_wzx_KL103,100.00%,99.79%;KL103_16_gnd,99.36%,99.79%;KL103_17_rmlB,100.00%,99.72%;KL103_18_rmlA,99.65%,99.66%;KL103_19_rmlD,99.66%,99.66%;KL103_20_rmlC,100.00%,99.46%;KL103_21_ugd1,99.74%,99.74%		0		0 / 21 (0.00%)		1	KL169_01_galF,90.34%,96.99%	KL103_09_gtr309,100.00%,96.06%,partial;KL103_10_ghl74,99.55%,95.33%,partial		ST167
3.3.2	Klebsiella_pneumoniae_Species_Complex_K	3.2.2	GCA_040415665.1	ST167	KL9	K9	Typeable	?!	98.39%	88.74%		19 / 19 (100.00%)	KL9_01_galF,98.99%,99.67%;KL9_02_cpsACP,92.11%,18.10%,truncated;KL9_03_wzi,98.81%,99.80%;KL9_04_wza,98.68%,99.74%;KL9_05_wzb,99.31%,99.31%;KL9_06_wzc,99.45%,99.86%;KL9_07_wbaP2,98.74%,99.79%;KL9_08_gtr29,98.68%,99.67%;KL9_09_gtr30,98.72%,99.68%;KL9_10_wzy_KL9,100.00%,3.84%,partial;KL9_11_gtr31,98.62%,99.66%;KL9_12_ghl7,97.60%,28.80%,truncated;KL9_13_wzx_KL9,100.00%,11.40%,partial;KL9_14_gnd,99.57%,99.79%;KL9_15_rmlB,98.87%,99.72%;KL9_16_rmlA,98.25%,98.28%;KL9_17_rmlD,99.32%,99.66%;KL9_18_rmlC,97.83%,99.46%;KL9_19_ugd1,100.00%,99.74%		0		0 / 19 (0.00%)		1	KL169_01_galF,90.34%,96.99%	KL9_02_cpsACP,92.11%,18.10%,truncated;KL9_10_wzy_KL9,100.00%,3.84%,partial;KL9_12_ghl7,97.60%,28.80%,truncated;KL9_13_wzx_KL9,100.00%,11.40%,partial		ST167
3.3.2	Klebsiella_pneumoniae_Species_Complex_K	3.2.2	GCA_040415675.1	ST167	KL103	unknown	Typeable	?-!	99.06%	91.02%		20 / 21 (95.24%)	KL103_01_galF,99.33%,99.67%;KL103_02_cpsACP,98.09%,99.52%;KL103_03_wzi,98.95%,99.79%;KL103_04_wza,99.74%,99.74%;KL103_05_wzb,100.00%,99.31%;KL103_06_wzc,99.72%,99.86%;KL103_07_wbaP32,99.79%,99.79%;KL103_08_gtr308,99.33%,98.36%,partial;KL103_09_gtr309,100.00%,92.39%,partial;KL103_10_ghl74,99.57%,99.79%;KL103_11_gtr310,100.00%,99.66%;KL103_12_wzy_KL103,100.00%,47.80%,partial;KL103_14_gtr312,98.86%,94.95%,partial;KL103_15_wzx_KL103,100.00%,99.79%;KL103_16_gnd,99.36%,99.79%;KL103_17_rmlB,100.00%,99.72%;KL103_18_rmlA,99.65%,99.66%;KL103_19_rmlD,99.66%,99.66%;KL103_20_rmlC,100.00%,99.46%;KL103_21_ugd1,99.74%,99.74%	KL103_13_gtr311	0		0 / 21 (0.00%)		1	KL169_01_galF,90.34%,96.99%	KL103_08_gtr308,99.33%,98.36%,partial;KL103_09_gtr309,100.00%,92.39%,partial;KL103_12_wzy_KL103,100.00%,47.80%,partial;KL103_14_gtr312,98.86%,94.95%,partial		ST167
3.3.2	Klebsiella_pneumoniae_Species_Complex_K	3.2.2	GCA_040415685.1	ST167	KL115	Capsule null	Typeable	?-!	98.80%	84.98%		20 / 21 (95.24%)	KL115_01_galF,97.99%,99.67%;KL115_02_cpsACP,98.56%,99.52%;KL115_03_wzi,99.16%,99.79%;KL115_04_wza,99.21%,99.74%;KL115_05_wzb,100.00%,99.31%;KL115_06_wzc,99.73%,51.60%,truncated;KL115_07_wbaP5,99.58%,99.79%;KL115_08_gtr348,98.90%,99.72%;KL115_09_gtr349,100.00%,99.67%;KL115_10_wzy_KL115,98.81%,99.70%;KL115_11_gtr350,100.00%,56.95%,partial;KL115_12_gtr351,99.61%,99.61%;KL115_13_ghl82,99.40%,99.70%;KL115_14_wzx_KL115,99.27%,99.76%;KL115_15_gnd,99.36%,99.79%;KL115_16_rmlB,99.15%,99.72%;KL115_17_rmlA,100.00%,99.66%;KL115_18_rmlD,98.99%,99.66%;KL115_19_rmlC,99.46%,99.46%;KL115_20_ugd1,99.48%,99.74%		0		1 / 21 (4.76%)	KL115_06_wzc,98.57%,48.54%,truncated	1	KL169_01_galF,90.34%,96.99%	KL115_06_wzc,99.73%,51.60%,truncated;KL115_06_wzc,98.57%,48.54%,truncated;KL115_11_gtr350,100.00%,56.95%,partial		ST167
3.3.2	Klebsiella_pneumoniae_Species_Complex_K	3.2.2	GCA_040415755.1	ST167	KL103	unknown	Typeable	?!	99.16%	97.87%		21 / 21 (100.00%)	KL103_01_galF,99.33%,99.67%;KL103_02_cpsACP,98.09%,99.52%;KL103_03_wzi,98.95%,99.79%;KL103_04_wza,99.74%,99.74%;KL103_05_wzb,100.00%,99.31%;KL103_06_wzc,99.72%,99.86%;KL103_07_wbaP32,99.79%,99.79%;KL103_08_gtr308,99.34%,99.67%;KL103_09_gtr309,100.00%,99.72%;KL103_10_ghl74,99.57%,99.79%;KL103_11_gtr310,100.00%,99.66%;KL103_12_wzy_KL103,100.00%,99.76%;KL103_13_gtr311,99.43%,93.33%,partial;KL103_14_gtr312,100.00%,41.52%,truncated;KL103_15_wzx_KL103,100.00%,99.79%;KL103_16_gnd,99.36%,99.79%;KL103_17_rmlB,100.00%,99.72%;KL103_18_rmlA,99.65%,99.66%;KL103_19_rmlD,99.66%,99.66%;KL103_20_rmlC,100.00%,99.46%;KL103_21_ugd1,99.74%,99.74%		0		0 / 21 (0.00%)		1	KL169_01_galF,90.34%,96.99%	KL103_13_gtr311,99.43%,93.33%,partial;KL103_14_gtr312,100.00%,41.52%,truncated		ST167
3.3.2	Klebsiella_pneumoniae_Species_Complex_K	3.2.2	GCA_040415795.1	ST167	KL9	K9	Typeable	?-!	98.39%	93.22%		18 / 19 (94.74%)	KL9_01_galF,98.99%,99.67%;KL9_02_cpsACP,92.11%,18.10%,truncated;KL9_03_wzi,98.81%,99.80%;KL9_04_wza,98.68%,99.74%;KL9_05_wzb,99.31%,99.31%;KL9_06_wzc,99.45%,99.86%;KL9_07_wbaP2,98.74%,99.79%;KL9_08_gtr29,98.68%,99.67%;KL9_09_gtr30,98.58%,90.10%,partial;KL9_10_wzy_KL9,97.99%,76.47%,partial;KL9_12_ghl7,97.60%,28.80%,truncated;KL9_13_wzx_KL9,99.05%,99.76%;KL9_14_gnd,99.57%,99.79%;KL9_15_rmlB,98.87%,99.72%;KL9_16_rmlA,98.25%,98.28%;KL9_17_rmlD,99.32%,99.66%;KL9_18_rmlC,97.83%,99.46%;KL9_19_ugd1,100.00%,99.74%	KL9_11_gtr31	0		0 / 19 (0.00%)		1	KL169_01_galF,90.34%,96.99%	KL9_02_cpsACP,92.11%,18.10%,truncated;KL9_09_gtr30,98.58%,90.10%,partial;KL9_10_wzy_KL9,97.99%,76.47%,partial;KL9_12_ghl7,97.60%,28.80%,truncated		ST167
3.3.2	Klebsiella_pneumoniae_Species_Complex_K	3.2.2	GCA_040415805.1	ST167	KL103	unknown	Typeable	?-!	99.11%	98.18%		21 / 22 (95.45%)	KL103_01_galF,99.33%,99.67%;KL103_02_cpsACP,98.09%,99.52%;KL103_03_wzi,98.95%,99.79%;KL103_04_wza,99.74%,99.74%;KL103_05_wzb,100.00%,99.31%;KL103_06_wzc,99.72%,99.86%;KL103_07_wbaP32,99.79%,99.79%;KL103_08_gtr308,99.34%,99.67%;KL103_09_gtr309,100.00%,99.72%;KL103_10_ghl74,99.57%,99.79%;KL103_11_gtr310,100.00%,99.66%;KL103_12_wzy_KL103,100.00%,99.76%;KL103_13_gtr311,99.20%,99.73%;KL103_14_gtr312,98.91%,99.64%;KL103_15_wzx_KL103,100.00%,78.71%,partial;KL103_16_gnd,99.36%,99.79%;KL103_17_rmlB,100.00%,99.72%;KL103_18_rmlA,99.65%,99.66%;KL103_19_rmlD,99.66%,99.66%;KL103_20_rmlC,100.00%,99.46%;KL103_21_ugd1,99.74%,99.74%		0		1 / 22 (4.55%)	KL103_15_wzx_KL103,100.00%,22.55%,partial	1	KL169_01_galF,90.34%,96.99%	KL103_15_wzx_KL103,100.00%,78.71%,partial;KL103_15_wzx_KL103,100.00%,22.55%,partial		ST167
3.3.2	Klebsiella_pneumoniae_Species_Complex_K	3.2.2	GCA_040415815.1	ST167	KL103	unknown	Typeable	?-!	98.91%	89.18%		20 / 23 (86.96%)	KL103_01_galF,99.33%,99.67%;KL103_02_cpsACP,98.09%,99.52%;KL103_03_wzi,98.95%,99.79%;KL103_04_wza,99.74%,99.74%;KL103_05_wzb,100.00%,99.31%;KL103_06_wzc,99.72%,99.86%;KL103_07_wbaP32,99.79%,99.79%;KL103_08_gtr308,99.34%,99.67%;KL103_09_gtr309,100.00%,96.06%,partial;KL103_10_ghl74,99.54%,93.21%,partial;KL103_11_gtr310,100.00%,98.64%,partial;KL103_12_wzy_KL103,100.00%,42.93%,partial;KL103_13_gtr311,100.00%,40.27%,partial;KL103_15_wzx_KL103,100.00%,81.21%,partial;KL103_16_gnd,99.36%,99.79%;KL103_17_rmlB,100.00%,99.72%;KL103_18_rmlA,99.65%,99.66%;KL103_19_rmlD,99.66%,99.66%;KL103_20_rmlC,100.00%,99.46%;KL103_21_ugd1,99.74%,99.74%	KL103_14_gtr312	0		2 / 23 (8.70%)	KL103_09_gtr309,100.00%,4.23%,partial;KL103_12_wzy_KL103,100.00%,41.46%,partial	1	KL169_01_galF,90.34%,96.99%	KL103_09_gtr309,100.00%,96.06%,partial;KL103_09_gtr309,100.00%,4.23%,partial;KL103_10_ghl74,99.54%,93.21%,partial;KL103_11_gtr310,100.00%,98.64%,partial;KL103_12_wzy_KL103,100.00%,42.93%,partial;KL103_12_wzy_KL103,100.00%,41.46%,partial;KL103_13_gtr311,100.00%,40.27%,partial;KL103_15_wzx_KL103,100.00%,81.21%,partial		ST167
3.3.2	Klebsiella_pneumoniae_Species_Complex_K	3.2.2	GCA_040415855.1	ST167	KL9	K9	Typeable	?!	98.43%	99.50%		19 / 19 (100.00%)	KL9_01_galF,98.99%,99.67%;KL9_02_cpsACP,92.11%,18.10%,truncated;KL9_03_wzi,98.81%,99.80%;KL9_04_wza,98.68%,99.74%;KL9_05_wzb,99.31%,99.31%;KL9_06_wzc,99.45%,99.86%;KL9_07_wbaP2,98.74%,99.79%;KL9_08_gtr29,98.68%,99.67%;KL9_09_gtr30,98.72%,99.68%;KL9_10_wzy_KL9,98.46%,99.74%;KL9_11_gtr31,98.62%,99.66%;KL9_12_ghl7,97.60%,28.80%,truncated;KL9_13_wzx_KL9,99.05%,99.76%;KL9_14_gnd,99.57%,99.79%;KL9_15_rmlB,98.87%,99.72%;KL9_16_rmlA,98.25%,98.28%;KL9_17_rmlD,99.32%,99.66%;KL9_18_rmlC,97.83%,99.46%;KL9_19_ugd1,100.00%,99.74%		0		0 / 19 (0.00%)		1	KL169_01_galF,90.34%,96.99%	KL9_02_cpsACP,92.11%,18.10%,truncated;KL9_12_ghl7,97.60%,28.80%,truncated		ST167
3.3.2	Klebsiella_pneumoniae_Species_Complex_K	3.2.2	GCA_040415875.1	ST167	KL103	unknown	Typeable	?!	99.10%	96.15%		21 / 21 (100.00%)	KL103_01_galF,99.33%,99.67%;KL103_02_cpsACP,98.09%,99.52%;KL103_03_wzi,98.95%,99.79%;KL103_04_wza,99.74%,99.74%;KL103_05_wzb,100.00%,99.31%;KL103_06_wzc,99.72%,99.86%;KL103_07_wbaP32,99.79%,99.79%;KL103_08_gtr308,99.34%,99.67%;KL103_09_gtr309,100.00%,99.44%,partial;KL103_10_ghl74,99.57%,98.09%,partial;KL103_11_gtr310,100.00%,99.66%;KL103_12_wzy_KL103,100.00%,99.76%;KL103_13_gtr311,100.00%,31.20%,partial;KL103_14_gtr312,98.71%,83.75%,partial;KL103_15_wzx_KL103,100.00%,99.79%;KL103_16_gnd,99.36%,99.79%;KL103_17_rmlB,100.00%,99.72%;KL103_18_rmlA,99.65%,99.66%;KL103_19_rmlD,99.66%,99.66%;KL103_20_rmlC,100.00%,99.46%;KL103_21_ugd1,99.74%,99.74%		0		0 / 21 (0.00%)		1	KL169_01_galF,90.34%,96.99%	KL103_09_gtr309,100.00%,99.44%,partial;KL103_10_ghl74,99.57%,98.09%,partial;KL103_13_gtr311,100.00%,31.20%,partial;KL103_14_gtr312,98.71%,83.75%,partial		ST167
3.3.2	Klebsiella_pneumoniae_Species_Complex_K	3.2.2	GCA_040415905.1	ST167	KL103	unknown	Typeable	?!	99.13%	98.65%		21 / 21 (100.00%)	KL103_01_galF,99.33%,99.67%;KL103_02_cpsACP,98.09%,99.52%;KL103_03_wzi,98.95%,99.79%;KL103_04_wza,99.74%,99.74%;KL103_05_wzb,100.00%,99.31%;KL103_06_wzc,99.72%,99.86%;KL103_07_wbaP32,99.79%,99.79%;KL103_08_gtr308,99.34%,99.67%;KL103_09_gtr309,99.72%,99.72%;KL103_10_ghl74,99.57%,99.79%;KL103_11_gtr310,100.00%,99.66%;KL103_12_wzy_KL103,100.00%,99.76%;KL103_13_gtr311,99.20%,99.73%;KL103_14_gtr312,99.37%,57.04%,partial;KL103_15_wzx_KL103,100.00%,99.79%;KL103_16_gnd,99.36%,99.79%;KL103_17_rmlB,100.00%,99.72%;KL103_18_rmlA,99.65%,99.66%;KL103_19_rmlD,99.66%,99.66%;KL103_20_rmlC,99.46%,99.46%;KL103_21_ugd1,99.74%,99.74%		0		0 / 21 (0.00%)		1	KL169_01_galF,90.34%,96.99%	KL103_14_gtr312,99.37%,57.04%,partial		ST167
3.3.2	Klebsiella_pneumoniae_Species_Complex_K	3.2.2	GCA_040415915.1	ST167	KL103	unknown	Typeable	?!	99.13%	99.84%		21 / 21 (100.00%)	KL103_01_galF,99.33%,99.67%;KL103_02_cpsACP,98.09%,99.52%;KL103_03_wzi,98.95%,99.79%;KL103_04_wza,99.74%,99.74%;KL103_05_wzb,100.00%,99.31%;KL103_06_wzc,99.72%,99.86%;KL103_07_wbaP32,99.79%,99.79%;KL103_08_gtr308,99.34%,99.67%;KL103_09_gtr309,100.00%,99.72%;KL103_10_ghl74,99.57%,98.51%,partial;KL103_11_gtr310,100.00%,99.66%;KL103_12_wzy_KL103,100.00%,99.76%;KL103_13_gtr311,100.00%,33.07%,truncated;KL103_14_gtr312,98.91%,99.64%;KL103_15_wzx_KL103,100.00%,99.79%;KL103_16_gnd,99.36%,99.79%;KL103_17_rmlB,100.00%,99.72%;KL103_18_rmlA,99.65%,99.66%;KL103_19_rmlD,99.66%,99.66%;KL103_20_rmlC,100.00%,99.46%;KL103_21_ugd1,99.74%,99.74%		0		0 / 21 (0.00%)		1	KL169_01_galF,90.34%,96.99%	KL103_10_ghl74,99.57%,98.51%,partial;KL103_13_gtr311,100.00%,33.07%,truncated		ST167
3.3.2	Klebsiella_pneumoniae_Species_Complex_K	3.2.2	GCA_040415955.1	ST167	KL9	K9	Typeable	?!	98.41%	95.18%		19 / 19 (100.00%)	KL9_01_galF,98.99%,99.67%;KL9_02_cpsACP,92.11%,18.10%,truncated;KL9_03_wzi,98.81%,99.80%;KL9_04_wza,98.68%,99.74%;KL9_05_wzb,99.31%,99.31%;KL9_06_wzc,99.45%,99.86%;KL9_07_wbaP2,98.74%,99.79%;KL9_08_gtr29,98.56%,91.75%,partial;KL9_09_gtr30,98.72%,99.68%;KL9_10_wzy_KL9,96.69%,30.95%,partial;KL9_11_gtr31,98.62%,99.66%;KL9_12_ghl7,97.60%,28.80%,truncated;KL9_13_wzx_KL9,99.05%,99.76%;KL9_14_gnd,99.57%,99.79%;KL9_15_rmlB,98.87%,99.72%;KL9_16_rmlA,98.25%,98.28%;KL9_17_rmlD,99.32%,99.66%;KL9_18_rmlC,97.83%,99.46%;KL9_19_ugd1,100.00%,99.74%		0		0 / 19 (0.00%)		1	KL169_01_galF,90.34%,96.99%	KL9_02_cpsACP,92.11%,18.10%,truncated;KL9_08_gtr29,98.56%,91.75%,partial;KL9_10_wzy_KL9,96.69%,30.95%,partial;KL9_12_ghl7,97.60%,28.80%,truncated		ST167
3.3.2	Klebsiella_pneumoniae_Species_Complex_K	3.2.2	GCA_040415975.1	ST167	KL115	unknown	Typeable	?-!	98.82%	92.11%		20 / 21 (95.24%)	KL115_01_galF,97.99%,99.67%;KL115_02_cpsACP,98.56%,99.52%;KL115_03_wzi,99.16%,99.79%;KL115_04_wza,99.21%,99.74%;KL115_05_wzb,100.00%,99.31%;KL115_06_wzc,99.17%,99.86%;KL115_07_wbaP5,99.58%,99.79%;KL115_08_gtr348,98.90%,99.72%;KL115_09_gtr349,100.00%,99.67%;KL115_10_wzy_KL115,98.81%,99.70%;KL115_11_gtr350,100.00%,71.19%,partial;KL115_12_gtr351,99.61%,99.61%;KL115_13_ghl82,99.40%,99.70%;KL115_14_wzx_KL115,99.27%,99.76%;KL115_15_gnd,99.36%,99.79%;KL115_16_rmlB,99.15%,99.72%;KL115_17_rmlA,100.00%,99.66%;KL115_18_rmlD,98.99%,99.66%;KL115_19_rmlC,99.46%,99.46%;KL115_20_ugd1,99.48%,99.74%		0		1 / 21 (4.76%)	KL115_11_gtr350,100.00%,29.80%,partial	1	KL169_01_galF,90.34%,96.99%	KL115_11_gtr350,100.00%,71.19%,partial;KL115_11_gtr350,100.00%,29.80%,partial		ST167
3.3.2	Klebsiella_pneumoniae_Species_Complex_K	3.2.2	GCA_040415995.1	ST167	KL103	unknown	Typeable	?-!	98.91%	76.14%		17 / 21 (80.95%)	KL103_01_galF,99.33%,99.67%;KL103_02_cpsACP,98.09%,99.52%;KL103_03_wzi,98.95%,99.79%;KL103_04_wza,99.74%,99.74%;KL103_05_wzb,100.00%,99.31%;KL103_06_wzc,99.72%,99.86%;KL103_07_wbaP32,99.79%,99.79%;KL103_08_gtr308,99.34%,99.67%;KL103_10_ghl74,99.57%,99.15%,partial;KL103_11_gtr310,100.00%,99.66%;KL103_15_wzx_KL103,100.00%,20.46%,partial;KL103_16_gnd,99.36%,99.79%;KL103_17_rmlB,100.00%,84.51%,partial;KL103_18_rmlA,99.65%,99.66%;KL103_19_rmlD,99.66%,99.66%;KL103_20_rmlC,100.00%,99.46%;KL103_21_ugd1,99.74%,99.74%	KL103_09_gtr309;KL103_12_wzy_KL103;KL103_13_gtr311;KL103_14_gtr312	0		0 / 21 (0.00%)		1	KL169_01_galF,90.34%,96.99%	KL103_10_ghl74,99.57%,99.15%,partial;KL103_15_wzx_KL103,100.00%,20.46%,partial;KL103_17_rmlB,100.00%,84.51%,partial		ST167
3.3.2	Klebsiella_pneumoniae_Species_Complex_K	3.2.2	GCA_040416005.1	ST167	KL103	unknown	Typeable	?!	99.15%	99.91%		21 / 21 (100.00%)	KL103_01_galF,99.33%,99.67%;KL103_02_cpsACP,98.09%,99.52%;KL103_03_wzi,98.95%,99.79%;KL103_04_wza,99.74%,99.74%;KL103_05_wzb,100.00%,99.31%;KL103_06_wzc,99.72%,99.86%;KL103_07_wbaP32,99.79%,99.79%;KL103_08_gtr308,99.34%,99.67%;KL103_09_gtr309,100.00%,99.72%;KL103_10_ghl74,99.57%,99.79%;KL103_11_gtr310,100.00%,99.66%;KL103_12_wzy_KL103,100.00%,99.76%;KL103_13_gtr311,99.45%,97.07%,partial;KL103_14_gtr312,98.91%,99.64%;KL103_15_wzx_KL103,100.00%,99.79%;KL103_16_gnd,99.36%,99.79%;KL103_17_rmlB,100.00%,99.72%;KL103_18_rmlA,99.65%,99.66%;KL103_19_rmlD,99.66%,99.66%;KL103_20_rmlC,100.00%,99.46%;KL103_21_ugd1,99.74%,99.74%		0		0 / 21 (0.00%)		1	KL169_01_galF,90.34%,96.99%	KL103_13_gtr311,99.45%,97.07%,partial		ST167
3.3.2	Klebsiella_pneumoniae_Species_Complex_K	3.2.2	GCA_040416035.1	ST167	KL103	unknown	Typeable		99.14%	100.00%	1	21 / 21 (100.00%)	KL103_01_galF,99.33%,99.67%;KL103_02_cpsACP,98.09%,99.52%;KL103_03_wzi,98.95%,99.79%;KL103_04_wza,99.74%,99.74%;KL103_05_wzb,100.00%,99.31%;KL103_06_wzc,99.72%,99.86%;KL103_07_wbaP32,99.79%,99.79%;KL103_08_gtr308,99.34%,99.67%;KL103_09_gtr309,100.00%,99.72%;KL103_10_ghl74,99.57%,99.79%;KL103_11_gtr310,100.00%,99.66%;KL103_12_wzy_KL103,100.00%,99.76%;KL103_13_gtr311,98.93%,99.73%;KL103_14_gtr312,98.91%,99.64%;KL103_15_wzx_KL103,100.00%,99.79%;KL103_16_gnd,99.36%,99.79%;KL103_17_rmlB,100.00%,99.72%;KL103_18_rmlA,99.65%,99.66%;KL103_19_rmlD,99.66%,99.66%;KL103_20_rmlC,100.00%,99.46%;KL103_21_ugd1,99.74%,99.74%		0		0 / 21 (0.00%)		1	KL169_01_galF,90.34%,96.99%			ST167
3.3.2	Klebsiella_pneumoniae_Species_Complex_K	3.2.2	GCA_040416045.1	ST167	KL115	unknown	Typeable	?!	98.82%	88.14%		20 / 20 (100.00%)	KL115_01_galF,97.99%,99.67%;KL115_02_cpsACP,98.56%,99.52%;KL115_03_wzi,99.16%,99.79%;KL115_04_wza,99.21%,99.74%;KL115_05_wzb,100.00%,99.31%;KL115_06_wzc,99.17%,99.86%;KL115_07_wbaP5,99.58%,99.79%;KL115_08_gtr348,98.90%,99.72%;KL115_09_gtr349,100.00%,99.67%;KL115_10_wzy_KL115,99.05%,94.05%,partial;KL115_11_gtr350,100.00%,55.63%,partial;KL115_12_gtr351,99.61%,99.61%;KL115_13_ghl82,99.40%,99.70%;KL115_14_wzx_KL115,99.27%,99.76%;KL115_15_gnd,99.36%,99.79%;KL115_16_rmlB,99.15%,99.72%;KL115_17_rmlA,100.00%,99.66%;KL115_18_rmlD,98.99%,99.66%;KL115_19_rmlC,99.46%,99.46%;KL115_20_ugd1,99.48%,99.74%		0		0 / 20 (0.00%)		1	KL169_01_galF,90.34%,96.99%	KL115_10_wzy_KL115,99.05%,94.05%,partial;KL115_11_gtr350,100.00%,55.63%,partial		ST167
3.3.2	Klebsiella_pneumoniae_Species_Complex_K	3.2.2	GCA_040416095.1	ST167	KL115	unknown	Typeable	?-!	98.66%	75.79%		19 / 20 (95.00%)	KL115_01_galF,97.99%,99.67%;KL115_02_cpsACP,98.56%,99.52%;KL115_03_wzi,99.16%,99.79%;KL115_04_wza,99.21%,99.74%;KL115_05_wzb,100.00%,99.31%;KL115_06_wzc,99.17%,99.86%;KL115_07_wbaP5,99.58%,99.79%;KL115_08_gtr348,98.96%,53.17%,partial;KL115_09_gtr349,100.00%,93.36%,partial;KL115_11_gtr350,100.00%,83.44%,partial;KL115_12_gtr351,98.15%,21.09%,partial;KL115_13_ghl82,99.40%,99.70%;KL115_14_wzx_KL115,100.00%,58.60%,partial;KL115_15_gnd,99.36%,99.79%;KL115_16_rmlB,99.15%,99.72%;KL115_17_rmlA,100.00%,99.66%;KL115_18_rmlD,98.99%,99.66%;KL115_19_rmlC,99.46%,99.46%;KL115_20_ugd1,99.48%,99.74%	KL115_10_wzy_KL115	0		0 / 20 (0.00%)		1	KL169_01_galF,90.34%,96.99%	KL115_08_gtr348,98.96%,53.17%,partial;KL115_09_gtr349,100.00%,93.36%,partial;KL115_11_gtr350,100.00%,83.44%,partial;KL115_12_gtr351,98.15%,21.09%,partial;KL115_14_wzx_KL115,100.00%,58.60%,partial		ST167
3.3.2	Klebsiella_pneumoniae_Species_Complex_K	3.2.2	GCA_040416105.1	ST167	KL9	K9	Typeable	?!	98.41%	90.94%		19 / 19 (100.00%)	KL9_01_galF,98.99%,99.67%;KL9_02_cpsACP,92.11%,18.10%,truncated;KL9_03_wzi,98.81%,99.80%;KL9_04_wza,98.68%,99.74%;KL9_05_wzb,99.31%,99.31%;KL9_06_wzc,99.45%,99.86%;KL9_07_wbaP2,98.74%,99.79%;KL9_08_gtr29,98.68%,99.67%;KL9_09_gtr30,98.72%,99.68%;KL9_10_wzy_KL9,100.00%,14.07%,partial;KL9_11_gtr31,100.00%,8.62%,partial;KL9_12_ghl7,97.60%,28.80%,truncated;KL9_13_wzx_KL9,99.05%,99.76%;KL9_14_gnd,99.57%,99.79%;KL9_15_rmlB,98.87%,99.72%;KL9_16_rmlA,98.25%,98.28%;KL9_17_rmlD,99.32%,99.66%;KL9_18_rmlC,97.83%,99.46%;KL9_19_ugd1,100.00%,99.74%		0		0 / 19 (0.00%)		1	KL169_01_galF,90.34%,96.99%	KL9_02_cpsACP,92.11%,18.10%,truncated;KL9_10_wzy_KL9,100.00%,14.07%,partial;KL9_11_gtr31,100.00%,8.62%,partial;KL9_12_ghl7,97.60%,28.80%,truncated		ST167
3.3.2	Klebsiella_pneumoniae_Species_Complex_K	3.2.2	GCA_040416135.1	ST167	KL115	unknown	Typeable	?-!	98.76%	83.99%		20 / 21 (95.24%)	KL115_01_galF,97.99%,99.67%;KL115_02_cpsACP,98.56%,99.52%;KL115_03_wzi,99.16%,99.79%;KL115_04_wza,99.21%,99.74%;KL115_05_wzb,100.00%,99.31%;KL115_06_wzc,99.17%,99.86%;KL115_07_wbaP5,99.58%,99.79%;KL115_08_gtr348,98.85%,96.14%,partial;KL115_09_gtr349,100.00%,99.67%;KL115_10_wzy_KL115,99.53%,63.69%,partial;KL115_11_gtr350,100.00%,54.30%,partial;KL115_12_gtr351,100.00%,76.17%,partial;KL115_13_ghl82,99.40%,99.70%;KL115_14_wzx_KL115,99.03%,99.76%;KL115_15_gnd,99.36%,99.79%;KL115_16_rmlB,99.15%,99.72%;KL115_17_rmlA,100.00%,99.66%;KL115_18_rmlD,98.99%,99.66%;KL115_19_rmlC,99.46%,99.46%;KL115_20_ugd1,99.48%,99.74%		0		1 / 21 (4.76%)	KL115_12_gtr351,98.28%,22.66%,partial	1	KL169_01_galF,90.34%,96.99%	KL115_08_gtr348,98.85%,96.14%,partial;KL115_10_wzy_KL115,99.53%,63.69%,partial;KL115_11_gtr350,100.00%,54.30%,partial;KL115_12_gtr351,100.00%,76.17%,partial;KL115_12_gtr351,98.28%,22.66%,partial		ST167
3.3.2	Klebsiella_pneumoniae_Species_Complex_K	3.2.2	GCA_040416195.1	ST167	KL9	K9	Typeable	?!	98.42%	97.16%		19 / 19 (100.00%)	KL9_01_galF,98.99%,99.67%;KL9_02_cpsACP,92.11%,18.10%,truncated;KL9_03_wzi,98.81%,99.80%;KL9_04_wza,98.68%,99.74%;KL9_05_wzb,99.31%,99.31%;KL9_06_wzc,99.45%,99.86%;KL9_07_wbaP2,98.74%,99.79%;KL9_08_gtr29,98.68%,99.67%;KL9_09_gtr30,98.72%,99.68%;KL9_10_wzy_KL9,97.57%,52.69%,partial;KL9_11_gtr31,98.62%,99.66%;KL9_12_ghl7,97.60%,28.80%,truncated;KL9_13_wzx_KL9,99.05%,99.76%;KL9_14_gnd,99.57%,99.79%;KL9_15_rmlB,98.87%,99.72%;KL9_16_rmlA,98.25%,98.28%;KL9_17_rmlD,99.32%,99.66%;KL9_18_rmlC,97.83%,99.46%;KL9_19_ugd1,100.00%,99.74%		0		0 / 19 (0.00%)		1	KL169_01_galF,90.34%,96.99%	KL9_02_cpsACP,92.11%,18.10%,truncated;KL9_10_wzy_KL9,97.57%,52.69%,partial;KL9_12_ghl7,97.60%,28.80%,truncated		ST167
3.3.2	Klebsiella_pneumoniae_Species_Complex_K	3.2.2	GCA_040416205.1	ST167	KL115	unknown	Typeable	?	98.88%	90.95%		20 / 20 (100.00%)	KL115_01_galF,97.99%,99.67%;KL115_02_cpsACP,98.56%,99.52%;KL115_03_wzi,99.16%,99.79%;KL115_04_wza,99.21%,99.74%;KL115_05_wzb,100.00%,99.31%;KL115_06_wzc,99.17%,99.86%;KL115_07_wbaP5,99.58%,99.79%;KL115_08_gtr348,98.90%,99.72%;KL115_09_gtr349,100.00%,99.67%;KL115_10_wzy_KL115,98.81%,99.70%;KL115_11_gtr350,100.00%,99.67%;KL115_12_gtr351,99.61%,99.61%;KL115_13_ghl82,99.40%,99.70%;KL115_14_wzx_KL115,99.27%,99.76%;KL115_15_gnd,99.36%,99.79%;KL115_16_rmlB,99.15%,99.72%;KL115_17_rmlA,100.00%,99.66%;KL115_18_rmlD,98.99%,99.66%;KL115_19_rmlC,99.46%,99.46%;KL115_20_ugd1,99.48%,99.74%		0		0 / 20 (0.00%)		1	KL169_01_galF,90.34%,96.99%			ST167
3.3.2	Klebsiella_pneumoniae_Species_Complex_K	3.2.2	GCA_040416215.1	ST167	KL9	K9	Typeable	?-!	98.35%	97.28%		19 / 20 (95.00%)	KL9_01_galF,98.99%,99.67%;KL9_02_cpsACP,92.11%,18.10%,truncated;KL9_03_wzi,98.81%,99.80%;KL9_04_wza,98.68%,99.74%;KL9_05_wzb,99.31%,99.31%;KL9_06_wzc,99.45%,99.86%;KL9_07_wbaP2,98.74%,99.79%;KL9_08_gtr29,97.67%,99.01%;KL9_09_gtr30,98.72%,99.68%;KL9_10_wzy_KL9,98.26%,88.24%,partial;KL9_10_wzy_KL9,98.08%,13.30%,partial;KL9_11_gtr31,98.56%,71.72%,partial;KL9_12_ghl7,97.60%,28.80%,truncated;KL9_13_wzx_KL9,99.05%,99.76%;KL9_14_gnd,99.57%,99.79%;KL9_15_rmlB,98.87%,99.72%;KL9_16_rmlA,98.25%,98.28%;KL9_17_rmlD,99.32%,99.66%;KL9_18_rmlC,97.83%,99.46%;KL9_19_ugd1,100.00%,99.74%		0		1 / 20 (5.00%)	KL9_11_gtr31,100.00%,8.62%,partial	1	KL169_01_galF,90.34%,96.99%	KL9_02_cpsACP,92.11%,18.10%,truncated;KL9_10_wzy_KL9,98.26%,88.24%,partial;KL9_10_wzy_KL9,98.08%,13.30%,partial;KL9_11_gtr31,98.56%,71.72%,partial;KL9_11_gtr31,100.00%,8.62%,partial;KL9_12_ghl7,97.60%,28.80%,truncated		ST167
3.3.2	Klebsiella_pneumoniae_Species_Complex_K	3.2.2	GCA_040416265.1	ST167	KL103	unknown	Typeable	?!	99.15%	99.86%		21 / 21 (100.00%)	KL103_01_galF,99.33%,99.67%;KL103_02_cpsACP,98.09%,99.52%;KL103_03_wzi,98.95%,99.79%;KL103_04_wza,99.74%,99.74%;KL103_05_wzb,100.00%,99.31%;KL103_06_wzc,99.72%,99.86%;KL103_07_wbaP32,99.79%,99.79%;KL103_08_gtr308,99.34%,99.67%;KL103_09_gtr309,100.00%,99.72%;KL103_10_ghl74,99.57%,99.79%;KL103_11_gtr310,100.00%,99.66%;KL103_12_wzy_KL103,100.00%,99.76%;KL103_13_gtr311,99.44%,96.00%,partial;KL103_14_gtr312,98.91%,99.64%;KL103_15_wzx_KL103,100.00%,99.79%;KL103_16_gnd,99.36%,99.79%;KL103_17_rmlB,100.00%,99.72%;KL103_18_rmlA,99.65%,99.66%;KL103_19_rmlD,99.66%,99.66%;KL103_20_rmlC,100.00%,99.46%;KL103_21_ugd1,99.74%,99.74%		0		0 / 21 (0.00%)		1	KL169_01_galF,90.34%,96.99%	KL103_13_gtr311,99.44%,96.00%,partial		ST167
3.3.2	Klebsiella_pneumoniae_Species_Complex_K	3.2.2	GCA_040416295.1	ST167	KL9	K9	Typeable	?!	98.40%	99.50%		19 / 19 (100.00%)	KL9_01_galF,98.99%,99.67%;KL9_02_cpsACP,92.11%,18.10%,truncated;KL9_03_wzi,98.81%,99.80%;KL9_04_wza,98.68%,99.74%;KL9_05_wzb,99.31%,99.31%;KL9_06_wzc,99.45%,99.86%;KL9_07_wbaP2,98.74%,99.79%;KL9_08_gtr29,98.68%,99.67%;KL9_09_gtr30,98.72%,99.68%;KL9_10_wzy_KL9,97.95%,99.74%;KL9_11_gtr31,98.62%,99.66%;KL9_12_ghl7,97.60%,28.80%,truncated;KL9_13_wzx_KL9,99.05%,99.76%;KL9_14_gnd,99.57%,99.79%;KL9_15_rmlB,98.87%,99.72%;KL9_16_rmlA,98.25%,98.28%;KL9_17_rmlD,99.32%,99.66%;KL9_18_rmlC,97.83%,99.46%;KL9_19_ugd1,100.00%,99.74%		0		0 / 19 (0.00%)		1	KL169_01_galF,90.34%,96.99%	KL9_02_cpsACP,92.11%,18.10%,truncated;KL9_12_ghl7,97.60%,28.80%,truncated		ST167
3.3.2	Klebsiella_pneumoniae_Species_Complex_K	3.2.2	GCA_040416335.1	ST167	KL115	unknown	Typeable	?-!	98.82%	89.79%		20 / 21 (95.24%)	KL115_01_galF,97.99%,99.67%;KL115_02_cpsACP,98.56%,99.52%;KL115_03_wzi,99.16%,99.79%;KL115_04_wza,99.21%,99.74%;KL115_05_wzb,100.00%,99.31%;KL115_06_wzc,99.17%,99.86%;KL115_07_wbaP5,99.58%,99.79%;KL115_08_gtr348,98.90%,99.72%;KL115_09_gtr349,100.00%,99.67%;KL115_10_wzy_KL115,98.87%,79.17%,partial;KL115_11_gtr350,100.00%,89.74%,partial;KL115_12_gtr351,99.61%,99.61%;KL115_13_ghl82,99.40%,99.70%;KL115_14_wzx_KL115,99.27%,99.76%;KL115_15_gnd,99.36%,99.79%;KL115_16_rmlB,99.15%,99.72%;KL115_17_rmlA,100.00%,99.66%;KL115_18_rmlD,98.99%,99.66%;KL115_19_rmlC,99.46%,99.46%;KL115_20_ugd1,99.48%,99.74%		0		1 / 21 (4.76%)	KL115_10_wzy_KL115,98.65%,22.02%,partial	1	KL169_01_galF,90.34%,96.99%	KL115_10_wzy_KL115,98.87%,79.17%,partial;KL115_10_wzy_KL115,98.65%,22.02%,partial;KL115_11_gtr350,100.00%,89.74%,partial		ST167
3.3.2	Klebsiella_pneumoniae_Species_Complex_K	3.2.2	GCA_040416355.1	ST167	KL115	Capsule null	Typeable	?-!	98.72%	82.91%		20 / 23 (86.96%)	KL115_01_galF,97.99%,99.67%;KL115_02_cpsACP,98.56%,99.52%;KL115_03_wzi,99.16%,99.79%;KL115_04_wza,99.21%,99.74%;KL115_05_wzb,100.00%,99.31%;KL115_06_wzc,99.17%,99.86%;KL115_07_wbaP5,99.22%,54.20%,truncated;KL115_08_gtr348,98.90%,99.72%;KL115_09_gtr349,100.00%,99.67%;KL115_10_wzy_KL115,98.51%,99.70%;KL115_11_gtr350,100.00%,70.53%,partial;KL115_12_gtr351,99.38%,62.89%,partial;KL115_13_ghl82,99.40%,99.70%;KL115_14_wzx_KL115,99.27%,99.76%;KL115_15_gnd,99.36%,99.79%;KL115_16_rmlB,99.15%,99.72%;KL115_17_rmlA,100.00%,99.66%;KL115_18_rmlD,98.99%,99.66%;KL115_19_rmlC,99.46%,99.46%;KL115_20_ugd1,99.48%,99.74%		0		3 / 23 (13.04%)	KL115_07_wbaP5,100.00%,46.43%,truncated;KL115_11_gtr350,100.00%,13.25%,partial;KL115_12_gtr351,100.00%,33.20%,partial	1	KL169_01_galF,90.34%,96.99%	KL115_07_wbaP5,99.22%,54.20%,truncated;KL115_07_wbaP5,100.00%,46.43%,truncated;KL115_11_gtr350,100.00%,70.53%,partial;KL115_11_gtr350,100.00%,13.25%,partial;KL115_12_gtr351,99.38%,62.89%,partial;KL115_12_gtr351,100.00%,33.20%,partial		ST167
3.3.2	Klebsiella_pneumoniae_Species_Complex_K	3.2.2	GCA_040416375.1	ST167	KL103	unknown	Typeable	?-!	99.09%	97.63%		21 / 22 (95.45%)	KL103_01_galF,99.33%,99.67%;KL103_02_cpsACP,98.09%,99.52%;KL103_03_wzi,98.95%,99.79%;KL103_04_wza,99.74%,99.74%;KL103_05_wzb,100.00%,99.31%;KL103_06_wzc,99.72%,99.86%;KL103_07_wbaP32,99.79%,99.79%;KL103_08_gtr308,98.01%,99.67%;KL103_09_gtr309,100.00%,99.72%;KL103_10_ghl74,99.57%,99.79%;KL103_11_gtr310,100.00%,99.66%;KL103_12_wzy_KL103,100.00%,99.76%;KL103_13_gtr311,98.65%,59.20%,partial;KL103_14_gtr312,98.91%,99.64%;KL103_15_wzx_KL103,100.00%,99.79%;KL103_16_gnd,99.36%,99.79%;KL103_17_rmlB,100.00%,99.72%;KL103_18_rmlA,99.65%,99.66%;KL103_19_rmlD,99.66%,99.66%;KL103_20_rmlC,100.00%,99.46%;KL103_21_ugd1,99.74%,99.74%		0		1 / 22 (4.55%)	KL103_13_gtr311,100.00%,31.73%,partial	1	KL169_01_galF,90.34%,96.99%	KL103_13_gtr311,98.65%,59.20%,partial;KL103_13_gtr311,100.00%,31.73%,partial		ST167
3.3.2	Klebsiella_pneumoniae_Species_Complex_K	3.2.2	GCA_040416395.1	ST167	KL9	K9	Typeable	?-!	98.28%	67.53%		14 / 19 (73.68%)	KL9_01_galF,98.99%,99.67%;KL9_02_cpsACP,92.11%,18.10%,truncated;KL9_03_wzi,98.81%,99.80%;KL9_04_wza,98.68%,99.74%;KL9_05_wzb,99.31%,99.31%;KL9_06_wzc,99.45%,99.86%;KL9_07_wbaP2,98.72%,98.32%,partial;KL9_12_ghl7,99.60%,57.83%,partial;KL9_14_gnd,99.57%,99.79%;KL9_15_rmlB,98.87%,99.72%;KL9_16_rmlA,98.25%,98.28%;KL9_17_rmlD,99.32%,99.66%;KL9_18_rmlC,97.83%,99.46%;KL9_19_ugd1,100.00%,99.74%	KL9_08_gtr29;KL9_09_gtr30;KL9_10_wzy_KL9;KL9_11_gtr31;KL9_13_wzx_KL9	0		0 / 19 (0.00%)		1	KL169_01_galF,90.34%,96.99%	KL9_02_cpsACP,92.11%,18.10%,truncated;KL9_07_wbaP2,98.72%,98.32%,partial;KL9_12_ghl7,99.60%,57.83%,partial		ST167
3.3.2	Klebsiella_pneumoniae_Species_Complex_K	3.2.2	GCA_040416405.1	ST167	KL9	K9	Typeable	?-!	98.22%	84.50%		18 / 19 (94.74%)	KL9_01_galF,98.99%,99.67%;KL9_02_cpsACP,92.11%,18.10%,truncated;KL9_03_wzi,98.81%,99.80%;KL9_04_wza,98.68%,99.74%;KL9_05_wzb,99.31%,99.31%;KL9_06_wzc,99.44%,99.31%,partial;KL9_07_wbaP2,98.66%,93.91%;KL9_09_gtr30,98.66%,95.21%,partial;KL9_10_wzy_KL9,100.00%,12.28%,partial;KL9_11_gtr31,98.48%,22.76%,partial;KL9_12_ghl7,96.80%,28.80%,partial;KL9_13_wzx_KL9,98.84%,61.52%,partial;KL9_14_gnd,99.57%,99.79%;KL9_15_rmlB,98.87%,99.72%;KL9_16_rmlA,98.25%,98.28%;KL9_17_rmlD,99.32%,99.66%;KL9_18_rmlC,97.83%,99.46%;KL9_19_ugd1,100.00%,99.74%	KL9_08_gtr29	0		0 / 19 (0.00%)		1	KL169_01_galF,90.34%,96.99%	KL9_02_cpsACP,92.11%,18.10%,truncated;KL9_06_wzc,99.44%,99.31%,partial;KL9_09_gtr30,98.66%,95.21%,partial;KL9_10_wzy_KL9,100.00%,12.28%,partial;KL9_11_gtr31,98.48%,22.76%,partial;KL9_12_ghl7,96.80%,28.80%,partial;KL9_13_wzx_KL9,98.84%,61.52%,partial		ST167
3.3.2	Klebsiella_pneumoniae_Species_Complex_K	3.2.2	GCA_040416415.1	ST167	KL103	unknown	Typeable	?!	99.11%	97.28%		21 / 21 (100.00%)	KL103_01_galF,99.33%,99.67%;KL103_02_cpsACP,98.09%,99.52%;KL103_03_wzi,98.95%,99.79%;KL103_04_wza,99.74%,99.74%;KL103_05_wzb,100.00%,99.31%;KL103_06_wzc,99.72%,99.86%;KL103_07_wbaP32,99.79%,99.79%;KL103_08_gtr308,99.34%,99.67%;KL103_09_gtr309,100.00%,99.44%,partial;KL103_10_ghl74,99.57%,99.79%;KL103_11_gtr310,100.00%,99.66%;KL103_12_wzy_KL103,100.00%,99.76%;KL103_13_gtr311,100.00%,41.07%,partial;KL103_14_gtr312,98.91%,99.64%;KL103_15_wzx_KL103,100.00%,99.79%;KL103_16_gnd,99.36%,99.79%;KL103_17_rmlB,100.00%,99.72%;KL103_18_rmlA,99.65%,99.66%;KL103_19_rmlD,99.66%,99.66%;KL103_20_rmlC,100.00%,99.46%;KL103_21_ugd1,99.74%,99.74%		0		0 / 21 (0.00%)		1	KL169_01_galF,90.34%,96.99%	KL103_09_gtr309,100.00%,99.44%,partial;KL103_13_gtr311,100.00%,41.07%,partial		ST167
3.3.2	Klebsiella_pneumoniae_Species_Complex_K	3.2.2	GCA_040416435.1	ST167	KL9	K9	Typeable	?!	98.43%	99.50%		19 / 19 (100.00%)	KL9_01_galF,98.99%,99.67%;KL9_02_cpsACP,92.11%,18.10%,truncated;KL9_03_wzi,98.81%,99.80%;KL9_04_wza,98.68%,99.74%;KL9_05_wzb,99.31%,99.31%;KL9_06_wzc,99.45%,99.86%;KL9_07_wbaP2,98.74%,99.79%;KL9_08_gtr29,98.68%,99.67%;KL9_09_gtr30,98.72%,99.68%;KL9_10_wzy_KL9,98.46%,99.74%;KL9_11_gtr31,98.62%,99.66%;KL9_12_ghl7,97.60%,28.80%,truncated;KL9_13_wzx_KL9,99.05%,99.76%;KL9_14_gnd,99.57%,99.79%;KL9_15_rmlB,98.87%,99.72%;KL9_16_rmlA,98.25%,98.28%;KL9_17_rmlD,99.32%,99.66%;KL9_18_rmlC,97.83%,99.46%;KL9_19_ugd1,100.00%,99.74%		0		0 / 19 (0.00%)		1	KL169_01_galF,90.34%,96.99%	KL9_02_cpsACP,92.11%,18.10%,truncated;KL9_12_ghl7,97.60%,28.80%,truncated		ST167
3.3.2	Klebsiella_pneumoniae_Species_Complex_K	3.2.2	GCA_040416475.1	ST167	KL9	K9	Typeable	?-!	98.32%	82.27%		16 / 19 (84.21%)	KL9_01_galF,98.99%,99.67%;KL9_02_cpsACP,92.11%,18.10%,truncated;KL9_03_wzi,98.81%,99.80%;KL9_04_wza,98.68%,99.74%;KL9_05_wzb,99.31%,99.31%;KL9_06_wzc,99.45%,99.86%;KL9_07_wbaP2,98.74%,99.79%;KL9_08_gtr29,98.67%,99.34%,partial;KL9_12_ghl7,100.00%,11.52%,partial;KL9_13_wzx_KL9,99.04%,49.41%,partial;KL9_14_gnd,99.57%,99.79%;KL9_15_rmlB,98.87%,99.72%;KL9_16_rmlA,98.25%,98.28%;KL9_17_rmlD,99.32%,99.66%;KL9_18_rmlC,97.83%,99.46%;KL9_19_ugd1,100.00%,99.74%	KL9_09_gtr30;KL9_10_wzy_KL9;KL9_11_gtr31	0		0 / 19 (0.00%)		1	KL169_01_galF,90.34%,96.99%	KL9_02_cpsACP,92.11%,18.10%,truncated;KL9_08_gtr29,98.67%,99.34%,partial;KL9_12_ghl7,100.00%,11.52%,partial;KL9_13_wzx_KL9,99.04%,49.41%,partial		ST167
3.3.2	Klebsiella_pneumoniae_Species_Complex_K	3.2.2	GCA_040416495.1	ST167	KL9	K9	Typeable	?-!	98.39%	91.58%		18 / 19 (94.74%)	KL9_01_galF,98.99%,99.67%;KL9_02_cpsACP,92.11%,18.10%,truncated;KL9_03_wzi,98.81%,99.80%;KL9_04_wza,98.68%,99.74%;KL9_05_wzb,99.31%,99.31%;KL9_06_wzc,99.45%,99.86%;KL9_07_wbaP2,98.74%,99.79%;KL9_08_gtr29,98.68%,99.67%;KL9_09_gtr30,98.11%,50.80%,partial;KL9_11_gtr31,98.58%,97.24%,partial;KL9_12_ghl7,97.60%,28.80%,truncated;KL9_13_wzx_KL9,99.05%,99.76%;KL9_14_gnd,99.57%,99.79%;KL9_15_rmlB,98.87%,99.72%;KL9_16_rmlA,98.25%,98.28%;KL9_17_rmlD,99.32%,99.66%;KL9_18_rmlC,97.83%,99.46%;KL9_19_ugd1,100.00%,99.74%	KL9_10_wzy_KL9	0		0 / 19 (0.00%)		1	KL169_01_galF,90.34%,96.99%	KL9_02_cpsACP,92.11%,18.10%,truncated;KL9_09_gtr30,98.11%,50.80%,partial;KL9_11_gtr31,98.58%,97.24%,partial;KL9_12_ghl7,97.60%,28.80%,truncated		ST167
3.3.2	Klebsiella_pneumoniae_Species_Complex_K	3.2.2	GCA_040416505.1	ST167	KL103	unknown	Typeable	?-!	99.02%	91.95%		21 / 23 (91.30%)	KL103_01_galF,99.33%,99.67%;KL103_02_cpsACP,98.09%,99.52%;KL103_03_wzi,98.95%,99.79%;KL103_04_wza,99.74%,99.74%;KL103_05_wzb,100.00%,99.31%;KL103_06_wzc,99.72%,99.86%;KL103_07_wbaP32,99.79%,99.79%;KL103_08_gtr308,99.34%,99.67%;KL103_09_gtr309,100.00%,73.52%,partial;KL103_10_ghl74,99.57%,99.79%;KL103_11_gtr310,100.00%,99.66%;KL103_12_wzy_KL103,100.00%,54.63%,partial;KL103_13_gtr311,99.14%,93.33%,partial;KL103_14_gtr312,99.39%,58.84%,partial;KL103_15_wzx_KL103,100.00%,58.46%,partial;KL103_16_gnd,99.36%,99.79%;KL103_17_rmlB,100.00%,99.72%;KL103_18_rmlA,99.65%,99.66%;KL103_19_rmlD,99.66%,99.66%;KL103_20_rmlC,100.00%,99.46%;KL103_21_ugd1,99.74%,99.74%		0		2 / 23 (8.70%)	KL103_09_gtr309,100.00%,23.94%,partial;KL103_15_wzx_KL103,100.00%,41.75%,partial	1	KL169_01_galF,90.34%,96.99%	KL103_09_gtr309,100.00%,73.52%,partial;KL103_09_gtr309,100.00%,23.94%,partial;KL103_12_wzy_KL103,100.00%,54.63%,partial;KL103_13_gtr311,99.14%,93.33%,partial;KL103_14_gtr312,99.39%,58.84%,partial;KL103_15_wzx_KL103,100.00%,58.46%,partial;KL103_15_wzx_KL103,100.00%,41.75%,partial		ST167
3.3.2	Klebsiella_pneumoniae_Species_Complex_K	3.2.2	GCA_040416515.1	ST167	KL103	unknown	Typeable	?!	99.15%	99.05%		21 / 21 (100.00%)	KL103_01_galF,99.33%,99.67%;KL103_02_cpsACP,98.09%,99.52%;KL103_03_wzi,98.95%,99.79%;KL103_04_wza,99.74%,99.74%;KL103_05_wzb,100.00%,99.31%;KL103_06_wzc,99.72%,99.86%;KL103_07_wbaP32,99.79%,99.79%;KL103_08_gtr308,99.34%,99.67%;KL103_09_gtr309,100.00%,99.72%;KL103_10_ghl74,99.57%,99.79%;KL103_11_gtr310,100.00%,99.66%;KL103_12_wzy_KL103,100.00%,99.76%;KL103_13_gtr311,99.70%,88.53%,partial;KL103_13_gtr311,92.11%,10.13%,partial;KL103_14_gtr312,98.91%,99.64%;KL103_15_wzx_KL103,100.00%,99.79%;KL103_16_gnd,99.36%,99.79%;KL103_17_rmlB,100.00%,99.72%;KL103_18_rmlA,99.65%,99.66%;KL103_19_rmlD,99.66%,99.66%;KL103_20_rmlC,100.00%,99.46%;KL103_21_ugd1,99.74%,99.74%		0		0 / 21 (0.00%)		1	KL169_01_galF,90.34%,96.99%	KL103_13_gtr311,99.70%,88.53%,partial;KL103_13_gtr311,92.11%,10.13%,partial		ST167
3.3.2	Klebsiella_pneumoniae_Species_Complex_K	3.2.2	GCA_040416525.1	ST167	KL9	K9	Typeable	?!	98.37%	91.33%		19 / 19 (100.00%)	KL9_01_galF,98.99%,99.67%;KL9_02_cpsACP,92.11%,18.10%,truncated;KL9_03_wzi,98.81%,99.80%;KL9_04_wza,98.68%,99.74%;KL9_05_wzb,99.31%,99.31%;KL9_06_wzc,99.45%,99.86%;KL9_07_wbaP2,98.74%,99.79%;KL9_08_gtr29,98.68%,99.67%;KL9_09_gtr30,98.72%,99.68%;KL9_10_wzy_KL9,100.00%,5.88%,partial;KL9_11_gtr31,98.21%,96.55%,partial;KL9_12_ghl7,97.60%,28.80%,truncated;KL9_13_wzx_KL9,98.56%,65.80%,partial;KL9_14_gnd,99.57%,99.79%;KL9_15_rmlB,98.87%,99.72%;KL9_16_rmlA,98.25%,98.28%;KL9_17_rmlD,99.32%,99.66%;KL9_18_rmlC,97.83%,99.46%;KL9_19_ugd1,100.00%,99.74%		0		0 / 19 (0.00%)		1	KL169_01_galF,90.34%,96.99%	KL9_02_cpsACP,92.11%,18.10%,truncated;KL9_10_wzy_KL9,100.00%,5.88%,partial;KL9_11_gtr31,98.21%,96.55%,partial;KL9_12_ghl7,97.60%,28.80%,truncated;KL9_13_wzx_KL9,98.56%,65.80%,partial		ST167
3.3.2	Klebsiella_pneumoniae_Species_Complex_K	3.2.2	GCA_040416565.1	ST167	KL9	K9	Typeable	?-!	98.41%	93.63%		18 / 19 (94.74%)	KL9_01_galF,98.99%,99.67%;KL9_02_cpsACP,92.11%,18.10%,truncated;KL9_03_wzi,98.81%,99.80%;KL9_04_wza,98.68%,99.74%;KL9_05_wzb,99.31%,99.31%;KL9_06_wzc,99.45%,99.86%;KL9_07_wbaP2,98.74%,99.79%;KL9_08_gtr29,98.68%,99.67%;KL9_09_gtr30,98.72%,99.68%;KL9_11_gtr31,97.33%,77.59%,partial;KL9_12_ghl7,97.60%,28.80%,truncated;KL9_13_wzx_KL9,99.05%,99.76%;KL9_14_gnd,99.57%,99.79%;KL9_15_rmlB,98.87%,99.72%;KL9_16_rmlA,98.25%,98.28%;KL9_17_rmlD,99.32%,99.66%;KL9_18_rmlC,97.83%,99.46%;KL9_19_ugd1,100.00%,99.74%	KL9_10_wzy_KL9	0		0 / 19 (0.00%)		1	KL169_01_galF,90.34%,96.99%	KL9_02_cpsACP,92.11%,18.10%,truncated;KL9_11_gtr31,97.33%,77.59%,partial;KL9_12_ghl7,97.60%,28.80%,truncated		ST167
3.3.2	Klebsiella_pneumoniae_Species_Complex_K	3.2.2	GCA_040416595.1	ST167	KL9	K9	Typeable	?-!	98.35%	87.71%		18 / 19 (94.74%)	KL9_01_galF,98.99%,99.67%;KL9_02_cpsACP,92.11%,18.10%,truncated;KL9_03_wzi,98.81%,99.80%;KL9_04_wza,98.68%,99.74%;KL9_05_wzb,99.31%,99.31%;KL9_06_wzc,99.45%,99.86%;KL9_07_wbaP2,98.74%,99.79%;KL9_08_gtr29,98.67%,99.01%,partial;KL9_09_gtr30,98.72%,99.68%;KL9_10_wzy_KL9,100.00%,7.67%,partial;KL9_12_ghl7,97.60%,28.80%,truncated;KL9_13_wzx_KL9,98.93%,66.75%,partial;KL9_14_gnd,99.57%,99.79%;KL9_15_rmlB,98.87%,99.72%;KL9_16_rmlA,98.25%,98.28%;KL9_17_rmlD,99.32%,99.66%;KL9_18_rmlC,97.83%,99.46%;KL9_19_ugd1,100.00%,99.74%	KL9_11_gtr31	0		0 / 19 (0.00%)		1	KL169_01_galF,90.34%,96.99%	KL9_02_cpsACP,92.11%,18.10%,truncated;KL9_08_gtr29,98.67%,99.01%,partial;KL9_10_wzy_KL9,100.00%,7.67%,partial;KL9_12_ghl7,97.60%,28.80%,truncated;KL9_13_wzx_KL9,98.93%,66.75%,partial		ST167
3.3.2	Klebsiella_pneumoniae_Species_Complex_K	3.2.2	GCA_040416615.1	ST167	KL9	K9	Typeable	?!	98.42%	99.50%		19 / 19 (100.00%)	KL9_01_galF,98.99%,99.67%;KL9_02_cpsACP,92.11%,18.10%,truncated;KL9_03_wzi,98.81%,99.80%;KL9_04_wza,98.68%,99.74%;KL9_05_wzb,99.31%,99.31%;KL9_06_wzc,99.45%,99.86%;KL9_07_wbaP2,98.74%,99.79%;KL9_08_gtr29,98.68%,99.67%;KL9_09_gtr30,98.72%,99.68%;KL9_10_wzy_KL9,98.67%,20.20%,truncated;KL9_11_gtr31,98.62%,99.66%;KL9_12_ghl7,97.60%,28.80%,truncated;KL9_13_wzx_KL9,99.05%,99.76%;KL9_14_gnd,99.57%,99.79%;KL9_15_rmlB,98.87%,99.72%;KL9_16_rmlA,98.25%,98.28%;KL9_17_rmlD,99.32%,99.66%;KL9_18_rmlC,97.83%,99.46%;KL9_19_ugd1,100.00%,99.74%		0		0 / 19 (0.00%)		1	KL169_01_galF,90.34%,96.99%	KL9_02_cpsACP,92.11%,18.10%,truncated;KL9_10_wzy_KL9,98.67%,20.20%,truncated;KL9_12_ghl7,97.60%,28.80%,truncated		ST167
3.3.2	Klebsiella_pneumoniae_Species_Complex_K	3.2.2	GCA_040416625.1	ST167	KL9	K9	Typeable	?!	98.41%	98.92%		19 / 19 (100.00%)	KL9_01_galF,98.99%,99.67%;KL9_02_cpsACP,92.11%,18.10%,truncated;KL9_03_wzi,98.81%,99.80%;KL9_04_wza,98.68%,99.74%;KL9_05_wzb,99.31%,99.31%;KL9_06_wzc,99.45%,99.86%;KL9_07_wbaP2,98.74%,99.79%;KL9_08_gtr29,98.68%,99.67%;KL9_09_gtr30,98.72%,99.68%;KL9_10_wzy_KL9,98.21%,99.74%;KL9_11_gtr31,98.62%,99.66%;KL9_12_ghl7,97.60%,28.80%,truncated;KL9_13_wzx_KL9,99.05%,99.76%;KL9_14_gnd,99.57%,99.79%;KL9_15_rmlB,98.87%,99.72%;KL9_16_rmlA,98.25%,98.28%;KL9_17_rmlD,99.32%,99.66%;KL9_18_rmlC,97.83%,99.46%;KL9_19_ugd1,100.00%,99.74%		0		0 / 19 (0.00%)		1	KL169_01_galF,90.34%,96.99%	KL9_02_cpsACP,92.11%,18.10%,truncated;KL9_12_ghl7,97.60%,28.80%,truncated		ST167
3.3.2	Klebsiella_pneumoniae_Species_Complex_K	3.2.2	GCA_040416635.1	ST167	KL9	K9	Typeable	?-!	98.41%	99.11%		19 / 20 (95.00%)	KL9_01_galF,98.99%,99.67%;KL9_02_cpsACP,92.11%,18.10%,truncated;KL9_03_wzi,98.81%,99.80%;KL9_04_wza,98.68%,99.74%;KL9_05_wzb,99.31%,99.31%;KL9_06_wzc,99.45%,99.86%;KL9_07_wbaP2,98.74%,99.79%;KL9_08_gtr29,98.68%,99.67%;KL9_09_gtr30,98.72%,99.68%;KL9_10_wzy_KL9,98.46%,99.74%;KL9_11_gtr31,98.47%,90.34%,partial;KL9_12_ghl7,97.60%,28.80%,truncated;KL9_13_wzx_KL9,99.05%,99.76%;KL9_14_gnd,99.57%,99.79%;KL9_15_rmlB,98.87%,99.72%;KL9_16_rmlA,98.25%,98.28%;KL9_17_rmlD,99.32%,99.66%;KL9_18_rmlC,97.83%,99.46%;KL9_19_ugd1,100.00%,99.74%		0		1 / 20 (5.00%)	KL9_11_gtr31,100.00%,5.86%,partial	1	KL169_01_galF,90.34%,96.99%	KL9_02_cpsACP,92.11%,18.10%,truncated;KL9_11_gtr31,98.47%,90.34%,partial;KL9_11_gtr31,100.00%,5.86%,partial;KL9_12_ghl7,97.60%,28.80%,truncated		ST167
3.3.2	Klebsiella_pneumoniae_Species_Complex_K	3.2.2	GCA_040416695.1	ST167	KL103	unknown	Typeable	?!	99.17%	97.67%		21 / 21 (100.00%)	KL103_01_galF,99.33%,99.67%;KL103_02_cpsACP,98.09%,99.52%;KL103_03_wzi,98.95%,99.79%;KL103_04_wza,99.74%,99.74%;KL103_05_wzb,100.00%,99.31%;KL103_06_wzc,99.72%,99.86%;KL103_07_wbaP32,99.79%,99.79%;KL103_08_gtr308,99.34%,99.67%;KL103_09_gtr309,100.00%,99.72%;KL103_10_ghl74,99.57%,99.79%;KL103_11_gtr310,100.00%,99.66%;KL103_12_wzy_KL103,100.00%,99.76%;KL103_13_gtr311,99.20%,99.73%;KL103_14_gtr312,99.32%,53.43%,partial;KL103_14_gtr312,98.98%,35.38%,partial;KL103_15_wzx_KL103,100.00%,99.79%;KL103_16_gnd,99.36%,99.79%;KL103_17_rmlB,100.00%,99.72%;KL103_18_rmlA,99.65%,99.66%;KL103_19_rmlD,99.66%,99.66%;KL103_20_rmlC,100.00%,99.46%;KL103_21_ugd1,99.74%,99.74%		0		0 / 21 (0.00%)		1	KL169_01_galF,90.34%,96.99%	KL103_14_gtr312,99.32%,53.43%,partial;KL103_14_gtr312,98.98%,35.38%,partial		ST167
3.3.2	Klebsiella_pneumoniae_Species_Complex_K	3.2.2	GCA_040416705.1	ST167	KL9	K9	Typeable	?-!	98.35%	83.94%		16 / 19 (84.21%)	KL9_01_galF,98.99%,99.67%;KL9_02_cpsACP,92.11%,18.10%,truncated;KL9_03_wzi,98.81%,99.80%;KL9_04_wza,98.68%,99.74%;KL9_05_wzb,99.31%,99.31%;KL9_06_wzc,99.45%,99.86%;KL9_07_wbaP2,98.74%,99.79%;KL9_09_gtr30,98.72%,99.68%;KL9_12_ghl7,97.54%,28.11%,partial;KL9_13_wzx_KL9,98.97%,68.88%,partial;KL9_14_gnd,99.57%,99.79%;KL9_15_rmlB,98.87%,99.72%;KL9_16_rmlA,98.25%,98.28%;KL9_17_rmlD,99.32%,99.66%;KL9_18_rmlC,97.83%,99.46%;KL9_19_ugd1,100.00%,99.74%	KL9_08_gtr29;KL9_10_wzy_KL9;KL9_11_gtr31	0		0 / 19 (0.00%)		1	KL169_01_galF,90.34%,96.99%	KL9_02_cpsACP,92.11%,18.10%,truncated;KL9_12_ghl7,97.54%,28.11%,partial;KL9_13_wzx_KL9,98.97%,68.88%,partial		ST167
3.3.2	Klebsiella_pneumoniae_Species_Complex_K	3.2.2	GCA_040416775.1	ST167	KL103	unknown	Typeable	?-!	99.11%	97.51%		21 / 22 (95.45%)	KL103_01_galF,99.33%,99.67%;KL103_02_cpsACP,98.09%,99.52%;KL103_03_wzi,98.95%,99.79%;KL103_04_wza,99.74%,99.74%;KL103_05_wzb,100.00%,99.31%;KL103_06_wzc,99.72%,99.86%;KL103_07_wbaP32,99.79%,99.79%;KL103_08_gtr308,99.34%,99.67%;KL103_09_gtr309,100.00%,99.72%;KL103_10_ghl74,99.57%,99.79%;KL103_11_gtr310,100.00%,99.66%;KL103_12_wzy_KL103,99.53%,51.95%,partial;KL103_13_gtr311,99.20%,99.73%;KL103_14_gtr312,98.91%,99.64%;KL103_15_wzx_KL103,100.00%,99.79%;KL103_16_gnd,99.36%,99.79%;KL103_17_rmlB,100.00%,99.72%;KL103_18_rmlA,99.65%,99.66%;KL103_19_rmlD,99.66%,99.66%;KL103_20_rmlC,100.00%,99.46%;KL103_21_ugd1,99.74%,99.74%		0		1 / 22 (4.55%)	KL103_12_wzy_KL103,100.00%,44.88%,partial	1	KL169_01_galF,90.34%,96.99%	KL103_12_wzy_KL103,99.53%,51.95%,partial;KL103_12_wzy_KL103,100.00%,44.88%,partial		ST167
3.3.2	Klebsiella_pneumoniae_Species_Complex_K	3.2.2	GCA_040416795.1	ST167	KL103	unknown	Typeable	?-!	98.96%	81.79%		21 / 23 (91.30%)	KL103_01_galF,99.33%,99.67%;KL103_02_cpsACP,98.09%,99.52%;KL103_03_wzi,98.95%,99.79%;KL103_04_wza,99.74%,99.74%;KL103_05_wzb,100.00%,99.31%;KL103_06_wzc,99.72%,99.86%;KL103_07_wbaP32,99.79%,99.79%;KL103_08_gtr308,99.34%,99.67%;KL103_09_gtr309,100.00%,65.63%,partial;KL103_10_ghl74,99.57%,99.79%;KL103_11_gtr310,100.00%,93.90%,partial;KL103_12_wzy_KL103,100.00%,42.68%,partial;KL103_13_gtr311,100.00%,31.47%,partial;KL103_14_gtr312,100.00%,10.47%,partial;KL103_15_wzx_KL103,100.00%,53.03%,partial;KL103_16_gnd,99.36%,99.79%;KL103_17_rmlB,100.00%,99.72%;KL103_18_rmlA,99.65%,99.66%;KL103_19_rmlD,99.66%,99.66%;KL103_20_rmlC,100.00%,99.46%;KL103_21_ugd1,99.74%,99.74%		0		2 / 23 (8.70%)	KL103_09_gtr309,100.00%,23.94%,partial;KL103_15_wzx_KL103,100.00%,44.47%,partial	1	KL169_01_galF,90.34%,96.99%	KL103_09_gtr309,100.00%,65.63%,partial;KL103_09_gtr309,100.00%,23.94%,partial;KL103_11_gtr310,100.00%,93.90%,partial;KL103_12_wzy_KL103,100.00%,42.68%,partial;KL103_13_gtr311,100.00%,31.47%,partial;KL103_14_gtr312,100.00%,10.47%,partial;KL103_15_wzx_KL103,100.00%,53.03%,partial;KL103_15_wzx_KL103,100.00%,44.47%,partial		ST167
3.3.2	Klebsiella_pneumoniae_Species_Complex_K	3.2.2	GCA_040416815.1	ST167	KL9	K9	Typeable	?-!	98.37%	86.73%		17 / 19 (89.47%)	KL9_01_galF,98.99%,99.67%;KL9_02_cpsACP,92.11%,18.10%,truncated;KL9_03_wzi,98.81%,99.80%;KL9_04_wza,98.68%,99.74%;KL9_05_wzb,99.31%,99.31%;KL9_06_wzc,99.45%,99.86%;KL9_07_wbaP2,98.69%,96.43%,partial;KL9_08_gtr29,98.68%,99.67%;KL9_09_gtr30,98.55%,87.86%,partial;KL9_12_ghl7,100.00%,11.29%,partial;KL9_13_wzx_KL9,99.05%,99.76%;KL9_14_gnd,99.57%,99.79%;KL9_15_rmlB,98.87%,99.72%;KL9_16_rmlA,98.25%,98.28%;KL9_17_rmlD,99.32%,99.66%;KL9_18_rmlC,97.83%,99.46%;KL9_19_ugd1,100.00%,99.74%	KL9_10_wzy_KL9;KL9_11_gtr31	0		0 / 19 (0.00%)		1	KL169_01_galF,90.34%,96.99%	KL9_02_cpsACP,92.11%,18.10%,truncated;KL9_07_wbaP2,98.69%,96.43%,partial;KL9_09_gtr30,98.55%,87.86%,partial;KL9_12_ghl7,100.00%,11.29%,partial		ST167
3.3.2	Klebsiella_pneumoniae_Species_Complex_K	3.2.2	GCA_040416845.1	ST167	KL103	unknown	Typeable	?+-!	99.01%	97.27%		21 / 26 (80.77%)	KL103_01_galF,99.33%,99.67%;KL103_02_cpsACP,98.09%,99.52%;KL103_03_wzi,98.95%,99.79%;KL103_04_wza,99.74%,99.74%;KL103_05_wzb,100.00%,99.31%;KL103_06_wzc,99.72%,99.86%;KL103_07_wbaP32,99.79%,99.79%;KL103_08_gtr308,99.34%,99.67%;KL103_09_gtr309,100.00%,99.72%;KL103_10_ghl74,99.57%,99.79%;KL103_11_gtr310,100.00%,99.66%;KL103_12_wzy_KL103,100.00%,48.54%,partial;KL103_13_gtr311,99.19%,99.73%;KL103_14_gtr312,98.91%,99.64%;KL103_15_wzx_KL103,100.00%,69.73%,partial;KL103_16_gnd,99.36%,99.79%;KL103_17_rmlB,100.00%,99.72%;KL103_18_rmlA,99.65%,99.66%;KL103_19_rmlD,99.66%,99.66%;KL103_20_rmlC,100.00%,77.84%,partial;KL103_21_ugd1,99.73%,94.34%,partial		1	KL81_18_rmlA,98.96%,99.66%	5 / 26 (19.23%)	KL103_12_wzy_KL103,100.00%,44.88%,partial;KL103_15_wzx_KL103,100.00%,29.44%,partial;KL103_19_rmlD,99.65%,95.96%,partial;KL103_20_rmlC,98.61%,77.84%,partial;KL103_20_rmlC,100.00%,44.32%,partial;KL103_21_ugd1,100.00%,94.34%,partial	15	KL4_01_galF,98.90%,89.64%,partial;KL40_28_ugd1,98.39%,55.86%,partial;KL9_03_wzi,98.81%,99.80%;KL9_04_wza,98.68%,99.74%;KL9_05_wzb,99.31%,99.31%;KL9_06_wzc,99.45%,99.86%;KL9_07_wbaP2,98.74%,99.79%;KL9_08_gtr29,98.61%,95.05%,partial;KL9_11_gtr31,98.60%,98.28%,partial;KL9_12_ghl7,97.60%,28.80%,truncated;KL9_13_wzx_KL9,99.05%,99.76%;KL9_14_gnd,99.57%,99.79%;KL106_02_cpsACP,92.11%,18.36%,truncated;KL169_01_galF,90.34%,96.99%;KL180_22_rmlD,100.00%,15.82%,partial	KL4_01_galF,98.90%,89.64%,partial;KL40_28_ugd1,98.39%,55.86%,partial;KL9_08_gtr29,98.61%,95.05%,partial;KL9_11_gtr31,98.60%,98.28%,partial;KL9_12_ghl7,97.60%,28.80%,truncated;KL103_12_wzy_KL103,100.00%,48.54%,partial;KL103_12_wzy_KL103,100.00%,44.88%,partial;KL103_15_wzx_KL103,100.00%,69.73%,partial;KL103_15_wzx_KL103,100.00%,29.44%,partial;KL103_19_rmlD,99.65%,95.96%,partial;KL103_20_rmlC,100.00%,77.84%,partial;KL103_20_rmlC,98.61%,77.84%,partial;KL103_20_rmlC,100.00%,44.32%,partial;KL103_21_ugd1,99.73%,94.34%,partial;KL103_21_ugd1,100.00%,94.34%,partial;KL106_02_cpsACP,92.11%,18.36%,truncated;KL180_22_rmlD,100.00%,15.82%,partial		ST167
3.3.2	Klebsiella_pneumoniae_Species_Complex_K	3.2.2	GCA_040416865.1	ST167	KL9	K9	Typeable	?!	98.43%	99.50%		19 / 19 (100.00%)	KL9_01_galF,98.99%,99.67%;KL9_02_cpsACP,92.11%,18.10%,truncated;KL9_03_wzi,98.81%,99.80%;KL9_04_wza,98.68%,99.74%;KL9_05_wzb,99.31%,99.31%;KL9_06_wzc,99.45%,99.86%;KL9_07_wbaP2,98.74%,99.79%;KL9_08_gtr29,98.68%,99.67%;KL9_09_gtr30,98.72%,99.68%;KL9_10_wzy_KL9,98.46%,99.74%;KL9_11_gtr31,98.62%,99.66%;KL9_12_ghl7,97.60%,28.80%,truncated;KL9_13_wzx_KL9,99.05%,99.76%;KL9_14_gnd,99.57%,99.79%;KL9_15_rmlB,98.87%,99.72%;KL9_16_rmlA,98.25%,98.28%;KL9_17_rmlD,99.32%,99.66%;KL9_18_rmlC,97.83%,99.46%;KL9_19_ugd1,100.00%,99.74%		0		0 / 19 (0.00%)		1	KL169_01_galF,90.34%,96.99%	KL9_02_cpsACP,92.11%,18.10%,truncated;KL9_12_ghl7,97.60%,28.80%,truncated		ST167
3.3.2	Klebsiella_pneumoniae_Species_Complex_K	3.2.2	GCA_040416885.1	ST167	KL9	K9	Typeable	?!	98.57%	93.69%		19 / 19 (100.00%)	KL9_01_galF,98.99%,99.67%;KL9_02_cpsACP,92.11%,18.10%,truncated;KL9_03_wzi,98.81%,99.80%;KL9_04_wza,98.68%,99.74%;KL9_05_wzb,99.31%,99.31%;KL9_06_wzc,99.45%,99.86%;KL9_07_wbaP2,98.74%,99.79%;KL9_08_gtr29,99.20%,82.84%,partial;KL9_09_gtr30,98.72%,99.68%;KL9_10_wzy_KL9,100.00%,7.93%,partial;KL9_10_wzy_KL9,100.00%,5.37%,partial;KL9_11_gtr31,98.62%,99.66%;KL9_12_ghl7,97.60%,28.80%,truncated;KL9_13_wzx_KL9,99.05%,99.76%;KL9_14_gnd,99.57%,99.79%;KL9_15_rmlB,98.87%,99.72%;KL9_16_rmlA,98.25%,98.28%;KL9_17_rmlD,99.32%,99.66%;KL9_18_rmlC,97.83%,99.46%;KL9_19_ugd1,100.00%,99.74%		0		0 / 19 (0.00%)		7	KL19_17_rmlA,99.51%,70.34%,partial;KL103_03_wzi,98.80%,69.87%,partial;KL103_04_wza,99.74%,99.74%;KL103_05_wzb,100.00%,99.31%;KL103_06_wzc,100.00%,7.23%,partial;KL103_16_gnd,99.20%,53.30%,partial;KL169_01_galF,90.34%,96.99%	KL19_17_rmlA,99.51%,70.34%,partial;KL9_02_cpsACP,92.11%,18.10%,truncated;KL9_08_gtr29,99.20%,82.84%,partial;KL9_10_wzy_KL9,100.00%,7.93%,partial;KL9_10_wzy_KL9,100.00%,5.37%,partial;KL9_12_ghl7,97.60%,28.80%,truncated;KL103_03_wzi,98.80%,69.87%,partial;KL103_06_wzc,100.00%,7.23%,partial;KL103_16_gnd,99.20%,53.30%,partial		ST167
3.3.2	Klebsiella_pneumoniae_Species_Complex_K	3.2.2	GCA_040416915.1	ST167	KL103	unknown	Typeable	?-!	99.02%	92.34%		20 / 21 (95.24%)	KL103_01_galF,99.33%,99.67%;KL103_02_cpsACP,98.09%,99.52%;KL103_03_wzi,98.95%,99.79%;KL103_04_wza,99.74%,99.74%;KL103_05_wzb,100.00%,99.31%;KL103_06_wzc,99.72%,99.86%;KL103_07_wbaP32,99.79%,99.79%;KL103_08_gtr308,99.34%,99.67%;KL103_09_gtr309,100.00%,65.35%,partial;KL103_10_ghl74,99.57%,99.79%;KL103_11_gtr310,100.00%,99.66%;KL103_12_wzy_KL103,100.00%,60.00%,partial;KL103_13_gtr311,98.91%,97.87%,partial;KL103_15_wzx_KL103,100.00%,91.86%,partial;KL103_16_gnd,99.36%,99.79%;KL103_17_rmlB,100.00%,99.72%;KL103_18_rmlA,99.65%,99.66%;KL103_19_rmlD,99.66%,99.66%;KL103_20_rmlC,100.00%,99.46%;KL103_21_ugd1,99.74%,99.74%	KL103_14_gtr312	0		0 / 21 (0.00%)		1	KL169_01_galF,90.34%,96.99%	KL103_09_gtr309,100.00%,65.35%,partial;KL103_12_wzy_KL103,100.00%,60.00%,partial;KL103_13_gtr311,98.91%,97.87%,partial;KL103_15_wzx_KL103,100.00%,91.86%,partial		ST167
3.3.2	Klebsiella_pneumoniae_Species_Complex_K	3.2.2	GCA_040416955.1	ST167	KL103	unknown	Typeable		99.15%	100.00%	1	21 / 21 (100.00%)	KL103_01_galF,99.33%,99.67%;KL103_02_cpsACP,98.09%,99.52%;KL103_03_wzi,98.95%,99.79%;KL103_04_wza,99.74%,99.74%;KL103_05_wzb,100.00%,99.31%;KL103_06_wzc,99.72%,99.86%;KL103_07_wbaP32,99.79%,99.79%;KL103_08_gtr308,99.34%,99.67%;KL103_09_gtr309,100.00%,99.72%;KL103_10_ghl74,99.57%,99.79%;KL103_11_gtr310,100.00%,99.66%;KL103_12_wzy_KL103,100.00%,99.76%;KL103_13_gtr311,99.20%,99.73%;KL103_14_gtr312,98.91%,99.64%;KL103_15_wzx_KL103,100.00%,99.79%;KL103_16_gnd,99.36%,99.79%;KL103_17_rmlB,100.00%,99.72%;KL103_18_rmlA,99.65%,99.66%;KL103_19_rmlD,99.66%,99.66%;KL103_20_rmlC,100.00%,99.46%;KL103_21_ugd1,99.74%,99.74%		0		0 / 21 (0.00%)		1	KL169_01_galF,90.34%,96.99%			ST167
3.3.2	Klebsiella_pneumoniae_Species_Complex_K	3.2.2	GCA_040416975.1	ST167	KL9	K9	Typeable	?-!	98.39%	88.86%		17 / 19 (89.47%)	KL9_01_galF,98.99%,99.67%;KL9_02_cpsACP,92.11%,18.10%,truncated;KL9_03_wzi,98.81%,99.80%;KL9_04_wza,98.68%,99.74%;KL9_05_wzb,99.31%,99.31%;KL9_06_wzc,99.45%,99.86%;KL9_07_wbaP2,98.74%,99.79%;KL9_08_gtr29,98.66%,98.35%,partial;KL9_09_gtr30,98.72%,99.68%;KL9_12_ghl7,100.00%,10.60%,partial;KL9_13_wzx_KL9,99.05%,99.76%;KL9_14_gnd,99.57%,99.79%;KL9_15_rmlB,98.87%,99.72%;KL9_16_rmlA,98.25%,98.28%;KL9_17_rmlD,99.32%,99.66%;KL9_18_rmlC,97.83%,99.46%;KL9_19_ugd1,100.00%,99.74%	KL9_10_wzy_KL9;KL9_11_gtr31	0		0 / 19 (0.00%)		1	KL169_01_galF,90.34%,96.99%	KL9_02_cpsACP,92.11%,18.10%,truncated;KL9_08_gtr29,98.66%,98.35%,partial;KL9_12_ghl7,100.00%,10.60%,partial		ST167
3.3.2	Klebsiella_pneumoniae_Species_Complex_K	3.2.2	GCA_040416995.1	ST167	KL103	unknown	Typeable	?-!	99.07%	85.87%		19 / 21 (90.48%)	KL103_01_galF,99.33%,99.67%;KL103_02_cpsACP,98.09%,99.52%;KL103_03_wzi,98.95%,99.79%;KL103_04_wza,99.74%,99.74%;KL103_05_wzb,100.00%,99.31%;KL103_06_wzc,99.72%,99.86%;KL103_07_wbaP32,99.79%,99.79%;KL103_08_gtr308,99.34%,99.67%;KL103_09_gtr309,100.00%,99.72%;KL103_10_ghl74,99.57%,99.79%;KL103_11_gtr310,100.00%,99.66%;KL103_12_wzy_KL103,100.00%,83.17%,partial;KL103_15_wzx_KL103,100.00%,22.34%,partial;KL103_16_gnd,99.36%,99.79%;KL103_17_rmlB,100.00%,99.72%;KL103_18_rmlA,99.65%,99.66%;KL103_19_rmlD,99.66%,99.66%;KL103_20_rmlC,100.00%,99.46%;KL103_21_ugd1,99.74%,99.74%	KL103_13_gtr311;KL103_14_gtr312	0		0 / 21 (0.00%)		1	KL169_01_galF,90.34%,96.99%	KL103_12_wzy_KL103,100.00%,83.17%,partial;KL103_15_wzx_KL103,100.00%,22.34%,partial		ST167
3.3.2	Klebsiella_pneumoniae_Species_Complex_K	3.2.2	GCA_040417015.1	ST167	KL103	unknown	Typeable	?-!	99.02%	84.98%		19 / 22 (86.36%)	KL103_01_galF,99.33%,99.67%;KL103_02_cpsACP,98.09%,99.52%;KL103_03_wzi,98.95%,99.79%;KL103_04_wza,99.74%,99.74%;KL103_05_wzb,100.00%,99.31%;KL103_06_wzc,99.72%,99.86%;KL103_07_wbaP32,99.79%,99.79%;KL103_08_gtr308,99.34%,99.67%;KL103_09_gtr309,100.00%,89.58%,partial;KL103_10_ghl74,99.57%,99.79%;KL103_11_gtr310,100.00%,99.66%;KL103_12_wzy_KL103,100.00%,47.56%,partial;KL103_15_wzx_KL103,100.00%,50.52%,partial;KL103_16_gnd,99.36%,99.79%;KL103_17_rmlB,100.00%,99.72%;KL103_18_rmlA,99.65%,99.66%;KL103_19_rmlD,99.66%,99.66%;KL103_20_rmlC,100.00%,99.46%;KL103_21_ugd1,99.74%,99.74%	KL103_13_gtr311;KL103_14_gtr312	0		1 / 22 (4.55%)	KL103_15_wzx_KL103,100.00%,7.10%,partial	1	KL169_01_galF,90.34%,96.99%	KL103_09_gtr309,100.00%,89.58%,partial;KL103_12_wzy_KL103,100.00%,47.56%,partial;KL103_15_wzx_KL103,100.00%,50.52%,partial;KL103_15_wzx_KL103,100.00%,7.10%,partial		ST167
3.3.2	Klebsiella_pneumoniae_Species_Complex_K	3.2.2	GCA_040417035.1	ST167	KL9	K9	Typeable	?-!	98.34%	90.99%		18 / 19 (94.74%)	KL9_01_galF,98.99%,99.67%;KL9_02_cpsACP,92.11%,18.10%,truncated;KL9_03_wzi,98.81%,99.80%;KL9_04_wza,98.68%,99.74%;KL9_05_wzb,99.31%,99.31%;KL9_06_wzc,99.45%,99.86%;KL9_07_wbaP2,98.74%,99.79%;KL9_08_gtr29,98.68%,99.67%;KL9_09_gtr30,98.48%,62.94%,partial;KL9_11_gtr31,98.57%,96.55%,partial;KL9_12_ghl7,97.60%,28.80%,truncated;KL9_13_wzx_KL9,98.97%,68.88%,partial;KL9_14_gnd,99.57%,99.79%;KL9_15_rmlB,98.87%,99.72%;KL9_16_rmlA,98.25%,98.28%;KL9_17_rmlD,99.32%,99.66%;KL9_18_rmlC,97.83%,99.46%;KL9_19_ugd1,100.00%,99.74%	KL9_10_wzy_KL9	0		0 / 19 (0.00%)		1	KL169_01_galF,90.34%,96.99%	KL9_02_cpsACP,92.11%,18.10%,truncated;KL9_09_gtr30,98.48%,62.94%,partial;KL9_11_gtr31,98.57%,96.55%,partial;KL9_12_ghl7,97.60%,28.80%,truncated;KL9_13_wzx_KL9,98.97%,68.88%,partial		ST167
3.3.2	Klebsiella_pneumoniae_Species_Complex_K	3.2.2	GCA_040417055.1	ST167	KL9	K9	Typeable	?-!	98.34%	82.82%		16 / 19 (84.21%)	KL9_01_galF,98.99%,99.67%;KL9_02_cpsACP,92.11%,18.10%,truncated;KL9_03_wzi,98.81%,99.80%;KL9_04_wza,98.68%,99.74%;KL9_05_wzb,99.31%,99.31%;KL9_06_wzc,99.45%,99.86%;KL9_07_wbaP2,98.74%,99.79%;KL9_08_gtr29,98.68%,99.67%;KL9_12_ghl7,100.00%,5.53%,partial;KL9_13_wzx_KL9,98.91%,65.32%,partial;KL9_14_gnd,99.57%,99.79%;KL9_15_rmlB,98.87%,99.72%;KL9_16_rmlA,98.25%,98.28%;KL9_17_rmlD,99.32%,99.66%;KL9_18_rmlC,97.83%,99.46%;KL9_19_ugd1,100.00%,99.74%	KL9_09_gtr30;KL9_10_wzy_KL9;KL9_11_gtr31	0		0 / 19 (0.00%)		1	KL169_01_galF,90.34%,96.99%	KL9_02_cpsACP,92.11%,18.10%,truncated;KL9_12_ghl7,100.00%,5.53%,partial;KL9_13_wzx_KL9,98.91%,65.32%,partial		ST167
3.3.2	Klebsiella_pneumoniae_Species_Complex_K	3.2.2	GCA_040417095.1	ST167	KL103	unknown	Typeable	?-!	99.03%	81.57%		19 / 22 (86.36%)	KL103_01_galF,99.33%,99.67%;KL103_02_cpsACP,98.09%,99.52%;KL103_03_wzi,98.95%,99.79%;KL103_04_wza,99.74%,99.74%;KL103_05_wzb,100.00%,99.31%;KL103_06_wzc,99.72%,99.86%;KL103_07_wbaP32,99.67%,63.47%,partial;KL103_08_gtr308,99.34%,99.67%;KL103_09_gtr309,100.00%,99.72%;KL103_10_ghl74,99.57%,99.79%;KL103_11_gtr310,100.00%,99.66%;KL103_12_wzy_KL103,100.00%,39.27%,partial;KL103_15_wzx_KL103,100.00%,22.34%,partial;KL103_16_gnd,99.36%,99.79%;KL103_17_rmlB,100.00%,99.72%;KL103_18_rmlA,99.65%,99.66%;KL103_19_rmlD,99.66%,99.66%;KL103_20_rmlC,100.00%,99.46%;KL103_21_ugd1,99.74%,99.74%	KL103_13_gtr311;KL103_14_gtr312	0		1 / 22 (4.55%)	KL103_07_wbaP32,100.00%,38.00%,partial	1	KL169_01_galF,90.34%,96.99%	KL103_07_wbaP32,99.67%,63.47%,partial;KL103_07_wbaP32,100.00%,38.00%,partial;KL103_12_wzy_KL103,100.00%,39.27%,partial;KL103_15_wzx_KL103,100.00%,22.34%,partial		ST167
3.3.2	Klebsiella_pneumoniae_Species_Complex_K	3.2.2	GCA_040417135.1	ST167	KL9	K9	Typeable	?-!	98.41%	93.45%		18 / 19 (94.74%)	KL9_01_galF,98.99%,99.67%;KL9_02_cpsACP,92.11%,18.10%,truncated;KL9_03_wzi,98.81%,99.80%;KL9_04_wza,98.68%,99.74%;KL9_05_wzb,99.31%,99.31%;KL9_06_wzc,99.45%,99.86%;KL9_07_wbaP2,98.74%,99.79%;KL9_08_gtr29,98.68%,99.67%;KL9_09_gtr30,98.72%,99.68%;KL9_10_wzy_KL9,98.24%,86.96%,partial;KL9_12_ghl7,97.60%,28.80%,truncated;KL9_13_wzx_KL9,99.05%,99.76%;KL9_14_gnd,99.57%,99.79%;KL9_15_rmlB,98.87%,99.72%;KL9_16_rmlA,98.25%,98.28%;KL9_17_rmlD,99.32%,99.66%;KL9_18_rmlC,97.83%,99.46%;KL9_19_ugd1,100.00%,99.74%	KL9_11_gtr31	0		0 / 19 (0.00%)		1	KL169_01_galF,90.34%,96.99%	KL9_02_cpsACP,92.11%,18.10%,truncated;KL9_10_wzy_KL9,98.24%,86.96%,partial;KL9_12_ghl7,97.60%,28.80%,truncated		ST167
3.3.2	Klebsiella_pneumoniae_Species_Complex_K	3.2.2	GCA_040417175.1	ST167	KL103	unknown	Typeable	?!	99.15%	96.51%		21 / 21 (100.00%)	KL103_01_galF,99.33%,99.67%;KL103_02_cpsACP,98.09%,99.52%;KL103_03_wzi,98.95%,99.79%;KL103_04_wza,99.74%,99.74%;KL103_05_wzb,100.00%,99.31%;KL103_06_wzc,99.72%,99.86%;KL103_07_wbaP32,99.79%,99.79%;KL103_08_gtr308,99.34%,99.67%;KL103_09_gtr309,100.00%,99.72%;KL103_10_ghl74,99.57%,99.79%;KL103_11_gtr310,100.00%,99.66%;KL103_12_wzy_KL103,99.76%,99.76%;KL103_13_gtr311,100.00%,40.80%,partial;KL103_14_gtr312,97.04%,97.47%,partial;KL103_15_wzx_KL103,100.00%,99.79%;KL103_16_gnd,99.36%,99.79%;KL103_17_rmlB,100.00%,99.72%;KL103_18_rmlA,99.65%,99.66%;KL103_19_rmlD,99.66%,99.66%;KL103_20_rmlC,100.00%,99.46%;KL103_21_ugd1,99.74%,99.74%		0		0 / 21 (0.00%)		1	KL169_01_galF,90.34%,96.99%	KL103_13_gtr311,100.00%,40.80%,partial;KL103_14_gtr312,97.04%,97.47%,partial		ST167
3.3.2	Klebsiella_pneumoniae_Species_Complex_K	3.2.2	GCA_040417195.1	ST167	KL103	unknown	Typeable	?!	99.09%	98.18%		21 / 21 (100.00%)	KL103_01_galF,99.33%,99.67%;KL103_02_cpsACP,98.09%,99.52%;KL103_03_wzi,98.95%,99.79%;KL103_04_wza,99.74%,99.74%;KL103_05_wzb,100.00%,99.31%;KL103_06_wzc,99.72%,99.86%;KL103_07_wbaP32,99.79%,99.79%;KL103_08_gtr308,99.34%,99.67%;KL103_09_gtr309,100.00%,97.75%,partial;KL103_10_ghl74,99.57%,99.79%;KL103_11_gtr310,100.00%,99.66%;KL103_12_wzy_KL103,100.00%,99.76%;KL103_13_gtr311,99.70%,89.87%,partial;KL103_14_gtr312,98.55%,99.64%;KL103_15_wzx_KL103,100.00%,99.79%;KL103_16_gnd,99.36%,99.79%;KL103_17_rmlB,100.00%,99.72%;KL103_18_rmlA,99.65%,99.66%;KL103_19_rmlD,99.66%,99.66%;KL103_20_rmlC,100.00%,99.46%;KL103_21_ugd1,99.74%,99.74%		0		0 / 21 (0.00%)		1	KL169_01_galF,90.34%,96.99%	KL103_09_gtr309,100.00%,97.75%,partial;KL103_13_gtr311,99.70%,89.87%,partial		ST167
3.3.2	Klebsiella_pneumoniae_Species_Complex_K	3.2.2	GCA_040417215.1	ST167	KL103	unknown	Typeable	?-!	99.11%	97.77%		21 / 22 (95.45%)	KL103_01_galF,99.33%,99.67%;KL103_02_cpsACP,98.09%,99.52%;KL103_03_wzi,98.95%,99.79%;KL103_04_wza,99.74%,99.74%;KL103_05_wzb,100.00%,99.31%;KL103_06_wzc,99.72%,99.86%;KL103_07_wbaP32,99.79%,99.79%;KL103_08_gtr308,99.34%,99.67%;KL103_09_gtr309,100.00%,99.72%;KL103_10_ghl74,99.57%,99.79%;KL103_11_gtr310,100.00%,99.66%;KL103_12_wzy_KL103,100.00%,55.61%,partial;KL103_13_gtr311,99.20%,99.73%;KL103_14_gtr312,98.91%,99.64%;KL103_15_wzx_KL103,100.00%,99.79%;KL103_16_gnd,99.36%,99.79%;KL103_17_rmlB,100.00%,99.72%;KL103_18_rmlA,99.65%,99.66%;KL103_19_rmlD,99.66%,99.66%;KL103_20_rmlC,100.00%,99.46%;KL103_21_ugd1,99.74%,99.74%		0		1 / 22 (4.55%)	KL103_12_wzy_KL103,99.42%,41.95%,partial	1	KL169_01_galF,90.34%,96.99%	KL103_12_wzy_KL103,100.00%,55.61%,partial;KL103_12_wzy_KL103,99.42%,41.95%,partial		ST167
3.3.2	Klebsiella_pneumoniae_Species_Complex_K	3.2.2	GCA_040417235.1	ST167	KL103	unknown	Typeable	?-!	98.91%	88.58%		19 / 23 (82.61%)	KL103_01_galF,99.33%,99.67%;KL103_02_cpsACP,98.09%,99.52%;KL103_03_wzi,98.95%,99.79%;KL103_04_wza,99.74%,99.74%;KL103_05_wzb,100.00%,99.31%;KL103_06_wzc,99.72%,99.86%;KL103_07_wbaP32,99.79%,99.79%;KL103_08_gtr308,99.34%,99.67%;KL103_09_gtr309,100.00%,89.58%,partial;KL103_10_ghl74,99.57%,99.15%,partial;KL103_11_gtr310,100.00%,98.64%,partial;KL103_12_wzy_KL103,100.00%,94.88%,partial;KL103_13_gtr311,99.18%,97.87%,partial;KL103_16_gnd,99.36%,99.79%;KL103_17_rmlB,100.00%,99.72%;KL103_18_rmlA,99.65%,99.66%;KL103_19_rmlD,99.66%,99.66%;KL103_20_rmlC,100.00%,99.46%;KL103_21_ugd1,99.74%,99.74%	KL103_14_gtr312;KL103_15_wzx_KL103	0		2 / 23 (8.70%)	KL103_09_gtr309,100.00%,10.99%,partial;KL103_12_wzy_KL103,100.00%,0.24%,partial	1	KL169_01_galF,90.34%,96.99%	KL103_09_gtr309,100.00%,89.58%,partial;KL103_09_gtr309,100.00%,10.99%,partial;KL103_10_ghl74,99.57%,99.15%,partial;KL103_11_gtr310,100.00%,98.64%,partial;KL103_12_wzy_KL103,100.00%,94.88%,partial;KL103_12_wzy_KL103,100.00%,0.24%,partial;KL103_13_gtr311,99.18%,97.87%,partial		ST167
3.3.2	Klebsiella_pneumoniae_Species_Complex_K	3.2.2	GCA_040417305.1	ST167	KL9	K9	Typeable	?-!	98.38%	95.91%		19 / 20 (95.00%)	KL9_01_galF,98.99%,99.67%;KL9_02_cpsACP,92.11%,18.10%,truncated;KL9_03_wzi,98.81%,99.80%;KL9_04_wza,98.68%,99.74%;KL9_05_wzb,99.31%,99.31%;KL9_06_wzc,99.45%,99.86%;KL9_07_wbaP2,98.74%,99.79%;KL9_08_gtr29,98.34%,99.67%;KL9_09_gtr30,98.72%,99.68%;KL9_10_wzy_KL9,99.16%,61.13%,partial;KL9_11_gtr31,98.56%,71.72%,partial;KL9_12_ghl7,98.04%,23.50%,partial;KL9_13_wzx_KL9,98.81%,99.76%;KL9_14_gnd,99.57%,99.79%;KL9_15_rmlB,98.87%,99.72%;KL9_16_rmlA,98.25%,98.28%;KL9_17_rmlD,99.32%,99.66%;KL9_18_rmlC,97.83%,99.46%;KL9_19_ugd1,100.00%,99.74%		0		1 / 20 (5.00%)	KL9_10_wzy_KL9,100.00%,5.63%,partial	1	KL169_01_galF,90.34%,96.99%	KL9_02_cpsACP,92.11%,18.10%,truncated;KL9_10_wzy_KL9,99.16%,61.13%,partial;KL9_10_wzy_KL9,100.00%,5.63%,partial;KL9_11_gtr31,98.56%,71.72%,partial;KL9_12_ghl7,98.04%,23.50%,partial		ST167
3.3.2	Klebsiella_pneumoniae_Species_Complex_K	3.2.2	GCA_040417335.1	ST167	KL103	unknown	Typeable	?-!	99.06%	96.18%		21 / 22 (95.45%)	KL103_01_galF,99.33%,99.67%;KL103_02_cpsACP,98.09%,99.52%;KL103_03_wzi,98.95%,99.79%;KL103_04_wza,99.74%,99.74%;KL103_05_wzb,100.00%,99.31%;KL103_06_wzc,99.72%,99.86%;KL103_07_wbaP32,99.79%,99.79%;KL103_08_gtr308,99.34%,99.67%;KL103_09_gtr309,100.00%,93.80%,partial;KL103_10_ghl74,99.57%,99.79%;KL103_11_gtr310,100.00%,99.66%;KL103_12_wzy_KL103,100.00%,99.76%;KL103_13_gtr311,98.93%,99.73%;KL103_14_gtr312,98.91%,99.64%;KL103_15_wzx_KL103,100.00%,53.03%,partial;KL103_16_gnd,99.36%,99.79%;KL103_17_rmlB,100.00%,99.72%;KL103_18_rmlA,99.65%,99.66%;KL103_19_rmlD,99.66%,99.66%;KL103_20_rmlC,100.00%,99.46%;KL103_21_ugd1,99.74%,99.74%		0		1 / 22 (4.55%)	KL103_15_wzx_KL103,100.00%,44.47%,partial	1	KL169_01_galF,90.34%,96.99%	KL103_09_gtr309,100.00%,93.80%,partial;KL103_15_wzx_KL103,100.00%,53.03%,partial;KL103_15_wzx_KL103,100.00%,44.47%,partial		ST167
3.3.2	Klebsiella_pneumoniae_Species_Complex_K	3.2.2	GCA_040417365.1	ST167	KL103	unknown	Typeable		99.15%	100.00%	1	21 / 21 (100.00%)	KL103_01_galF,99.33%,99.67%;KL103_02_cpsACP,98.09%,99.52%;KL103_03_wzi,98.95%,99.79%;KL103_04_wza,99.74%,99.74%;KL103_05_wzb,100.00%,99.31%;KL103_06_wzc,99.72%,99.86%;KL103_07_wbaP32,99.79%,99.79%;KL103_08_gtr308,99.34%,99.67%;KL103_09_gtr309,100.00%,99.72%;KL103_10_ghl74,99.57%,99.79%;KL103_11_gtr310,100.00%,99.66%;KL103_12_wzy_KL103,100.00%,99.76%;KL103_13_gtr311,99.20%,99.73%;KL103_14_gtr312,98.91%,99.64%;KL103_15_wzx_KL103,100.00%,99.79%;KL103_16_gnd,99.36%,99.79%;KL103_17_rmlB,100.00%,99.72%;KL103_18_rmlA,99.65%,99.66%;KL103_19_rmlD,99.66%,99.66%;KL103_20_rmlC,100.00%,99.46%;KL103_21_ugd1,99.74%,99.74%		0		0 / 21 (0.00%)		1	KL169_01_galF,90.34%,96.99%			ST167
3.3.2	Klebsiella_pneumoniae_Species_Complex_K	3.2.2	GCA_040417385.1	ST167	KL115	unknown	Typeable	?-!	98.80%	86.11%		20 / 22 (90.91%)	KL115_01_galF,97.99%,99.67%;KL115_02_cpsACP,98.56%,99.52%;KL115_03_wzi,99.16%,99.79%;KL115_04_wza,99.21%,99.74%;KL115_05_wzb,100.00%,99.31%;KL115_06_wzc,99.17%,99.86%;KL115_07_wbaP5,99.58%,99.79%;KL115_08_gtr348,98.90%,99.72%;KL115_09_gtr349,100.00%,99.67%;KL115_10_wzy_KL115,99.06%,94.94%,partial;KL115_11_gtr350,100.00%,70.53%,partial;KL115_12_gtr351,99.61%,99.61%;KL115_13_ghl82,99.40%,99.70%;KL115_14_wzx_KL115,99.13%,83.29%,partial;KL115_15_gnd,99.36%,99.79%;KL115_16_rmlB,99.15%,99.72%;KL115_17_rmlA,100.00%,99.66%;KL115_18_rmlD,98.99%,99.66%;KL115_19_rmlC,99.46%,99.46%;KL115_20_ugd1,99.48%,99.74%		0		2 / 22 (9.09%)	KL115_11_gtr350,100.00%,28.48%,partial;KL115_14_wzx_KL115,100.00%,17.68%,partial	1	KL169_01_galF,90.34%,96.99%	KL115_10_wzy_KL115,99.06%,94.94%,partial;KL115_11_gtr350,100.00%,70.53%,partial;KL115_11_gtr350,100.00%,28.48%,partial;KL115_14_wzx_KL115,99.13%,83.29%,partial;KL115_14_wzx_KL115,100.00%,17.68%,partial		ST167
3.3.2	Klebsiella_pneumoniae_Species_Complex_K	3.2.2	GCA_040417405.1	ST167	KL103	unknown	Typeable	?-!	99.11%	91.99%		20 / 21 (95.24%)	KL103_01_galF,99.33%,99.67%;KL103_02_cpsACP,98.09%,99.52%;KL103_03_wzi,98.95%,99.79%;KL103_04_wza,99.74%,99.74%;KL103_05_wzb,100.00%,99.31%;KL103_06_wzc,99.72%,99.86%;KL103_07_wbaP32,99.79%,99.79%;KL103_08_gtr308,99.34%,99.67%;KL103_09_gtr309,100.00%,99.72%;KL103_10_ghl74,99.57%,99.79%;KL103_11_gtr310,100.00%,99.66%;KL103_12_wzy_KL103,100.00%,47.56%,partial;KL103_14_gtr312,98.94%,67.87%,partial;KL103_15_wzx_KL103,99.79%,99.79%;KL103_16_gnd,99.36%,99.79%;KL103_17_rmlB,100.00%,99.72%;KL103_18_rmlA,99.65%,99.66%;KL103_19_rmlD,99.66%,99.66%;KL103_20_rmlC,100.00%,99.46%;KL103_21_ugd1,99.74%,99.74%	KL103_13_gtr311	0		0 / 21 (0.00%)		1	KL169_01_galF,90.34%,96.99%	KL103_12_wzy_KL103,100.00%,47.56%,partial;KL103_14_gtr312,98.94%,67.87%,partial		ST167
3.3.2	Klebsiella_pneumoniae_Species_Complex_K	3.2.2	GCA_040417445.1	ST167	KL9	K9	Typeable	?-!	98.37%	87.03%		17 / 19 (89.47%)	KL9_01_galF,98.99%,99.67%;KL9_02_cpsACP,92.11%,18.10%,truncated;KL9_03_wzi,98.81%,99.80%;KL9_04_wza,98.68%,99.74%;KL9_05_wzb,99.31%,99.31%;KL9_06_wzc,99.45%,99.86%;KL9_07_wbaP2,98.74%,99.79%;KL9_08_gtr29,98.68%,99.67%;KL9_09_gtr30,98.71%,99.68%;KL9_12_ghl7,97.54%,28.11%,partial;KL9_13_wzx_KL9,99.11%,53.21%,partial;KL9_14_gnd,99.57%,99.79%;KL9_15_rmlB,98.87%,99.72%;KL9_16_rmlA,98.25%,98.28%;KL9_17_rmlD,99.32%,99.66%;KL9_18_rmlC,97.83%,99.46%;KL9_19_ugd1,100.00%,99.74%	KL9_10_wzy_KL9;KL9_11_gtr31	0		0 / 19 (0.00%)		1	KL169_01_galF,90.34%,96.99%	KL9_02_cpsACP,92.11%,18.10%,truncated;KL9_12_ghl7,97.54%,28.11%,partial;KL9_13_wzx_KL9,99.11%,53.21%,partial		ST167
3.3.2	Klebsiella_pneumoniae_Species_Complex_K	3.2.2	GCA_040417455.1	ST167	KL9	K9	Typeable	?-!	98.35%	89.92%		18 / 20 (90.00%)	KL9_01_galF,98.99%,99.67%;KL9_02_cpsACP,92.11%,18.10%,truncated;KL9_03_wzi,98.81%,99.80%;KL9_04_wza,98.68%,99.74%;KL9_05_wzb,99.31%,99.31%;KL9_06_wzc,99.45%,99.86%;KL9_07_wbaP2,98.74%,99.79%;KL9_08_gtr29,98.97%,64.36%,truncated;KL9_09_gtr30,98.08%,99.68%;KL9_11_gtr31,98.59%,24.48%,partial;KL9_12_ghl7,97.60%,28.80%,truncated;KL9_13_wzx_KL9,99.05%,99.76%;KL9_14_gnd,99.57%,99.79%;KL9_15_rmlB,98.87%,99.72%;KL9_16_rmlA,98.25%,98.28%;KL9_17_rmlD,99.32%,99.66%;KL9_18_rmlC,97.83%,99.46%;KL9_19_ugd1,100.00%,99.74%	KL9_10_wzy_KL9	0		1 / 20 (5.00%)	KL9_08_gtr29,98.18%,36.30%,truncated	1	KL169_01_galF,90.34%,96.99%	KL9_02_cpsACP,92.11%,18.10%,truncated;KL9_08_gtr29,98.97%,64.36%,truncated;KL9_08_gtr29,98.18%,36.30%,truncated;KL9_11_gtr31,98.59%,24.48%,partial;KL9_12_ghl7,97.60%,28.80%,truncated		ST167
3.3.2	Klebsiella_pneumoniae_Species_Complex_K	3.2.2	GCA_040417485.1	ST167	KL103	unknown	Typeable	?-!	99.07%	93.57%		20 / 21 (95.24%)	KL103_01_galF,99.33%,99.67%;KL103_02_cpsACP,98.09%,99.52%;KL103_03_wzi,98.95%,99.79%;KL103_04_wza,99.74%,99.74%;KL103_05_wzb,100.00%,99.31%;KL103_06_wzc,99.72%,99.86%;KL103_07_wbaP32,99.79%,99.79%;KL103_08_gtr308,99.34%,99.67%;KL103_09_gtr309,100.00%,97.18%,partial;KL103_10_ghl74,99.57%,99.79%;KL103_11_gtr310,100.00%,99.66%;KL103_12_wzy_KL103,100.00%,99.76%;KL103_13_gtr311,99.53%,56.80%,partial;KL103_15_wzx_KL103,100.00%,92.48%,partial;KL103_16_gnd,99.36%,99.79%;KL103_17_rmlB,100.00%,99.72%;KL103_18_rmlA,99.65%,99.66%;KL103_19_rmlD,99.66%,99.66%;KL103_20_rmlC,100.00%,99.46%;KL103_21_ugd1,99.74%,99.74%	KL103_14_gtr312	0		0 / 21 (0.00%)		1	KL169_01_galF,90.34%,96.99%	KL103_09_gtr309,100.00%,97.18%,partial;KL103_13_gtr311,99.53%,56.80%,partial;KL103_15_wzx_KL103,100.00%,92.48%,partial		ST167
3.3.2	Klebsiella_pneumoniae_Species_Complex_K	3.2.2	GCA_040417525.1	ST167	KL9	K9	Typeable	?!	98.43%	99.50%		19 / 19 (100.00%)	KL9_01_galF,98.99%,99.67%;KL9_02_cpsACP,92.11%,18.10%,truncated;KL9_03_wzi,98.81%,99.80%;KL9_04_wza,98.68%,99.74%;KL9_05_wzb,99.31%,99.31%;KL9_06_wzc,99.45%,99.86%;KL9_07_wbaP2,98.74%,99.79%;KL9_08_gtr29,98.68%,99.67%;KL9_09_gtr30,98.72%,99.68%;KL9_10_wzy_KL9,98.46%,99.74%;KL9_11_gtr31,98.62%,99.66%;KL9_12_ghl7,97.60%,28.80%,truncated;KL9_13_wzx_KL9,99.05%,99.76%;KL9_14_gnd,99.57%,99.79%;KL9_15_rmlB,98.87%,99.72%;KL9_16_rmlA,98.25%,98.28%;KL9_17_rmlD,99.32%,99.66%;KL9_18_rmlC,97.83%,99.46%;KL9_19_ugd1,100.00%,99.74%		0		0 / 19 (0.00%)		1	KL169_01_galF,90.34%,96.99%	KL9_02_cpsACP,92.11%,18.10%,truncated;KL9_12_ghl7,97.60%,28.80%,truncated		ST167
3.3.2	Klebsiella_pneumoniae_Species_Complex_K	3.2.2	GCA_040417585.1	ST167	KL9	K9	Typeable	?-!	98.39%	96.17%		19 / 21 (90.48%)	KL9_01_galF,98.99%,99.67%;KL9_02_cpsACP,92.11%,18.10%,truncated;KL9_03_wzi,98.81%,99.80%;KL9_04_wza,98.68%,99.74%;KL9_05_wzb,99.31%,99.31%;KL9_06_wzc,99.45%,99.86%;KL9_07_wbaP2,98.74%,99.79%;KL9_08_gtr29,98.57%,92.41%,partial;KL9_09_gtr30,98.72%,99.68%;KL9_10_wzy_KL9,99.10%,56.52%,partial;KL9_11_gtr31,98.39%,64.14%,truncated;KL9_12_ghl7,97.60%,28.80%,truncated;KL9_13_wzx_KL9,99.05%,99.76%;KL9_14_gnd,99.57%,99.79%;KL9_15_rmlB,98.87%,99.72%;KL9_16_rmlA,98.25%,98.28%;KL9_17_rmlD,99.32%,99.66%;KL9_18_rmlC,97.83%,99.46%;KL9_19_ugd1,100.00%,99.74%		0		2 / 21 (9.52%)	KL9_08_gtr29,100.00%,5.61%,partial;KL9_10_wzy_KL9,97.58%,42.20%,partial	1	KL169_01_galF,90.34%,96.99%	KL9_02_cpsACP,92.11%,18.10%,truncated;KL9_08_gtr29,98.57%,92.41%,partial;KL9_08_gtr29,100.00%,5.61%,partial;KL9_10_wzy_KL9,99.10%,56.52%,partial;KL9_10_wzy_KL9,97.58%,42.20%,partial;KL9_11_gtr31,98.39%,64.14%,truncated;KL9_12_ghl7,97.60%,28.80%,truncated		ST167
3.3.2	Klebsiella_pneumoniae_Species_Complex_K	3.2.2	GCA_040417625.1	ST167	KL9	K9	Typeable	?-!	98.32%	77.68%		16 / 19 (84.21%)	KL9_01_galF,98.99%,99.67%;KL9_02_cpsACP,92.11%,18.10%,truncated;KL9_03_wzi,98.81%,99.80%;KL9_04_wza,98.68%,99.74%;KL9_05_wzb,99.31%,99.31%;KL9_06_wzc,99.45%,99.86%;KL9_07_wbaP2,98.74%,99.79%;KL9_08_gtr29,98.68%,99.67%,partial;KL9_12_ghl7,98.04%,23.50%,partial;KL9_13_wzx_KL9,98.71%,55.34%,partial;KL9_14_gnd,99.57%,99.79%;KL9_15_rmlB,98.87%,99.72%;KL9_16_rmlA,98.25%,98.28%;KL9_17_rmlD,99.32%,99.66%;KL9_18_rmlC,97.83%,99.46%;KL9_19_ugd1,100.00%,99.74%	KL9_09_gtr30;KL9_10_wzy_KL9;KL9_11_gtr31	0		0 / 19 (0.00%)		1	KL169_01_galF,90.34%,96.99%	KL9_02_cpsACP,92.11%,18.10%,truncated;KL9_08_gtr29,98.68%,99.67%,partial;KL9_12_ghl7,98.04%,23.50%,partial;KL9_13_wzx_KL9,98.71%,55.34%,partial		ST167
3.3.2	Klebsiella_pneumoniae_Species_Complex_K	3.2.2	GCA_040417645.1	ST167	KL103	Capsule null	Typeable	?-!	98.92%	80.00%		18 / 22 (81.82%)	KL103_01_galF,99.33%,99.67%;KL103_02_cpsACP,98.09%,99.52%;KL103_03_wzi,98.95%,99.79%;KL103_04_wza,99.74%,99.74%;KL103_05_wzb,100.00%,99.31%;KL103_06_wzc,99.49%,54.38%,truncated;KL103_07_wbaP32,99.79%,99.79%;KL103_08_gtr308,99.34%,99.67%;KL103_10_ghl74,99.55%,95.33%,partial;KL103_11_gtr310,100.00%,97.97%,partial;KL103_14_gtr312,99.33%,54.15%,partial;KL103_15_wzx_KL103,99.79%,99.79%;KL103_16_gnd,99.36%,99.79%;KL103_17_rmlB,100.00%,99.72%;KL103_18_rmlA,99.65%,99.66%;KL103_19_rmlD,99.66%,99.66%;KL103_20_rmlC,100.00%,99.46%;KL103_21_ugd1,99.74%,99.74%	KL103_09_gtr309;KL103_12_wzy_KL103;KL103_13_gtr311	0		1 / 22 (4.55%)	KL103_06_wzc,100.00%,45.90%,truncated	1	KL169_01_galF,90.34%,96.99%	KL103_06_wzc,99.49%,54.38%,truncated;KL103_06_wzc,100.00%,45.90%,truncated;KL103_10_ghl74,99.55%,95.33%,partial;KL103_11_gtr310,100.00%,97.97%,partial;KL103_14_gtr312,99.33%,54.15%,partial		ST167
3.3.2	Klebsiella_pneumoniae_Species_Complex_K	3.2.2	GCA_040417665.1	ST167	KL103	unknown	Typeable	?-!	99.04%	89.99%		20 / 21 (95.24%)	KL103_01_galF,99.33%,99.67%;KL103_02_cpsACP,98.09%,99.52%;KL103_03_wzi,98.95%,99.79%;KL103_04_wza,99.74%,99.74%;KL103_05_wzb,100.00%,99.31%;KL103_06_wzc,99.72%,99.86%;KL103_07_wbaP32,99.79%,99.79%;KL103_08_gtr308,99.34%,99.67%;KL103_10_ghl74,99.54%,93.21%,partial;KL103_11_gtr310,100.00%,97.29%,partial;KL103_12_wzy_KL103,100.00%,99.76%;KL103_13_gtr311,99.35%,41.33%,truncated;KL103_14_gtr312,98.80%,60.29%,partial;KL103_15_wzx_KL103,100.00%,99.79%;KL103_16_gnd,99.36%,99.79%;KL103_17_rmlB,100.00%,99.72%;KL103_18_rmlA,99.65%,99.66%;KL103_19_rmlD,99.66%,99.66%;KL103_20_rmlC,100.00%,99.46%;KL103_21_ugd1,99.74%,99.74%	KL103_09_gtr309	0		0 / 21 (0.00%)		1	KL169_01_galF,90.34%,96.99%	KL103_10_ghl74,99.54%,93.21%,partial;KL103_11_gtr310,100.00%,97.29%,partial;KL103_13_gtr311,99.35%,41.33%,truncated;KL103_14_gtr312,98.80%,60.29%,partial		ST167
3.3.2	Klebsiella_pneumoniae_Species_Complex_K	3.2.2	GCA_040417685.1	ST167	KL9	K9	Typeable	?-!	98.41%	98.33%		19 / 20 (95.00%)	KL9_01_galF,98.99%,99.67%;KL9_02_cpsACP,92.11%,18.10%,truncated;KL9_03_wzi,98.81%,99.80%;KL9_04_wza,98.68%,99.74%;KL9_05_wzb,99.31%,99.31%;KL9_06_wzc,99.45%,99.86%;KL9_07_wbaP2,98.74%,99.79%;KL9_08_gtr29,99.22%,84.82%,partial;KL9_09_gtr30,98.72%,99.68%;KL9_10_wzy_KL9,98.46%,99.74%;KL9_11_gtr31,98.62%,99.66%;KL9_12_ghl7,97.60%,28.80%,truncated;KL9_13_wzx_KL9,99.05%,99.76%;KL9_14_gnd,99.57%,99.79%;KL9_15_rmlB,98.87%,99.72%;KL9_16_rmlA,98.25%,98.28%;KL9_17_rmlD,99.32%,99.66%;KL9_18_rmlC,97.83%,99.46%;KL9_19_ugd1,100.00%,99.74%		0		1 / 20 (5.00%)	KL9_08_gtr29,95.74%,15.51%,partial	1	KL169_01_galF,90.34%,96.99%	KL9_02_cpsACP,92.11%,18.10%,truncated;KL9_08_gtr29,99.22%,84.82%,partial;KL9_08_gtr29,95.74%,15.51%,partial;KL9_12_ghl7,97.60%,28.80%,truncated		ST167
3.3.2	Klebsiella_pneumoniae_Species_Complex_K	3.2.2	GCA_040417725.1	ST167	KL115	unknown	Typeable	?-!	98.73%	82.29%		19 / 22 (86.36%)	KL115_01_galF,97.99%,99.67%;KL115_02_cpsACP,98.56%,99.52%;KL115_03_wzi,99.16%,99.79%;KL115_04_wza,99.21%,99.74%;KL115_05_wzb,100.00%,99.31%;KL115_06_wzc,99.17%,99.86%;KL115_07_wbaP5,99.58%,99.79%;KL115_08_gtr348,98.90%,99.72%;KL115_10_wzy_KL115,99.05%,93.75%,partial;KL115_11_gtr350,100.00%,62.58%,partial;KL115_12_gtr351,99.61%,99.61%;KL115_13_ghl82,99.40%,99.70%;KL115_14_wzx_KL115,100.00%,68.28%,partial;KL115_15_gnd,99.36%,99.79%;KL115_16_rmlB,99.15%,99.72%;KL115_17_rmlA,100.00%,99.66%;KL115_18_rmlD,98.99%,99.66%;KL115_19_rmlC,99.46%,99.46%;KL115_20_ugd1,99.48%,99.74%	KL115_09_gtr349	0		2 / 22 (9.09%)	KL115_11_gtr350,99.12%,37.75%,partial;KL115_14_wzx_KL115,95.65%,5.57%,partial	1	KL169_01_galF,90.34%,96.99%	KL115_10_wzy_KL115,99.05%,93.75%,partial;KL115_11_gtr350,100.00%,62.58%,partial;KL115_11_gtr350,99.12%,37.75%,partial;KL115_14_wzx_KL115,100.00%,68.28%,partial;KL115_14_wzx_KL115,95.65%,5.57%,partial		ST167
3.3.2	Klebsiella_pneumoniae_Species_Complex_K	3.2.2	GCA_040417745.1	ST167	KL103	unknown	Typeable	?!	99.11%	98.27%		21 / 21 (100.00%)	KL103_01_galF,99.33%,99.67%;KL103_02_cpsACP,98.09%,99.52%;KL103_03_wzi,98.95%,99.79%;KL103_04_wza,99.74%,99.74%;KL103_05_wzb,100.00%,99.31%;KL103_06_wzc,99.72%,99.86%;KL103_07_wbaP32,99.79%,99.79%;KL103_08_gtr308,99.31%,95.72%,partial;KL103_09_gtr309,99.44%,99.72%;KL103_10_ghl74,99.57%,99.79%;KL103_11_gtr310,100.00%,99.66%;KL103_12_wzy_KL103,99.76%,99.76%;KL103_13_gtr311,99.71%,90.40%,partial;KL103_14_gtr312,98.76%,87.00%,partial;KL103_15_wzx_KL103,100.00%,99.79%;KL103_16_gnd,99.36%,99.79%;KL103_17_rmlB,100.00%,99.72%;KL103_18_rmlA,99.65%,99.66%;KL103_19_rmlD,99.66%,99.66%;KL103_20_rmlC,100.00%,99.46%;KL103_21_ugd1,99.74%,99.74%		0		0 / 21 (0.00%)		1	KL169_01_galF,90.34%,96.99%	KL103_08_gtr308,99.31%,95.72%,partial;KL103_13_gtr311,99.71%,90.40%,partial;KL103_14_gtr312,98.76%,87.00%,partial		ST167
3.3.2	Klebsiella_pneumoniae_Species_Complex_K	3.2.2	GCA_040417765.1	ST167	KL103	unknown	Typeable		99.15%	100.00%	1	21 / 21 (100.00%)	KL103_01_galF,99.33%,99.67%;KL103_02_cpsACP,98.09%,99.52%;KL103_03_wzi,98.95%,99.79%;KL103_04_wza,99.74%,99.74%;KL103_05_wzb,100.00%,99.31%;KL103_06_wzc,99.72%,99.86%;KL103_07_wbaP32,99.79%,99.79%;KL103_08_gtr308,99.34%,99.67%;KL103_09_gtr309,100.00%,99.72%;KL103_10_ghl74,99.57%,99.79%;KL103_11_gtr310,100.00%,99.66%;KL103_12_wzy_KL103,100.00%,99.76%;KL103_13_gtr311,99.20%,99.73%;KL103_14_gtr312,98.91%,99.64%;KL103_15_wzx_KL103,100.00%,99.79%;KL103_16_gnd,99.36%,99.79%;KL103_17_rmlB,100.00%,99.72%;KL103_18_rmlA,99.65%,99.66%;KL103_19_rmlD,99.66%,99.66%;KL103_20_rmlC,100.00%,99.46%;KL103_21_ugd1,99.74%,99.74%		0		0 / 21 (0.00%)		1	KL169_01_galF,90.34%,96.99%			ST167
3.3.2	Klebsiella_pneumoniae_Species_Complex_K	3.2.2	GCA_040417785.1	ST167	KL9	K9	Typeable	?-!	98.37%	79.36%		16 / 19 (84.21%)	KL9_01_galF,98.99%,99.67%;KL9_02_cpsACP,92.11%,18.10%,truncated;KL9_03_wzi,98.81%,99.80%;KL9_04_wza,98.68%,99.74%;KL9_05_wzb,99.31%,99.31%;KL9_06_wzc,99.45%,99.86%;KL9_07_wbaP2,98.74%,99.79%;KL9_08_gtr29,98.32%,98.35%,partial;KL9_12_ghl7,97.60%,28.80%,truncated;KL9_13_wzx_KL9,99.05%,99.76%;KL9_14_gnd,99.57%,99.79%;KL9_15_rmlB,98.87%,99.72%;KL9_16_rmlA,98.25%,98.28%;KL9_17_rmlD,99.32%,99.66%;KL9_18_rmlC,97.83%,99.46%;KL9_19_ugd1,100.00%,99.74%	KL9_09_gtr30;KL9_10_wzy_KL9;KL9_11_gtr31	0		0 / 19 (0.00%)		1	KL169_01_galF,90.34%,96.99%	KL9_02_cpsACP,92.11%,18.10%,truncated;KL9_08_gtr29,98.32%,98.35%,partial;KL9_12_ghl7,97.60%,28.80%,truncated		ST167
3.3.2	Klebsiella_pneumoniae_Species_Complex_K	3.2.2	GCA_040417825.1	ST167	KL9	K9	Typeable	?!	98.41%	99.50%		19 / 19 (100.00%)	KL9_01_galF,98.99%,99.67%;KL9_02_cpsACP,92.11%,18.10%,truncated;KL9_03_wzi,98.81%,99.80%;KL9_04_wza,98.68%,99.74%;KL9_05_wzb,99.31%,99.31%;KL9_06_wzc,99.45%,99.86%;KL9_07_wbaP2,98.74%,99.79%;KL9_08_gtr29,98.34%,99.67%;KL9_09_gtr30,98.72%,99.68%;KL9_10_wzy_KL9,98.46%,99.74%;KL9_11_gtr31,98.62%,99.66%;KL9_12_ghl7,97.60%,28.80%,truncated;KL9_13_wzx_KL9,99.05%,99.76%;KL9_14_gnd,99.57%,99.79%;KL9_15_rmlB,98.87%,99.72%;KL9_16_rmlA,98.25%,98.28%;KL9_17_rmlD,99.32%,99.66%;KL9_18_rmlC,97.83%,99.46%;KL9_19_ugd1,100.00%,99.74%		0		0 / 19 (0.00%)		1	KL169_01_galF,90.34%,96.99%	KL9_02_cpsACP,92.11%,18.10%,truncated;KL9_12_ghl7,97.60%,28.80%,truncated		ST167
3.3.2	Klebsiella_pneumoniae_Species_Complex_K	3.2.2	GCA_040417845.1	ST167	KL9	K9	Typeable	?-!	98.37%	89.93%		18 / 19 (94.74%)	KL9_01_galF,98.99%,99.67%;KL9_02_cpsACP,92.11%,18.10%,truncated;KL9_03_wzi,98.81%,99.80%;KL9_04_wza,98.68%,99.74%;KL9_05_wzb,99.31%,99.31%;KL9_06_wzc,99.45%,99.86%;KL9_07_wbaP2,98.74%,99.79%;KL9_08_gtr29,99.19%,81.85%,partial;KL9_09_gtr30,98.60%,91.37%,partial;KL9_11_gtr31,98.70%,26.55%,partial;KL9_12_ghl7,97.60%,28.80%,truncated;KL9_13_wzx_KL9,99.05%,99.76%;KL9_14_gnd,99.57%,99.79%;KL9_15_rmlB,98.87%,99.72%;KL9_16_rmlA,98.25%,98.28%;KL9_17_rmlD,99.32%,99.66%;KL9_18_rmlC,97.83%,99.46%;KL9_19_ugd1,100.00%,99.74%	KL9_10_wzy_KL9	0		0 / 19 (0.00%)		1	KL169_01_galF,90.34%,96.99%	KL9_02_cpsACP,92.11%,18.10%,truncated;KL9_08_gtr29,99.19%,81.85%,partial;KL9_09_gtr30,98.60%,91.37%,partial;KL9_11_gtr31,98.70%,26.55%,partial;KL9_12_ghl7,97.60%,28.80%,truncated		ST167
3.3.2	Klebsiella_pneumoniae_Species_Complex_K	3.2.2	GCA_040417865.1	ST167	KL103	unknown	Typeable	?-!	98.98%	88.96%		20 / 22 (90.91%)	KL103_01_galF,99.33%,99.67%;KL103_02_cpsACP,98.09%,99.52%;KL103_03_wzi,98.95%,99.79%;KL103_04_wza,99.74%,99.74%;KL103_05_wzb,100.00%,99.31%;KL103_06_wzc,99.72%,99.86%;KL103_07_wbaP32,99.79%,99.79%;KL103_08_gtr308,99.34%,99.67%;KL103_09_gtr309,100.00%,98.87%,partial;KL103_10_ghl74,99.56%,95.75%,partial;KL103_11_gtr310,100.00%,99.66%;KL103_12_wzy_KL103,100.00%,45.37%,partial;KL103_14_gtr312,99.39%,58.84%,partial;KL103_15_wzx_KL103,100.00%,78.91%,partial;KL103_16_gnd,99.36%,99.79%;KL103_17_rmlB,100.00%,99.72%;KL103_18_rmlA,99.65%,99.66%;KL103_19_rmlD,99.66%,99.66%;KL103_20_rmlC,100.00%,99.46%;KL103_21_ugd1,99.74%,99.74%	KL103_13_gtr311	0		1 / 22 (4.55%)	KL103_15_wzx_KL103,100.00%,22.34%,partial	1	KL169_01_galF,90.34%,96.99%	KL103_09_gtr309,100.00%,98.87%,partial;KL103_10_ghl74,99.56%,95.75%,partial;KL103_12_wzy_KL103,100.00%,45.37%,partial;KL103_14_gtr312,99.39%,58.84%,partial;KL103_15_wzx_KL103,100.00%,78.91%,partial;KL103_15_wzx_KL103,100.00%,22.34%,partial		ST167
3.3.2	Klebsiella_pneumoniae_Species_Complex_K	3.2.2	GCA_040417875.1	ST167	KL9	K9	Typeable	?-!	98.37%	86.81%		17 / 19 (89.47%)	KL9_01_galF,98.99%,99.67%;KL9_02_cpsACP,92.11%,18.10%,truncated;KL9_03_wzi,98.81%,99.80%;KL9_04_wza,98.68%,99.74%;KL9_05_wzb,99.31%,99.31%;KL9_06_wzc,99.45%,99.86%;KL9_07_wbaP2,98.74%,99.79%;KL9_08_gtr29,98.18%,36.30%,truncated;KL9_11_gtr31,98.45%,88.97%,partial;KL9_12_ghl7,96.00%,28.80%,truncated;KL9_13_wzx_KL9,99.05%,99.76%;KL9_14_gnd,99.57%,99.79%;KL9_15_rmlB,98.87%,99.72%;KL9_16_rmlA,98.25%,98.28%;KL9_17_rmlD,99.32%,99.66%;KL9_18_rmlC,97.83%,99.46%;KL9_19_ugd1,100.00%,99.74%	KL9_09_gtr30;KL9_10_wzy_KL9	0		0 / 19 (0.00%)		1	KL169_01_galF,90.34%,96.99%	KL9_02_cpsACP,92.11%,18.10%,truncated;KL9_08_gtr29,98.18%,36.30%,truncated;KL9_11_gtr31,98.45%,88.97%,partial;KL9_12_ghl7,96.00%,28.80%,truncated		ST167
3.3.2	Klebsiella_pneumoniae_Species_Complex_K	3.2.2	GCA_040417905.1	ST167	KL9	K9	Typeable	?-!	98.32%	87.10%		18 / 20 (90.00%)	KL9_01_galF,98.99%,99.67%;KL9_02_cpsACP,92.11%,18.10%,truncated;KL9_03_wzi,98.81%,99.80%;KL9_04_wza,98.68%,99.74%;KL9_05_wzb,99.31%,99.31%;KL9_06_wzc,99.45%,99.86%;KL9_07_wbaP2,98.74%,99.79%;KL9_08_gtr29,98.98%,64.69%,partial;KL9_10_wzy_KL9,100.00%,13.81%,partial;KL9_11_gtr31,98.50%,92.07%,partial;KL9_12_ghl7,97.60%,28.80%,truncated;KL9_13_wzx_KL9,98.78%,78.15%,partial;KL9_14_gnd,99.57%,99.79%;KL9_15_rmlB,98.87%,99.72%;KL9_16_rmlA,98.25%,98.28%;KL9_17_rmlD,99.32%,99.66%;KL9_18_rmlC,97.83%,99.46%;KL9_19_ugd1,100.00%,99.74%	KL9_09_gtr30	0		1 / 20 (5.00%)	KL9_11_gtr31,100.00%,7.59%,partial	1	KL169_01_galF,90.34%,96.99%	KL9_02_cpsACP,92.11%,18.10%,truncated;KL9_08_gtr29,98.98%,64.69%,partial;KL9_10_wzy_KL9,100.00%,13.81%,partial;KL9_11_gtr31,98.50%,92.07%,partial;KL9_11_gtr31,100.00%,7.59%,partial;KL9_12_ghl7,97.60%,28.80%,truncated;KL9_13_wzx_KL9,98.78%,78.15%,partial		ST167
3.3.2	Klebsiella_pneumoniae_Species_Complex_K	3.2.2	GCA_040417925.1	ST167	KL9	K9	Typeable	?-!	98.37%	82.55%		16 / 19 (84.21%)	KL9_01_galF,98.99%,99.67%;KL9_02_cpsACP,92.11%,18.10%,truncated;KL9_03_wzi,98.81%,99.80%;KL9_04_wza,98.68%,99.74%;KL9_05_wzb,99.31%,99.31%;KL9_06_wzc,99.45%,99.86%;KL9_07_wbaP2,98.74%,99.79%;KL9_08_gtr29,98.98%,65.02%,partial;KL9_12_ghl7,99.02%,70.51%,partial;KL9_13_wzx_KL9,99.05%,99.76%;KL9_14_gnd,99.57%,99.79%;KL9_15_rmlB,98.87%,99.72%;KL9_16_rmlA,98.25%,98.28%;KL9_17_rmlD,99.32%,99.66%;KL9_18_rmlC,97.83%,99.46%;KL9_19_ugd1,100.00%,99.74%	KL9_09_gtr30;KL9_10_wzy_KL9;KL9_11_gtr31	0		0 / 19 (0.00%)		1	KL169_01_galF,90.34%,96.99%	KL9_02_cpsACP,92.11%,18.10%,truncated;KL9_08_gtr29,98.98%,65.02%,partial;KL9_12_ghl7,99.02%,70.51%,partial		ST167
3.3.2	Klebsiella_pneumoniae_Species_Complex_K	3.2.2	GCA_040417945.1	ST167	KL9	K9	Typeable	?-!	98.34%	82.74%		16 / 19 (84.21%)	KL9_01_galF,98.99%,99.67%;KL9_02_cpsACP,92.11%,18.10%,truncated;KL9_03_wzi,98.81%,99.80%;KL9_04_wza,98.68%,99.74%;KL9_05_wzb,99.31%,99.31%;KL9_06_wzc,99.45%,99.86%;KL9_07_wbaP2,98.74%,99.79%;KL9_08_gtr29,98.68%,99.67%;KL9_12_ghl7,100.00%,5.53%,partial;KL9_13_wzx_KL9,98.88%,63.90%,partial;KL9_14_gnd,99.57%,99.79%;KL9_15_rmlB,98.87%,99.72%;KL9_16_rmlA,98.25%,98.28%;KL9_17_rmlD,99.32%,99.66%;KL9_18_rmlC,97.83%,99.46%;KL9_19_ugd1,100.00%,99.74%	KL9_09_gtr30;KL9_10_wzy_KL9;KL9_11_gtr31	0		0 / 19 (0.00%)		1	KL169_01_galF,90.34%,96.99%	KL9_02_cpsACP,92.11%,18.10%,truncated;KL9_12_ghl7,100.00%,5.53%,partial;KL9_13_wzx_KL9,98.88%,63.90%,partial		ST167
3.3.2	Klebsiella_pneumoniae_Species_Complex_K	3.2.2	GCA_040417965.1	ST167	KL9	K9	Typeable	?!	98.41%	96.15%		19 / 19 (100.00%)	KL9_01_galF,98.99%,99.67%;KL9_02_cpsACP,92.11%,18.10%,truncated;KL9_03_wzi,98.81%,99.80%;KL9_04_wza,98.68%,99.74%;KL9_05_wzb,99.31%,99.31%;KL9_06_wzc,99.45%,99.86%;KL9_07_wbaP2,98.74%,99.79%;KL9_08_gtr29,98.68%,99.67%;KL9_09_gtr30,98.68%,96.81%,partial;KL9_10_wzy_KL9,97.79%,46.29%,partial;KL9_10_wzy_KL9,100.00%,13.30%,partial;KL9_11_gtr31,98.62%,99.66%;KL9_12_ghl7,97.60%,28.80%,truncated;KL9_13_wzx_KL9,99.05%,99.76%;KL9_14_gnd,99.57%,99.79%;KL9_15_rmlB,98.87%,99.72%;KL9_16_rmlA,98.25%,98.28%;KL9_17_rmlD,99.32%,99.66%;KL9_18_rmlC,97.83%,99.46%;KL9_19_ugd1,100.00%,99.74%		0		0 / 19 (0.00%)		1	KL169_01_galF,90.34%,96.99%	KL9_02_cpsACP,92.11%,18.10%,truncated;KL9_09_gtr30,98.68%,96.81%,partial;KL9_10_wzy_KL9,97.79%,46.29%,partial;KL9_10_wzy_KL9,100.00%,13.30%,partial;KL9_12_ghl7,97.60%,28.80%,truncated		ST167
3.3.2	Klebsiella_pneumoniae_Species_Complex_K	3.2.2	GCA_040417985.1	ST167	KL9	K9	Typeable	?-!	98.32%	83.82%		17 / 19 (89.47%)	KL9_01_galF,98.99%,99.67%;KL9_02_cpsACP,92.11%,18.10%,truncated;KL9_03_wzi,98.81%,99.80%;KL9_04_wza,98.68%,99.74%;KL9_05_wzb,99.31%,99.31%;KL9_06_wzc,99.45%,99.86%;KL9_07_wbaP2,98.74%,99.79%;KL9_08_gtr29,99.00%,66.01%,partial;KL9_10_wzy_KL9,98.04%,65.22%,partial;KL9_12_ghl7,100.00%,9.45%,partial;KL9_13_wzx_KL9,99.01%,72.21%,partial;KL9_14_gnd,99.57%,99.79%;KL9_15_rmlB,98.87%,99.72%;KL9_16_rmlA,98.25%,98.28%;KL9_17_rmlD,99.32%,99.66%;KL9_18_rmlC,97.83%,99.46%;KL9_19_ugd1,100.00%,99.74%	KL9_09_gtr30;KL9_11_gtr31	0		0 / 19 (0.00%)		1	KL169_01_galF,90.34%,96.99%	KL9_02_cpsACP,92.11%,18.10%,truncated;KL9_08_gtr29,99.00%,66.01%,partial;KL9_10_wzy_KL9,98.04%,65.22%,partial;KL9_12_ghl7,100.00%,9.45%,partial;KL9_13_wzx_KL9,99.01%,72.21%,partial		ST167
3.3.2	Klebsiella_pneumoniae_Species_Complex_K	3.2.2	GCA_040418025.1	ST167	KL103	unknown	Typeable	?-!	98.91%	88.50%		20 / 21 (95.24%)	KL103_01_galF,99.33%,99.67%;KL103_02_cpsACP,98.09%,99.52%;KL103_03_wzi,98.95%,99.79%;KL103_04_wza,99.74%,99.74%;KL103_05_wzb,100.00%,99.31%;KL103_06_wzc,99.72%,99.86%;KL103_07_wbaP32,99.79%,99.79%;KL103_08_gtr308,99.34%,99.67%;KL103_09_gtr309,100.00%,20.28%,partial;KL103_10_ghl74,99.57%,99.15%,partial;KL103_11_gtr310,100.00%,98.64%,partial;KL103_12_wzy_KL103,100.00%,46.83%,partial;KL103_14_gtr312,98.81%,90.97%,partial;KL103_15_wzx_KL103,100.00%,94.78%,partial;KL103_16_gnd,99.36%,99.79%;KL103_17_rmlB,100.00%,99.72%;KL103_18_rmlA,99.65%,99.66%;KL103_19_rmlD,99.66%,99.66%;KL103_20_rmlC,100.00%,99.46%;KL103_21_ugd1,99.74%,99.74%	KL103_13_gtr311	0		0 / 21 (0.00%)		1	KL169_01_galF,90.34%,96.99%	KL103_09_gtr309,100.00%,20.28%,partial;KL103_10_ghl74,99.57%,99.15%,partial;KL103_11_gtr310,100.00%,98.64%,partial;KL103_12_wzy_KL103,100.00%,46.83%,partial;KL103_14_gtr312,98.81%,90.97%,partial;KL103_15_wzx_KL103,100.00%,94.78%,partial		ST167
3.3.2	Klebsiella_pneumoniae_Species_Complex_K	3.2.2	GCA_040418105.1	ST167	KL115	unknown	Typeable	?-!	98.65%	78.41%		18 / 20 (90.00%)	KL115_01_galF,97.99%,99.67%;KL115_02_cpsACP,98.56%,99.52%;KL115_03_wzi,99.16%,99.79%;KL115_04_wza,99.21%,99.74%;KL115_05_wzb,100.00%,99.31%;KL115_06_wzc,99.17%,99.86%;KL115_07_wbaP5,99.58%,99.79%;KL115_08_gtr348,98.90%,99.72%;KL115_09_gtr349,100.00%,98.34%,partial;KL115_11_gtr350,100.00%,72.85%,partial;KL115_12_gtr351,100.00%,73.05%,partial;KL115_14_wzx_KL115,99.03%,99.76%;KL115_15_gnd,99.36%,99.79%;KL115_16_rmlB,99.15%,99.72%;KL115_17_rmlA,100.00%,99.66%;KL115_18_rmlD,98.99%,99.66%;KL115_19_rmlC,99.46%,99.46%;KL115_20_ugd1,99.48%,99.74%	KL115_10_wzy_KL115;KL115_13_ghl82	0		0 / 20 (0.00%)		1	KL169_01_galF,90.34%,96.99%	KL115_09_gtr349,100.00%,98.34%,partial;KL115_11_gtr350,100.00%,72.85%,partial;KL115_12_gtr351,100.00%,73.05%,partial		ST167
3.3.2	Klebsiella_pneumoniae_Species_Complex_K	3.2.2	GCA_040418125.1	ST167	KL9	K9	Typeable	?-!	98.39%	84.46%		16 / 19 (84.21%)	KL9_01_galF,98.99%,99.67%;KL9_02_cpsACP,92.11%,18.10%,truncated;KL9_03_wzi,98.81%,99.80%;KL9_04_wza,98.68%,99.74%;KL9_05_wzb,99.31%,99.31%;KL9_06_wzc,99.45%,99.86%;KL9_07_wbaP2,98.74%,99.79%;KL9_08_gtr29,98.68%,99.67%;KL9_12_ghl7,100.00%,1.84%,partial;KL9_13_wzx_KL9,99.05%,99.76%;KL9_14_gnd,99.57%,99.79%;KL9_15_rmlB,98.87%,99.72%;KL9_16_rmlA,98.25%,98.28%;KL9_17_rmlD,99.32%,99.66%;KL9_18_rmlC,97.83%,99.46%;KL9_19_ugd1,100.00%,99.74%	KL9_09_gtr30;KL9_10_wzy_KL9;KL9_11_gtr31	0		0 / 19 (0.00%)		1	KL169_01_galF,90.34%,96.99%	KL9_02_cpsACP,92.11%,18.10%,truncated;KL9_12_ghl7,100.00%,1.84%,partial		ST167
3.3.2	Klebsiella_pneumoniae_Species_Complex_K	3.2.2	GCA_040418145.1	ST167	KL9	K9	Typeable	?-!	98.40%	95.16%		19 / 21 (90.48%)	KL9_01_galF,98.99%,99.67%;KL9_02_cpsACP,92.11%,18.10%,truncated;KL9_03_wzi,98.81%,99.80%;KL9_04_wza,98.68%,99.74%;KL9_05_wzb,99.31%,99.31%;KL9_06_wzc,99.45%,99.86%;KL9_07_wbaP2,98.74%,99.79%;KL9_08_gtr29,98.68%,99.67%;KL9_09_gtr30,98.72%,99.68%;KL9_10_wzy_KL9,99.44%,45.52%,partial;KL9_11_gtr31,98.40%,64.83%,partial;KL9_12_ghl7,97.60%,28.80%,truncated;KL9_13_wzx_KL9,98.81%,99.76%;KL9_14_gnd,99.57%,99.79%;KL9_15_rmlB,98.87%,99.72%;KL9_16_rmlA,98.25%,98.28%;KL9_17_rmlD,99.32%,99.66%;KL9_18_rmlC,97.83%,99.46%;KL9_19_ugd1,100.00%,99.74%		0		2 / 21 (9.52%)	KL9_10_wzy_KL9,97.45%,40.15%,partial;KL9_11_gtr31,98.53%,23.45%,partial	1	KL169_01_galF,90.34%,96.99%	KL9_02_cpsACP,92.11%,18.10%,truncated;KL9_10_wzy_KL9,99.44%,45.52%,partial;KL9_10_wzy_KL9,97.45%,40.15%,partial;KL9_11_gtr31,98.40%,64.83%,partial;KL9_11_gtr31,98.53%,23.45%,partial;KL9_12_ghl7,97.60%,28.80%,truncated		ST167
3.3.2	Klebsiella_pneumoniae_Species_Complex_K	3.2.2	GCA_040418205.1	ST167	KL103	unknown	Typeable	?-!	99.05%	90.67%		20 / 22 (90.91%)	KL103_01_galF,99.33%,99.67%;KL103_02_cpsACP,98.09%,99.52%;KL103_03_wzi,98.95%,99.79%;KL103_04_wza,99.74%,99.74%;KL103_05_wzb,100.00%,99.31%;KL103_06_wzc,99.58%,99.86%;KL103_07_wbaP32,99.79%,99.79%;KL103_08_gtr308,99.34%,99.67%;KL103_09_gtr309,100.00%,99.72%;KL103_10_ghl74,99.36%,99.79%;KL103_11_gtr310,100.00%,99.66%;KL103_12_wzy_KL103,100.00%,61.22%,partial;KL103_14_gtr312,98.88%,64.26%,partial;KL103_15_wzx_KL103,100.00%,78.08%,partial;KL103_16_gnd,99.36%,99.79%;KL103_17_rmlB,100.00%,99.72%;KL103_18_rmlA,99.65%,99.66%;KL103_19_rmlD,99.66%,99.66%;KL103_20_rmlC,100.00%,99.46%;KL103_21_ugd1,99.74%,99.74%	KL103_13_gtr311	0		1 / 22 (4.55%)	KL103_15_wzx_KL103,100.00%,22.55%,partial	1	KL169_01_galF,90.34%,96.99%	KL103_12_wzy_KL103,100.00%,61.22%,partial;KL103_14_gtr312,98.88%,64.26%,partial;KL103_15_wzx_KL103,100.00%,78.08%,partial;KL103_15_wzx_KL103,100.00%,22.55%,partial		ST167
3.3.2	Klebsiella_pneumoniae_Species_Complex_K	3.2.2	GCA_040418225.1	ST167	KL103	unknown	Typeable	?-!	99.12%	98.98%		21 / 22 (95.45%)	KL103_01_galF,99.33%,99.67%;KL103_02_cpsACP,98.09%,99.52%;KL103_03_wzi,98.95%,99.79%;KL103_04_wza,99.74%,99.74%;KL103_05_wzb,100.00%,99.31%;KL103_06_wzc,99.72%,99.86%;KL103_07_wbaP32,99.79%,99.79%;KL103_08_gtr308,99.34%,99.67%;KL103_09_gtr309,100.00%,93.80%,partial;KL103_10_ghl74,99.57%,99.79%;KL103_11_gtr310,100.00%,99.66%;KL103_12_wzy_KL103,100.00%,99.76%;KL103_13_gtr311,99.20%,99.73%;KL103_14_gtr312,98.78%,88.81%,partial;KL103_15_wzx_KL103,100.00%,99.79%;KL103_16_gnd,99.36%,99.79%;KL103_17_rmlB,100.00%,99.72%;KL103_18_rmlA,99.65%,99.66%;KL103_19_rmlD,99.66%,99.66%;KL103_20_rmlC,100.00%,99.46%;KL103_21_ugd1,99.74%,99.74%		0		1 / 22 (4.55%)	KL103_09_gtr309,100.00%,6.20%,partial	1	KL169_01_galF,90.34%,96.99%	KL103_09_gtr309,100.00%,93.80%,partial;KL103_09_gtr309,100.00%,6.20%,partial;KL103_14_gtr312,98.78%,88.81%,partial		ST167
3.3.2	Klebsiella_pneumoniae_Species_Complex_K	3.2.2	GCA_040418245.1	ST167	KL103	unknown	Typeable		99.15%	100.00%	1	21 / 21 (100.00%)	KL103_01_galF,99.33%,99.67%;KL103_02_cpsACP,98.09%,99.52%;KL103_03_wzi,98.95%,99.79%;KL103_04_wza,99.74%,99.74%;KL103_05_wzb,100.00%,99.31%;KL103_06_wzc,99.58%,99.86%;KL103_07_wbaP32,99.79%,99.79%;KL103_08_gtr308,99.34%,99.67%;KL103_09_gtr309,100.00%,99.72%;KL103_10_ghl74,99.57%,99.79%;KL103_11_gtr310,100.00%,99.66%;KL103_12_wzy_KL103,100.00%,99.76%;KL103_13_gtr311,99.20%,99.73%;KL103_14_gtr312,98.91%,99.64%;KL103_15_wzx_KL103,100.00%,99.79%;KL103_16_gnd,99.36%,99.79%;KL103_17_rmlB,100.00%,99.72%;KL103_18_rmlA,99.65%,99.66%;KL103_19_rmlD,99.66%,99.66%;KL103_20_rmlC,100.00%,99.46%;KL103_21_ugd1,99.74%,99.74%		0		0 / 21 (0.00%)		1	KL169_01_galF,90.34%,96.99%			ST167
3.3.2	Klebsiella_pneumoniae_Species_Complex_K	3.2.2	GCA_040418265.1	ST167	KL9	K9	Typeable	?!	98.43%	99.50%		19 / 19 (100.00%)	KL9_01_galF,98.99%,99.67%;KL9_02_cpsACP,92.11%,18.10%,truncated;KL9_03_wzi,98.81%,99.80%;KL9_04_wza,98.68%,99.74%;KL9_05_wzb,99.31%,99.31%;KL9_06_wzc,99.45%,99.86%;KL9_07_wbaP2,98.74%,99.79%;KL9_08_gtr29,98.68%,99.67%;KL9_09_gtr30,98.72%,99.68%;KL9_10_wzy_KL9,98.46%,99.74%;KL9_11_gtr31,98.62%,99.66%;KL9_12_ghl7,97.60%,28.80%,truncated;KL9_13_wzx_KL9,99.05%,99.76%;KL9_14_gnd,99.57%,99.79%;KL9_15_rmlB,98.87%,99.72%;KL9_16_rmlA,98.25%,98.28%;KL9_17_rmlD,99.32%,99.66%;KL9_18_rmlC,97.83%,99.46%;KL9_19_ugd1,100.00%,99.74%		0		0 / 19 (0.00%)		1	KL169_01_galF,90.34%,96.99%	KL9_02_cpsACP,92.11%,18.10%,truncated;KL9_12_ghl7,97.60%,28.80%,truncated		ST167
3.3.2	Klebsiella_pneumoniae_Species_Complex_K	3.2.2	GCA_040418305.1	ST167	KL9	K9	Typeable	?!	98.43%	99.50%		19 / 19 (100.00%)	KL9_01_galF,98.99%,99.67%;KL9_02_cpsACP,92.11%,18.10%,truncated;KL9_03_wzi,98.81%,99.80%;KL9_04_wza,98.68%,99.74%;KL9_05_wzb,99.31%,99.31%;KL9_06_wzc,99.45%,99.86%;KL9_07_wbaP2,98.74%,99.79%;KL9_08_gtr29,98.68%,99.67%;KL9_09_gtr30,98.72%,99.68%;KL9_10_wzy_KL9,98.46%,99.74%;KL9_11_gtr31,98.62%,99.66%;KL9_12_ghl7,97.60%,28.80%,truncated;KL9_13_wzx_KL9,99.05%,99.76%;KL9_14_gnd,99.57%,99.79%;KL9_15_rmlB,98.87%,99.72%;KL9_16_rmlA,98.25%,98.28%;KL9_17_rmlD,99.32%,99.66%;KL9_18_rmlC,97.83%,99.46%;KL9_19_ugd1,100.00%,99.74%		0		0 / 19 (0.00%)		1	KL169_01_galF,90.34%,96.99%	KL9_02_cpsACP,92.11%,18.10%,truncated;KL9_12_ghl7,97.60%,28.80%,truncated		ST167
3.3.2	Klebsiella_pneumoniae_Species_Complex_K	3.2.2	GCA_040418325.1	ST167	KL9	K9	Typeable	?!	98.41%	99.50%		19 / 19 (100.00%)	KL9_01_galF,98.99%,99.67%;KL9_02_cpsACP,92.11%,18.10%,truncated;KL9_03_wzi,98.81%,99.80%;KL9_04_wza,98.68%,99.74%;KL9_05_wzb,99.31%,99.31%;KL9_06_wzc,99.45%,99.86%;KL9_07_wbaP2,98.74%,99.79%;KL9_08_gtr29,98.68%,99.67%;KL9_09_gtr30,98.72%,99.68%;KL9_10_wzy_KL9,98.21%,99.74%;KL9_11_gtr31,98.62%,99.66%;KL9_12_ghl7,97.60%,28.80%,truncated;KL9_13_wzx_KL9,99.05%,99.76%;KL9_14_gnd,99.57%,99.79%;KL9_15_rmlB,98.87%,99.72%;KL9_16_rmlA,98.25%,98.28%;KL9_17_rmlD,99.32%,99.66%;KL9_18_rmlC,97.83%,99.46%;KL9_19_ugd1,100.00%,99.74%		0		0 / 19 (0.00%)		1	KL169_01_galF,90.34%,96.99%	KL9_02_cpsACP,92.11%,18.10%,truncated;KL9_12_ghl7,97.60%,28.80%,truncated		ST167
3.3.2	Klebsiella_pneumoniae_Species_Complex_K	3.2.2	GCA_040418385.1	ST167	KL103	unknown	Typeable	?-!	99.03%	91.60%		20 / 22 (90.91%)	KL103_01_galF,99.33%,99.67%;KL103_02_cpsACP,98.09%,99.52%;KL103_03_wzi,98.95%,99.79%;KL103_04_wza,99.74%,99.74%;KL103_05_wzb,100.00%,99.31%;KL103_06_wzc,99.72%,99.86%;KL103_07_wbaP32,99.79%,99.79%;KL103_08_gtr308,99.34%,99.67%;KL103_09_gtr309,100.00%,85.35%,partial;KL103_10_ghl74,99.55%,93.42%,partial;KL103_11_gtr310,99.66%,99.66%;KL103_13_gtr311,99.20%,99.73%;KL103_14_gtr312,99.39%,59.21%,partial;KL103_14_gtr312,98.98%,35.38%,partial;KL103_15_wzx_KL103,100.00%,99.79%;KL103_16_gnd,99.36%,99.79%;KL103_17_rmlB,100.00%,99.72%;KL103_18_rmlA,99.65%,99.66%;KL103_19_rmlD,99.66%,99.66%;KL103_20_rmlC,100.00%,99.46%;KL103_21_ugd1,99.74%,99.74%	KL103_12_wzy_KL103	0		1 / 22 (4.55%)	KL103_10_ghl74,100.00%,2.76%,partial	1	KL169_01_galF,90.34%,96.99%	KL103_09_gtr309,100.00%,85.35%,partial;KL103_10_ghl74,99.55%,93.42%,partial;KL103_10_ghl74,100.00%,2.76%,partial;KL103_14_gtr312,99.39%,59.21%,partial;KL103_14_gtr312,98.98%,35.38%,partial		ST167
3.3.2	Klebsiella_pneumoniae_Species_Complex_K	3.2.2	GCA_040418405.1	ST167	KL9	K9	Typeable	?-!	98.33%	86.50%		18 / 19 (94.74%)	KL9_01_galF,98.99%,99.67%;KL9_02_cpsACP,92.11%,18.10%,truncated;KL9_03_wzi,98.81%,99.80%;KL9_04_wza,98.68%,99.74%;KL9_05_wzb,99.31%,99.31%;KL9_06_wzc,99.31%,99.86%;KL9_07_wbaP2,98.74%,99.79%;KL9_08_gtr29,99.10%,73.27%,partial;KL9_10_wzy_KL9,99.02%,52.43%,partial;KL9_11_gtr31,98.62%,99.66%;KL9_12_ghl7,97.60%,28.80%,truncated;KL9_13_wzx_KL9,100.00%,10.93%,partial;KL9_14_gnd,99.57%,99.79%;KL9_15_rmlB,98.87%,99.72%;KL9_16_rmlA,98.25%,98.28%;KL9_17_rmlD,99.32%,99.66%;KL9_18_rmlC,97.83%,99.46%;KL9_19_ugd1,100.00%,99.74%	KL9_09_gtr30	0		0 / 19 (0.00%)		1	KL169_01_galF,90.34%,96.99%	KL9_02_cpsACP,92.11%,18.10%,truncated;KL9_08_gtr29,99.10%,73.27%,partial;KL9_10_wzy_KL9,99.02%,52.43%,partial;KL9_12_ghl7,97.60%,28.80%,truncated;KL9_13_wzx_KL9,100.00%,10.93%,partial		ST167
3.3.2	Klebsiella_pneumoniae_Species_Complex_K	3.2.2	GCA_040418485.1	ST167	KL103	unknown	Typeable	?-!	99.11%	97.58%		21 / 22 (95.45%)	KL103_01_galF,99.33%,99.67%;KL103_02_cpsACP,98.09%,99.52%;KL103_03_wzi,98.95%,99.79%;KL103_04_wza,99.74%,99.74%;KL103_05_wzb,100.00%,99.31%;KL103_06_wzc,99.72%,99.86%;KL103_07_wbaP32,99.79%,99.79%;KL103_08_gtr308,99.34%,99.67%;KL103_09_gtr309,100.00%,69.86%,partial;KL103_10_ghl74,99.57%,99.79%;KL103_11_gtr310,100.00%,99.66%;KL103_12_wzy_KL103,99.76%,99.76%;KL103_13_gtr311,99.20%,99.73%;KL103_14_gtr312,98.35%,87.73%,partial;KL103_15_wzx_KL103,100.00%,99.79%;KL103_16_gnd,99.36%,99.79%;KL103_17_rmlB,100.00%,99.72%;KL103_18_rmlA,99.65%,99.66%;KL103_19_rmlD,99.66%,99.66%;KL103_20_rmlC,100.00%,99.46%;KL103_21_ugd1,99.74%,99.74%		0		1 / 22 (4.55%)	KL103_09_gtr309,92.98%,18.03%,partial	1	KL169_01_galF,90.34%,96.99%	KL103_09_gtr309,100.00%,69.86%,partial;KL103_09_gtr309,92.98%,18.03%,partial;KL103_14_gtr312,98.35%,87.73%,partial		ST167
3.3.2	Klebsiella_pneumoniae_Species_Complex_K	3.2.2	GCA_040418505.1	ST167	KL9	K9	Typeable	?-!	98.32%	90.41%		18 / 19 (94.74%)	KL9_01_galF,98.99%,99.67%;KL9_02_cpsACP,92.11%,18.10%,truncated;KL9_03_wzi,98.81%,99.80%;KL9_04_wza,98.68%,99.74%;KL9_05_wzb,99.31%,99.31%;KL9_06_wzc,99.45%,99.86%;KL9_07_wbaP2,98.74%,99.79%;KL9_08_gtr29,98.32%,98.35%,partial;KL9_09_gtr30,98.66%,95.21%,partial;KL9_10_wzy_KL9,96.39%,49.62%,partial;KL9_12_ghl7,97.10%,15.90%,partial;KL9_13_wzx_KL9,99.08%,77.43%,partial;KL9_14_gnd,99.57%,99.79%;KL9_15_rmlB,98.87%,99.72%;KL9_16_rmlA,98.25%,98.28%;KL9_17_rmlD,99.32%,99.66%;KL9_18_rmlC,97.83%,99.46%;KL9_19_ugd1,100.00%,99.74%	KL9_11_gtr31	0		0 / 19 (0.00%)		1	KL169_01_galF,90.34%,96.99%	KL9_02_cpsACP,92.11%,18.10%,truncated;KL9_08_gtr29,98.32%,98.35%,partial;KL9_09_gtr30,98.66%,95.21%,partial;KL9_10_wzy_KL9,96.39%,49.62%,partial;KL9_12_ghl7,97.10%,15.90%,partial;KL9_13_wzx_KL9,99.08%,77.43%,partial		ST167
3.3.2	Klebsiella_pneumoniae_Species_Complex_K	3.2.2	GCA_040418525.1	ST167	KL103	unknown	Typeable	?-!	99.14%	99.75%		21 / 22 (95.45%)	KL103_01_galF,99.33%,99.67%;KL103_02_cpsACP,98.09%,99.52%;KL103_03_wzi,98.95%,99.79%;KL103_04_wza,99.74%,99.74%;KL103_05_wzb,100.00%,99.31%;KL103_06_wzc,99.86%,99.86%;KL103_07_wbaP32,99.79%,99.79%;KL103_08_gtr308,99.34%,99.67%;KL103_09_gtr309,100.00%,99.72%;KL103_10_ghl74,99.56%,96.60%,partial;KL103_11_gtr310,100.00%,99.66%;KL103_12_wzy_KL103,100.00%,99.76%;KL103_13_gtr311,99.20%,99.73%;KL103_14_gtr312,98.91%,99.64%;KL103_15_wzx_KL103,100.00%,99.79%;KL103_16_gnd,99.36%,99.79%;KL103_17_rmlB,100.00%,99.72%;KL103_18_rmlA,99.65%,99.66%;KL103_19_rmlD,99.66%,99.66%;KL103_20_rmlC,100.00%,99.46%;KL103_21_ugd1,99.74%,99.74%		0		1 / 22 (4.55%)	KL103_10_ghl74,100.00%,2.76%,partial	1	KL169_01_galF,90.34%,96.99%	KL103_10_ghl74,99.56%,96.60%,partial;KL103_10_ghl74,100.00%,2.76%,partial		ST167
3.3.2	Klebsiella_pneumoniae_Species_Complex_K	3.2.2	GCA_040418545.1	ST167	KL9	K9	Typeable	?!	98.43%	99.50%		19 / 19 (100.00%)	KL9_01_galF,98.99%,99.67%;KL9_02_cpsACP,92.11%,18.10%,truncated;KL9_03_wzi,98.81%,99.80%;KL9_04_wza,98.68%,99.74%;KL9_05_wzb,99.31%,99.31%;KL9_06_wzc,99.45%,99.86%;KL9_07_wbaP2,98.74%,99.79%;KL9_08_gtr29,98.68%,99.67%;KL9_09_gtr30,98.72%,99.68%;KL9_10_wzy_KL9,98.46%,99.74%;KL9_11_gtr31,98.62%,99.66%;KL9_12_ghl7,97.60%,28.80%,truncated;KL9_13_wzx_KL9,99.05%,99.76%;KL9_14_gnd,99.57%,99.79%;KL9_15_rmlB,98.87%,99.72%;KL9_16_rmlA,98.25%,98.28%;KL9_17_rmlD,99.32%,99.66%;KL9_18_rmlC,97.83%,99.46%;KL9_19_ugd1,100.00%,99.74%		0		0 / 19 (0.00%)		1	KL169_01_galF,90.34%,96.99%	KL9_02_cpsACP,92.11%,18.10%,truncated;KL9_12_ghl7,97.60%,28.80%,truncated		ST167
3.3.2	Klebsiella_pneumoniae_Species_Complex_K	3.2.2	GCA_040418565.1	ST167	KL9	K9	Typeable	?-!	98.30%	84.78%		17 / 19 (89.47%)	KL9_01_galF,98.99%,99.67%;KL9_02_cpsACP,92.11%,18.10%,truncated;KL9_03_wzi,98.81%,99.80%;KL9_04_wza,98.68%,99.74%;KL9_05_wzb,99.31%,99.31%;KL9_06_wzc,99.45%,99.86%;KL9_07_wbaP2,98.74%,99.79%;KL9_08_gtr29,98.01%,99.67%;KL9_09_gtr30,98.62%,92.33%,partial;KL9_12_ghl7,97.26%,16.82%,partial;KL9_13_wzx_KL9,100.00%,10.69%,partial;KL9_14_gnd,99.57%,99.79%;KL9_15_rmlB,98.87%,99.72%;KL9_16_rmlA,98.25%,98.28%;KL9_17_rmlD,99.32%,99.66%;KL9_18_rmlC,97.83%,99.46%;KL9_19_ugd1,100.00%,99.74%	KL9_10_wzy_KL9;KL9_11_gtr31	0		0 / 19 (0.00%)		1	KL169_01_galF,90.34%,96.99%	KL9_02_cpsACP,92.11%,18.10%,truncated;KL9_09_gtr30,98.62%,92.33%,partial;KL9_12_ghl7,97.26%,16.82%,partial;KL9_13_wzx_KL9,100.00%,10.69%,partial		ST167
3.3.2	Klebsiella_pneumoniae_Species_Complex_K	3.2.2	GCA_040418585.1	ST167	KL103	unknown	Typeable	?!	99.11%	99.00%		21 / 21 (100.00%)	KL103_01_galF,99.33%,99.67%;KL103_02_cpsACP,98.09%,99.52%;KL103_03_wzi,98.95%,99.79%;KL103_04_wza,99.74%,99.74%;KL103_05_wzb,100.00%,99.31%;KL103_06_wzc,99.72%,99.86%;KL103_07_wbaP32,99.79%,99.79%;KL103_08_gtr308,99.34%,99.67%;KL103_09_gtr309,100.00%,90.99%,partial;KL103_10_ghl74,99.57%,99.79%;KL103_11_gtr310,100.00%,99.66%;KL103_12_wzy_KL103,100.00%,99.76%;KL103_13_gtr311,99.20%,99.73%;KL103_14_gtr312,98.91%,99.64%;KL103_15_wzx_KL103,100.00%,99.79%;KL103_16_gnd,99.36%,99.79%;KL103_17_rmlB,100.00%,99.72%;KL103_18_rmlA,99.65%,99.66%;KL103_19_rmlD,99.66%,99.66%;KL103_20_rmlC,100.00%,99.46%;KL103_21_ugd1,99.74%,99.74%		0		0 / 21 (0.00%)		1	KL169_01_galF,90.34%,96.99%	KL103_09_gtr309,100.00%,90.99%,partial		ST167
3.3.2	Klebsiella_pneumoniae_Species_Complex_K	3.2.2	GCA_040418605.1	ST167	KL9	K9	Typeable	?-!	98.37%	86.03%		17 / 19 (89.47%)	KL9_01_galF,98.99%,99.67%;KL9_02_cpsACP,92.11%,18.10%,truncated;KL9_03_wzi,98.81%,99.80%;KL9_04_wza,98.68%,99.74%;KL9_05_wzb,99.31%,99.31%;KL9_06_wzc,99.45%,99.86%;KL9_07_wbaP2,98.74%,99.79%;KL9_08_gtr29,99.19%,81.85%,partial;KL9_11_gtr31,98.59%,24.48%,partial;KL9_12_ghl7,97.60%,28.80%,truncated;KL9_13_wzx_KL9,99.05%,99.76%;KL9_14_gnd,99.57%,99.79%;KL9_15_rmlB,98.87%,99.72%;KL9_16_rmlA,98.25%,98.28%;KL9_17_rmlD,99.32%,99.66%;KL9_18_rmlC,97.83%,99.46%;KL9_19_ugd1,100.00%,99.74%	KL9_09_gtr30;KL9_10_wzy_KL9	0		0 / 19 (0.00%)		1	KL169_01_galF,90.34%,96.99%	KL9_02_cpsACP,92.11%,18.10%,truncated;KL9_08_gtr29,99.19%,81.85%,partial;KL9_11_gtr31,98.59%,24.48%,partial;KL9_12_ghl7,97.60%,28.80%,truncated		ST167
3.3.2	Klebsiella_pneumoniae_Species_Complex_K	3.2.2	GCA_040418625.1	ST167	KL9	K9	Typeable	?!	98.39%	87.12%		19 / 19 (100.00%)	KL9_01_galF,98.99%,99.67%;KL9_02_cpsACP,92.11%,18.10%,truncated;KL9_03_wzi,98.81%,99.80%;KL9_04_wza,98.68%,99.74%;KL9_05_wzb,99.31%,99.31%;KL9_06_wzc,99.45%,99.86%;KL9_07_wbaP2,98.66%,93.91%;KL9_08_gtr29,98.66%,98.35%,partial;KL9_09_gtr30,98.72%,99.68%;KL9_10_wzy_KL9,97.58%,42.20%,partial;KL9_11_gtr31,98.59%,24.48%,partial;KL9_12_ghl7,97.60%,28.80%,truncated;KL9_13_wzx_KL9,99.05%,99.76%;KL9_14_gnd,99.57%,99.79%;KL9_15_rmlB,98.87%,99.72%;KL9_16_rmlA,98.25%,98.28%;KL9_17_rmlD,99.32%,99.66%;KL9_18_rmlC,97.83%,99.46%;KL9_19_ugd1,100.00%,99.74%		0		0 / 19 (0.00%)		1	KL169_01_galF,90.34%,96.99%	KL9_02_cpsACP,92.11%,18.10%,truncated;KL9_08_gtr29,98.66%,98.35%,partial;KL9_10_wzy_KL9,97.58%,42.20%,partial;KL9_11_gtr31,98.59%,24.48%,partial;KL9_12_ghl7,97.60%,28.80%,truncated		ST167
3.3.2	Klebsiella_pneumoniae_Species_Complex_K	3.2.2	GCA_040418645.1	ST167	KL9	K9	Typeable	?-!	98.30%	93.73%		19 / 20 (95.00%)	KL9_01_galF,98.99%,99.67%;KL9_02_cpsACP,92.11%,18.10%,truncated;KL9_03_wzi,98.81%,99.80%;KL9_04_wza,98.68%,99.74%;KL9_05_wzb,99.31%,99.31%;KL9_06_wzc,99.45%,99.86%;KL9_07_wbaP2,98.74%,99.79%;KL9_08_gtr29,98.01%,99.67%;KL9_09_gtr30,98.64%,94.25%,partial;KL9_10_wzy_KL9,97.36%,58.06%,partial;KL9_10_wzy_KL9,99.35%,39.64%,truncated;KL9_11_gtr31,98.59%,73.45%,partial;KL9_12_ghl7,97.60%,28.80%,truncated;KL9_13_wzx_KL9,98.89%,64.37%,partial;KL9_14_gnd,99.57%,99.79%;KL9_15_rmlB,98.87%,99.72%;KL9_16_rmlA,98.25%,98.28%;KL9_17_rmlD,99.32%,99.66%;KL9_18_rmlC,97.83%,99.46%;KL9_19_ugd1,100.00%,99.74%		0		1 / 20 (5.00%)	KL9_11_gtr31,98.61%,24.83%,partial	1	KL169_01_galF,90.34%,96.99%	KL9_02_cpsACP,92.11%,18.10%,truncated;KL9_09_gtr30,98.64%,94.25%,partial;KL9_10_wzy_KL9,97.36%,58.06%,partial;KL9_10_wzy_KL9,99.35%,39.64%,truncated;KL9_11_gtr31,98.59%,73.45%,partial;KL9_11_gtr31,98.61%,24.83%,partial;KL9_12_ghl7,97.60%,28.80%,truncated;KL9_13_wzx_KL9,98.89%,64.37%,partial		ST167
3.3.2	Klebsiella_pneumoniae_Species_Complex_K	3.2.2	GCA_040418685.1	ST167	KL9	K9	Typeable	?-!	98.42%	96.38%		19 / 20 (95.00%)	KL9_01_galF,98.99%,99.67%;KL9_02_cpsACP,92.11%,18.10%,truncated;KL9_03_wzi,98.81%,99.80%;KL9_04_wza,98.68%,99.74%;KL9_05_wzb,99.31%,99.31%;KL9_06_wzc,99.45%,99.86%;KL9_07_wbaP2,98.74%,99.79%;KL9_08_gtr29,98.68%,99.67%;KL9_09_gtr30,98.72%,99.68%;KL9_10_wzy_KL9,97.24%,37.08%,partial;KL9_11_gtr31,98.62%,99.66%;KL9_12_ghl7,97.60%,28.80%,truncated;KL9_13_wzx_KL9,99.05%,99.76%;KL9_14_gnd,99.57%,99.79%;KL9_15_rmlB,98.87%,99.72%;KL9_16_rmlA,98.25%,98.28%;KL9_17_rmlD,99.32%,99.66%;KL9_18_rmlC,97.83%,99.46%;KL9_19_ugd1,100.00%,99.74%		0		1 / 20 (5.00%)	KL9_10_wzy_KL9,100.00%,9.72%,partial	1	KL169_01_galF,90.34%,96.99%	KL9_02_cpsACP,92.11%,18.10%,truncated;KL9_10_wzy_KL9,97.24%,37.08%,partial;KL9_10_wzy_KL9,100.00%,9.72%,partial;KL9_12_ghl7,97.60%,28.80%,truncated		ST167
3.3.2	Klebsiella_pneumoniae_Species_Complex_K	3.2.2	GCA_040418705.1	ST167	KL103	unknown	Typeable	?-!	99.11%	95.10%		21 / 22 (95.45%)	KL103_01_galF,99.33%,99.67%;KL103_02_cpsACP,98.09%,99.52%;KL103_03_wzi,98.95%,99.79%;KL103_04_wza,99.74%,99.74%;KL103_05_wzb,100.00%,99.31%;KL103_06_wzc,99.72%,99.86%;KL103_07_wbaP32,99.79%,99.79%;KL103_08_gtr308,99.34%,99.67%;KL103_09_gtr309,100.00%,99.72%;KL103_10_ghl74,99.57%,99.79%;KL103_11_gtr310,100.00%,99.66%;KL103_12_wzy_KL103,100.00%,52.20%,partial;KL103_13_gtr311,100.00%,45.33%,partial;KL103_14_gtr312,98.91%,99.64%;KL103_15_wzx_KL103,100.00%,99.79%;KL103_16_gnd,99.36%,99.79%;KL103_17_rmlB,100.00%,99.72%;KL103_18_rmlA,99.65%,99.66%;KL103_19_rmlD,99.66%,99.66%;KL103_20_rmlC,100.00%,99.46%;KL103_21_ugd1,99.74%,99.74%		0		1 / 22 (4.55%)	KL103_12_wzy_KL103,100.00%,42.44%,partial	1	KL169_01_galF,90.34%,96.99%	KL103_12_wzy_KL103,100.00%,52.20%,partial;KL103_12_wzy_KL103,100.00%,42.44%,partial;KL103_13_gtr311,100.00%,45.33%,partial		ST167
3.3.2	Klebsiella_pneumoniae_Species_Complex_K	3.2.2	GCA_040418725.1	ST167	KL9	K9	Typeable	?-!	98.35%	86.88%		18 / 20 (90.00%)	KL9_01_galF,98.99%,99.67%;KL9_02_cpsACP,92.11%,18.10%,truncated;KL9_03_wzi,98.81%,99.80%;KL9_04_wza,98.68%,99.74%;KL9_05_wzb,99.31%,99.31%;KL9_06_wzc,99.45%,99.86%;KL9_07_wbaP2,98.74%,99.79%;KL9_08_gtr29,99.10%,73.27%,partial;KL9_09_gtr30,98.72%,99.68%;KL9_10_wzy_KL9,100.00%,5.37%,partial;KL9_12_ghl7,97.26%,16.82%,partial;KL9_13_wzx_KL9,98.88%,63.42%,partial;KL9_14_gnd,99.57%,99.79%;KL9_15_rmlB,98.87%,99.72%;KL9_16_rmlA,98.25%,98.28%;KL9_17_rmlD,99.32%,99.66%;KL9_18_rmlC,97.83%,99.46%;KL9_19_ugd1,100.00%,99.74%	KL9_11_gtr31	0		1 / 20 (5.00%)	KL9_08_gtr29,93.02%,14.19%,partial	1	KL169_01_galF,90.34%,96.99%	KL9_02_cpsACP,92.11%,18.10%,truncated;KL9_08_gtr29,99.10%,73.27%,partial;KL9_08_gtr29,93.02%,14.19%,partial;KL9_10_wzy_KL9,100.00%,5.37%,partial;KL9_12_ghl7,97.26%,16.82%,partial;KL9_13_wzx_KL9,98.88%,63.42%,partial		ST167
3.3.2	Klebsiella_pneumoniae_Species_Complex_K	3.2.2	GCA_040418745.1	ST167	KL9	K9	Typeable	?-!	98.39%	93.35%		19 / 21 (90.48%)	KL9_01_galF,98.99%,99.67%;KL9_02_cpsACP,92.11%,18.10%,truncated;KL9_03_wzi,98.81%,99.80%;KL9_04_wza,98.68%,99.74%;KL9_05_wzb,99.31%,99.31%;KL9_06_wzc,99.45%,99.86%;KL9_07_wbaP2,98.74%,99.79%;KL9_08_gtr29,98.58%,93.07%,partial;KL9_09_gtr30,98.72%,99.68%;KL9_10_wzy_KL9,100.00%,7.42%,partial;KL9_11_gtr31,98.47%,90.00%,partial;KL9_12_ghl7,97.60%,28.80%,truncated;KL9_13_wzx_KL9,99.05%,99.76%;KL9_14_gnd,99.57%,99.79%;KL9_15_rmlB,98.87%,99.72%;KL9_16_rmlA,98.25%,98.28%;KL9_17_rmlD,99.32%,99.66%;KL9_18_rmlC,97.83%,99.46%;KL9_19_ugd1,100.00%,99.74%		0		2 / 21 (9.52%)	KL9_10_wzy_KL9,100.00%,5.12%,partial;KL9_11_gtr31,100.00%,12.07%,partial	1	KL169_01_galF,90.34%,96.99%	KL9_02_cpsACP,92.11%,18.10%,truncated;KL9_08_gtr29,98.58%,93.07%,partial;KL9_10_wzy_KL9,100.00%,7.42%,partial;KL9_10_wzy_KL9,100.00%,5.12%,partial;KL9_11_gtr31,98.47%,90.00%,partial;KL9_11_gtr31,100.00%,12.07%,partial;KL9_12_ghl7,97.60%,28.80%,truncated		ST167
3.3.2	Klebsiella_pneumoniae_Species_Complex_K	3.2.2	GCA_040418755.1	ST167	KL9	K9	Typeable	?-!	98.35%	87.77%		18 / 19 (94.74%)	KL9_01_galF,98.99%,99.67%;KL9_02_cpsACP,92.11%,18.10%,truncated;KL9_03_wzi,98.81%,99.80%;KL9_04_wza,98.68%,99.74%;KL9_05_wzb,99.31%,99.31%;KL9_06_wzc,99.45%,99.86%;KL9_07_wbaP2,98.74%,99.79%;KL9_08_gtr29,98.64%,97.03%,partial;KL9_09_gtr30,98.72%,99.68%;KL9_10_wzy_KL9,100.00%,5.63%,partial;KL9_12_ghl7,100.00%,9.91%,partial;KL9_13_wzx_KL9,98.85%,62.00%,partial;KL9_14_gnd,99.57%,99.79%;KL9_15_rmlB,98.87%,99.72%;KL9_16_rmlA,98.25%,98.28%;KL9_17_rmlD,99.32%,99.66%;KL9_18_rmlC,97.83%,99.46%;KL9_19_ugd1,100.00%,99.74%	KL9_11_gtr31	0		0 / 19 (0.00%)		1	KL169_01_galF,90.34%,96.99%	KL9_02_cpsACP,92.11%,18.10%,truncated;KL9_08_gtr29,98.64%,97.03%,partial;KL9_10_wzy_KL9,100.00%,5.63%,partial;KL9_12_ghl7,100.00%,9.91%,partial;KL9_13_wzx_KL9,98.85%,62.00%,partial		ST167
3.3.2	Klebsiella_pneumoniae_Species_Complex_K	3.2.2	GCA_040418805.1	ST167	KL9	K9	Typeable	?-!	98.37%	92.16%		18 / 19 (94.74%)	KL9_01_galF,98.99%,99.67%;KL9_02_cpsACP,92.11%,18.10%,truncated;KL9_03_wzi,98.81%,99.80%;KL9_04_wza,98.68%,99.74%;KL9_05_wzb,99.31%,99.31%;KL9_06_wzc,99.45%,99.86%;KL9_07_wbaP2,98.74%,99.79%;KL9_08_gtr29,98.68%,99.67%;KL9_09_gtr30,98.72%,99.68%;KL9_10_wzy_KL9,97.80%,58.06%,partial;KL9_12_ghl7,100.00%,5.99%,partial;KL9_13_wzx_KL9,98.99%,94.30%,partial;KL9_14_gnd,99.57%,99.79%;KL9_15_rmlB,98.87%,99.72%;KL9_16_rmlA,98.25%,98.28%;KL9_17_rmlD,99.32%,99.66%;KL9_18_rmlC,97.83%,99.46%;KL9_19_ugd1,100.00%,99.74%	KL9_11_gtr31	0		0 / 19 (0.00%)		1	KL169_01_galF,90.34%,96.99%	KL9_02_cpsACP,92.11%,18.10%,truncated;KL9_10_wzy_KL9,97.80%,58.06%,partial;KL9_12_ghl7,100.00%,5.99%,partial;KL9_13_wzx_KL9,98.99%,94.30%,partial		ST167
3.3.2	Klebsiella_pneumoniae_Species_Complex_K	3.2.2	GCA_040418825.1	ST167	KL9	K9	Typeable	?-!	98.37%	76.93%		16 / 19 (84.21%)	KL9_01_galF,98.99%,99.67%;KL9_02_cpsACP,92.11%,18.10%,truncated;KL9_03_wzi,98.81%,99.80%;KL9_04_wza,98.68%,99.74%;KL9_05_wzb,99.31%,99.31%;KL9_06_wzc,99.45%,99.86%;KL9_07_wbaP2,98.66%,93.91%;KL9_11_gtr31,98.57%,24.14%,partial;KL9_12_ghl7,97.60%,28.80%,truncated;KL9_13_wzx_KL9,99.05%,99.76%;KL9_14_gnd,99.57%,99.79%;KL9_15_rmlB,98.87%,99.72%;KL9_16_rmlA,98.25%,98.28%;KL9_17_rmlD,99.32%,99.66%;KL9_18_rmlC,97.83%,99.46%;KL9_19_ugd1,100.00%,99.74%	KL9_08_gtr29;KL9_09_gtr30;KL9_10_wzy_KL9	0		0 / 19 (0.00%)		1	KL169_01_galF,90.34%,96.99%	KL9_02_cpsACP,92.11%,18.10%,truncated;KL9_11_gtr31,98.57%,24.14%,partial;KL9_12_ghl7,97.60%,28.80%,truncated		ST167
3.3.2	Klebsiella_pneumoniae_Species_Complex_K	3.2.2	GCA_040418845.1	ST167	KL9	K9	Typeable	?-!	98.39%	93.08%		18 / 19 (94.74%)	KL9_01_galF,98.99%,99.67%;KL9_02_cpsACP,92.11%,18.10%,truncated;KL9_03_wzi,98.81%,99.80%;KL9_04_wza,98.68%,99.74%;KL9_05_wzb,99.31%,99.31%;KL9_06_wzc,99.45%,99.86%;KL9_07_wbaP2,98.74%,99.79%;KL9_08_gtr29,98.98%,64.69%,partial;KL9_09_gtr30,98.72%,99.68%;KL9_10_wzy_KL9,98.43%,97.70%,partial;KL9_12_ghl7,97.26%,16.82%,partial;KL9_13_wzx_KL9,99.05%,99.76%;KL9_14_gnd,99.57%,99.79%;KL9_15_rmlB,98.87%,99.72%;KL9_16_rmlA,98.25%,98.28%;KL9_17_rmlD,99.32%,99.66%;KL9_18_rmlC,97.83%,99.46%;KL9_19_ugd1,100.00%,99.74%	KL9_11_gtr31	0		0 / 19 (0.00%)		1	KL169_01_galF,90.34%,96.99%	KL9_02_cpsACP,92.11%,18.10%,truncated;KL9_08_gtr29,98.98%,64.69%,partial;KL9_10_wzy_KL9,98.43%,97.70%,partial;KL9_12_ghl7,97.26%,16.82%,partial		ST167
3.3.2	Klebsiella_pneumoniae_Species_Complex_K	3.2.2	GCA_040418885.1	ST167	KL9	K9	Typeable	?-!	98.37%	84.98%		16 / 19 (84.21%)	KL9_01_galF,98.99%,99.67%;KL9_02_cpsACP,92.11%,18.10%,truncated;KL9_03_wzi,98.81%,99.80%;KL9_04_wza,98.68%,99.74%;KL9_05_wzb,99.31%,99.31%;KL9_06_wzc,99.45%,99.86%;KL9_07_wbaP2,98.74%,99.79%;KL9_08_gtr29,98.59%,93.73%,partial;KL9_12_ghl7,97.06%,23.50%,partial;KL9_13_wzx_KL9,99.05%,99.76%;KL9_14_gnd,99.57%,99.79%;KL9_15_rmlB,98.87%,99.72%;KL9_16_rmlA,98.25%,98.28%;KL9_17_rmlD,99.32%,99.66%;KL9_18_rmlC,97.83%,99.46%;KL9_19_ugd1,100.00%,99.74%	KL9_09_gtr30;KL9_10_wzy_KL9;KL9_11_gtr31	0		0 / 19 (0.00%)		1	KL169_01_galF,90.34%,96.99%	KL9_02_cpsACP,92.11%,18.10%,truncated;KL9_08_gtr29,98.59%,93.73%,partial;KL9_12_ghl7,97.06%,23.50%,partial		ST167
3.3.2	Klebsiella_pneumoniae_Species_Complex_K	3.2.2	GCA_040418905.1	ST167	KL103	unknown	Typeable	?!	99.09%	94.91%		21 / 21 (100.00%)	KL103_01_galF,99.33%,99.67%;KL103_02_cpsACP,98.09%,99.52%;KL103_03_wzi,98.95%,99.79%;KL103_04_wza,99.74%,99.74%;KL103_05_wzb,100.00%,99.31%;KL103_06_wzc,99.72%,99.86%;KL103_07_wbaP32,99.79%,99.79%;KL103_08_gtr308,99.34%,99.67%;KL103_09_gtr309,100.00%,99.72%;KL103_10_ghl74,99.57%,99.79%;KL103_11_gtr310,100.00%,99.66%;KL103_12_wzy_KL103,100.00%,45.61%,partial;KL103_13_gtr311,98.58%,56.53%,partial;KL103_14_gtr312,98.55%,99.64%;KL103_15_wzx_KL103,100.00%,99.79%;KL103_16_gnd,99.36%,99.79%;KL103_17_rmlB,100.00%,99.72%;KL103_18_rmlA,99.65%,99.66%;KL103_19_rmlD,99.66%,99.66%;KL103_20_rmlC,100.00%,99.46%;KL103_21_ugd1,99.74%,99.74%		0		0 / 21 (0.00%)		1	KL169_01_galF,90.34%,96.99%	KL103_12_wzy_KL103,100.00%,45.61%,partial;KL103_13_gtr311,98.58%,56.53%,partial		ST167
3.3.2	Klebsiella_pneumoniae_Species_Complex_K	3.2.2	GCA_040418915.1	ST167	KL9	K9	Typeable	?-!	98.38%	97.37%		19 / 20 (95.00%)	KL9_01_galF,98.99%,99.67%;KL9_02_cpsACP,92.11%,18.10%,truncated;KL9_03_wzi,98.81%,99.80%;KL9_04_wza,98.68%,99.74%;KL9_05_wzb,99.31%,99.31%;KL9_06_wzc,99.45%,99.86%;KL9_07_wbaP2,98.74%,99.79%;KL9_08_gtr29,98.64%,97.36%,partial;KL9_09_gtr30,98.54%,87.54%,partial;KL9_10_wzy_KL9,98.21%,99.74%;KL9_11_gtr31,98.62%,99.66%;KL9_12_ghl7,100.00%,11.52%,partial;KL9_13_wzx_KL9,99.05%,99.76%;KL9_14_gnd,99.57%,99.79%;KL9_15_rmlB,98.87%,99.72%;KL9_16_rmlA,98.25%,98.28%;KL9_17_rmlD,99.32%,99.66%;KL9_18_rmlC,97.83%,99.46%;KL9_19_ugd1,100.00%,99.74%		0		1 / 20 (5.00%)	KL9_12_ghl7,96.15%,17.97%,partial	1	KL169_01_galF,90.34%,96.99%	KL9_02_cpsACP,92.11%,18.10%,truncated;KL9_08_gtr29,98.64%,97.36%,partial;KL9_09_gtr30,98.54%,87.54%,partial;KL9_12_ghl7,100.00%,11.52%,partial;KL9_12_ghl7,96.15%,17.97%,partial		ST167
3.3.2	Klebsiella_pneumoniae_Species_Complex_K	3.2.2	GCA_040418945.1	ST167	KL9	K9	Typeable	?!	98.34%	91.16%		19 / 19 (100.00%)	KL9_01_galF,98.99%,99.67%;KL9_02_cpsACP,92.11%,18.10%,truncated;KL9_03_wzi,98.81%,99.80%;KL9_04_wza,98.68%,99.74%;KL9_05_wzb,99.31%,99.31%;KL9_06_wzc,99.45%,99.86%;KL9_07_wbaP2,98.74%,99.79%;KL9_08_gtr29,98.66%,98.35%,partial;KL9_09_gtr30,98.68%,97.12%,partial;KL9_10_wzy_KL9,100.00%,4.86%,partial;KL9_11_gtr31,98.62%,99.66%;KL9_12_ghl7,97.60%,28.80%,truncated;KL9_13_wzx_KL9,99.08%,51.78%,partial;KL9_14_gnd,99.57%,99.79%;KL9_15_rmlB,98.87%,99.72%;KL9_16_rmlA,98.25%,98.28%;KL9_17_rmlD,99.32%,99.66%;KL9_18_rmlC,97.83%,99.46%;KL9_19_ugd1,100.00%,99.74%		0		0 / 19 (0.00%)		1	KL169_01_galF,90.34%,96.99%	KL9_02_cpsACP,92.11%,18.10%,truncated;KL9_08_gtr29,98.66%,98.35%,partial;KL9_09_gtr30,98.68%,97.12%,partial;KL9_10_wzy_KL9,100.00%,4.86%,partial;KL9_12_ghl7,97.60%,28.80%,truncated;KL9_13_wzx_KL9,99.08%,51.78%,partial		ST167
3.3.2	Klebsiella_pneumoniae_Species_Complex_K	3.2.2	GCA_040418965.1	ST167	KL9	K9	Typeable	?-!	98.41%	97.26%		19 / 21 (90.48%)	KL9_01_galF,98.99%,99.67%;KL9_02_cpsACP,92.11%,18.10%,truncated;KL9_03_wzi,98.81%,99.80%;KL9_04_wza,98.68%,99.74%;KL9_05_wzb,99.31%,99.31%;KL9_06_wzc,99.45%,99.86%;KL9_07_wbaP2,98.74%,99.79%;KL9_08_gtr29,98.68%,99.67%;KL9_09_gtr30,98.72%,99.68%;KL9_10_wzy_KL9,98.68%,77.24%,partial;KL9_11_gtr31,98.69%,78.97%,partial;KL9_12_ghl7,96.80%,28.80%,truncated;KL9_13_wzx_KL9,99.05%,99.76%;KL9_14_gnd,99.57%,99.79%;KL9_15_rmlB,98.87%,99.72%;KL9_16_rmlA,98.25%,98.28%;KL9_17_rmlD,99.32%,99.66%;KL9_18_rmlC,97.83%,99.46%;KL9_19_ugd1,100.00%,99.74%		0		2 / 21 (9.52%)	KL9_10_wzy_KL9,98.82%,21.74%,partial;KL9_11_gtr31,100.00%,12.41%,partial	1	KL169_01_galF,90.34%,96.99%	KL9_02_cpsACP,92.11%,18.10%,truncated;KL9_10_wzy_KL9,98.68%,77.24%,partial;KL9_10_wzy_KL9,98.82%,21.74%,partial;KL9_11_gtr31,98.69%,78.97%,partial;KL9_11_gtr31,100.00%,12.41%,partial;KL9_12_ghl7,96.80%,28.80%,truncated		ST167
3.3.2	Klebsiella_pneumoniae_Species_Complex_K	3.2.2	GCA_040418985.1	ST167	KL9	K9	Typeable	?!	98.42%	94.39%		19 / 19 (100.00%)	KL9_01_galF,98.99%,99.67%;KL9_02_cpsACP,92.11%,18.10%,truncated;KL9_03_wzi,98.81%,99.80%;KL9_04_wza,98.68%,99.74%;KL9_05_wzb,99.31%,99.31%;KL9_06_wzc,99.45%,99.86%;KL9_07_wbaP2,98.74%,99.79%;KL9_08_gtr29,98.68%,99.67%;KL9_09_gtr30,98.72%,99.68%;KL9_10_wzy_KL9,100.00%,5.63%,partial;KL9_10_wzy_KL9,100.00%,3.84%,partial;KL9_11_gtr31,98.62%,99.66%;KL9_12_ghl7,97.60%,28.80%,truncated;KL9_13_wzx_KL9,99.05%,99.76%;KL9_14_gnd,99.57%,99.79%;KL9_15_rmlB,98.87%,99.72%;KL9_16_rmlA,98.25%,98.28%;KL9_17_rmlD,99.32%,99.66%;KL9_18_rmlC,97.83%,99.46%;KL9_19_ugd1,100.00%,99.74%		0		0 / 19 (0.00%)		1	KL169_01_galF,90.34%,96.99%	KL9_02_cpsACP,92.11%,18.10%,truncated;KL9_10_wzy_KL9,100.00%,5.63%,partial;KL9_10_wzy_KL9,100.00%,3.84%,partial;KL9_12_ghl7,97.60%,28.80%,truncated		ST167
3.3.2	Klebsiella_pneumoniae_Species_Complex_K	3.2.2	GCA_040419005.1	ST167	KL9	K9	Typeable	?!	98.41%	92.81%		19 / 19 (100.00%)	KL9_01_galF,98.99%,99.67%;KL9_02_cpsACP,92.11%,18.10%,truncated;KL9_03_wzi,98.81%,99.80%;KL9_04_wza,98.68%,99.74%;KL9_05_wzb,99.31%,99.31%;KL9_06_wzc,99.45%,99.86%;KL9_07_wbaP2,98.74%,99.79%;KL9_08_gtr29,98.68%,99.67%;KL9_09_gtr30,98.72%,99.68%;KL9_10_wzy_KL9,97.58%,42.20%,partial;KL9_11_gtr31,100.00%,7.59%,partial;KL9_12_ghl7,97.60%,28.80%,truncated;KL9_13_wzx_KL9,99.05%,99.76%;KL9_14_gnd,99.57%,99.79%;KL9_15_rmlB,98.87%,99.72%;KL9_16_rmlA,98.25%,98.28%;KL9_17_rmlD,99.32%,99.66%;KL9_18_rmlC,97.83%,99.46%;KL9_19_ugd1,100.00%,99.74%		0		0 / 19 (0.00%)		1	KL169_01_galF,90.34%,96.99%	KL9_02_cpsACP,92.11%,18.10%,truncated;KL9_10_wzy_KL9,97.58%,42.20%,partial;KL9_11_gtr31,100.00%,7.59%,partial;KL9_12_ghl7,97.60%,28.80%,truncated		ST167
3.3.2	Klebsiella_pneumoniae_Species_Complex_K	3.2.2	GCA_040419025.1	ST167	KL115	unknown	Typeable	?-!	98.62%	84.62%		20 / 21 (95.24%)	KL115_01_galF,97.99%,99.67%;KL115_02_cpsACP,98.56%,99.52%;KL115_03_wzi,99.16%,99.79%;KL115_04_wza,99.21%,99.74%;KL115_05_wzb,100.00%,99.31%;KL115_06_wzc,99.17%,99.86%;KL115_07_wbaP5,99.58%,99.79%;KL115_08_gtr348,98.77%,89.81%,partial;KL115_09_gtr349,100.00%,95.68%,partial;KL115_10_wzy_KL115,99.53%,62.80%,partial;KL115_11_gtr350,100.00%,54.97%,partial;KL115_12_gtr351,98.84%,33.59%,partial;KL115_13_ghl82,98.80%,99.70%;KL115_14_wzx_KL115,97.81%,33.17%,partial;KL115_15_gnd,99.36%,99.79%;KL115_16_rmlB,99.15%,99.72%;KL115_17_rmlA,100.00%,99.66%;KL115_18_rmlD,98.99%,99.66%;KL115_19_rmlC,99.46%,99.46%;KL115_20_ugd1,99.48%,99.74%		0		1 / 21 (4.76%)	KL115_12_gtr351,100.00%,32.81%,partial	1	KL169_01_galF,90.34%,96.99%	KL115_08_gtr348,98.77%,89.81%,partial;KL115_09_gtr349,100.00%,95.68%,partial;KL115_10_wzy_KL115,99.53%,62.80%,partial;KL115_11_gtr350,100.00%,54.97%,partial;KL115_12_gtr351,98.84%,33.59%,partial;KL115_12_gtr351,100.00%,32.81%,partial;KL115_14_wzx_KL115,97.81%,33.17%,partial		ST167
3.3.2	Klebsiella_pneumoniae_Species_Complex_K	3.2.2	GCA_040419045.1	ST167	KL103	unknown	Typeable	?!	99.16%	99.73%		21 / 21 (100.00%)	KL103_01_galF,99.33%,99.67%;KL103_02_cpsACP,98.09%,99.52%;KL103_03_wzi,98.95%,99.79%;KL103_04_wza,99.74%,99.74%;KL103_05_wzb,100.00%,99.31%;KL103_06_wzc,99.72%,99.86%;KL103_07_wbaP32,99.79%,99.79%;KL103_08_gtr308,99.34%,99.67%;KL103_09_gtr309,100.00%,99.72%;KL103_10_ghl74,99.57%,99.79%;KL103_11_gtr310,100.00%,99.66%;KL103_12_wzy_KL103,100.00%,99.76%;KL103_13_gtr311,99.44%,95.20%,partial;KL103_14_gtr312,98.88%,96.75%,partial;KL103_15_wzx_KL103,100.00%,99.79%;KL103_16_gnd,99.36%,99.79%;KL103_17_rmlB,100.00%,99.72%;KL103_18_rmlA,99.65%,99.66%;KL103_19_rmlD,99.66%,99.66%;KL103_20_rmlC,100.00%,99.46%;KL103_21_ugd1,99.74%,99.74%		0		0 / 21 (0.00%)		1	KL169_01_galF,90.34%,96.99%	KL103_13_gtr311,99.44%,95.20%,partial;KL103_14_gtr312,98.88%,96.75%,partial		ST167
3.3.2	Klebsiella_pneumoniae_Species_Complex_K	3.2.2	GCA_040419065.1	ST167	KL103	unknown	Typeable	?-!	99.01%	89.99%		20 / 22 (90.91%)	KL103_01_galF,99.33%,99.67%;KL103_02_cpsACP,98.09%,99.52%;KL103_03_wzi,98.95%,99.79%;KL103_04_wza,99.74%,99.74%;KL103_05_wzb,100.00%,99.31%;KL103_06_wzc,99.72%,99.86%;KL103_07_wbaP32,99.79%,99.79%;KL103_08_gtr308,99.34%,99.67%;KL103_09_gtr309,100.00%,99.44%,partial;KL103_10_ghl74,99.57%,99.79%;KL103_11_gtr310,100.00%,99.66%;KL103_12_wzy_KL103,100.00%,47.56%,partial;KL103_14_gtr312,98.91%,99.64%;KL103_15_wzx_KL103,100.00%,54.49%,partial;KL103_16_gnd,99.36%,99.79%;KL103_17_rmlB,100.00%,99.72%;KL103_18_rmlA,99.65%,99.66%;KL103_19_rmlD,99.66%,99.66%;KL103_20_rmlC,100.00%,99.46%;KL103_21_ugd1,99.74%,99.74%	KL103_13_gtr311	0		1 / 22 (4.55%)	KL103_15_wzx_KL103,100.00%,45.09%,partial	1	KL169_01_galF,90.34%,96.99%	KL103_09_gtr309,100.00%,99.44%,partial;KL103_12_wzy_KL103,100.00%,47.56%,partial;KL103_15_wzx_KL103,100.00%,54.49%,partial;KL103_15_wzx_KL103,100.00%,45.09%,partial		ST167
3.3.2	Klebsiella_pneumoniae_Species_Complex_K	3.2.2	GCA_040419085.1	ST167	KL9	K9	Typeable	?!	98.41%	99.50%		19 / 19 (100.00%)	KL9_01_galF,98.99%,99.67%;KL9_02_cpsACP,92.11%,18.10%,truncated;KL9_03_wzi,98.81%,99.80%;KL9_04_wza,98.68%,99.74%;KL9_05_wzb,99.31%,99.31%;KL9_06_wzc,99.45%,99.86%;KL9_07_wbaP2,98.74%,99.79%;KL9_08_gtr29,98.68%,99.67%;KL9_09_gtr30,98.72%,99.68%;KL9_10_wzy_KL9,98.46%,99.74%;KL9_11_gtr31,98.27%,99.66%;KL9_12_ghl7,97.60%,28.80%,truncated;KL9_13_wzx_KL9,99.05%,99.76%;KL9_14_gnd,99.57%,99.79%;KL9_15_rmlB,98.87%,99.72%;KL9_16_rmlA,98.25%,98.28%;KL9_17_rmlD,99.32%,99.66%;KL9_18_rmlC,97.83%,99.46%;KL9_19_ugd1,100.00%,99.74%		0		0 / 19 (0.00%)		1	KL169_01_galF,90.34%,96.99%	KL9_02_cpsACP,92.11%,18.10%,truncated;KL9_12_ghl7,97.60%,28.80%,truncated		ST167
3.3.2	Klebsiella_pneumoniae_Species_Complex_K	3.2.2	GCA_040419105.1	ST167	KL103	unknown	Typeable	?-!	99.07%	94.54%		20 / 22 (90.91%)	KL103_01_galF,99.33%,99.67%;KL103_02_cpsACP,98.09%,99.52%;KL103_03_wzi,98.95%,99.79%;KL103_04_wza,99.74%,99.74%;KL103_05_wzb,100.00%,99.31%;KL103_06_wzc,99.72%,99.86%;KL103_07_wbaP32,99.79%,99.79%;KL103_08_gtr308,99.34%,99.67%;KL103_09_gtr309,100.00%,93.80%,partial;KL103_10_ghl74,99.57%,99.79%;KL103_11_gtr310,100.00%,99.66%;KL103_12_wzy_KL103,100.00%,72.68%,partial;KL103_13_gtr311,99.45%,97.07%,partial;KL103_15_wzx_KL103,100.00%,99.79%;KL103_16_gnd,99.36%,99.79%;KL103_17_rmlB,100.00%,99.72%;KL103_18_rmlA,99.65%,99.66%;KL103_19_rmlD,99.66%,99.66%;KL103_20_rmlC,100.00%,99.46%;KL103_21_ugd1,99.74%,99.74%	KL103_14_gtr312	0		1 / 22 (4.55%)	KL103_12_wzy_KL103,100.00%,27.56%,partial	1	KL169_01_galF,90.34%,96.99%	KL103_09_gtr309,100.00%,93.80%,partial;KL103_12_wzy_KL103,100.00%,72.68%,partial;KL103_12_wzy_KL103,100.00%,27.56%,partial;KL103_13_gtr311,99.45%,97.07%,partial		ST167
3.3.2	Klebsiella_pneumoniae_Species_Complex_K	3.2.2	GCA_040419125.1	ST167	KL9	K9	Typeable	?-!	98.41%	97.18%		19 / 20 (95.00%)	KL9_01_galF,98.99%,99.67%;KL9_02_cpsACP,92.11%,18.10%,truncated;KL9_03_wzi,98.81%,99.80%;KL9_04_wza,98.68%,99.74%;KL9_05_wzb,99.31%,99.31%;KL9_06_wzc,99.45%,99.86%;KL9_07_wbaP2,98.74%,99.79%;KL9_08_gtr29,99.23%,85.81%,partial;KL9_09_gtr30,98.72%,99.68%;KL9_10_wzy_KL9,97.97%,88.24%,partial;KL9_11_gtr31,98.62%,99.66%;KL9_12_ghl7,96.70%,20.97%,partial;KL9_13_wzx_KL9,99.05%,99.76%;KL9_14_gnd,99.57%,99.79%;KL9_15_rmlB,98.87%,99.72%;KL9_16_rmlA,98.25%,98.28%;KL9_17_rmlD,99.32%,99.66%;KL9_18_rmlC,97.83%,99.46%;KL9_19_ugd1,100.00%,99.74%		0		1 / 20 (5.00%)	KL9_12_ghl7,96.00%,5.76%,partial	1	KL169_01_galF,90.34%,96.99%	KL9_02_cpsACP,92.11%,18.10%,truncated;KL9_08_gtr29,99.23%,85.81%,partial;KL9_10_wzy_KL9,97.97%,88.24%,partial;KL9_12_ghl7,96.70%,20.97%,partial;KL9_12_ghl7,96.00%,5.76%,partial		ST167
3.3.2	Klebsiella_pneumoniae_Species_Complex_K	3.2.2	GCA_040419145.1	ST167	KL103	unknown	Typeable	?-!	99.12%	96.41%		21 / 22 (95.45%)	KL103_01_galF,99.33%,99.67%;KL103_02_cpsACP,98.09%,99.52%;KL103_03_wzi,98.95%,99.79%;KL103_04_wza,99.74%,99.74%;KL103_05_wzb,100.00%,99.31%;KL103_06_wzc,99.72%,99.86%;KL103_07_wbaP32,99.79%,99.79%;KL103_08_gtr308,99.34%,99.67%;KL103_09_gtr309,100.00%,99.72%;KL103_10_ghl74,99.57%,99.79%;KL103_11_gtr310,100.00%,99.66%;KL103_12_wzy_KL103,100.00%,46.83%,partial;KL103_13_gtr311,99.19%,98.40%,partial;KL103_14_gtr312,98.78%,88.81%,partial;KL103_15_wzx_KL103,100.00%,99.79%;KL103_16_gnd,99.36%,99.79%;KL103_17_rmlB,100.00%,99.72%;KL103_18_rmlA,99.65%,99.66%;KL103_19_rmlD,99.66%,99.66%;KL103_20_rmlC,100.00%,99.46%;KL103_21_ugd1,99.74%,99.74%		0		1 / 22 (4.55%)	KL103_12_wzy_KL103,100.00%,6.34%,partial	1	KL169_01_galF,90.34%,96.99%	KL103_12_wzy_KL103,100.00%,46.83%,partial;KL103_12_wzy_KL103,100.00%,6.34%,partial;KL103_13_gtr311,99.19%,98.40%,partial;KL103_14_gtr312,98.78%,88.81%,partial		ST167
3.3.2	Klebsiella_pneumoniae_Species_Complex_K	3.2.2	GCA_040419165.1	ST167	KL9	K9	Typeable	?-!	98.34%	86.49%		17 / 19 (89.47%)	KL9_01_galF,98.99%,99.67%;KL9_02_cpsACP,92.11%,18.10%,truncated;KL9_03_wzi,98.81%,99.80%;KL9_04_wza,98.68%,99.74%;KL9_05_wzb,99.31%,99.31%;KL9_06_wzc,99.45%,99.86%;KL9_07_wbaP2,98.74%,99.79%;KL9_08_gtr29,98.68%,99.67%;KL9_09_gtr30,98.64%,94.25%,partial;KL9_12_ghl7,100.00%,8.29%,partial;KL9_13_wzx_KL9,99.11%,53.21%,partial;KL9_14_gnd,99.57%,99.79%;KL9_15_rmlB,98.87%,99.72%;KL9_16_rmlA,98.25%,98.28%;KL9_17_rmlD,99.32%,99.66%;KL9_18_rmlC,97.83%,99.46%;KL9_19_ugd1,100.00%,99.74%	KL9_10_wzy_KL9;KL9_11_gtr31	0		0 / 19 (0.00%)		1	KL169_01_galF,90.34%,96.99%	KL9_02_cpsACP,92.11%,18.10%,truncated;KL9_09_gtr30,98.64%,94.25%,partial;KL9_12_ghl7,100.00%,8.29%,partial;KL9_13_wzx_KL9,99.11%,53.21%,partial		ST167
3.3.2	Klebsiella_pneumoniae_Species_Complex_K	3.2.2	GCA_040419185.1	ST167	KL9	K9	Typeable	?-!	98.35%	90.94%		19 / 20 (95.00%)	KL9_01_galF,98.99%,99.67%;KL9_02_cpsACP,92.11%,18.10%,truncated;KL9_03_wzi,98.81%,99.80%;KL9_04_wza,98.68%,99.74%;KL9_05_wzb,99.31%,99.31%;KL9_06_wzc,99.45%,99.86%;KL9_07_wbaP2,98.74%,99.79%;KL9_08_gtr29,98.01%,99.67%;KL9_09_gtr30,98.18%,52.72%,partial;KL9_10_wzy_KL9,97.35%,38.62%,partial;KL9_11_gtr31,100.00%,9.66%,partial;KL9_12_ghl7,97.60%,28.80%,truncated;KL9_13_wzx_KL9,99.05%,99.76%;KL9_14_gnd,99.57%,99.79%;KL9_15_rmlB,98.87%,99.72%;KL9_16_rmlA,98.25%,98.28%;KL9_17_rmlD,99.32%,99.66%;KL9_18_rmlC,97.83%,99.46%;KL9_19_ugd1,100.00%,99.74%		0		1 / 20 (5.00%)	KL9_09_gtr30,99.36%,49.84%,partial	1	KL169_01_galF,90.34%,96.99%	KL9_02_cpsACP,92.11%,18.10%,truncated;KL9_09_gtr30,98.18%,52.72%,partial;KL9_09_gtr30,99.36%,49.84%,partial;KL9_10_wzy_KL9,97.35%,38.62%,partial;KL9_11_gtr31,100.00%,9.66%,partial;KL9_12_ghl7,97.60%,28.80%,truncated		ST167
3.3.2	Klebsiella_pneumoniae_Species_Complex_K	3.2.2	GCA_040419205.1	ST167	KL103	unknown	Typeable	?-!	99.12%	98.57%		21 / 23 (91.30%)	KL103_01_galF,99.33%,99.67%;KL103_02_cpsACP,98.09%,99.52%;KL103_03_wzi,98.95%,99.79%;KL103_04_wza,99.74%,99.74%;KL103_05_wzb,100.00%,99.31%;KL103_06_wzc,99.72%,99.86%;KL103_07_wbaP32,99.77%,91.23%;KL103_08_gtr308,99.34%,99.67%;KL103_09_gtr309,99.72%,99.72%;KL103_10_ghl74,99.55%,95.33%,partial;KL103_11_gtr310,100.00%,99.66%;KL103_12_wzy_KL103,100.00%,99.76%;KL103_13_gtr311,99.20%,99.73%;KL103_14_gtr312,98.91%,99.64%;KL103_15_wzx_KL103,100.00%,99.79%;KL103_16_gnd,99.36%,99.79%;KL103_17_rmlB,100.00%,99.72%;KL103_18_rmlA,99.65%,99.66%;KL103_19_rmlD,99.66%,99.66%;KL103_20_rmlC,100.00%,99.46%;KL103_21_ugd1,99.74%,99.74%		0		2 / 23 (8.70%)	KL103_07_wbaP32,100.00%,8.98%,truncated;KL103_10_ghl74,100.00%,6.37%,partial	1	KL169_01_galF,90.34%,96.99%	KL103_07_wbaP32,100.00%,8.98%,truncated;KL103_10_ghl74,99.55%,95.33%,partial;KL103_10_ghl74,100.00%,6.37%,partial		ST167
3.3.2	Klebsiella_pneumoniae_Species_Complex_K	3.2.2	GCA_040507325.1	ST167	KL103	unknown	Typeable	?-!	99.02%	91.84%		21 / 22 (95.45%)	KL103_01_galF,99.33%,99.67%;KL103_02_cpsACP,98.09%,99.52%;KL103_03_wzi,98.95%,99.79%;KL103_04_wza,99.74%,99.74%;KL103_05_wzb,100.00%,99.31%;KL103_06_wzc,99.72%,99.86%;KL103_07_wbaP32,99.79%,99.79%;KL103_08_gtr308,99.34%,99.67%;KL103_09_gtr309,100.00%,88.73%,partial;KL103_10_ghl74,99.57%,99.79%;KL103_11_gtr310,100.00%,98.64%,partial;KL103_12_wzy_KL103,100.00%,42.68%,partial;KL103_13_gtr311,100.00%,31.20%,partial;KL103_14_gtr312,98.92%,66.79%,partial;KL103_15_wzx_KL103,100.00%,99.79%;KL103_16_gnd,99.36%,99.79%;KL103_17_rmlB,100.00%,99.72%;KL103_18_rmlA,99.65%,99.66%;KL103_19_rmlD,99.66%,99.66%;KL103_20_rmlC,100.00%,99.46%;KL103_21_ugd1,99.74%,99.74%		0		1 / 22 (4.55%)	KL103_09_gtr309,100.00%,6.20%,partial	1	KL169_01_galF,90.34%,96.99%	KL103_09_gtr309,100.00%,88.73%,partial;KL103_09_gtr309,100.00%,6.20%,partial;KL103_11_gtr310,100.00%,98.64%,partial;KL103_12_wzy_KL103,100.00%,42.68%,partial;KL103_13_gtr311,100.00%,31.20%,partial;KL103_14_gtr312,98.92%,66.79%,partial		ST167
3.3.2	Klebsiella_pneumoniae_Species_Complex_K	3.2.2	GCA_040507365.1	ST167	KL9	K9	Typeable	?!	98.39%	93.28%		19 / 19 (100.00%)	KL9_01_galF,98.99%,99.67%;KL9_02_cpsACP,92.11%,18.10%,truncated;KL9_03_wzi,98.81%,99.80%;KL9_04_wza,98.68%,99.74%;KL9_05_wzb,99.31%,99.31%;KL9_06_wzc,99.45%,99.86%;KL9_07_wbaP2,98.74%,99.79%;KL9_08_gtr29,98.67%,99.34%,partial;KL9_09_gtr30,98.72%,99.68%;KL9_10_wzy_KL9,97.60%,42.71%,partial;KL9_11_gtr31,98.59%,24.48%,partial;KL9_12_ghl7,97.60%,28.80%,truncated;KL9_13_wzx_KL9,99.05%,99.76%;KL9_14_gnd,99.57%,99.79%;KL9_15_rmlB,98.87%,99.72%;KL9_16_rmlA,98.25%,98.28%;KL9_17_rmlD,99.32%,99.66%;KL9_18_rmlC,97.83%,99.46%;KL9_19_ugd1,100.00%,99.74%		0		0 / 19 (0.00%)		1	KL169_01_galF,90.34%,96.99%	KL9_02_cpsACP,92.11%,18.10%,truncated;KL9_08_gtr29,98.67%,99.34%,partial;KL9_10_wzy_KL9,97.60%,42.71%,partial;KL9_11_gtr31,98.59%,24.48%,partial;KL9_12_ghl7,97.60%,28.80%,truncated		ST167
3.3.2	Klebsiella_pneumoniae_Species_Complex_K	3.2.2	GCA_040712335.1	ST167	KL35	Capsule null	Typeable	?-!	96.98%	68.77%		15 / 20 (75.00%)	KL35_01_galF,98.99%,99.67%;KL35_02_cpsACP,91.46%,94.76%;KL35_03_wzi,97.27%,99.79%;KL35_04_wza,98.67%,99.74%;KL35_05_wzb,98.61%,99.31%;KL35_06_wzc,98.75%,99.86%;KL35_07_wzy_KL35,98.01%,99.75%;KL35_08_ghl31,97.14%,99.76%;KL35_09_gtr132,97.93%,99.74%;KL35_10_gtr133,96.25%,99.73%;KL35_11_gtr134,99.24%,99.75%;KL35_12_wzx_KL35,96.47%,99.80%;KL35_13_ptr20,98.47%,99.69%;KL35_14_gtr135,97.14%,99.74%;KL35_15_wcaJ4,98.14%,80.90%,truncated	KL35_16_atr15;KL35_17_gnd;KL35_18_manC;KL35_19_manB;KL35_20_ugd1	0		0 / 20 (0.00%)		1	KL169_01_galF,90.34%,96.99%	KL35_15_wcaJ4,98.14%,80.90%,truncated		ST167
3.3.2	Klebsiella_pneumoniae_Species_Complex_K	3.2.2	GCA_045801095.1	ST167	KL103	unknown	Typeable		99.58%	100.00%	1	21 / 21 (100.00%)	KL103_01_galF,99.33%,99.67%;KL103_02_cpsACP,98.09%,99.52%;KL103_03_wzi,98.95%,99.79%;KL103_04_wza,99.74%,99.74%;KL103_05_wzb,100.00%,99.31%;KL103_06_wzc,99.86%,99.86%;KL103_07_wbaP32,99.79%,99.79%;KL103_08_gtr308,99.34%,99.67%;KL103_09_gtr309,100.00%,99.72%;KL103_10_ghl74,99.57%,99.79%;KL103_11_gtr310,100.00%,99.66%;KL103_12_wzy_KL103,100.00%,99.76%;KL103_13_gtr311,99.20%,99.73%;KL103_14_gtr312,98.91%,99.64%;KL103_15_wzx_KL103,100.00%,99.79%;KL103_16_gnd,99.36%,99.79%;KL103_17_rmlB,100.00%,99.72%;KL103_18_rmlA,99.65%,99.66%;KL103_19_rmlD,99.66%,99.66%;KL103_20_rmlC,100.00%,99.46%;KL103_21_ugd1,99.74%,99.74%		0		0 / 21 (0.00%)		1	KL168_01_galF,93.55%,41.20%,truncated	KL168_01_galF,93.55%,41.20%,truncated		ST167
3.3.2	Klebsiella_pneumoniae_Species_Complex_K	3.2.2	GCA_049546825.1	ST167	KL103	unknown	Typeable		99.13%	100.00%	1	21 / 21 (100.00%)	KL103_01_galF,99.33%,99.67%;KL103_02_cpsACP,98.09%,99.52%;KL103_03_wzi,98.95%,99.79%;KL103_04_wza,99.74%,99.74%;KL103_05_wzb,100.00%,99.31%;KL103_06_wzc,99.72%,99.86%;KL103_07_wbaP32,99.79%,99.79%;KL103_08_gtr308,99.34%,99.67%;KL103_09_gtr309,99.72%,99.72%;KL103_10_ghl74,99.57%,99.79%;KL103_11_gtr310,100.00%,99.66%;KL103_12_wzy_KL103,99.76%,99.76%;KL103_13_gtr311,99.20%,99.73%;KL103_14_gtr312,98.91%,99.64%;KL103_15_wzx_KL103,100.00%,99.79%;KL103_16_gnd,99.36%,99.79%;KL103_17_rmlB,100.00%,99.72%;KL103_18_rmlA,99.65%,99.66%;KL103_19_rmlD,99.66%,99.66%;KL103_20_rmlC,100.00%,99.46%;KL103_21_ugd1,99.74%,99.74%		0		0 / 21 (0.00%)		1	KL169_01_galF,90.34%,96.99%			ST167
3.3.2	Klebsiella_pneumoniae_Species_Complex_K	3.2.2	GCA_050112895.1	ST167	KL9	K9	Typeable	!	98.43%	100.00%	1177	19 / 19 (100.00%)	KL9_01_galF,98.99%,99.67%;KL9_02_cpsACP,92.11%,18.10%,truncated;KL9_03_wzi,98.81%,99.80%;KL9_04_wza,98.68%,99.74%;KL9_05_wzb,99.31%,99.31%;KL9_06_wzc,99.45%,99.86%;KL9_07_wbaP2,98.74%,99.79%;KL9_08_gtr29,98.68%,99.67%;KL9_09_gtr30,98.72%,99.68%;KL9_10_wzy_KL9,98.46%,99.74%;KL9_11_gtr31,98.62%,99.66%;KL9_12_ghl7,97.60%,28.80%,truncated;KL9_13_wzx_KL9,99.05%,99.76%;KL9_14_gnd,99.57%,99.79%;KL9_15_rmlB,98.87%,99.72%;KL9_16_rmlA,98.25%,98.28%;KL9_17_rmlD,99.32%,99.66%;KL9_18_rmlC,97.83%,99.46%;KL9_19_ugd1,100.00%,99.74%		0		0 / 19 (0.00%)		1	KL169_01_galF,90.34%,96.99%	KL9_02_cpsACP,92.11%,18.10%,truncated;KL9_12_ghl7,97.60%,28.80%,truncated		ST167
3.3.2	Klebsiella_pneumoniae_Species_Complex_K	3.2.2	GCA_050112935.1	ST167	KL115	Capsule null	Typeable	?-!	98.51%	90.53%		19 / 20 (95.00%)	KL115_01_galF,97.99%,99.67%;KL115_02_cpsACP,98.56%,99.52%;KL115_03_wzi,99.16%,99.79%;KL115_04_wza,98.31%,66.23%,truncated;KL115_05_wzb,98.62%,100.00%;KL115_06_wzc,90.00%,8.60%,truncated;KL115_07_wbaP5,100.00%,29.83%,truncated;KL115_08_gtr348,98.28%,16.80%,partial;KL115_10_wzy_KL115,99.30%,42.56%,truncated;KL115_11_gtr350,100.00%,99.67%;KL115_12_gtr351,99.61%,99.61%;KL115_13_ghl82,97.35%,45.51%,truncated;KL115_14_wzx_KL115,99.27%,99.76%;KL115_15_gnd,99.04%,66.52%,truncated;KL115_16_rmlB,99.15%,99.72%;KL115_17_rmlA,100.00%,99.66%;KL115_18_rmlD,98.99%,99.66%;KL115_19_rmlC,99.46%,99.46%;KL115_20_ugd1,99.48%,99.74%	KL115_09_gtr349	0		0 / 20 (0.00%)		1	KL169_01_galF,90.34%,96.99%	KL115_04_wza,98.31%,66.23%,truncated;KL115_06_wzc,90.00%,8.60%,truncated;KL115_07_wbaP5,100.00%,29.83%,truncated;KL115_08_gtr348,98.28%,16.80%,partial;KL115_10_wzy_KL115,99.30%,42.56%,truncated;KL115_13_ghl82,97.35%,45.51%,truncated;KL115_15_gnd,99.04%,66.52%,truncated		ST167
3.3.2	Klebsiella_pneumoniae_Species_Complex_K	3.2.2	GCA_050112975.1	ST167	KL9	K9	Typeable	!	98.43%	100.00%	1176	19 / 19 (100.00%)	KL9_01_galF,98.99%,99.67%;KL9_02_cpsACP,92.11%,18.10%,truncated;KL9_03_wzi,98.81%,99.80%;KL9_04_wza,98.68%,99.74%;KL9_05_wzb,99.31%,99.31%;KL9_06_wzc,99.45%,99.86%;KL9_07_wbaP2,98.74%,99.79%;KL9_08_gtr29,98.68%,99.67%;KL9_09_gtr30,98.72%,99.68%;KL9_10_wzy_KL9,98.46%,99.74%;KL9_11_gtr31,98.62%,99.66%;KL9_12_ghl7,95.65%,23.27%,truncated;KL9_13_wzx_KL9,99.05%,99.76%;KL9_14_gnd,99.57%,99.79%;KL9_15_rmlB,98.87%,99.72%;KL9_16_rmlA,98.25%,98.28%;KL9_17_rmlD,99.32%,99.66%;KL9_18_rmlC,97.83%,99.46%;KL9_19_ugd1,100.00%,99.74%		0		0 / 19 (0.00%)		1	KL169_01_galF,90.34%,96.99%	KL9_02_cpsACP,92.11%,18.10%,truncated;KL9_12_ghl7,95.65%,23.27%,truncated		ST167
3.3.2	Klebsiella_pneumoniae_Species_Complex_K	3.2.2	GCA_050113015.1	ST167	KL103	unknown	Typeable	!	99.11%	100.00%	3	21 / 21 (100.00%)	KL103_01_galF,99.33%,99.67%;KL103_02_cpsACP,98.09%,99.52%;KL103_03_wzi,98.95%,99.79%;KL103_04_wza,99.74%,99.74%;KL103_05_wzb,100.00%,99.31%;KL103_06_wzc,99.72%,99.86%;KL103_07_wbaP32,99.79%,99.79%;KL103_08_gtr308,99.34%,99.67%;KL103_09_gtr309,100.00%,99.72%;KL103_10_ghl74,99.57%,99.79%;KL103_11_gtr310,100.00%,99.66%;KL103_12_wzy_KL103,100.00%,99.76%;KL103_13_gtr311,99.20%,99.73%;KL103_14_gtr312,98.91%,99.64%;KL103_15_wzx_KL103,98.02%,25.26%,truncated;KL103_16_gnd,99.36%,99.79%;KL103_17_rmlB,100.00%,99.72%;KL103_18_rmlA,99.65%,99.66%;KL103_19_rmlD,99.66%,99.66%;KL103_20_rmlC,100.00%,99.46%;KL103_21_ugd1,99.74%,99.74%		0		0 / 21 (0.00%)		1	KL169_01_galF,90.34%,96.99%	KL103_15_wzx_KL103,98.02%,25.26%,truncated		ST167
3.3.2	Klebsiella_pneumoniae_Species_Complex_K	3.2.2	GCA_050113055.1	ST167	KL9	K9	Typeable	!	98.43%	100.00%	1177	19 / 19 (100.00%)	KL9_01_galF,98.99%,99.67%;KL9_02_cpsACP,92.11%,18.10%,truncated;KL9_03_wzi,98.81%,99.80%;KL9_04_wza,98.68%,99.74%;KL9_05_wzb,99.31%,99.31%;KL9_06_wzc,99.45%,99.86%;KL9_07_wbaP2,98.74%,99.79%;KL9_08_gtr29,98.68%,99.67%;KL9_09_gtr30,98.72%,99.68%;KL9_10_wzy_KL9,98.46%,99.74%;KL9_11_gtr31,98.62%,99.66%;KL9_12_ghl7,97.60%,28.80%,truncated;KL9_13_wzx_KL9,99.05%,99.76%;KL9_14_gnd,99.57%,99.79%;KL9_15_rmlB,98.87%,99.72%;KL9_16_rmlA,98.25%,98.28%;KL9_17_rmlD,99.32%,99.66%;KL9_18_rmlC,97.83%,99.46%;KL9_19_ugd1,100.00%,99.74%		0		0 / 19 (0.00%)		1	KL169_01_galF,90.34%,96.99%	KL9_02_cpsACP,92.11%,18.10%,truncated;KL9_12_ghl7,97.60%,28.80%,truncated		ST167
3.3.2	Klebsiella_pneumoniae_Species_Complex_K	3.2.2	GCA_050113075.1	ST167	KL103	unknown	Typeable	!	99.11%	100.00%	2	21 / 21 (100.00%)	KL103_01_galF,99.33%,99.67%;KL103_02_cpsACP,98.09%,99.52%;KL103_03_wzi,98.95%,99.79%;KL103_04_wza,99.74%,99.74%;KL103_05_wzb,100.00%,99.31%;KL103_06_wzc,99.72%,99.86%;KL103_07_wbaP32,99.79%,99.79%;KL103_08_gtr308,99.34%,99.67%;KL103_09_gtr309,100.00%,99.72%;KL103_10_ghl74,99.57%,99.79%;KL103_11_gtr310,100.00%,60.68%,truncated;KL103_12_wzy_KL103,100.00%,99.76%;KL103_13_gtr311,99.20%,99.73%;KL103_14_gtr312,98.91%,99.64%;KL103_15_wzx_KL103,100.00%,99.79%;KL103_16_gnd,99.36%,99.79%;KL103_17_rmlB,100.00%,99.72%;KL103_18_rmlA,99.65%,99.66%;KL103_19_rmlD,99.66%,99.66%;KL103_20_rmlC,100.00%,99.46%;KL103_21_ugd1,99.74%,99.74%		0		0 / 21 (0.00%)		1	KL169_01_galF,90.34%,96.99%	KL103_11_gtr310,100.00%,60.68%,truncated		ST167
3.3.2	Klebsiella_pneumoniae_Species_Complex_K	3.2.2	GCA_050113115.1	ST167	KL9	K9	Typeable	!	98.43%	100.00%	1176	19 / 19 (100.00%)	KL9_01_galF,98.99%,99.67%;KL9_02_cpsACP,92.11%,18.10%,truncated;KL9_03_wzi,98.81%,99.80%;KL9_04_wza,98.68%,99.74%;KL9_05_wzb,99.31%,99.31%;KL9_06_wzc,99.45%,99.86%;KL9_07_wbaP2,98.74%,99.79%;KL9_08_gtr29,98.68%,99.67%;KL9_09_gtr30,98.72%,99.68%;KL9_10_wzy_KL9,98.46%,99.74%;KL9_11_gtr31,98.62%,99.66%;KL9_12_ghl7,95.65%,23.27%,truncated;KL9_13_wzx_KL9,99.05%,99.76%;KL9_14_gnd,99.57%,99.79%;KL9_15_rmlB,98.87%,99.72%;KL9_16_rmlA,98.25%,98.28%;KL9_17_rmlD,99.32%,99.66%;KL9_18_rmlC,97.83%,99.46%;KL9_19_ugd1,100.00%,99.74%		0		0 / 19 (0.00%)		1	KL169_01_galF,90.34%,96.99%	KL9_02_cpsACP,92.11%,18.10%,truncated;KL9_12_ghl7,95.65%,23.27%,truncated		ST167
3.3.2	Klebsiella_pneumoniae_Species_Complex_K	3.2.2	GCA_050113135.1	ST167	KL115	unknown	Typeable		98.88%	100.00%	451	20 / 20 (100.00%)	KL115_01_galF,97.99%,99.67%;KL115_02_cpsACP,98.56%,99.52%;KL115_03_wzi,99.16%,99.79%;KL115_04_wza,99.21%,99.74%;KL115_05_wzb,100.00%,99.31%;KL115_06_wzc,99.17%,99.86%;KL115_07_wbaP5,99.58%,99.79%;KL115_08_gtr348,98.90%,99.72%;KL115_09_gtr349,100.00%,99.67%;KL115_10_wzy_KL115,98.81%,99.70%;KL115_11_gtr350,100.00%,99.67%;KL115_12_gtr351,99.61%,99.61%;KL115_13_ghl82,99.40%,99.70%;KL115_14_wzx_KL115,99.27%,99.76%;KL115_15_gnd,99.36%,99.79%;KL115_16_rmlB,99.15%,99.72%;KL115_17_rmlA,100.00%,99.66%;KL115_18_rmlD,98.99%,99.66%;KL115_19_rmlC,99.46%,99.46%;KL115_20_ugd1,99.48%,99.74%		0		0 / 20 (0.00%)		1	KL169_01_galF,90.34%,96.99%			ST167
3.3.2	Klebsiella_pneumoniae_Species_Complex_K	3.2.2	GCA_050113155.1	ST167	KL9	K9	Typeable	!	98.43%	100.00%	1177	19 / 19 (100.00%)	KL9_01_galF,98.99%,99.67%;KL9_02_cpsACP,92.11%,18.10%,truncated;KL9_03_wzi,98.81%,99.80%;KL9_04_wza,98.68%,99.74%;KL9_05_wzb,99.31%,99.31%;KL9_06_wzc,99.45%,99.86%;KL9_07_wbaP2,98.74%,99.79%;KL9_08_gtr29,98.68%,99.67%;KL9_09_gtr30,98.72%,99.68%;KL9_10_wzy_KL9,98.46%,99.74%;KL9_11_gtr31,98.62%,99.66%;KL9_12_ghl7,97.60%,28.80%,truncated;KL9_13_wzx_KL9,99.05%,99.76%;KL9_14_gnd,99.57%,99.79%;KL9_15_rmlB,98.87%,99.72%;KL9_16_rmlA,98.25%,98.28%;KL9_17_rmlD,99.32%,99.66%;KL9_18_rmlC,97.83%,99.46%;KL9_19_ugd1,100.00%,99.74%		0		0 / 19 (0.00%)		1	KL169_01_galF,90.34%,96.99%	KL9_02_cpsACP,92.11%,18.10%,truncated;KL9_12_ghl7,97.60%,28.80%,truncated		ST167
3.3.2	Klebsiella_pneumoniae_Species_Complex_K	3.2.2	GCA_050113175.1	ST167	KL9	K9	Typeable	!	98.43%	100.00%	1177	19 / 19 (100.00%)	KL9_01_galF,98.99%,99.67%;KL9_02_cpsACP,92.11%,18.10%,truncated;KL9_03_wzi,98.81%,99.80%;KL9_04_wza,98.68%,99.74%;KL9_05_wzb,99.31%,99.31%;KL9_06_wzc,99.45%,99.86%;KL9_07_wbaP2,98.74%,99.79%;KL9_08_gtr29,98.68%,99.67%;KL9_09_gtr30,98.72%,99.68%;KL9_10_wzy_KL9,98.46%,99.74%;KL9_11_gtr31,98.62%,99.66%;KL9_12_ghl7,97.60%,28.80%,truncated;KL9_13_wzx_KL9,99.05%,99.76%;KL9_14_gnd,99.57%,99.79%;KL9_15_rmlB,98.87%,99.72%;KL9_16_rmlA,98.25%,98.28%;KL9_17_rmlD,99.32%,99.66%;KL9_18_rmlC,97.83%,99.46%;KL9_19_ugd1,100.00%,99.74%		0		0 / 19 (0.00%)		1	KL169_01_galF,90.34%,96.99%	KL9_02_cpsACP,92.11%,18.10%,truncated;KL9_12_ghl7,97.60%,28.80%,truncated		ST167
3.3.2	Klebsiella_pneumoniae_Species_Complex_K	3.2.2	GCA_050113195.1	ST167	KL9	K9	Typeable	!	98.43%	100.00%	1177	19 / 19 (100.00%)	KL9_01_galF,98.99%,99.67%;KL9_02_cpsACP,92.11%,18.10%,truncated;KL9_03_wzi,98.81%,99.80%;KL9_04_wza,98.68%,99.74%;KL9_05_wzb,99.31%,99.31%;KL9_06_wzc,99.45%,99.86%;KL9_07_wbaP2,98.74%,99.79%;KL9_08_gtr29,98.68%,99.67%;KL9_09_gtr30,98.72%,99.68%;KL9_10_wzy_KL9,98.46%,99.74%;KL9_11_gtr31,98.62%,99.66%;KL9_12_ghl7,97.60%,28.80%,truncated;KL9_13_wzx_KL9,99.05%,99.76%;KL9_14_gnd,99.57%,99.79%;KL9_15_rmlB,98.87%,99.72%;KL9_16_rmlA,98.25%,98.28%;KL9_17_rmlD,99.32%,99.66%;KL9_18_rmlC,97.83%,99.46%;KL9_19_ugd1,100.00%,99.74%		0		0 / 19 (0.00%)		1	KL169_01_galF,90.34%,96.99%	KL9_02_cpsACP,92.11%,18.10%,truncated;KL9_12_ghl7,97.60%,28.80%,truncated		ST167
3.3.2	Klebsiella_pneumoniae_Species_Complex_K	3.2.2	GCA_052072695.1	ST167	KL103	unknown	Typeable		99.15%	100.00%	1	21 / 21 (100.00%)	KL103_01_galF,99.33%,99.67%;KL103_02_cpsACP,98.09%,99.52%;KL103_03_wzi,98.95%,99.79%;KL103_04_wza,99.74%,99.74%;KL103_05_wzb,100.00%,99.31%;KL103_06_wzc,99.72%,99.86%;KL103_07_wbaP32,99.79%,99.79%;KL103_08_gtr308,99.34%,99.67%;KL103_09_gtr309,100.00%,99.72%;KL103_10_ghl74,99.57%,99.79%;KL103_11_gtr310,100.00%,99.66%;KL103_12_wzy_KL103,100.00%,99.76%;KL103_13_gtr311,99.20%,99.73%;KL103_14_gtr312,98.91%,99.64%;KL103_15_wzx_KL103,100.00%,99.79%;KL103_16_gnd,99.36%,99.79%;KL103_17_rmlB,100.00%,99.72%;KL103_18_rmlA,99.65%,99.66%;KL103_19_rmlD,99.66%,99.66%;KL103_20_rmlC,100.00%,99.46%;KL103_21_ugd1,99.74%,99.74%		0		0 / 21 (0.00%)		1	KL169_01_galF,90.34%,96.99%			ST167
3.3.2	Klebsiella_pneumoniae_Species_Complex_K	3.2.2	GCA_052072795.1	ST167	KL48	K48	Typeable		99.31%	99.99%	-2	21 / 21 (100.00%)	KL48_01_galF,99.33%,99.67%;KL48_02_cpsACP,99.04%,99.52%;KL48_03_wzi,99.79%,99.79%;KL48_04_wza,99.47%,99.74%;KL48_05_wzb,100.00%,99.31%;KL48_06_wzc,99.72%,99.86%;KL48_07_gtr185,99.67%,99.67%;KL48_08_wcaJ23,100.00%,99.79%;KL48_09_gtr186,99.26%,99.63%;KL48_10_wzy_KL48,100.00%,99.69%;KL48_11_gtr187,99.63%,99.63%;KL48_12_gtr188,100.00%,99.71%;KL48_13_ghl44,100.00%,99.78%;KL48_14_wzx_KL48,100.00%,99.77%;KL48_15_atr19,99.38%,99.39%;KL48_16_gnd,100.00%,99.79%;KL48_17_rmlB,100.00%,99.72%;KL48_18_rmlA,99.65%,99.66%;KL48_19_rmlD,100.00%,99.66%;KL48_20_rmlC,99.46%,99.46%;KL48_21_ugd1,100.00%,99.74%		0		0 / 21 (0.00%)		1	KL169_01_galF,90.34%,96.99%			ST167
3.3.2	Klebsiella_pneumoniae_Species_Complex_K	3.2.2	GCA_052072855.1	ST167	KL103	unknown	Typeable		99.16%	100.00%	2	21 / 21 (100.00%)	KL103_01_galF,99.33%,99.67%;KL103_02_cpsACP,98.09%,99.52%;KL103_03_wzi,98.95%,99.79%;KL103_04_wza,99.74%,99.74%;KL103_05_wzb,100.00%,99.31%;KL103_06_wzc,99.72%,99.86%;KL103_07_wbaP32,99.79%,99.79%;KL103_08_gtr308,99.34%,99.67%;KL103_09_gtr309,100.00%,99.72%;KL103_10_ghl74,99.79%,99.79%;KL103_11_gtr310,100.00%,99.66%;KL103_12_wzy_KL103,100.00%,99.76%;KL103_13_gtr311,99.20%,99.73%;KL103_14_gtr312,98.91%,99.64%;KL103_15_wzx_KL103,100.00%,99.79%;KL103_16_gnd,99.36%,99.79%;KL103_17_rmlB,100.00%,99.72%;KL103_18_rmlA,99.65%,99.66%;KL103_19_rmlD,99.66%,99.66%;KL103_20_rmlC,100.00%,99.46%;KL103_21_ugd1,99.74%,99.74%		0		0 / 21 (0.00%)		1	KL169_01_galF,90.34%,96.99%			ST167
3.3.2	Klebsiella_pneumoniae_Species_Complex_K	3.2.2	GCA_052072985.1	ST167	KL103	unknown	Typeable		99.16%	100.00%	1	21 / 21 (100.00%)	KL103_01_galF,99.33%,99.67%;KL103_02_cpsACP,98.09%,99.52%;KL103_03_wzi,98.95%,99.79%;KL103_04_wza,99.74%,99.74%;KL103_05_wzb,100.00%,99.31%;KL103_06_wzc,99.86%,99.86%;KL103_07_wbaP32,99.79%,99.79%;KL103_08_gtr308,99.34%,99.67%;KL103_09_gtr309,100.00%,99.72%;KL103_10_ghl74,99.57%,99.79%;KL103_11_gtr310,100.00%,99.66%;KL103_12_wzy_KL103,100.00%,99.76%;KL103_13_gtr311,99.20%,99.73%;KL103_14_gtr312,98.91%,99.64%;KL103_15_wzx_KL103,100.00%,99.79%;KL103_16_gnd,99.36%,99.79%;KL103_17_rmlB,100.00%,99.72%;KL103_18_rmlA,99.65%,99.66%;KL103_19_rmlD,99.66%,99.66%;KL103_20_rmlC,100.00%,99.46%;KL103_21_ugd1,99.74%,99.74%		0		0 / 21 (0.00%)		1	KL169_01_galF,90.34%,96.99%			ST167
3.3.2	Klebsiella_pneumoniae_Species_Complex_K	3.2.2	GCA_907163365.1	ST167	KL20	K20	Typeable	-	98.82%	94.55%	-1302	17 / 18 (94.44%)	KL20_01_galF,99.33%,99.67%;KL20_03_wzi,99.41%,99.80%;KL20_04_wza,99.21%,99.74%;KL20_05_wzb,100.00%,99.31%;KL20_06_wzc,98.76%,99.86%;KL20_07_wbaP1,99.58%,99.79%;KL20_08_wzy_KL20,99.76%,99.76%;KL20_09_atr11,99.42%,99.42%;KL20_10_gtr74,99.30%,99.65%;KL20_11_gtr75,98.41%,99.74%;KL20_12_ghl17,99.52%,99.76%;KL20_13_gtr76,99.40%,99.70%;KL20_14_wzx_KL20,99.28%,99.76%;KL20_15_gnd,99.57%,99.79%;KL20_16_manC,98.94%,99.79%;KL20_17_manB,99.34%,99.78%;KL20_18_ugd1,99.23%,99.74%	KL20_02_cpsACP	0		0 / 18 (0.00%)		1	KL169_01_galF,90.34%,96.99%			ST167
3.3.2	Klebsiella_pneumoniae_Species_Complex_K	3.2.2	GCA_907163485.1	ST167	KL30	K30	Typeable	?!	96.51%	95.92%		20 / 20 (100.00%)	KL30_01_galF,99.33%,99.67%;KL30_02_cpsACP,92.34%,99.52%;KL30_03_wzi,96.43%,99.80%;KL30_04_wza,100.00%,99.74%;KL30_05_wzb,99.30%,99.31%;KL30_06_wzc,99.17%,99.86%;KL30_07_ptr16,99.37%,99.68%;KL30_08_wzx_KL30,100.00%,99.74%;KL30_09_gtr113,96.61%,99.74%;KL30_10_wzy_KL30,91.99%,99.77%;KL30_11_gtr114,91.99%,99.72%;KL30_12_gtr115,93.57%,99.74%;KL30_13_gtr116,92.13%,99.61%;KL30_14_ghl26,93.97%,99.65%;KL30_15_atr14,81.07%,89.30%,truncated;KL30_16_wcaJ16,97.85%,99.79%;KL30_17_gnd,97.44%,99.79%;KL30_18_manC,99.15%,99.79%;KL30_19_manB,99.57%,99.79%;KL30_20_ugd1,99.74%,99.74%		0		0 / 20 (0.00%)		1	KL169_01_galF,90.34%,96.99%	KL30_15_atr14,81.07%,89.30%,truncated		ST167
3.3.2	Klebsiella_pneumoniae_Species_Complex_K	3.2.2	GCA_907163495.1	ST167	KL30	K30	Typeable	?!	96.51%	95.92%		20 / 20 (100.00%)	KL30_01_galF,99.33%,99.67%;KL30_02_cpsACP,92.34%,99.52%;KL30_03_wzi,96.43%,99.80%;KL30_04_wza,100.00%,99.74%;KL30_05_wzb,99.30%,99.31%;KL30_06_wzc,99.17%,99.86%;KL30_07_ptr16,99.37%,99.68%;KL30_08_wzx_KL30,100.00%,99.74%;KL30_09_gtr113,96.61%,99.74%;KL30_10_wzy_KL30,91.99%,99.77%;KL30_11_gtr114,91.99%,99.72%;KL30_12_gtr115,93.57%,99.74%;KL30_13_gtr116,92.13%,99.61%;KL30_14_ghl26,93.97%,99.65%;KL30_15_atr14,81.07%,89.30%,truncated;KL30_16_wcaJ16,97.85%,99.79%;KL30_17_gnd,97.44%,99.79%;KL30_18_manC,99.15%,99.79%;KL30_19_manB,99.57%,99.79%;KL30_20_ugd1,99.74%,99.74%		0		0 / 20 (0.00%)		1	KL169_01_galF,90.34%,96.99%	KL30_15_atr14,81.07%,89.30%,truncated		ST167
3.3.2	Klebsiella_pneumoniae_Species_Complex_K	3.2.2	GCA_907163665.1	ST167	KL30	K30	Typeable	?!	96.51%	95.92%		20 / 20 (100.00%)	KL30_01_galF,99.33%,99.67%;KL30_02_cpsACP,92.34%,99.52%;KL30_03_wzi,96.43%,99.80%;KL30_04_wza,100.00%,99.74%;KL30_05_wzb,99.30%,99.31%;KL30_06_wzc,99.17%,99.86%;KL30_07_ptr16,99.37%,99.68%;KL30_08_wzx_KL30,100.00%,99.74%;KL30_09_gtr113,96.61%,99.74%;KL30_10_wzy_KL30,91.99%,99.77%;KL30_11_gtr114,91.99%,99.72%;KL30_12_gtr115,93.57%,99.74%;KL30_13_gtr116,92.13%,99.61%;KL30_14_ghl26,93.97%,99.65%;KL30_15_atr14,81.07%,89.30%,truncated;KL30_16_wcaJ16,97.85%,99.79%;KL30_17_gnd,97.44%,99.79%;KL30_18_manC,99.15%,99.79%;KL30_19_manB,99.57%,99.79%;KL30_20_ugd1,99.74%,99.74%		0		0 / 20 (0.00%)		1	KL169_01_galF,90.34%,96.99%	KL30_15_atr14,81.07%,89.30%,truncated		ST167
3.3.2	Klebsiella_pneumoniae_Species_Complex_K	3.2.2	GCA_907163715.1	ST167	KL30	K30	Typeable	?!	96.51%	95.92%		20 / 20 (100.00%)	KL30_01_galF,99.33%,99.67%;KL30_02_cpsACP,92.34%,99.52%;KL30_03_wzi,96.43%,99.80%;KL30_04_wza,100.00%,99.74%;KL30_05_wzb,99.30%,99.31%;KL30_06_wzc,99.17%,99.86%;KL30_07_ptr16,99.37%,99.68%;KL30_08_wzx_KL30,100.00%,99.74%;KL30_09_gtr113,96.61%,99.74%;KL30_10_wzy_KL30,91.99%,99.77%;KL30_11_gtr114,91.99%,99.72%;KL30_12_gtr115,93.57%,99.74%;KL30_13_gtr116,92.13%,99.61%;KL30_14_ghl26,93.97%,99.65%;KL30_15_atr14,81.07%,89.30%,truncated;KL30_16_wcaJ16,97.85%,99.79%;KL30_17_gnd,97.44%,99.79%;KL30_18_manC,99.15%,99.79%;KL30_19_manB,99.57%,99.79%;KL30_20_ugd1,99.74%,99.74%		0		0 / 20 (0.00%)		1	KL169_01_galF,90.34%,96.99%	KL30_15_atr14,81.07%,89.30%,truncated		ST167
3.3.2	Klebsiella_pneumoniae_Species_Complex_K	3.2.2	GCA_964007015.1	ST167	KL57	K57	Typeable	?-!	98.02%	98.18%		18 / 19 (94.74%)	KL57_01_galF,98.66%,99.67%;KL57_02_cpsACP,91.11%,25.24%,truncated;KL57_03_wzi,96.05%,37.92%,truncated;KL57_04_wza,97.61%,99.74%;KL57_05_wzb,100.00%,99.31%;KL57_06_wzc,96.67%,99.86%;KL57_07_wbaP23,96.43%,99.79%;KL57_08_wzx_KL57,97.95%,99.80%;KL57_09_gtr217,100.00%,99.73%;KL57_10_gtr218,99.45%,99.73%;KL57_11_wzy_KL57,98.47%,99.75%;KL57_12_ghl51,100.00%,99.76%;KL57_13_atr26,98.37%,93.58%,partial;KL57_14_gtr219,99.48%,99.74%;KL57_15_gnd,99.36%,99.79%;KL57_16_manC,96.18%,99.79%;KL57_17_manB,98.03%,99.78%;KL57_18_ugd1,99.48%,99.74%		0		1 / 19 (5.26%)	KL57_13_atr26,100.00%,6.42%,partial	2	KL150_19_gae,98.20%,99.70%;KL169_01_galF,90.34%,96.99%	KL57_02_cpsACP,91.11%,25.24%,truncated;KL57_03_wzi,96.05%,37.92%,truncated;KL57_13_atr26,98.37%,93.58%,partial;KL57_13_atr26,100.00%,6.42%,partial		ST167
3.3.2	Klebsiella_pneumoniae_Species_Complex_K	3.2.2	GCA_964007195.1	ST167	KL35	K35	Typeable	?	97.39%	96.28%		20 / 20 (100.00%)	KL35_01_galF,98.99%,99.67%;KL35_02_cpsACP,91.46%,94.76%;KL35_03_wzi,97.27%,99.79%;KL35_04_wza,98.67%,99.74%;KL35_05_wzb,98.61%,99.31%;KL35_06_wzc,98.75%,99.86%;KL35_07_wzy_KL35,98.01%,99.75%;KL35_08_ghl31,97.14%,99.76%;KL35_09_gtr132,97.93%,99.74%;KL35_10_gtr133,96.25%,99.73%;KL35_11_gtr134,99.24%,99.75%;KL35_12_wzx_KL35,96.47%,99.80%;KL35_13_ptr20,98.16%,99.69%;KL35_14_gtr135,97.14%,99.74%;KL35_15_wcaJ4,98.49%,99.79%;KL35_16_atr15,95.48%,99.72%;KL35_17_gnd,99.79%,99.79%;KL35_18_manC,97.88%,99.79%;KL35_19_manB,99.78%,99.78%;KL35_20_ugd1,99.23%,99.74%		0		0 / 20 (0.00%)		1	KL169_01_galF,90.34%,96.99%			ST167
3.3.2	Klebsiella_pneumoniae_Species_Complex_K	3.2.2	GCA_964007265.1	ST167	KL124	unknown	Typeable	!	98.55%	100.00%	400	22 / 22 (100.00%)	KL124_01_galF,98.99%,99.67%;KL124_02_cpsACP,92.11%,18.10%,truncated;KL124_03_wzi,97.90%,99.79%;KL124_04_wza,99.47%,99.74%;KL124_05_wzb,99.31%,99.31%;KL124_06_wzc,99.58%,99.86%;KL124_07_wbaP38,99.16%,99.79%;KL124_08_gtr383,99.34%,99.67%;KL124_09_gtr384,99.31%,99.66%;KL124_10_gtr385,97.48%,99.64%;KL124_11_wzy_KL124,98.96%,99.74%;KL124_12_ghl91,98.31%,99.76%;KL124_13_ptr43,98.82%,99.76%;KL124_14_gtr386,99.02%,99.76%;KL124_15_wzx_KL124,99.32%,99.77%;KL124_16_gnd,99.79%,99.79%;KL124_17_atr43,82.93%,15.02%,truncated;KL124_18_rmlB,99.44%,99.72%;KL124_19_rmlA,97.89%,98.28%;KL124_20_rmlD,99.32%,99.66%;KL124_21_rmlC,97.83%,99.46%;KL124_22_ugd1,100.00%,99.74%		0		0 / 22 (0.00%)		1	KL169_01_galF,90.34%,96.99%	KL124_02_cpsACP,92.11%,18.10%,truncated;KL124_17_atr43,82.93%,15.02%,truncated		ST167
3.3.2	Klebsiella_pneumoniae_Species_Complex_K	3.2.2	GCA_964007295.1	ST167	KL124	unknown	Typeable	!	98.55%	100.00%	400	22 / 22 (100.00%)	KL124_01_galF,98.99%,99.67%;KL124_02_cpsACP,92.11%,18.10%,truncated;KL124_03_wzi,97.90%,99.79%;KL124_04_wza,99.47%,99.74%;KL124_05_wzb,99.31%,99.31%;KL124_06_wzc,99.58%,99.86%;KL124_07_wbaP38,99.16%,99.79%;KL124_08_gtr383,99.34%,99.67%;KL124_09_gtr384,99.31%,99.66%;KL124_10_gtr385,97.48%,99.64%;KL124_11_wzy_KL124,98.96%,99.74%;KL124_12_ghl91,98.31%,99.76%;KL124_13_ptr43,98.82%,99.76%;KL124_14_gtr386,99.02%,99.76%;KL124_15_wzx_KL124,99.32%,99.77%;KL124_16_gnd,99.79%,99.79%;KL124_17_atr43,82.93%,15.02%,truncated;KL124_18_rmlB,99.44%,99.72%;KL124_19_rmlA,97.89%,98.28%;KL124_20_rmlD,99.32%,99.66%;KL124_21_rmlC,97.83%,99.46%;KL124_22_ugd1,100.00%,99.74%		0		0 / 22 (0.00%)		1	KL169_01_galF,90.34%,96.99%	KL124_02_cpsACP,92.11%,18.10%,truncated;KL124_17_atr43,82.93%,15.02%,truncated		ST167
3.3.2	Klebsiella_pneumoniae_Species_Complex_K	3.2.2	GCA_964205355.1	ST167	KL124	unknown	Typeable	!	98.48%	100.00%	399	22 / 22 (100.00%)	KL124_01_galF,98.99%,99.67%;KL124_02_cpsACP,92.11%,18.10%,truncated;KL124_03_wzi,97.90%,99.79%;KL124_04_wza,99.47%,99.74%;KL124_05_wzb,99.31%,99.31%;KL124_06_wzc,99.58%,99.86%;KL124_07_wbaP38,99.16%,99.79%;KL124_08_gtr383,99.34%,99.67%;KL124_09_gtr384,99.31%,99.66%;KL124_10_gtr385,97.48%,99.64%;KL124_11_wzy_KL124,98.96%,99.74%;KL124_12_ghl91,98.31%,99.76%;KL124_13_ptr43,98.82%,99.76%;KL124_14_gtr386,99.02%,99.76%;KL124_15_wzx_KL124,99.32%,99.77%;KL124_16_gnd,99.79%,99.79%;KL124_17_atr43,82.93%,15.02%,truncated;KL124_18_rmlB,99.44%,99.72%;KL124_19_rmlA,97.89%,98.28%;KL124_20_rmlD,99.32%,99.66%;KL124_21_rmlC,97.83%,99.46%;KL124_22_ugd1,100.00%,99.74%,partial		0		0 / 22 (0.00%)		1	KL169_01_galF,90.34%,96.99%	KL124_02_cpsACP,92.11%,18.10%,truncated;KL124_17_atr43,82.93%,15.02%,truncated;KL124_22_ugd1,100.00%,99.74%,partial		ST167
3.3.2	Klebsiella_pneumoniae_Species_Complex_K	3.2.2	GCA_964205375.1	ST167	KL31	K31	Typeable	?-	98.98%	92.64%		19 / 20 (95.00%)	KL31_01_galF,98.32%,99.67%;KL31_03_wzi,98.61%,99.80%;KL31_04_wza,100.00%,99.74%;KL31_05_wzb,99.31%,99.32%;KL31_06_wzc,99.72%,99.86%;KL31_07_gtr117,99.45%,99.73%;KL31_08_gtr118,99.29%,99.64%;KL31_09_wzy_KL31,99.45%,99.73%;KL31_10_ghl27,99.71%,99.71%;KL31_11_gtr119,99.74%,99.74%;KL31_12_wcaJ17,99.58%,99.79%;KL31_13_gtr120,99.39%,99.69%;KL31_14_gtr121,99.35%,99.67%;KL31_15_wzx_KL31,100.00%,99.80%;KL31_16_ptr17,100.00%,99.71%;KL31_17_gnd,99.79%,99.79%;KL31_18_manC,99.15%,99.79%;KL31_19_manB,98.68%,99.78%;KL31_20_ugd1,99.74%,99.74%	KL31_02_cpsACP	0		0 / 20 (0.00%)		1	KL169_01_galF,90.34%,96.99%			ST167
3.3.2	Klebsiella_pneumoniae_Species_Complex_K	3.2.2	GCA_964205385.1	ST167	KL124	unknown	Typeable	!	98.47%	100.00%	399	22 / 22 (100.00%)	KL124_01_galF,98.99%,99.67%;KL124_02_cpsACP,92.11%,18.10%,truncated;KL124_03_wzi,97.90%,99.79%;KL124_04_wza,99.47%,99.74%;KL124_05_wzb,99.31%,99.31%;KL124_06_wzc,99.58%,99.86%;KL124_07_wbaP38,98.95%,99.79%;KL124_08_gtr383,99.34%,99.67%;KL124_09_gtr384,99.31%,99.66%;KL124_10_gtr385,97.48%,99.64%;KL124_11_wzy_KL124,98.96%,99.74%;KL124_12_ghl91,98.31%,99.76%;KL124_13_ptr43,98.82%,99.76%;KL124_14_gtr386,99.02%,99.76%;KL124_15_wzx_KL124,99.32%,99.77%;KL124_16_gnd,99.79%,99.79%;KL124_17_atr43,82.93%,15.02%,truncated;KL124_18_rmlB,99.44%,99.72%;KL124_19_rmlA,97.89%,98.28%;KL124_20_rmlD,99.32%,99.66%;KL124_21_rmlC,97.83%,99.46%;KL124_22_ugd1,100.00%,99.74%,partial		0		0 / 22 (0.00%)		1	KL169_01_galF,90.34%,96.99%	KL124_02_cpsACP,92.11%,18.10%,truncated;KL124_17_atr43,82.93%,15.02%,truncated;KL124_22_ugd1,100.00%,99.74%,partial		ST167
3.3.2	Klebsiella_pneumoniae_Species_Complex_K	3.2.2	GCA_964205875.1	ST167	KL124	unknown	Typeable	!	98.48%	100.00%	399	22 / 22 (100.00%)	KL124_01_galF,98.99%,99.67%;KL124_02_cpsACP,92.11%,18.10%,truncated;KL124_03_wzi,97.90%,99.79%;KL124_04_wza,99.47%,99.74%;KL124_05_wzb,99.31%,99.31%;KL124_06_wzc,99.58%,99.86%;KL124_07_wbaP38,99.16%,99.79%;KL124_08_gtr383,99.34%,99.67%;KL124_09_gtr384,99.31%,99.66%;KL124_10_gtr385,97.48%,99.64%;KL124_11_wzy_KL124,98.96%,99.74%;KL124_12_ghl91,98.31%,99.76%;KL124_13_ptr43,98.82%,99.76%;KL124_14_gtr386,99.02%,99.76%;KL124_15_wzx_KL124,99.32%,99.77%;KL124_16_gnd,99.79%,99.79%;KL124_17_atr43,82.93%,15.02%,truncated;KL124_18_rmlB,99.44%,99.72%;KL124_19_rmlA,97.89%,98.28%;KL124_20_rmlD,99.32%,99.66%;KL124_21_rmlC,97.83%,99.46%;KL124_22_ugd1,100.00%,99.74%,partial		0		0 / 22 (0.00%)		1	KL169_01_galF,90.34%,96.99%	KL124_02_cpsACP,92.11%,18.10%,truncated;KL124_17_atr43,82.93%,15.02%,truncated;KL124_22_ugd1,100.00%,99.74%,partial		ST167
3.3.2	Klebsiella_pneumoniae_Species_Complex_K	3.2.2	GCA_964206105.1	ST167	KL31	K31	Typeable	?-	98.98%	92.64%		19 / 20 (95.00%)	KL31_01_galF,98.32%,99.67%;KL31_03_wzi,98.61%,99.80%;KL31_04_wza,100.00%,99.74%;KL31_05_wzb,99.31%,99.32%;KL31_06_wzc,99.72%,99.86%;KL31_07_gtr117,99.45%,99.73%;KL31_08_gtr118,99.29%,99.64%;KL31_09_wzy_KL31,99.45%,99.73%;KL31_10_ghl27,99.71%,99.71%;KL31_11_gtr119,99.74%,99.74%;KL31_12_wcaJ17,99.58%,99.79%;KL31_13_gtr120,99.39%,99.69%;KL31_14_gtr121,99.35%,99.67%;KL31_15_wzx_KL31,100.00%,99.80%;KL31_16_ptr17,100.00%,99.71%;KL31_17_gnd,99.79%,99.79%;KL31_18_manC,99.15%,99.79%;KL31_19_manB,98.68%,99.78%;KL31_20_ugd1,99.74%,99.74%	KL31_02_cpsACP	0		0 / 20 (0.00%)		1	KL169_01_galF,90.34%,96.99%			ST167
3.3.2	Klebsiella_pneumoniae_Species_Complex_K	3.2.2	GCA_964206265.1	ST167	KL35	K35	Typeable	?	97.39%	96.28%		20 / 20 (100.00%)	KL35_01_galF,98.99%,99.67%;KL35_02_cpsACP,91.46%,94.76%;KL35_03_wzi,97.27%,99.79%;KL35_04_wza,98.67%,99.74%;KL35_05_wzb,98.61%,99.31%;KL35_06_wzc,98.75%,99.86%;KL35_07_wzy_KL35,98.01%,99.75%;KL35_08_ghl31,97.14%,99.76%;KL35_09_gtr132,97.93%,99.74%;KL35_10_gtr133,96.25%,99.73%;KL35_11_gtr134,99.24%,99.75%;KL35_12_wzx_KL35,96.47%,99.80%;KL35_13_ptr20,98.16%,99.69%;KL35_14_gtr135,97.14%,99.74%;KL35_15_wcaJ4,98.49%,99.79%;KL35_16_atr15,95.48%,99.72%;KL35_17_gnd,99.79%,99.79%;KL35_18_manC,97.88%,99.79%;KL35_19_manB,99.78%,99.78%;KL35_20_ugd1,99.23%,99.74%		0		0 / 20 (0.00%)		1	KL169_01_galF,90.34%,96.99%			ST167
3.3.2	Klebsiella_pneumoniae_Species_Complex_K	3.2.2	GCA_964206275.1	ST167	KL35	K35	Typeable	?	97.39%	96.28%		20 / 20 (100.00%)	KL35_01_galF,98.99%,99.67%;KL35_02_cpsACP,91.46%,94.76%;KL35_03_wzi,97.27%,99.79%;KL35_04_wza,98.67%,99.74%;KL35_05_wzb,98.61%,99.31%;KL35_06_wzc,98.75%,99.86%;KL35_07_wzy_KL35,98.01%,99.75%;KL35_08_ghl31,97.14%,99.76%;KL35_09_gtr132,97.93%,99.74%;KL35_10_gtr133,96.25%,99.73%;KL35_11_gtr134,99.24%,99.75%;KL35_12_wzx_KL35,96.47%,99.80%;KL35_13_ptr20,98.16%,99.69%;KL35_14_gtr135,97.14%,99.74%;KL35_15_wcaJ4,98.49%,99.79%;KL35_16_atr15,95.48%,99.72%;KL35_17_gnd,99.79%,99.79%;KL35_18_manC,97.88%,99.79%;KL35_19_manB,99.78%,99.78%;KL35_20_ugd1,99.23%,99.74%		0		0 / 20 (0.00%)		1	KL169_01_galF,90.34%,96.99%			ST167
3.3.2	Klebsiella_pneumoniae_Species_Complex_K	3.2.2	GCA_964206385.1	ST167	KL124	unknown	Typeable	?!	98.48%	96.40%		22 / 22 (100.00%)	KL124_01_galF,98.99%,99.67%;KL124_02_cpsACP,92.11%,18.10%,truncated;KL124_03_wzi,97.90%,99.79%;KL124_04_wza,99.47%,99.74%;KL124_05_wzb,99.31%,99.31%;KL124_06_wzc,99.58%,99.86%;KL124_07_wbaP38,99.16%,99.79%;KL124_08_gtr383,99.34%,99.67%;KL124_09_gtr384,99.31%,99.66%;KL124_10_gtr385,97.48%,99.64%;KL124_11_wzy_KL124,98.96%,99.74%;KL124_12_ghl91,98.31%,99.76%;KL124_13_ptr43,98.82%,99.76%;KL124_14_gtr386,99.02%,99.76%;KL124_15_wzx_KL124,99.32%,99.77%;KL124_16_gnd,99.79%,99.79%;KL124_17_atr43,82.93%,15.02%,truncated;KL124_18_rmlB,99.44%,99.72%;KL124_19_rmlA,97.89%,98.28%;KL124_20_rmlD,99.32%,99.66%;KL124_21_rmlC,97.83%,99.46%;KL124_22_ugd1,100.00%,99.74%,partial		0		0 / 22 (0.00%)		1	KL169_01_galF,90.34%,96.99%	KL124_02_cpsACP,92.11%,18.10%,truncated;KL124_17_atr43,82.93%,15.02%,truncated;KL124_22_ugd1,100.00%,99.74%,partial		ST167
