sample,st,serotype,critical_amr_genes,critical_virulence_genes
GCA_040417445.1,ST167,O101:H9,"['blaCTX-M-15', 'blaNDM-5', 'blaTEM-190']","['rhs/PAAR', 'ybtE', 'ibeB', 'ybtA', 'ybtQ', 'irp2', 'eaeH', 'ybtU', 'ybtP', 'iss2', 'espY1', 'fyuA/psn', 'irp1', 'fyuA', 'ibeC', 'espL1', 'ybtS', 'espR4', 'ybtX', 'espL4', 'ybtT', 'espL3', 'hlyE', 'trat', 'espX1']"
GCA_040415535.1,ST167,O101:H9,"['blaCTX-M-15', 'blaNDM-5', 'blaTEM-35', 'blaTEMp_C32T']","['rhs/PAAR', 'ybtE', 'ibeB', 'ybtA', 'espX4', 'ybtQ', 'irp2', 'eaeH', 'ybtU', 'espR1', 'espX5', 'ybtP', 'iss2', 'espY1', 'fyuA/psn', 'irp1', 'fyuA', 'ibeC', 'espL1', 'ybtS', 'espR4', 'ybtX', 'espL4', 'ybtT', 'espL3', 'hlyE', 'trat', 'espX1']"
GCA_964006385.1,ST131,O25:H4,"[""aac(6')-Ib-cr5"", 'blaOXA-1', 'blaTEM-1']","['sitB', 'chuX', 'sitC', 'ybtE', 'kpsD', 'ibeB', 'ybtA', 'chuV', 'ybtQ', 'sitA', 'iucC', 'iucD', 'irp2', 'iucA', 'sitD', 'eaeH', 'chuU', 'ybtU', 'ybtP', 'chuY', 'kpsS', 'iss2', 'fyuA/psn', 'irp1', 'fyuA', 'ibeC', 'chuS', 'kpsE', 'ybtS', 'iutA', 'chuW', 'kpsF', 'chuT', 'ybtX', 'ybtT', 'kpsU', 'chuA', 'trat', 'iucB', 'kpsC']"
GCA_050112975.1,ST167,O101:H9,"['blaCTX-M-15', 'blaNDM-5', 'blaTEM-1', 'blaTEM-190', 'blaTEMp_C32T']","['rhs/PAAR', 'ybtE', 'ibeB', 'ybtA', 'espX4', 'ybtQ', 'irp2', 'eaeH', 'ybtU', 'espR1', 'espX5', 'ybtP', 'iss2', 'espY1', 'fyuA/psn', 'irp1', 'fyuA', 'ibeC', 'espL1', 'ybtS', 'espR4', 'ybtX', 'espL4', 'ybtT', 'espL3', 'hlyE', 'trat', 'espX1']"
GCA_964007355.1,ST131,O25:H4,"['blaTEM-1', 'blaTEMp_C32T']","['sitB', 'chuX', 'sitC', 'ybtE', 'kpsD', 'ibeB', 'ybtA', 'chuV', 'ybtQ', 'sitA', 'iucC', 'iucD', 'irp2', 'iucA', 'sitD', 'chuU', 'ybtU', 'eaeH', 'kpsM', 'ybtP', 'hlyA', 'chuY', 'cnf1', 'kpsS', 'iss2', 'fyuA/psn', 'irp1', 'fyuA', 'ibeC', 'chuS', 'kpsE', 'ybtS', 'iutA', 'chuW', 'hlyD', 'kpsF', 'chuT', 'ybtX', 'hlyC', 'ybtT', 'hlyB', 'kpsU', 'chuA', 'trat', 'iucB', 'kpsC']"
GCA_964205585.1,ST131,O16:H5,"['blaCTX-M-15', 'blaTEM-1']","['sitB', 'chuX', 'sitC', 'ybtE', 'kpsD', 'ibeB', 'ybtA', 'chuV', 'ybtQ', 'sitA', 'iucC', 'iucD', 'irp2', 'iucA', 'sitD', 'chuU', 'ybtU', 'eaeH', 'kpsM', 'ybtP', 'chuY', 'kpsS', 'fyuA/psn', 'irp1', 'fyuA', 'ibeC', 'chuS', 'kpsE', 'ybtS', 'iutA', 'chuW', 'kpsF', 'chuT', 'ybtX', 'ybtT', 'kpsU', 'chuA', 'trat', 'iucB', 'kpsC']"
GCA_040418745.1,ST167,O101:H9,"['blaCTX-M-15', 'blaNDM-5', 'blaTEM-1', 'blaTEMp_C32T']","['rhs/PAAR', 'ybtE', 'ibeB', 'ybtA', 'espX4', 'ybtQ', 'irp2', 'eaeH', 'ybtU', 'espR1', 'espX5', 'ybtP', 'iss2', 'espY1', 'fyuA/psn', 'irp1', 'fyuA', 'ibeC', 'espL1', 'ybtS', 'espR4', 'ybtX', 'espL4', 'ybtT', 'espL3', 'hlyE', 'trat', 'espX1']"
GCA_040417055.1,ST167,O101:H9,"['blaCTX-M-15', 'blaNDM-5', 'blaOXA', 'blaTEM-190']","['rhs/PAAR', 'ybtE', 'ibeB', 'ybtA', 'ybtQ', 'irp2', 'eaeH', 'ybtU', 'ybtP', 'iss2', 'espY1', 'fyuA/psn', 'irp1', 'fyuA', 'ibeC', 'espL1', 'ybtS', 'espR4', 'ybtX', 'espL4', 'ybtT', 'espL3', 'hlyE', 'trat']"
GCA_040415975.1,ST167,O101:H17,"['blaCTX-M-55', 'blaNDM-5']","['rhs/PAAR', 'ybtE', 'east1', 'ibeB', 'aaiW', 'ybtA', 'espX4', 'ybtQ', 'irp2', 'astA', 'ybtU', 'espR1', 'espX5', 'ybtP', 'iss2', 'espY1', 'fyuA/psn', 'irp1', 'fyuA', 'ibeC', 'espL1', 'ybtS', 'ybtX', 'espL4', 'ybtT', 'espL3', 'hlyE', 'trat', 'espX1']"
GCA_040416845.1,ST167,O101:H9,"[""aac(6')-Ib-cr5"", 'blaCTX-M-15', 'blaNDM-5', 'blaOXA-1', 'blaOXA-48', 'blaTEM-1', 'rmtB1']","['rhs/PAAR', 'ybtE', 'ibeB', 'ybtA', 'espX4', 'ybtQ', 'irp2', 'eaeH', 'ybtU', 'espX5', 'ybtP', 'iss2', 'espY1', 'fyuA/psn', 'irp1', 'fyuA', 'ibeC', 'espL1', 'ybtS', 'espR4', 'ybtX', 'espL4', 'ybtT', 'espL3', 'hlyE', 'trat', 'espX1']"
GCA_040417195.1,ST167,O101:H5,"[""aac(6')-Ib-cr5"", 'blaCTX-M-15', 'blaNDM-5', 'blaOXA-1', 'blaTEM', 'rmtB1']","['rhs/PAAR', 'ibeB', 'espX4', 'eaeH', 'espR1', 'iss2', 'espY1', 'ibeC', 'espL1', 'espL4', 'espL3', 'hlyE', 'trat', 'espX1']"
GCA_040418145.1,ST167,O101:H9,"['blaNDM-5', 'blaTEM-169', 'blaTEMp_C32T']","['rhs/PAAR', 'ybtE', 'ibeB', 'ybtA', 'ybtQ', 'irp2', 'eaeH', 'ybtU', 'espX5', 'ybtP', 'iss2', 'espY1', 'fyuA/psn', 'irp1', 'fyuA', 'ibeC', 'espL1', 'ybtS', 'espR4', 'ybtX', 'espL4', 'ybtT', 'espL3', 'hlyE', 'trat']"
GCA_025536495.1,ST10,Unknown,"['blaCTX-M-15', 'blaTEM-1', 'qnrS1']","['ibeB', 'espX4', 'espR1', 'espX5', 'aatA', 'espY1', 'ibeC', 'espL1', 'espL4', 'espL3', 'hlyE', 'espX1']"
GCA_040416795.1,ST167,O101:H5,"[""aac(6')-Ib-cr5"", 'blaCTX-M-15', 'blaNDM', 'blaTEM-1', 'rmtB1']","['rhs/PAAR', 'ibeB', 'eaeH', 'iss2', 'espY1', 'ibeC', 'espL1', 'espL4', 'espL3', 'hlyE', 'trat', 'espX1']"
GCA_964007325.1,ST131,O16:H5,"['blaCTX-M-15', 'blaTEM-1']","['sitB', 'chuX', 'sitC', 'ybtE', 'kpsD', 'ibeB', 'ybtA', 'chuV', 'sitA', 'iucD', 'irp2', 'iucA', 'sitD', 'chuU', 'ybtU', 'eaeH', 'kpsM', 'chuY', 'kpsS', 'fyuA/psn', 'fyuA', 'ibeC', 'chuS', 'kpsE', 'ybtS', 'iutA', 'chuW', 'kpsF', 'chuT', 'ybtX', 'ybtT', 'kpsU', 'chuA', 'trat', 'iucB', 'kpsC']"
GCA_964206585.1,ST131,O25:H4,"[""aac(6')-Ib-cr5"", 'blaCTX-M-15', 'blaOXA-1', 'blaTEM-1']","['sitB', 'chuX', 'sitC', 'ybtE', 'kpsD', 'east1', 'ibeB', 'ybtA', 'chuV', 'ybtQ', 'sitA', 'iucC', 'iucD', 'irp2', 'iucA', 'astA', 'sitD', 'chuU', 'ybtU', 'eaeH', 'kpsM', 'ybtP', 'chuY', 'kpsS', 'iss2', 'fyuA/psn', 'irp1', 'fyuA', 'ibeC', 'chuS', 'kpsE', 'ybtS', 'iutA', 'chuW', 'kpsF', 'chuT', 'ybtX', 'ybtT', 'kpsU', 'chuA', 'iucB', 'kpsC']"
GCA_040417015.1,ST167,O101:H5,"['blaCTX-M-15', 'blaNDM-5', 'blaTEM-1', 'rmtB1']","['rhs/PAAR', 'ibeB', 'eaeH', 'espX5', 'iss2', 'espY1', 'ibeC', 'espL1', 'espL4', 'espL3', 'hlyE', 'trat']"
GCA_040416375.1,ST167,O101:H5,"[""aac(6')-Ib-cr5"", 'blaCTX-M-15', 'blaNDM-5', 'blaOXA', 'blaTEM-1', 'rmtB1']","['rhs/PAAR', 'ibeB', 'espX4', 'eaeH', 'espR1', 'espX5', 'iss2', 'espY1', 'ibeC', 'espL1', 'espL4', 'espL3', 'hlyE', 'trat', 'espX1']"
GCA_964006875.1,ST131,O16:H5,"['blaCTX-M-27', 'blaTEM-1']","['sitB', 'chuX', 'sitC', 'ybtE', 'kpsD', 'ibeB', 'ybtA', 'chuV', 'ybtQ', 'sitA', 'iucC', 'iucD', 'irp2', 'iucA', 'sitD', 'chuU', 'ybtU', 'eaeH', 'kpsM', 'ybtP', 'hlyA', 'chuY', 'cnf1', 'kpsS', 'fyuA/psn', 'irp1', 'fyuA', 'ibeC', 'chuS', 'kpsE', 'ybtS', 'iutA', 'chuW', 'hlyD', 'kpsF', 'chuT', 'ybtX', 'hlyC', 'ybtT', 'hlyB', 'kpsU', 'chuA', 'trat', 'iucB', 'kpsC']"
GCA_040416035.1,ST167,O101:H5,"[""aac(6')-Ib-cr5"", 'blaCTX-M-15', 'blaNDM-5', 'blaOXA-1', 'blaTEM-1', 'rmtB1']","['rhs/PAAR', 'ibeB', 'espX4', 'eaeH', 'espR1', 'espX5', 'iss2', 'espY1', 'ibeC', 'espL1', 'espL4', 'espL3', 'hlyE', 'trat', 'espX1']"
GCA_040416195.1,ST167,O101:H9,"['blaCTX-M-15', 'blaNDM-5', 'blaTEM', 'blaTEMp_C32T']","['rhs/PAAR', 'ybtE', 'ibeB', 'ybtA', 'espX4', 'ybtQ', 'irp2', 'eaeH', 'ybtU', 'espX5', 'ybtP', 'iss2', 'espY1', 'fyuA/psn', 'irp1', 'fyuA', 'ibeC', 'espL1', 'ybtS', 'espR4', 'ybtX', 'espL4', 'ybtT', 'espL3', 'hlyE', 'trat', 'espX1']"
GCA_907163495.1,ST167,O101:H21,"[""aac(6')-Ib-cr5"", 'blaCTX-M-15', 'blaOXA-1', 'blaTEM-1', 'blaTEMp_G162T']","['rhs/PAAR', 'ibeB', 'espX4', 'eaeH', 'espR1', 'espX5', 'espY1', 'ibeC', 'espL1', 'espR4', 'espL4', 'espL3', 'hlyE', 'trat', 'espX1']"
GCA_964205525.1,ST131,O25:H4,"[""aac(6')-Ib-cr5"", 'blaCTX-M-15', 'blaOXA-1']","['sitB', 'chuX', 'sitC', 'ybtE', 'kpsD', 'ibeB', 'ybtA', 'chuV', 'ybtQ', 'sitA', 'iucC', 'iucD', 'irp2', 'iucA', 'sitD', 'chuU', 'ybtU', 'eaeH', 'kpsM', 'ybtP', 'chuY', 'kpsS', 'iss2', 'fyuA/psn', 'irp1', 'fyuA', 'ibeC', 'chuS', 'kpsE', 'ybtS', 'iutA', 'chuW', 'kpsF', 'chuT', 'ybtX', 'ybtT', 'kpsU', 'chuA', 'trat', 'iucB', 'kpsC']"
GCA_907163635.1,ST131,O25:H4,"[""aac(6')-Ib-cr5"", 'blaCTX-M-15', 'blaOXA-1']","['sitB', 'chuX', 'sitC', 'ybtE', 'kpsD', 'ibeB', 'ybtA', 'chuV', 'ybtQ', 'sitA', 'iucC', 'iucD', 'irp2', 'iucA', 'sitD', 'eaeH', 'chuU', 'ybtU', 'kpsM', 'ybtP', 'chuY', 'kpsS', 'iss2', 'fyuA/psn', 'irp1', 'fyuA', 'ibeC', 'chuS', 'kpsE', 'ybtS', 'iutA', 'chuW', 'kpsF', 'chuT', 'ybtX', 'ybtT', 'kpsU', 'chuA', 'trat', 'iucB', 'kpsC']"
GCA_966565785.1,ST10,O29:H4,['blaTEM-1'],"['rhs/PAAR', 'kpsD', 'east1', 'ibeB', 'aaiW', 'espX4', 'iucC', 'iucD', 'iucA', 'astA', 'espR1', 'espX5', 'kpsM', 'kpsS', 'iss2', 'espY1', 'ibeC', 'espL1', 'kpsE', 'iutA', 'kpsF', 'espL3', 'hlyE', 'kpsU', 'iucB', 'espX1', 'kpsC']"
GCA_040415805.1,ST167,O101:H5,"[""aac(6')-Ib-cr5"", 'blaCTX-M-15', 'blaNDM-5', 'blaOXA-1', 'blaTEM-1', 'rmtB1']","['rhs/PAAR', 'ibeB', 'espX4', 'eaeH', 'espR1', 'espX5', 'iss2', 'espY1', 'ibeC', 'espL1', 'espL4', 'espL3', 'hlyE', 'trat', 'espX1']"
GCA_037047155.1,ST10,Unknown,['blaTEM-1'],"['rhs/PAAR', 'sitB', 'sitC', 'ybtE', 'aaiL', 'ibeB', 'aaiN', 'ybtA', 'espX4', 'ybtQ', 'sitA', 'aaiT', 'iucD', 'irp2', 'aaiV', 'aaiS', 'sitD', 'eaeH', 'ybtU', 'espR1', 'aaiC', 'espX5', 'ybtP', 'aaiB', 'aaiX', 'espY1', 'fyuA/psn', 'irp1', 'fyuA', 'aaiA', 'ibeC', 'espL1', 'ybtS', 'iutA', 'aaiF', 'aaiU', 'aaiJ', 'aaiI', 'aaiM', 'ybtX', 'espL4', 'aaiK', 'aaiE', 'aaiD', 'ybtT', 'aaiH', 'espL3', 'hlyE', 'aaiP', 'aaiO', 'trat']"
GCA_964006405.1,ST131,O25:H4,"['blaTEM-1', 'blaTEMp_C32T']","['sitB', 'chuX', 'sitC', 'ybtE', 'kpsD', 'ibeB', 'ybtA', 'chuV', 'ybtQ', 'sitA', 'iucC', 'iucD', 'irp2', 'iucA', 'sitD', 'chuU', 'ybtU', 'eaeH', 'kpsM', 'ybtP', 'hlyA', 'chuY', 'cnf1', 'kpsS', 'iss2', 'fyuA/psn', 'irp1', 'fyuA', 'ibeC', 'chuS', 'kpsE', 'ybtS', 'iutA', 'chuW', 'hlyD', 'kpsF', 'chuT', 'ybtX', 'hlyC', 'ybtT', 'hlyB', 'kpsU', 'chuA', 'trat', 'iucB', 'kpsC']"
GCA_040417745.1,ST167,O101:H5,"[""aac(6')-Ib-cr5"", 'blaCTX-M-15', 'blaNDM-5', 'blaOXA-1', 'blaTEM-1', 'rmtB1']","['rhs/PAAR', 'ibeB', 'eaeH', 'espR1', 'espX5', 'iss2', 'espY1', 'ibeC', 'espL1', 'espL4', 'espL3', 'hlyE', 'trat', 'espX1']"
GCA_040712345.1,ST10,Unknown,['blaTEM-1'],"['rhs/PAAR', 'ibeB', 'espX4', 'eaeH', 'espR1', 'espX5', 'espY1', 'ibeC', 'espL1', 'espR4', 'espL4', 'espL3', 'hlyE', 'trat', 'espX1']"
GCA_011317975.1,ST10,O9a:H9,['blaTEM-1'],"['rhs/PAAR', 'ibeB', 'espX4', 'eaeH', 'espR1', 'espX5', 'iss2', 'espY1', 'ibeC', 'espL1', 'espR4', 'espL4', 'espL3', 'hlyE', 'espX1']"
GCA_050113135.1,ST167,O101:H17,"['blaCTX-M-55', 'blaNDM-5', 'rmtB']","['rhs/PAAR', 'ybtE', 'east1', 'ibeB', 'aaiW', 'ybtA', 'espX4', 'ybtQ', 'irp2', 'astA', 'ybtU', 'espR1', 'espX5', 'ybtP', 'iss2', 'espY1', 'fyuA/psn', 'irp1', 'fyuA', 'ibeC', 'espL1', 'ybtS', 'ybtX', 'espL4', 'ybtT', 'espL3', 'hlyE', 'trat', 'espX1']"
GCA_964007295.1,ST167,O101:H21,['blaCTX-M-15'],"['rhs/PAAR', 'ybtE', 'ibeB', 'ybtA', 'espX4', 'ybtQ', 'irp2', 'eaeH', 'ybtU', 'espR1', 'espX5', 'ybtP', 'espY1', 'fyuA/psn', 'irp1', 'fyuA', 'ibeC', 'espL1', 'ybtS', 'espR4', 'ybtX', 'espL4', 'ybtT', 'espL3', 'hlyE', 'trat', 'espX1']"
GCA_040419105.1,ST167,O101:H5,"[""aac(6')-Ib-cr5"", 'blaCTX-M-15', 'blaNDM-5', 'blaOXA', 'blaTEM-1', 'rmtB1']","['rhs/PAAR', 'ibeB', 'eaeH', 'espR1', 'espX5', 'iss2', 'espY1', 'ibeC', 'espL1', 'espL4', 'espL3', 'hlyE', 'trat', 'espX1']"
GCA_964006945.1,ST131,O25:H4,"[""aac(6')-Ib-cr5"", 'blaCTX-M-15', 'blaOXA-1', 'blaTEM-1']","['sitB', 'chuX', 'sitC', 'ybtE', 'kpsD', 'east1', 'ibeB', 'ybtA', 'chuV', 'ybtQ', 'sitA', 'iucC', 'iucD', 'irp2', 'iucA', 'astA', 'sitD', 'chuU', 'ybtU', 'eaeH', 'kpsM', 'ybtP', 'chuY', 'kpsS', 'iss2', 'fyuA/psn', 'irp1', 'fyuA', 'ibeC', 'chuS', 'kpsE', 'ybtS', 'iutA', 'chuW', 'kpsF', 'chuT', 'ybtX', 'ybtT', 'kpsU', 'chuA', 'iucB', 'kpsC']"
GCA_025536675.1,ST10,Unknown,"['blaCTX-M-15', 'blaTEM-1', 'qnrS1']","['ibeB', 'espX4', 'espR1', 'espX5', 'aatA', 'iss2', 'espY1', 'ibeC', 'espL1', 'espL4', 'espL3', 'hlyE', 'espX1']"
GCA_040418725.1,ST167,O101:H9,"['blaCTX-M-15', 'blaNDM-5', 'blaTEM-1']","['rhs/PAAR', 'ybtE', 'ibeB', 'ybtA', 'ybtQ', 'irp2', 'eaeH', 'ybtU', 'espR1', 'espX5', 'ybtP', 'iss2', 'espY1', 'fyuA/psn', 'irp1', 'fyuA', 'ibeC', 'espL1', 'ybtS', 'espR4', 'ybtX', 'espL4', 'ybtT', 'espL3', 'hlyE', 'trat', 'espX1']"
GCA_018972265.1,ST131,O25:H4,['blaCTX-M-15'],"['sitB', 'chuX', 'sitC', 'ybtE', 'kpsD', 'ibeB', 'ybtA', 'chuV', 'ybtQ', 'sitA', 'iucC', 'iucD', 'irp2', 'iucA', 'sitD', 'chuU', 'ybtU', 'eaeH', 'kpsM', 'ybtP', 'chuY', 'kpsS', 'iss2', 'fyuA/psn', 'irp1', 'fyuA', 'ibeC', 'chuS', 'kpsE', 'ybtS', 'iutA', 'chuW', 'kpsF', 'chuT', 'ybtX', 'ybtT', 'kpsU', 'chuA', 'trat', 'iucB', 'kpsC']"
GCA_030024465.1,ST131,O16:H5,"['blaCTX-M-14', 'blaTEM-1']","['sitB', 'chuX', 'sitC', 'ybtE', 'kpsD', 'ibeB', 'ybtA', 'chuV', 'ybtQ', 'sitA', 'iucC', 'iucD', 'irp2', 'iucA', 'sitD', 'chuU', 'ybtU', 'eaeH', 'kpsM', 'ybtP', 'chuY', 'kpsS', 'fyuA/psn', 'irp1', 'fyuA', 'ibeC', 'chuS', 'kpsE', 'ybtS', 'iutA', 'chuW', 'kpsF', 'chuT', 'ybtX', 'ybtT', 'kpsU', 'chuA', 'trat', 'iucB', 'kpsC']"
GCA_040417405.1,ST167,O101:H5,"[""aac(6')-Ib-cr5"", 'blaCTX-M-15', 'blaNDM-5', 'blaOXA', 'blaTEM-1', 'rmtB1']","['rhs/PAAR', 'ibeB', 'espX4', 'eaeH', 'espR1', 'espX5', 'iss2', 'espY1', 'ibeC', 'espL1', 'espL4', 'espL3', 'hlyE', 'trat', 'espX1']"
GCA_040418985.1,ST167,O101:H9,"['blaCTX-M-15', 'blaNDM-5', 'blaTEM-1', 'blaTEMp_C32T']","['rhs/PAAR', 'ybtE', 'ibeB', 'ybtA', 'espX4', 'ybtQ', 'irp2', 'eaeH', 'ybtU', 'espR1', 'espX5', 'ybtP', 'iss2', 'espY1', 'fyuA/psn', 'irp1', 'fyuA', 'ibeC', 'espL1', 'ybtS', 'espR4', 'ybtX', 'espL4', 'ybtT', 'espL3', 'hlyE', 'trat', 'espX1']"
GCA_009900075.1,ST10,O13/O129:H11,['blaTEM-1'],"['ybtE', 'ibeB', 'ybtA', 'espX4', 'ybtQ', 'irp2', 'eaeH', 'ybtU', 'espR1', 'espX5', 'ybtP', 'iss2', 'fyuA/psn', 'irp1', 'fyuA', 'ibeC', 'espL1', 'ybtS', 'ybtX', 'espL4', 'ybtT', 'espL3', 'hlyE', 'trat']"
GCA_040418885.1,ST167,O101:H9,"['blaCTX-M-15', 'blaNDM-5', 'blaTEM-190', 'blaTEMp_C32T']","['rhs/PAAR', 'ybtE', 'ibeB', 'ybtA', 'espX4', 'ybtQ', 'irp2', 'eaeH', 'ybtU', 'espR1', 'espX5', 'ybtP', 'iss2', 'espY1', 'fyuA/psn', 'irp1', 'fyuA', 'ibeC', 'espL1', 'ybtS', 'espR4', 'ybtX', 'espL4', 'ybtT', 'espL3', 'hlyE', 'trat', 'espX1']"
GCA_964007055.1,ST131,O25:H4,"[""aac(6')-Ib-cr5"", 'blaCTX-M-15', 'blaOXA']","['sitB', 'chuX', 'sitC', 'ybtE', 'kpsD', 'ibeB', 'ybtA', 'chuV', 'ybtQ', 'sitA', 'iucC', 'irp2', 'iucA', 'sitD', 'eaeH', 'chuU', 'ybtU', 'kpsM', 'ybtP', 'hlyA', 'chuY', 'cnf1', 'kpsS', 'iss2', 'fyuA/psn', 'irp1', 'fyuA', 'ibeC', 'chuS', 'kpsE', 'ybtS', 'chuW', 'hlyD', 'kpsF', 'chuT', 'ybtX', 'hlyC', 'ybtT', 'hlyB', 'kpsU', 'chuA', 'trat', 'iucB', 'kpsC']"
GCA_966573225.1,ST10,O12:H4,"['blaTEM-1', 'blaTEMp_C32T']","['rhs/PAAR', 'sitB', 'sitC', 'ybtE', 'kpsD', 'ibeB', 'ybtA', 'espX4', 'ybtQ', 'iucC', 'sitA', 'iucD', 'irp2', 'iucA', 'sitD', 'eaeH', 'ybtU', 'espR1', 'espX5', 'kpsM', 'ybtP', 'kpsT', 'kpsS', 'iss2', 'espY1', 'fyuA/psn', 'fyuA', 'ibeC', 'espL1', 'kpsE', 'ybtS', 'iutA', 'kpsF', 'ybtX', 'espL4', 'ybtT', 'espL3', 'hlyE', 'kpsU', 'trat', 'iucB', 'espX1', 'kpsC']"
GCA_964205905.1,ST131,O153:H4,['blaTEM-1'],"['sitB', 'chuX', 'sitC', 'ybtE', 'kpsD', 'ibeB', 'ybtA', 'chuV', 'ybtQ', 'sitA', 'iucC', 'iucD', 'irp2', 'iucA', 'sitD', 'chuU', 'ybtU', 'eaeH', 'kpsM', 'ybtP', 'chuY', 'kpsS', 'iss2', 'fyuA/psn', 'irp1', 'fyuA', 'ibeC', 'chuS', 'kpsE', 'ybtS', 'iutA', 'chuW', 'kpsF', 'chuT', 'ybtX', 'ybtT', 'kpsU', 'chuA', 'trat', 'iucB', 'kpsC']"
GCA_964205545.1,ST131,O25:H4,"['blaTEM-1', 'blaTEMp_C32T']","['sitB', 'chuX', 'sitC', 'ybtE', 'kpsD', 'ibeB', 'ybtA', 'chuV', 'ybtQ', 'sitA', 'iucC', 'iucD', 'irp2', 'iucA', 'sitD', 'chuU', 'ybtU', 'eaeH', 'kpsM', 'ybtP', 'hlyA', 'chuY', 'cnf1', 'kpsS', 'iss2', 'fyuA/psn', 'irp1', 'fyuA', 'ibeC', 'chuS', 'kpsE', 'ybtS', 'iutA', 'chuW', 'hlyD', 'kpsF', 'chuT', 'ybtX', 'hlyC', 'ybtT', 'hlyB', 'kpsU', 'chuA', 'trat', 'iucB', 'kpsC']"
GCA_969779115.1,ST10,O128ac:H10,['blaTEM-1'],"['rhs/PAAR', 'aatC', 'ybtE', 'aaiL', 'east1', 'ibeB', 'ybtA', 'espX4', 'ybtQ', 'iucC', 'aaiT', 'iucD', 'irp2', 'iucA', 'astA', 'ybtU', 'espR1', 'espX5', 'aatA', 'aatP', 'ybtP', 'aaiB', 'iss2', 'fyuA/psn', 'irp1', 'fyuA', 'aaiA', 'ibeC', 'espL1', 'ybtS', 'iutA', 'aaiF', 'aaiJ', 'aaiI', 'ybtX', 'espL4', 'aaiK', 'aaiE', 'aaiD', 'ybtT', 'aaiH', 'espL3', 'hlyE', 'aaiP', 'aatD', 'aaiO', 'trat', 'iucB', 'aatB']"
GCA_964006555.1,ST131,O16:H5,"['blaCTX-M-15', 'blaTEM-1']","['sitB', 'chuX', 'sitC', 'ybtE', 'kpsD', 'ibeB', 'ybtA', 'chuV', 'ybtQ', 'sitA', 'iucC', 'iucD', 'irp2', 'iucA', 'sitD', 'chuU', 'ybtU', 'eaeH', 'kpsM', 'ybtP', 'chuY', 'kpsS', 'fyuA/psn', 'irp1', 'fyuA', 'ibeC', 'chuS', 'kpsE', 'ybtS', 'iutA', 'chuW', 'kpsF', 'chuT', 'ybtX', 'ybtT', 'kpsU', 'chuA', 'trat', 'iucB', 'kpsC']"
GCA_040416915.1,ST167,O101:H5,"['blaCTX-M', 'blaNDM-5', 'blaTEM-1', 'rmtB1']","['rhs/PAAR', 'ibeB', 'eaeH', 'espR1', 'espX5', 'iss2', 'espY1', 'ibeC', 'espL1', 'espL4', 'espL3', 'hlyE', 'trat', 'espX1']"
GCA_964206525.1,ST131,O25:H4,"[""aac(6')-Ib-cr5"", 'blaCTX-M-15', 'blaOXA-1']","['sitB', 'chuX', 'sitC', 'ybtE', 'kpsD', 'ibeB', 'ybtA', 'chuV', 'ybtQ', 'sitA', 'iucC', 'iucD', 'irp2', 'iucA', 'sitD', 'chuU', 'ybtU', 'eaeH', 'kpsM', 'ybtP', 'chuY', 'kpsS', 'iss2', 'fyuA/psn', 'irp1', 'fyuA', 'ibeC', 'chuS', 'kpsE', 'ybtS', 'iutA', 'chuW', 'kpsF', 'chuT', 'ybtX', 'ybtT', 'kpsU', 'chuA', 'iucB', 'kpsC']"
GCA_040415445.1,ST167,O101:H9,"['blaCTX-M-15', 'blaNDM-5', 'blaTEM-35']","['rhs/PAAR', 'ybtE', 'ibeB', 'ybtA', 'ybtQ', 'irp2', 'hlye', 'eaeH', 'ybtU', 'espX5', 'ybtP', 'iss2', 'espY1', 'fyuA/psn', 'irp1', 'fyuA', 'ibeC', 'espL1', 'ybtS', 'espR4', 'ybtX', 'espL4', 'ybtT', 'espL3', 'trat']"
GCA_040418125.1,ST167,O101:H9,"['blaCTX-M-15', 'blaNDM-5', 'blaTEM-1']","['rhs/PAAR', 'ybtE', 'ibeB', 'ybtA', 'ybtQ', 'irp2', 'hlye', 'eaeH', 'ybtU', 'ybtP', 'iss2', 'espY1', 'fyuA/psn', 'irp1', 'fyuA', 'ibeC', 'espL1', 'ybtS', 'espR4', 'ybtX', 'espL4', 'ybtT', 'espL3', 'trat']"
GCA_040419065.1,ST167,O101:H5,"[""aac(6')-Ib-cr5"", 'blaCTX-M-15', 'blaNDM-5', 'blaOXA', 'blaTEM-1', 'rmtB1']","['rhs/PAAR', 'ibeB', 'eaeH', 'espR1', 'espX5', 'iss2', 'espY1', 'ibeC', 'espL1', 'espL4', 'espL3', 'hlyE', 'trat', 'espX1']"
GCA_040418605.1,ST167,O101:H9,"['blaCTX-M-15', 'blaNDM-5', 'blaTEM', 'blaTEMp_C32T']","['rhs/PAAR', 'ybtE', 'ibeB', 'ybtA', 'ybtQ', 'irp2', 'eaeH', 'ybtU', 'espR1', 'espX5', 'ybtP', 'iss2', 'espY1', 'fyuA/psn', 'irp1', 'fyuA', 'ibeC', 'espL1', 'ybtS', 'espR4', 'ybtX', 'espL4', 'ybtT', 'espL3', 'hlyE', 'trat', 'espX1']"
GCA_040415585.1,ST167,O101:H9,"['blaNDM-5', 'blaTEM-190']","['rhs/PAAR', 'ybtE', 'ibeB', 'ybtA', 'ybtQ', 'irp2', 'eaeH', 'ybtU', 'espR1', 'espX5', 'ybtP', 'iss2', 'espY1', 'fyuA/psn', 'irp1', 'fyuA', 'ibeC', 'espL1', 'ybtS', 'espR4', 'ybtX', 'espL4', 'ybtT', 'espL3', 'hlyE', 'trat', 'espX1']"
GCA_964206005.1,ST131,O16:H5,['blaCTX-M-27'],"['sitB', 'chuX', 'sitC', 'ybtE', 'kpsD', 'ibeB', 'ybtA', 'chuV', 'ybtQ', 'sitA', 'irp2', 'sitD', 'eaeH', 'chuU', 'ybtU', 'kpsM', 'ybtP', 'chuY', 'kpsS', 'fyuA/psn', 'irp1', 'fyuA', 'ibeC', 'chuS', 'kpsE', 'ybtS', 'chuW', 'kpsF', 'chuT', 'ybtX', 'ybtT', 'kpsU', 'chuA', 'trat', 'iucB', 'kpsC']"
GCA_030024825.1,ST10,O9a:H9,['blaTEM-1'],"['rhs/PAAR', 'ibeB', 'espX4', 'eaeH', 'espR1', 'espX5', 'iss2', 'espY1', 'ibeC', 'espL1', 'espR4', 'espL4', 'espL3', 'hlyE', 'espX1']"
GCA_964206275.1,ST167,O101:H10,"['blaCTX-M-15', 'blaTEM-1', 'qnrS1']","['ybtE', 'ibeB', 'ybtA', 'espX4', 'ybtQ', 'irp2', 'eaeH', 'ybtU', 'espR1', 'espX5', 'ybtP', 'espY1', 'fyuA/psn', 'irp1', 'fyuA', 'ibeC', 'espL1', 'ybtS', 'ybtX', 'espL4', 'ybtT', 'espL3', 'hlyE', 'trat', 'espX1']"
GCA_009824205.1,ST10,O19:H19,['blaTEM-1'],"['rhs/PAAR', 'ibeB', 'espX4', 'eaeH', 'espR1', 'espX5', 'iss2', 'espY1', 'ibeC', 'espL1', 'espR4', 'espL4', 'espL3', 'hlyE', 'espX1']"
GCA_964206045.1,ST131,O25:H4,['blaCTX-M-27'],"['sitB', 'chuX', 'sitC', 'ybtE', 'kpsD', 'ybtA', 'chuV', 'ybtQ', 'sitA', 'iucC', 'iucD', 'irp2', 'iucA', 'sitD', 'chuU', 'ybtU', 'kpsM', 'ybtP', 'chuY', 'kpsS', 'iss2', 'fyuA/psn', 'irp1', 'fyuA', 'ibeC', 'chuS', 'kpsE', 'ybtS', 'iutA', 'chuW', 'kpsF', 'chuT', 'ybtX', 'ybtT', 'kpsU', 'chuA', 'iucB', 'kpsC']"
GCA_964006015.1,ST131,O16:H5,"['blaCTX-M-15', 'blaTEM-1']","['sitB', 'chuX', 'sitC', 'ybtE', 'kpsD', 'east1', 'ibeB', 'aaiW', 'ybtA', 'chuV', 'ybtQ', 'sitA', 'iucC', 'iucD', 'irp2', 'iucA', 'astA', 'sitD', 'chuU', 'ybtU', 'eaeH', 'kpsM', 'ybtP', 'chuY', 'kpsS', 'fyuA/psn', 'irp1', 'fyuA', 'ibeC', 'chuS', 'kpsE', 'ybtS', 'iutA', 'chuW', 'kpsF', 'chuT', 'ybtX', 'ybtT', 'kpsU', 'chuA', 'trat', 'iucB', 'kpsC']"
GCA_040419125.1,ST167,O101:H9,"['blaCTX-M-15', 'blaNDM-5', 'blaTEM']","['rhs/PAAR', 'ybtE', 'ibeB', 'ybtA', 'ybtQ', 'irp2', 'eaeH', 'ybtU', 'espR1', 'espX5', 'ybtP', 'iss2', 'espY1', 'fyuA/psn', 'irp1', 'fyuA', 'ibeC', 'espL1', 'ybtS', 'espR4', 'ybtX', 'espL4', 'ybtT', 'espL3', 'hlyE', 'trat', 'espX1']"
GCA_009901145.1,ST10,O9a:H9,['blaTEM-1'],"['rhs/PAAR', 'ibeB', 'espX4', 'eaeH', 'espR1', 'espX5', 'iss2', 'espY1', 'ibeC', 'espL1', 'espR4', 'espL4', 'espL3', 'hlyE', 'espX1']"
GCA_040415855.1,ST167,O101:H9,"['blaCTX-M-15', 'blaNDM-5', 'blaTEM-1']","['rhs/PAAR', 'ybtE', 'ibeB', 'ybtA', 'espX4', 'ybtQ', 'irp2', 'eaeH', 'ybtU', 'espR1', 'espX5', 'ybtP', 'iss2', 'espY1', 'fyuA/psn', 'irp1', 'fyuA', 'ibeC', 'espL1', 'ybtS', 'espR4', 'ybtX', 'espL4', 'ybtT', 'espL3', 'hlyE', 'trat', 'espX1']"
GCA_037046935.1,ST131,O25:H4,"[""aac(6')-Ib-cr5"", 'blaCTX-M-15', 'blaOXA-1']","['sitB', 'chuX', 'sitC', 'ybtE', 'kpsD', 'ibeB', 'ybtA', 'chuV', 'ybtQ', 'iucD', 'irp2', 'iucA', 'eaeH', 'chuU', 'ybtU', 'kpsM', 'ybtP', 'chuY', 'kpsS', 'iss2', 'fyuA/psn', 'irp1', 'fyuA', 'ibeC', 'chuS', 'kpsE', 'ybtS', 'iutA', 'chuW', 'kpsF', 'chuT', 'ybtX', 'ybtT', 'kpsU', 'chuA', 'trat', 'iucB', 'kpsC']"
GCA_964205825.1,ST131,O25:H4,"['blaTEM-1', 'blaTEMp_C32T']","['sitB', 'chuX', 'sitC', 'ybtE', 'kpsD', 'ibeB', 'ybtA', 'chuV', 'ybtQ', 'sitA', 'iucC', 'iucD', 'irp2', 'iucA', 'sitD', 'chuU', 'ybtU', 'eaeH', 'kpsM', 'ybtP', 'hlyA', 'chuY', 'cnf1', 'kpsS', 'iss2', 'fyuA/psn', 'irp1', 'fyuA', 'ibeC', 'chuS', 'kpsE', 'ybtS', 'iutA', 'chuW', 'hlyD', 'kpsF', 'chuT', 'ybtX', 'hlyC', 'ybtT', 'hlyB', 'kpsU', 'chuA', 'trat', 'iucB', 'kpsC']"
GCA_964007445.1,ST131,O16:H5,"['blaCTX-M-27', 'blaTEM-1']","['sitB', 'chuX', 'sitC', 'ybtE', 'kpsD', 'ibeB', 'ybtA', 'chuV', 'ybtQ', 'sitA', 'iucC', 'iucD', 'irp2', 'iucA', 'sitD', 'chuU', 'ybtU', 'eaeH', 'kpsM', 'ybtP', 'hlyA', 'chuY', 'cnf1', 'kpsS', 'fyuA/psn', 'irp1', 'fyuA', 'ibeC', 'chuS', 'kpsE', 'ybtS', 'iutA', 'chuW', 'hlyD', 'kpsF', 'chuT', 'ybtX', 'hlyC', 'ybtT', 'hlyB', 'kpsU', 'chuA', 'trat', 'iucB', 'kpsC']"
GCA_040712435.1,ST10,Unknown,['blaTEM-1'],"['rhs/PAAR', 'east1', 'ibeB', 'espX4', 'astA', 'eaeH', 'espR1', 'espX5', 'espY1', 'ibeC', 'espL1', 'espR4', 'espL4', 'espL3', 'hlyE', 'trat', 'espX1']"
GCA_964205435.1,ST131,O25:H4,"[""aac(6')-Ib-cr5"", 'blaCTX-M-15', 'blaCTX-M-27', 'blaOXA-1', 'blaTEM-1']","['chuX', 'sitC', 'ybtE', 'east1', 'chuV', 'sitA', 'iucC', 'iucD', 'iucA', 'astA', 'sitD', 'eaeH', 'ybtU', 'kpsM', 'kpsS', 'iss2', 'ibeC', 'chuS', 'kpsF', 'chuT', 'ybtT', 'kpsU', 'chuA', 'trat', 'iucB']"
GCA_037048105.1,ST131,O25:H4,"[""aac(6')-Ib-cr5"", 'blaCTX-M-15', 'blaOXA-1', 'blaTEM-1']","['sitB', 'chuX', 'sitC', 'ybtE', 'kpsD', 'ibeB', 'ybtA', 'chuV', 'ybtQ', 'sitA', 'iucD', 'irp2', 'iucA', 'chuU', 'ybtU', 'eaeH', 'kpsM', 'ybtP', 'chuY', 'kpsS', 'iss2', 'fyuA/psn', 'irp1', 'fyuA', 'ibeC', 'chuS', 'kpsE', 'ybtS', 'iutA', 'chuW', 'kpsF', 'chuT', 'ybtX', 'ybtT', 'kpsU', 'chuA', 'trat', 'iucB', 'kpsC']"
GCA_964006795.1,ST131,O16:H5,"['blaCTX-M-15', 'blaTEM-1']","['sitB', 'chuX', 'sitC', 'ybtE', 'kpsD', 'ibeB', 'ybtA', 'chuV', 'ybtQ', 'sitA', 'iucC', 'iucD', 'irp2', 'iucA', 'sitD', 'chuU', 'ybtU', 'eaeH', 'kpsM', 'ybtP', 'chuY', 'kpsS', 'fyuA/psn', 'irp1', 'fyuA', 'ibeC', 'chuS', 'kpsE', 'ybtS', 'iutA', 'chuW', 'kpsF', 'chuT', 'ybtX', 'ybtT', 'kpsU', 'chuA', 'trat', 'iucB', 'kpsC']"
GCA_964006185.1,ST131,O25:H4,"[""aac(6')-Ib-cr5"", 'blaCTX-M-15', 'blaOXA-1', 'blaTEM-1']","['sitB', 'chuX', 'sitC', 'ybtE', 'kpsD', 'east1', 'ibeB', 'ybtA', 'chuV', 'ybtQ', 'sitA', 'iucC', 'iucD', 'irp2', 'iucA', 'astA', 'sitD', 'chuU', 'ybtU', 'eaeH', 'kpsM', 'ybtP', 'chuY', 'kpsS', 'fyuA/psn', 'irp1', 'fyuA', 'ibeC', 'chuS', 'kpsE', 'ybtS', 'iutA', 'chuW', 'kpsF', 'chuT', 'ybtX', 'ybtT', 'kpsU', 'chuA', 'trat', 'iucB', 'kpsC']"
GCA_037047235.1,ST131,O16:H5,"['blaCTX-M-15', 'blaTEM-1']","['sitB', 'aatC', 'chuX', 'sitC', 'ybtE', 'kpsD', 'east1', 'ibeB', 'ybtA', 'chuV', 'ybtQ', 'sitA', 'iucC', 'aaiT', 'iucD', 'irp2', 'iucA', 'astA', 'sitD', 'chuU', 'ybtU', 'eaeH', 'kpsM', 'aatA', 'ybtP', 'aatP', 'chuY', 'kpsS', 'fyuA/psn', 'irp1', 'fyuA', 'ibeC', 'chuS', 'kpsE', 'ybtS', 'iutA', 'chuW', 'kpsF', 'chuT', 'ybtX', 'ybtT', 'kpsU', 'chuA', 'trat', 'iucB', 'aatB', 'kpsC']"
GCA_009900425.1,ST10,O9a:H9,['blaTEM-1'],"['rhs/PAAR', 'ibeB', 'espX4', 'espR1', 'espX5', 'iss2', 'espY1', 'ibeC', 'espL1', 'espR4', 'espL4', 'espL3', 'hlyE', 'espX1']"
GCA_964205875.1,ST167,O101:H21,"['blaCTX-M-15', 'blaTEM-1']","['rhs/PAAR', 'ybtE', 'ibeB', 'ybtA', 'espX4', 'ybtQ', 'irp2', 'eaeH', 'ybtU', 'espR1', 'espX5', 'ybtP', 'espY1', 'fyuA/psn', 'irp1', 'fyuA', 'ibeC', 'espL1', 'ybtS', 'espR4', 'ybtX', 'espL4', 'ybtT', 'espL3', 'hlyE', 'trat', 'espX1']"
GCA_040712465.1,ST10,O101:H10,['blaTEM-1'],"['rhs/PAAR', 'east1', 'ibeB', 'espX4', 'astA', 'eaeH', 'espX5', 'espY1', 'ibeC', 'espL1', 'espR4', 'espL4', 'espL3', 'hlyE', 'trat', 'espX1']"
GCA_040415955.1,ST167,O101:H9,"['blaCTX-M-15', 'blaNDM-5', 'blaTEM-84', 'blaTEMp_C32T']","['rhs/PAAR', 'ybtE', 'ibeB', 'ybtA', 'espX4', 'ybtQ', 'irp2', 'eaeH', 'ybtU', 'espR1', 'espX5', 'ybtP', 'iss2', 'espY1', 'fyuA/psn', 'irp1', 'fyuA', 'ibeC', 'espL1', 'ybtS', 'espR4', 'ybtX', 'espL4', 'ybtT', 'espL3', 'hlyE', 'trat', 'espX1']"
GCA_964206025.1,ST131,O25:H4,"['blaTEM-1', 'blaTEMp_C32T']","['sitB', 'chuX', 'sitC', 'ybtE', 'kpsD', 'ibeB', 'ybtA', 'chuV', 'ybtQ', 'sitA', 'iucC', 'iucD', 'irp2', 'iucA', 'sitD', 'chuU', 'ybtU', 'eaeH', 'kpsM', 'ybtP', 'hlyA', 'chuY', 'cnf1', 'kpsS', 'iss2', 'fyuA/psn', 'irp1', 'fyuA', 'ibeC', 'chuS', 'kpsE', 'ybtS', 'iutA', 'chuW', 'hlyD', 'kpsF', 'chuT', 'ybtX', 'hlyC', 'ybtT', 'hlyB', 'kpsU', 'chuA', 'trat', 'iucB', 'kpsC']"
GCA_040416045.1,ST167,O101:H17,"['blaCTX-M-55', 'blaNDM-5', 'rmtB']","['rhs/PAAR', 'ybtE', 'east1', 'ibeB', 'aaiW', 'ybtA', 'espX4', 'ybtQ', 'irp2', 'astA', 'ybtU', 'espR1', 'espX5', 'ybtP', 'iss2', 'espY1', 'fyuA/psn', 'irp1', 'fyuA', 'ibeC', 'espL1', 'ybtS', 'ybtX', 'espL4', 'ybtT', 'espL3', 'hlyE', 'trat', 'espX1']"
GCA_964006025.1,ST131,O25:H4,"[""aac(6')-Ib-cr5"", 'blaCTX-M-15', 'blaOXA-1']","['sitB', 'chuX', 'sitC', 'ybtE', 'kpsD', 'ibeB', 'ybtA', 'chuV', 'ybtQ', 'sitA', 'iucC', 'iucD', 'irp2', 'iucA', 'sitD', 'chuU', 'ybtU', 'eaeH', 'kpsM', 'ybtP', 'chuY', 'kpsS', 'iss2', 'fyuA/psn', 'irp1', 'fyuA', 'ibeC', 'chuS', 'kpsE', 'ybtS', 'iutA', 'chuW', 'kpsF', 'chuT', 'ybtX', 'ybtT', 'kpsU', 'chuA', 'iucB', 'kpsC']"
GCA_964006905.1,ST131,O25:H4,"[""aac(6')-Ib-cr5"", 'blaCTX-M', 'blaCTX-M-15', 'blaOXA-1', 'blaTEM-1']","['chuX', 'sitC', 'east1', 'ibeB', 'chuV', 'ybtQ', 'sitA', 'iucC', 'iucD', 'iucA', 'astA', 'chuU', 'eaeH', 'kpsM', 'kpsS', 'fyuA/psn', 'fyuA', 'ibeC', 'chuS', 'kpsE', 'iutA', 'kpsF', 'chuT', 'kpsU', 'chuA', 'trat', 'iucB']"
GCA_009823885.1,ST10,O13/O129:H48,['blaTEM-1'],"['ibeB', 'espX4', 'espR1', 'espX5', 'aatA', 'iss2', 'espY1', 'ibeC', 'espL1', 'espR4', 'espL4', 'espL3', 'hlyE']"
GCA_964206355.1,ST131,O16:H5,"['blaCTX-M-27', 'blaTEM-1']","['sitB', 'chuX', 'sitC', 'ybtE', 'kpsD', 'ibeB', 'ybtA', 'chuV', 'ybtQ', 'sitA', 'iucC', 'iucD', 'irp2', 'iucA', 'sitD', 'chuU', 'ybtU', 'eaeH', 'kpsM', 'ybtP', 'hlyA', 'chuY', 'cnf1', 'kpsS', 'fyuA/psn', 'irp1', 'fyuA', 'ibeC', 'chuS', 'kpsE', 'ybtS', 'iutA', 'chuW', 'hlyD', 'kpsF', 'chuT', 'ybtX', 'hlyC', 'ybtT', 'hlyB', 'kpsU', 'chuA', 'trat', 'iucB', 'kpsC']"
GCA_040418305.1,ST167,O101:H9,"['blaCTX-M-15', 'blaNDM-5', 'blaTEM', 'blaTEMp_C32T']","['rhs/PAAR', 'ybtE', 'ibeB', 'ybtA', 'espX4', 'ybtQ', 'irp2', 'eaeH', 'ybtU', 'espR1', 'espX5', 'ybtP', 'iss2', 'espY1', 'fyuA/psn', 'irp1', 'fyuA', 'ibeC', 'espL1', 'ybtS', 'espR4', 'ybtX', 'espL4', 'ybtT', 'espL3', 'hlyE', 'trat', 'espX1']"
GCA_040415905.1,ST167,O101:H5,"[""aac(6')-Ib-cr5"", 'blaCTX-M-15', 'blaNDM-5', 'blaOXA-1', 'blaTEM-1', 'rmtB1']","['rhs/PAAR', 'espX4', 'eaeH', 'espR1', 'espX5', 'iss2', 'espY1', 'ibeC', 'espL1', 'espL4', 'espL3', 'hlyE', 'trat', 'espX1']"
GCA_049546825.1,ST167,O101:H5,"[""aac(6')-Ib-cr5"", 'blaCTX-M-15', 'blaNDM-5', 'blaOXA', 'blaTEM-1', 'rmtB']","['rhs/PAAR', 'ibeB', 'espX4', 'eaeH', 'espR1', 'espX5', 'iss2', 'espY1', 'ibeC', 'espL1', 'espL4', 'espL3', 'hlyE', 'trat', 'espX1']"
GCA_040415455.1,ST167,O101:H17,"['blaCTX-M-55', 'blaNDM-5', 'rmtB']","['rhs/PAAR', 'ybtE', 'east1', 'ibeB', 'aaiW', 'ybtA', 'espX4', 'ybtQ', 'irp2', 'astA', 'ybtU', 'espR1', 'espX5', 'ybtP', 'iss2', 'espY1', 'fyuA/psn', 'irp1', 'fyuA', 'ibeC', 'espL1', 'ybtS', 'ybtX', 'espL4', 'ybtT', 'espL3', 'hlyE', 'trat']"
GCA_040417825.1,ST167,O101:H9,"['blaCTX-M-15', 'blaNDM-5', 'blaTEM-1', 'blaTEMp_C32T']","['rhs/PAAR', 'ybtE', 'ibeB', 'ybtA', 'espX4', 'ybtQ', 'irp2', 'eaeH', 'ybtU', 'espX5', 'ybtP', 'iss2', 'espY1', 'fyuA/psn', 'irp1', 'fyuA', 'ibeC', 'espL1', 'ybtS', 'espR4', 'ybtX', 'espL4', 'ybtT', 'espL3', 'hlyE', 'trat', 'espX1']"
GCA_966555405.1,ST131,O25:H4,"['blaCTX-M-27', 'blaTEM-1']","['sitB', 'chuX', 'sitC', 'ybtE', 'kpsD', 'ibeB', 'ybtA', 'chuV', 'ybtQ', 'sitA', 'iucC', 'iucD', 'irp2', 'iucA', 'sitD', 'chuU', 'ybtU', 'eaeH', 'kpsM', 'ybtP', 'chuY', 'kpsS', 'iss2', 'fyuA/psn', 'irp1', 'fyuA', 'ibeC', 'chuS', 'kpsE', 'ybtS', 'iutA', 'chuW', 'kpsF', 'chuT', 'ybtX', 'ybtT', 'kpsU', 'chuA', 'trat', 'iucB', 'kpsC']"
GCA_964205725.1,ST131,O25:H4,"[""aac(6')-Ib-cr5"", 'blaCTX-M-15', 'blaOXA-1', 'blaTEM-1']","['sitB', 'chuX', 'sitC', 'ybtE', 'kpsD', 'east1', 'ibeB', 'aaiW', 'ybtA', 'chuV', 'ybtQ', 'sitA', 'iucC', 'aaiT', 'iucD', 'irp2', 'iucA', 'astA', 'sitD', 'chuU', 'ybtU', 'eaeH', 'kpsM', 'ybtP', 'hlyA', 'chuY', 'cnf1', 'kpsS', 'iss2', 'fyuA/psn', 'irp1', 'fyuA', 'ibeC', 'chuS', 'kpsE', 'ybtS', 'iutA', 'chuW', 'hlyD', 'kpsF', 'chuT', 'ybtX', 'hlyC', 'ybtT', 'hlyB', 'kpsU', 'chuA', 'trat', 'iucB', 'kpsC']"
GCA_040419085.1,ST167,O101:H9,"['blaCTX-M-15', 'blaNDM-5', 'blaTEM-190', 'blaTEMp_C32T']","['rhs/PAAR', 'ybtE', 'ibeB', 'ybtA', 'espX4', 'ybtQ', 'irp2', 'eaeH', 'ybtU', 'espR1', 'espX5', 'ybtP', 'iss2', 'espY1', 'fyuA/psn', 'irp1', 'fyuA', 'ibeC', 'espL1', 'ybtS', 'espR4', 'ybtX', 'espL4', 'ybtT', 'espL3', 'hlyE', 'trat', 'espX1']"
GCA_964007035.1,ST131,O25:H4,"[""aac(6')-Ib-cr5"", 'blaCTX-M-15', 'blaOXA-1']","['sitB', 'chuX', 'sitC', 'ybtE', 'kpsD', 'ibeB', 'ybtA', 'chuV', 'ybtQ', 'sitA', 'iucC', 'irp2', 'iucA', 'sitD', 'eaeH', 'chuU', 'ybtU', 'kpsM', 'ybtP', 'hlyA', 'chuY', 'cnf1', 'kpsS', 'iss2', 'fyuA/psn', 'irp1', 'fyuA', 'ibeC', 'chuS', 'kpsE', 'ybtS', 'chuW', 'hlyD', 'kpsF', 'chuT', 'ybtX', 'hlyC', 'ybtT', 'hlyB', 'kpsU', 'chuA', 'trat', 'iucB', 'kpsC']"
GCA_964205375.1,ST167,O101:H17,"[""aac(6')-Ib-cr5"", 'blaCTX-M-15', 'blaOXA-1']","['rhs/PAAR', 'sitC', 'ybtE', 'east1', 'ibeB', 'aaiW', 'ybtA', 'espX4', 'iucC', 'iucD', 'irp2', 'iucA', 'astA', 'sitD', 'eaeH', 'ybtU', 'espR1', 'espX5', 'ybtP', 'iss2', 'espY1', 'fyuA/psn', 'irp1', 'fyuA', 'ibeC', 'espL1', 'ybtS', 'iutA', 'ybtX', 'espL4', 'ybtT', 'espL3', 'hlyE', 'trat', 'iucB', 'espX1']"
GCA_040416515.1,ST167,O101:H5,"[""aac(6')-Ib-cr5"", 'blaCTX-M-15', 'blaNDM-5', 'blaOXA-1', 'blaTEM-1', 'rmtB1']","['rhs/PAAR', 'ibeB', 'espX4', 'eaeH', 'espR1', 'espX5', 'iss2', 'espY1', 'ibeC', 'espL1', 'espL4', 'espL3', 'hlyE', 'trat', 'espX1']"
GCA_024330145.2,ST10,O166:H10,"['blaCTX-M-15', 'blaTEM-1', 'qnrS1']","['ybtE', 'ibeB', 'ybtA', 'espX4', 'ybtQ', 'irp2', 'ybtU', 'espR1', 'espX5', 'ybtP', 'espY1', 'fyuA/psn', 'irp1', 'fyuA', 'ibeC', 'espL1', 'ybtS', 'ybtX', 'espL4', 'ybtT', 'espL3', 'hlyE', 'espX1']"
GCA_964006355.1,ST131,O25:H4,"['blaTEM-1', 'blaTEMp_C32T']","['sitB', 'chuX', 'sitC', 'ybtE', 'kpsD', 'ibeB', 'ybtA', 'chuV', 'ybtQ', 'sitA', 'iucC', 'iucD', 'irp2', 'iucA', 'sitD', 'chuU', 'ybtU', 'eaeH', 'kpsM', 'ybtP', 'hlyA', 'chuY', 'cnf1', 'kpsS', 'iss2', 'fyuA/psn', 'irp1', 'fyuA', 'ibeC', 'chuS', 'kpsE', 'ybtS', 'iutA', 'chuW', 'hlyD', 'kpsF', 'chuT', 'ybtX', 'hlyC', 'ybtT', 'hlyB', 'kpsU', 'chuA', 'trat', 'iucB', 'kpsC']"
GCA_040418245.1,ST167,O101:H5,"[""aac(6')-Ib-cr5"", 'blaCTX-M-15', 'blaNDM-5', 'blaOXA-1', 'blaTEM-1', 'mcr-1', 'rmtB1']","['rhs/PAAR', 'ibeB', 'espX4', 'eaeH', 'espR1', 'espX5', 'iss2', 'espY1', 'ibeC', 'espL1', 'espL4', 'espL3', 'hlyE', 'trat', 'espX1']"
GCA_040416955.1,ST167,O101:H5,"[""aac(6')-Ib-cr5"", 'blaCTX-M-15', 'blaNDM-5', 'blaOXA-1', 'blaTEM-1', 'rmtB1']","['rhs/PAAR', 'ibeB', 'espX4', 'eaeH', 'espR1', 'espX5', 'iss2', 'espY1', 'ibeC', 'espL1', 'espL4', 'espL3', 'hlyE', 'trat', 'espX1']"
GCA_037047245.1,ST131,O25:H4,"[""aac(6')-Ib-cr5"", 'blaCTX-M-15', 'blaOXA-1', 'blaTEM-1']","['sitB', 'chuX', 'sitC', 'ybtE', 'kpsD', 'ibeB', 'ybtA', 'chuV', 'ybtQ', 'sitA', 'iucC', 'iucD', 'irp2', 'iucA', 'sitD', 'eaeH', 'chuU', 'ybtU', 'kpsM', 'ybtP', 'chuY', 'kpsS', 'iss2', 'fyuA/psn', 'irp1', 'fyuA', 'ibeC', 'chuS', 'kpsE', 'ybtS', 'iutA', 'chuW', 'kpsF', 'chuT', 'ybtX', 'ybtT', 'kpsU', 'chuA', 'trat', 'iucB', 'kpsC']"
GCA_972176395.1,ST131,O16:H5,"['blaCTX-M-15', 'blaTEM-1']","['sitB', 'chuX', 'sitC', 'ybtE', 'kpsD', 'ibeB', 'ybtA', 'chuV', 'ybtQ', 'sitA', 'iucC', 'iucD', 'irp2', 'iucA', 'sitD', 'chuU', 'ybtU', 'eaeH', 'kpsM', 'ybtP', 'chuY', 'kpsS', 'fyuA/psn', 'irp1', 'fyuA', 'ibeC', 'chuS', 'kpsE', 'ybtS', 'iutA', 'chuW', 'kpsF', 'chuT', 'ybtX', 'ybtT', 'kpsU', 'chuA', 'trat', 'iucB', 'kpsC']"
GCA_037049385.1,ST167,O101:H21,"['blaCTX-M-15', 'blaTEM-1']","['rhs/PAAR', 'ybtE', 'ibeB', 'ybtA', 'espX4', 'ybtQ', 'irp2', 'eaeH', 'ybtU', 'espR1', 'espX5', 'ybtP', 'espY1', 'fyuA/psn', 'irp1', 'fyuA', 'ibeC', 'espL1', 'ybtS', 'espR4', 'ybtX', 'espL4', 'ybtT', 'espL3', 'hlyE', 'trat', 'espX1']"
GCA_907163605.1,ST131,O25:H4,"[""aac(6')-Ib-cr5"", 'blaCTX-M-15', 'blaOXA-1']","['sitB', 'chuX', 'sitC', 'ybtE', 'kpsD', 'ibeB', 'ybtA', 'chuV', 'ybtQ', 'sitA', 'iucC', 'iucD', 'irp2', 'iucA', 'sitD', 'eaeH', 'chuU', 'ybtU', 'kpsM', 'ybtP', 'chuY', 'kpsS', 'iss2', 'fyuA/psn', 'irp1', 'fyuA', 'ibeC', 'chuS', 'kpsE', 'ybtS', 'iutA', 'chuW', 'kpsF', 'chuT', 'ybtX', 'ybtT', 'kpsU', 'chuA', 'trat', 'iucB', 'kpsC']"
GCA_966555485.1,ST10,O101:H4,"['blaTEM-1', 'blaTEMp_C32T']","['rhs/PAAR', 'sitB', 'sitC', 'ybtE', 'ibeB', 'aaiW', 'ybtA', 'espX4', 'ybtQ', 'sitA', 'iucC', 'iucD', 'irp2', 'iucA', 'sitD', 'eaeH', 'ybtU', 'espR1', 'espX5', 'ybtP', 'espY1', 'fyuA/psn', 'irp1', 'fyuA', 'ibeC', 'espL1', 'ybtS', 'iutA', 'ybtX', 'espL4', 'ybtT', 'espL3', 'hlyE', 'trat', 'iucB']"
GCA_037049365.1,ST167,O8:H9,"[""aac(6')-Ib-cr5"", 'blaCTX-M-15', 'blaOXA-1']","['rhs/PAAR', 'ybtE', 'ibeB', 'ybtA', 'espX4', 'ybtQ', 'irp2', 'eaeH', 'ybtU', 'espR1', 'espX5', 'ybtP', 'iss2', 'espY1', 'fyuA/psn', 'irp1', 'fyuA', 'ibeC', 'espL1', 'ybtS', 'espR4', 'ybtX', 'espL4', 'ybtT', 'espL3', 'hlyE', 'trat', 'espX1']"
GCA_040418525.1,ST167,O101:H5,"['blaCTX-M-15', 'blaNDM-5', 'blaTEM-1', 'qnrS1', 'rmtB1']","['rhs/PAAR', 'ibeB', 'espX4', 'eaeH', 'espR1', 'espX5', 'iss2', 'espY1', 'ibeC', 'espL1', 'espL4', 'espL3', 'hlyE', 'trat', 'espX1']"
GCA_037049825.1,ST131,O25:H4,['qnrB4'],"['sitB', 'chuX', 'sitC', 'ybtE', 'kpsD', 'ibeB', 'ybtA', 'chuV', 'ybtQ', 'sitA', 'iucC', 'iucD', 'irp2', 'iucA', 'sitD', 'chuU', 'ybtU', 'eaeH', 'kpsM', 'ybtP', 'hlyA', 'chuY', 'cnf1', 'kpsS', 'iss2', 'fyuA/psn', 'irp1', 'fyuA', 'ibeC', 'chuS', 'kpsE', 'ybtS', 'iutA', 'chuW', 'hlyD', 'kpsF', 'chuT', 'ybtX', 'hlyC', 'ybtT', 'hlyB', 'kpsU', 'chuA', 'trat', 'iucB', 'kpsC']"
GCA_025536555.1,ST10,O5:H11,"['blaCTX-M-15', 'qnrS1']","['ibeB', 'espX4', 'espR1', 'espY1', 'ibeC', 'espL1', 'espL3', 'hlyE', 'espX1']"
GCA_045801095.1,ST167,Unknown,"[""aac(6')-Ib-cr5"", 'blaCTX-M-15', 'blaNDM-5', 'blaOXA-1', 'blaTEM-1', 'rmtB1']","['rhs/PAAR', 'ibeB', 'espX4', 'eaeH', 'espR1', 'espX5', 'iss2', 'espY1', 'ibeC', 'espL1', 'espL4', 'espL3', 'hlyE', 'trat', 'espX1']"
GCA_040417865.1,ST167,O101:H5,"['blaCTX-M-15', 'blaNDM-5', 'blaOXA', 'blaTEM-1', 'rmtB1']","['rhs/PAAR', 'ibeB', 'eaeH', 'espX5', 'iss2', 'espY1', 'ibeC', 'espL1', 'espL4', 'espL3', 'hlyE', 'trat']"
GCA_019355495.1,ST131,O25:H4,"[""aac(6')-Ib-cr5"", 'blaCTX-M-15', 'blaOXA-1']","['sitB', 'chuX', 'sitC', 'ybtE', 'kpsD', 'ibeB', 'ybtA', 'chuV', 'ybtQ', 'sitA', 'iucC', 'iucD', 'irp2', 'iucA', 'sitD', 'eaeH', 'chuU', 'ybtU', 'kpsM', 'ybtP', 'chuY', 'kpsS', 'iss2', 'fyuA/psn', 'irp1', 'fyuA', 'ibeC', 'chuS', 'kpsE', 'ybtS', 'iutA', 'chuW', 'kpsF', 'chuT', 'ybtX', 'ybtT', 'kpsU', 'chuA', 'trat', 'iucB', 'kpsC']"
GCA_037048925.1,ST10,O101:H10,"['blaCTX-M-15', 'blaTEM-1']","['rhs/PAAR', 'ibeB', 'espX4', 'eaeH', 'espR1', 'espX5', 'espY1', 'ibeC', 'espL1', 'espL4', 'espL3', 'hlyE', 'espX1']"
GCA_040418705.1,ST167,O101:H5,"[""aac(6')-Ib-cr5"", 'blaCTX-M-15', 'blaNDM-5', 'blaOXA-1', 'blaTEM-1', 'rmtB1']","['rhs/PAAR', 'ibeB', 'eaeH', 'espR1', 'espX5', 'iss2', 'espY1', 'ibeC', 'espL1', 'espL4', 'espL3', 'hlyE', 'trat', 'espX1']"
GCA_964205505.1,ST131,O25:H4,"['blaTEM-1', 'blaTEMp_C32T']","['sitB', 'chuX', 'sitC', 'ybtE', 'kpsD', 'ibeB', 'ybtA', 'chuV', 'ybtQ', 'sitA', 'iucC', 'iucD', 'irp2', 'iucA', 'sitD', 'chuU', 'ybtU', 'eaeH', 'kpsM', 'ybtP', 'hlyA', 'chuY', 'cnf1', 'kpsS', 'iss2', 'fyuA/psn', 'irp1', 'fyuA', 'ibeC', 'chuS', 'kpsE', 'ybtS', 'iutA', 'chuW', 'hlyD', 'kpsF', 'chuT', 'ybtX', 'hlyC', 'ybtT', 'hlyB', 'kpsU', 'chuA', 'trat', 'iucB', 'kpsC']"
GCA_964205595.1,ST131,O25:H4,"['blaTEM-1', 'blaTEMp_C32T']","['sitB', 'chuX', 'sitC', 'ybtE', 'kpsD', 'ibeB', 'ybtA', 'chuV', 'ybtQ', 'sitA', 'iucC', 'iucD', 'irp2', 'iucA', 'sitD', 'chuU', 'ybtU', 'eaeH', 'kpsM', 'ybtP', 'hlyA', 'chuY', 'cnf1', 'kpsS', 'iss2', 'fyuA/psn', 'irp1', 'fyuA', 'ibeC', 'chuS', 'kpsE', 'ybtS', 'iutA', 'chuW', 'hlyD', 'kpsF', 'chuT', 'ybtX', 'hlyC', 'ybtT', 'hlyB', 'kpsU', 'chuA', 'trat', 'iucB', 'kpsC']"
GCA_040417385.1,ST167,O101:H17,"['blaCTX-M-55', 'blaNDM-5', 'rmtB']","['rhs/PAAR', 'ybtE', 'east1', 'ibeB', 'aaiW', 'ybtA', 'espX4', 'ybtQ', 'irp2', 'astA', 'ybtU', 'espX5', 'ybtP', 'iss2', 'espY1', 'fyuA/psn', 'irp1', 'fyuA', 'ibeC', 'espL1', 'ybtS', 'ybtX', 'espL4', 'ybtT', 'espL3', 'hlyE', 'trat', 'espX1']"
GCA_907163715.1,ST167,O101:H21,"[""aac(6')-Ib-cr5"", 'blaCTX-M-15', 'blaOXA-1', 'blaTEM-1', 'blaTEMp_G162T']","['rhs/PAAR', 'ibeB', 'espX4', 'eaeH', 'espR1', 'espX5', 'espY1', 'ibeC', 'espL1', 'espR4', 'espL4', 'espL3', 'hlyE', 'trat', 'espX1']"
GCA_964007025.1,ST131,O25:H4,"['blaTEM-1', 'blaTEMp_C32T']","['sitB', 'chuX', 'sitC', 'ybtE', 'kpsD', 'ibeB', 'ybtA', 'chuV', 'ybtQ', 'sitA', 'iucC', 'iucD', 'irp2', 'iucA', 'sitD', 'chuU', 'ybtU', 'eaeH', 'kpsM', 'ybtP', 'hlyA', 'chuY', 'cnf1', 'kpsS', 'iss2', 'fyuA/psn', 'irp1', 'fyuA', 'ibeC', 'chuS', 'kpsE', 'ybtS', 'iutA', 'chuW', 'hlyD', 'kpsF', 'chuT', 'ybtX', 'hlyC', 'ybtT', 'hlyB', 'kpsU', 'chuA', 'trat', 'iucB', 'kpsC']"
GCA_964206185.1,ST131,O25:H4,"[""aac(6')-Ib-cr5"", 'blaCTX-M-15', 'blaOXA-1']","['chuX', 'ybtE', 'kpsD', 'ibeB', 'ybtA', 'chuV', 'ybtQ', 'iucC', 'iucD', 'irp2', 'iucA', 'chuU', 'ybtU', 'eaeH', 'kpsM', 'ybtP', 'chuY', 'kpsS', 'fyuA/psn', 'irp1', 'fyuA', 'ibeC', 'chuS', 'kpsE', 'ybtS', 'iutA', 'chuW', 'kpsF', 'chuT', 'ybtX', 'ybtT', 'kpsU', 'chuA', 'trat', 'iucB', 'kpsC']"
GCA_022968555.1,ST10,O101:H10,"[""aac(6')-Ib-cr5"", 'blaCTX-M-15', 'blaOXA-1']","['rhs/PAAR', 'sitB', 'sitC', 'ybtE', 'ibeB', 'ybtA', 'espX4', 'ybtQ', 'sitA', 'iucC', 'iucD', 'irp2', 'iucA', 'sitD', 'eaeH', 'ybtU', 'espR1', 'espX5', 'ybtP', 'espY1', 'fyuA/psn', 'irp1', 'fyuA', 'ibeC', 'espL1', 'ybtS', 'iutA', 'ybtX', 'espL4', 'ybtT', 'espL3', 'hlyE', 'trat', 'iucB', 'espX1']"
GCA_964006265.1,ST131,O25:H4,"[""aac(6')-Ib-cr5"", 'blaCTX-M-15', 'blaOXA-1', 'blaTEM-1']","['sitB', 'chuX', 'sitC', 'ybtE', 'kpsD', 'east1', 'ibeB', 'ybtA', 'chuV', 'ybtQ', 'sitA', 'iucC', 'iucD', 'irp2', 'iucA', 'astA', 'sitD', 'chuU', 'ybtU', 'eaeH', 'kpsM', 'ybtP', 'chuY', 'kpsS', 'iss2', 'fyuA/psn', 'irp1', 'fyuA', 'ibeC', 'chuS', 'kpsE', 'ybtS', 'iutA', 'chuW', 'kpsF', 'chuT', 'ybtX', 'ybtT', 'kpsU', 'chuA', 'iucB', 'kpsC']"
GCA_040417175.1,ST167,O101:H5,"[""aac(6')-Ib-cr5"", 'blaCTX-M-15', 'blaNDM-5', 'blaOXA', 'blaTEM-1', 'rmtB1']","['rhs/PAAR', 'ibeB', 'espX4', 'eaeH', 'espR1', 'espX5', 'iss2', 'espY1', 'ibeC', 'espL1', 'espL4', 'espL3', 'hlyE', 'trat', 'espX1']"
GCA_040419045.1,ST167,O101:H5,"[""aac(6')-Ib-cr5"", 'blaCTX-M-15', 'blaNDM-5', 'blaOXA-1', 'blaTEM-1', 'rmtB1']","['rhs/PAAR', 'ibeB', 'espX4', 'eaeH', 'espR1', 'espX5', 'iss2', 'espY1', 'ibeC', 'espL1', 'espL4', 'espL3', 'hlyE', 'trat', 'espX1']"
GCA_040419165.1,ST167,O101:H9,"['blaCTX-M-15', 'blaNDM-5', 'blaTEM-190']","['rhs/PAAR', 'ybtE', 'ibeB', 'ybtA', 'ybtQ', 'irp2', 'eaeH', 'ybtU', 'espR1', 'espX5', 'ybtP', 'iss2', 'espY1', 'fyuA/psn', 'irp1', 'fyuA', 'ibeC', 'espL1', 'ybtS', 'espR4', 'ybtX', 'espL4', 'ybtT', 'espL3', 'hlyE', 'trat']"
GCA_964205995.1,ST131,O25:H4,['blaCTX-M-15'],"['sitB', 'chuX', 'sitC', 'ybtE', 'kpsD', 'ibeB', 'ybtA', 'chuV', 'ybtQ', 'sitA', 'iucC', 'iucD', 'irp2', 'iucA', 'sitD', 'chuU', 'ybtU', 'eaeH', 'kpsM', 'ybtP', 'chuY', 'kpsS', 'iss2', 'fyuA/psn', 'irp1', 'fyuA', 'ibeC', 'chuS', 'kpsE', 'ybtS', 'iutA', 'chuW', 'kpsF', 'chuT', 'ybtX', 'ybtT', 'kpsU', 'chuA', 'trat', 'iucB', 'kpsC']"
GCA_037048185.1,ST131,O25:H4,"[""aac(6')-Ib-cr5"", 'blaCTX-M-15', 'blaOXA-1', 'blaTEM-1']","['sitB', 'chuX', 'sitC', 'ybtE', 'kpsD', 'ibeB', 'ybtA', 'chuV', 'ybtQ', 'sitA', 'iucD', 'irp2', 'iucA', 'chuU', 'ybtU', 'eaeH', 'kpsM', 'ybtP', 'chuY', 'kpsS', 'fyuA/psn', 'irp1', 'fyuA', 'ibeC', 'chuS', 'kpsE', 'ybtS', 'iutA', 'chuW', 'kpsF', 'chuT', 'ybtX', 'ybtT', 'kpsU', 'chuA', 'trat', 'iucB', 'kpsC']"
GCA_964205565.1,ST131,O25:H4,"['blaTEM-1', 'blaTEMp_C32T']","['sitB', 'chuX', 'sitC', 'ybtE', 'kpsD', 'ibeB', 'ybtA', 'chuV', 'ybtQ', 'sitA', 'iucC', 'iucD', 'irp2', 'iucA', 'sitD', 'chuU', 'ybtU', 'eaeH', 'kpsM', 'ybtP', 'hlyA', 'chuY', 'cnf1', 'kpsS', 'iss2', 'fyuA/psn', 'irp1', 'fyuA', 'ibeC', 'chuS', 'kpsE', 'ybtS', 'iutA', 'chuW', 'hlyD', 'kpsF', 'chuT', 'ybtX', 'hlyC', 'ybtT', 'hlyB', 'kpsU', 'chuA', 'trat', 'iucB', 'kpsC']"
GCA_025630975.1,ST167,O101:H10,['blaCTX-M-27'],"['rhs/PAAR', 'ybtE', 'ibeB', 'ybtA', 'espX4', 'ybtQ', 'irp2', 'eaeH', 'ybtU', 'espR1', 'espX5', 'ybtP', 'espY1', 'fyuA/psn', 'irp1', 'fyuA', 'ibeC', 'espL1', 'ybtS', 'ybtX', 'espL4', 'ybtT', 'espL3', 'hlyE', 'trat', 'espX1']"
GCA_040416475.1,ST167,O101:H9,"['blaCTX-M-15', 'blaNDM-5', 'blaTEM-1']","['rhs/PAAR', 'ybtE', 'ibeB', 'ybtA', 'ybtQ', 'irp2', 'eaeH', 'ybtU', 'espX5', 'ybtP', 'iss2', 'espY1', 'fyuA/psn', 'irp1', 'fyuA', 'ibeC', 'espL1', 'ybtS', 'ybtX', 'espL4', 'ybtT', 'espL3', 'hlyE']"
GCA_907163625.1,ST131,O25:H4,"[""aac(6')-Ib-cr5"", 'blaCTX-M-15', 'blaOXA-1']","['sitB', 'chuX', 'sitC', 'ybtE', 'kpsD', 'ibeB', 'ybtA', 'chuV', 'ybtQ', 'sitA', 'iucC', 'iucD', 'irp2', 'iucA', 'sitD', 'eaeH', 'chuU', 'ybtU', 'kpsM', 'ybtP', 'chuY', 'kpsS', 'iss2', 'fyuA/psn', 'irp1', 'fyuA', 'ibeC', 'chuS', 'kpsE', 'ybtS', 'iutA', 'chuW', 'kpsF', 'chuT', 'ybtX', 'ybtT', 'kpsU', 'chuA', 'trat', 'iucB', 'kpsC']"
GCA_040416095.1,ST167,O101:H17,"['blaCTX-M-55', 'blaNDM-5', 'rmtB']","['rhs/PAAR', 'ybtE', 'east1', 'ibeB', 'aaiW', 'ybtA', 'espX4', 'ybtQ', 'irp2', 'astA', 'ybtU', 'espR1', 'espX5', 'ybtP', 'iss2', 'espY1', 'fyuA/psn', 'irp1', 'fyuA', 'ibeC', 'espL1', 'ybtS', 'ybtX', 'espL4', 'ybtT', 'espL3', 'hlyE', 'trat', 'espX1']"
GCA_040416205.1,ST167,O101:H17,"['blaCTX-M-55', 'blaNDM-5']","['rhs/PAAR', 'ybtE', 'east1', 'ibeB', 'aaiW', 'ybtA', 'espX4', 'ybtQ', 'irp2', 'astA', 'ybtU', 'espR1', 'ybtP', 'iss2', 'espY1', 'fyuA/psn', 'irp1', 'fyuA', 'ibeC', 'espL1', 'ybtS', 'ybtX', 'espL4', 'ybtT', 'espL3', 'hlyE', 'trat', 'espX1']"
GCA_040415675.1,ST167,O101:H5,"['blaCTX-M-15', 'blaNDM-5', 'blaTEM-1', 'rmtB1']","['rhs/PAAR', 'ibeB', 'espX4', 'hlye', 'eaeH', 'iss2', 'espY1', 'ibeC', 'espL1', 'espL4', 'espL3', 'trat']"
GCA_964205355.1,ST167,O101:H21,"['blaCTX-M-15', 'blaTEM']","['rhs/PAAR', 'ybtE', 'ibeB', 'ybtA', 'espX4', 'ybtQ', 'irp2', 'eaeH', 'ybtU', 'espR1', 'espX5', 'ybtP', 'espY1', 'fyuA/psn', 'irp1', 'fyuA', 'ibeC', 'espL1', 'ybtS', 'espR4', 'ybtX', 'espL4', 'ybtT', 'espL3', 'hlyE', 'trat', 'espX1']"
GCA_964205635.1,ST131,O25:H4,"['blaTEM-1', 'blaTEMp_C32T']","['sitB', 'chuX', 'sitC', 'ybtE', 'kpsD', 'ibeB', 'ybtA', 'chuV', 'ybtQ', 'sitA', 'iucC', 'iucD', 'irp2', 'iucA', 'sitD', 'chuU', 'ybtU', 'eaeH', 'kpsM', 'ybtP', 'hlyA', 'chuY', 'cnf1', 'kpsS', 'iss2', 'fyuA/psn', 'irp1', 'fyuA', 'ibeC', 'chuS', 'kpsE', 'ybtS', 'iutA', 'chuW', 'hlyD', 'kpsF', 'chuT', 'ybtX', 'hlyC', 'ybtT', 'hlyB', 'kpsU', 'chuA', 'trat', 'iucB', 'kpsC']"
GCA_040416435.1,ST167,O101:H9,"['blaCTX-M-15', 'blaNDM-5', 'blaTEM', 'blaTEMp_C32T']","['rhs/PAAR', 'ybtE', 'ibeB', 'ybtA', 'espX4', 'ybtQ', 'irp2', 'eaeH', 'ybtU', 'espR1', 'espX5', 'ybtP', 'iss2', 'espY1', 'fyuA/psn', 'irp1', 'fyuA', 'ibeC', 'espL1', 'ybtS', 'espR4', 'ybtX', 'espL4', 'ybtT', 'espL3', 'hlyE', 'trat', 'espX1']"
GCA_030520165.1,ST167,O101:H9,"[""aac(6')-Ib-cr5"", 'blaCTX-M-15', 'blaNDM-5', 'blaOXA-1']","['rhs/PAAR', 'sitB', 'sitC', 'espX4', 'sitA', 'iucC', 'iucD', 'iucA', 'sitD', 'eaeH', 'espR1', 'espX5', 'iss2', 'espY1', 'ibeC', 'espL1', 'iutA', 'espR4', 'espL4', 'espL3', 'hlyE', 'iucB', 'espX1']"
GCA_964205385.1,ST167,O101:H21,"['blaCTX-M-15', 'blaTEM-190']","['rhs/PAAR', 'ybtE', 'ibeB', 'ybtA', 'espX4', 'ybtQ', 'irp2', 'eaeH', 'ybtU', 'espR1', 'espX5', 'ybtP', 'espY1', 'fyuA/psn', 'irp1', 'fyuA', 'ibeC', 'espL1', 'ybtS', 'espR4', 'ybtX', 'espL4', 'ybtT', 'espL3', 'hlyE', 'trat', 'espX1']"
GCA_037048165.1,ST10,O101:H10,['blaTEM-1'],"['rhs/PAAR', 'sitB', 'sitC', 'ibeB', 'espX4', 'sitA', 'iucC', 'iucD', 'iucA', 'sitD', 'eaeH', 'espR1', 'espX5', 'iss2', 'espY1', 'iroE', 'ibeC', 'espL1', 'iutA', 'espL4', 'iroD', 'iroB', 'iroC', 'iroN', 'espL3', 'hlyE', 'trat', 'iucB', 'espX1']"
GCA_966576395.1,ST10,O12:H4,"['blaTEM-1', 'blaTEMp_C32T']","['rhs/PAAR', 'sitB', 'sitC', 'ybtE', 'kpsD', 'ibeB', 'aaiW', 'ybtA', 'espX4', 'ybtQ', 'iucC', 'sitA', 'iucD', 'irp2', 'iucA', 'sitD', 'eaeH', 'ybtU', 'espR1', 'espX5', 'kpsM', 'ybtP', 'kpsT', 'kpsS', 'iss2', 'espY1', 'fyuA/psn', 'irp1', 'fyuA', 'ibeC', 'espL1', 'kpsE', 'ybtS', 'iutA', 'kpsF', 'ybtX', 'espL4', 'ybtT', 'espL3', 'hlyE', 'kpsU', 'trat', 'iucB', 'espX1', 'kpsC']"
GCA_052072985.1,ST167,O101:H5,"[""aac(6')-Ib-cr5"", 'blaCTX-M-15', 'blaNDM-1', 'blaOXA', 'blaOXA-1', 'blaTEM-1', 'qnrS1']","['rhs/PAAR', 'ibeB', 'espX4', 'eaeH', 'espR1', 'espX5', 'iss2', 'espY1', 'ibeC', 'espL1', 'espL4', 'espL3', 'hlyE', 'trat', 'espX1']"
GCA_009720065.1,ST131,O25:H4,"[""aac(6')-Ib-cr5"", 'blaCTX-M-15', 'blaOXA-1', 'blaTEM-1']","['sitB', 'chuX', 'sitC', 'ybtE', 'kpsD', 'ibeB', 'ybtA', 'chuV', 'ybtQ', 'sitA', 'iucC', 'iucD', 'irp2', 'iucA', 'sitD', 'eaeH', 'chuU', 'ybtU', 'kpsM', 'ybtP', 'chuY', 'kpsS', 'iss2', 'fyuA/psn', 'irp1', 'fyuA', 'ibeC', 'chuS', 'kpsE', 'ybtS', 'iutA', 'chuW', 'kpsF', 'chuT', 'ybtX', 'ybtT', 'kpsU', 'chuA', 'trat', 'iucB', 'kpsC']"
GCA_040418945.1,ST167,O101:H9,"['blaCTX-M-15', 'blaNDM-5', 'blaTEM']","['rhs/PAAR', 'ybtE', 'ibeB', 'ybtA', 'espX4', 'ybtQ', 'irp2', 'eaeH', 'ybtU', 'ybtP', 'iss2', 'espY1', 'fyuA/psn', 'irp1', 'fyuA', 'ibeC', 'espL1', 'ybtS', 'espR4', 'ybtX', 'espL4', 'ybtT', 'espL3', 'hlyE', 'trat']"
GCA_964006995.1,ST131,O25:H4,"[""aac(6')-Ib-cr5"", 'blaCTX-M-15', 'blaOXA-1', 'blaTEM-1']","['sitB', 'chuX', 'sitC', 'ybtE', 'kpsD', 'east1', 'ibeB', 'ybtA', 'chuV', 'ybtQ', 'sitA', 'iucC', 'iucD', 'irp2', 'iucA', 'astA', 'sitD', 'chuU', 'ybtU', 'eaeH', 'kpsM', 'ybtP', 'chuY', 'kpsS', 'iss2', 'fyuA/psn', 'irp1', 'fyuA', 'ibeC', 'chuS', 'kpsE', 'ybtS', 'iutA', 'chuW', 'kpsF', 'chuT', 'ybtX', 'ybtT', 'kpsU', 'chuA', 'iucB', 'kpsC']"
GCA_040417665.1,ST167,O101:H5,"[""aac(6')-Ib-cr5"", 'blaNDM', 'blaOXA-1', 'blaTEM-1', 'rmtB1']","['rhs/PAAR', 'ibeB', 'eaeH', 'espR1', 'espX5', 'iss2', 'espY1', 'ibeC', 'espL1', 'espL4', 'espL3', 'hlyE', 'trat', 'espX1']"
GCA_964206175.1,ST131,O16:H5,"['blaCTX-M-27', 'blaTEM-1']","['sitB', 'chuX', 'sitC', 'ybtE', 'kpsD', 'ibeB', 'ybtA', 'chuV', 'ybtQ', 'sitA', 'iucC', 'iucD', 'irp2', 'iucA', 'sitD', 'chuU', 'ybtU', 'eaeH', 'kpsM', 'ybtP', 'hlyA', 'chuY', 'cnf1', 'kpsS', 'fyuA/psn', 'irp1', 'fyuA', 'ibeC', 'chuS', 'kpsE', 'ybtS', 'iutA', 'chuW', 'hlyD', 'kpsF', 'chuT', 'ybtX', 'hlyC', 'ybtT', 'hlyB', 'kpsU', 'chuA', 'trat', 'iucB', 'kpsC']"
GCA_040419185.1,ST167,O101:H9,"['blaCTX-M-15', 'blaNDM-5', 'blaTEM']","['rhs/PAAR', 'ybtE', 'ibeB', 'ybtA', 'ybtQ', 'irp2', 'eaeH', 'ybtU', 'espR1', 'espX5', 'ybtP', 'iss2', 'espY1', 'fyuA/psn', 'irp1', 'fyuA', 'ibeC', 'espL1', 'ybtS', 'espR4', 'ybtX', 'espL4', 'ybtT', 'espL3', 'hlyE', 'trat', 'espX1']"
GCA_964006615.1,ST131,O25:H4,"[""aac(6')-Ib-cr5"", 'blaCTX-M-15', 'blaOXA-1', 'blaTEM-1']","['sitB', 'chuX', 'sitC', 'ybtE', 'kpsD', 'east1', 'ibeB', 'ybtA', 'chuV', 'ybtQ', 'sitA', 'iucC', 'iucD', 'irp2', 'iucA', 'astA', 'sitD', 'chuU', 'ybtU', 'eaeH', 'kpsM', 'ybtP', 'chuY', 'kpsS', 'fyuA/psn', 'fyuA', 'ibeC', 'chuS', 'kpsE', 'ybtS', 'iutA', 'chuW', 'kpsF', 'chuT', 'ybtX', 'ybtT', 'kpsU', 'chuA', 'trat', 'iucB', 'kpsC']"
GCA_009901185.1,ST10,O73:H31,"['blaTEM-1', 'qnrS1']","['ibeB', 'espX4', 'espR1', 'espX5', 'espY1', 'ibeC', 'espL1', 'espL4', 'espL3', 'hlyE', 'trat', 'espX1']"
GCA_964205745.1,ST131,O16:H5,"['blaCTX-M-15', 'blaTEM-1']","['sitB', 'chuX', 'sitC', 'ybtE', 'kpsD', 'ibeB', 'ybtA', 'chuV', 'ybtQ', 'sitA', 'iucC', 'iucD', 'irp2', 'iucA', 'sitD', 'chuU', 'ybtU', 'eaeH', 'kpsM', 'ybtP', 'chuY', 'kpsS', 'fyuA/psn', 'irp1', 'fyuA', 'ibeC', 'chuS', 'kpsE', 'ybtS', 'iutA', 'chuW', 'kpsF', 'chuT', 'ybtX', 'ybtT', 'kpsU', 'chuA', 'trat', 'iucB', 'kpsC']"
GCA_037047685.1,ST131,O25:H4,['blaCTX-M-15'],"['sitB', 'chuX', 'sitC', 'ybtE', 'kpsD', 'east1', 'ibeB', 'ybtA', 'chuV', 'ybtQ', 'sitA', 'iucC', 'iucD', 'irp2', 'iucA', 'astA', 'sitD', 'chuU', 'ybtU', 'eaeH', 'kpsM', 'ybtP', 'chuY', 'kpsS', 'iss2', 'fyuA/psn', 'irp1', 'fyuA', 'ibeC', 'chuS', 'kpsE', 'ybtS', 'iutA', 'chuW', 'kpsF', 'chuT', 'ybtX', 'ybtT', 'kpsU', 'chuA', 'trat', 'iucB', 'kpsC']"
GCA_040417525.1,ST167,O101:H9,"['blaCTX-M-15', 'blaNDM-5', 'blaTEM', 'blaTEMp_C32T']","['rhs/PAAR', 'ybtE', 'ibeB', 'ybtA', 'espX4', 'ybtQ', 'irp2', 'eaeH', 'ybtU', 'espR1', 'espX5', 'ybtP', 'iss2', 'espY1', 'fyuA/psn', 'irp1', 'fyuA', 'ibeC', 'espL1', 'ybtS', 'espR4', 'ybtX', 'espL4', 'ybtT', 'espL3', 'hlyE', 'trat', 'espX1']"
GCA_964206575.1,ST131,O25:H4,"[""aac(6')-Ib-cr5"", 'blaCTX-M-15', 'blaOXA-1', 'blaTEM-1']","['sitB', 'chuX', 'sitC', 'ybtE', 'kpsD', 'east1', 'ibeB', 'ybtA', 'chuV', 'ybtQ', 'sitA', 'iucC', 'iucD', 'irp2', 'iucA', 'astA', 'sitD', 'chuU', 'ybtU', 'eaeH', 'kpsM', 'ybtP', 'chuY', 'kpsS', 'iss2', 'fyuA/psn', 'irp1', 'fyuA', 'ibeC', 'chuS', 'kpsE', 'ybtS', 'iutA', 'chuW', 'kpsF', 'chuT', 'ybtX', 'ybtT', 'kpsU', 'chuA', 'trat', 'iucB', 'kpsC']"
GCA_964006725.1,ST131,O16:H5,"['blaCTX-M-27', 'blaTEM-1']","['sitB', 'chuX', 'sitC', 'ybtE', 'kpsD', 'ibeB', 'ybtA', 'chuV', 'ybtQ', 'sitA', 'iucC', 'iucD', 'irp2', 'iucA', 'sitD', 'chuU', 'ybtU', 'eaeH', 'kpsM', 'ybtP', 'hlyA', 'chuY', 'cnf1', 'kpsS', 'fyuA/psn', 'irp1', 'fyuA', 'ibeC', 'chuS', 'kpsE', 'ybtS', 'iutA', 'chuW', 'hlyD', 'kpsF', 'chuT', 'ybtX', 'hlyC', 'ybtT', 'hlyB', 'kpsU', 'chuA', 'trat', 'iucB', 'kpsC']"
GCA_970664135.1,ST131,O16:H5,"['blaCTX-M-15', 'blaTEM-1']","['sitB', 'chuX', 'sitC', 'ybtE', 'kpsD', 'east1', 'ibeB', 'aaiW', 'ybtA', 'chuV', 'ybtQ', 'sitA', 'iucC', 'iucD', 'irp2', 'iucA', 'astA', 'sitD', 'chuU', 'ybtU', 'eaeH', 'kpsM', 'ybtP', 'chuY', 'kpsS', 'fyuA/psn', 'irp1', 'fyuA', 'ibeC', 'chuS', 'kpsE', 'ybtS', 'iutA', 'chuW', 'kpsF', 'chuT', 'ybtX', 'ybtT', 'kpsU', 'chuA', 'trat', 'iucB', 'kpsC']"
GCA_964205535.1,ST131,O16:H5,['blaCTX-M-27'],"['sitB', 'chuX', 'sitC', 'ybtE', 'kpsD', 'ibeB', 'ybtA', 'chuV', 'ybtQ', 'sitA', 'iucC', 'iucD', 'irp2', 'iucA', 'sitD', 'eaeH', 'chuU', 'ybtU', 'kpsM', 'ybtP', 'chuY', 'kpsS', 'fyuA/psn', 'irp1', 'fyuA', 'ibeC', 'chuS', 'kpsE', 'ybtS', 'iutA', 'chuW', 'kpsF', 'chuT', 'ybtX', 'ybtT', 'kpsU', 'chuA', 'trat', 'iucB', 'kpsC']"
GCA_964006395.1,ST131,O25:H4,['blaCTX-M-27'],"['sitB', 'chuX', 'sitC', 'ybtE', 'kpsD', 'ibeB', 'ybtA', 'chuV', 'ybtQ', 'sitA', 'iucC', 'iucD', 'irp2', 'iucA', 'sitD', 'chuU', 'ybtU', 'eaeH', 'kpsM', 'ybtP', 'chuY', 'kpsS', 'iss2', 'fyuA/psn', 'irp1', 'fyuA', 'ibeC', 'chuS', 'kpsE', 'ybtS', 'iutA', 'chuW', 'kpsF', 'chuT', 'ybtX', 'ybtT', 'kpsU', 'chuA', 'iucB', 'kpsC']"
GCA_040418225.1,ST167,O101:H5,"[""aac(6')-Ib-cr5"", 'blaCTX-M-15', 'blaNDM-5', 'blaOXA', 'blaTEM-1', 'rmtB1']","['rhs/PAAR', 'ibeB', 'espX4', 'eaeH', 'espR1', 'espX5', 'iss2', 'espY1', 'ibeC', 'espL1', 'espL4', 'espL3', 'hlyE', 'trat', 'espX1']"
GCA_040417725.1,ST167,O101:H17,"['blaCTX-M-55', 'blaNDM-5', 'rmtB']","['rhs/PAAR', 'ybtE', 'east1', 'ibeB', 'aaiW', 'ybtA', 'ybtQ', 'irp2', 'astA', 'ybtU', 'espR1', 'espX5', 'ybtP', 'iss2', 'espY1', 'fyuA/psn', 'irp1', 'fyuA', 'ibeC', 'espL1', 'ybtS', 'ybtX', 'espL4', 'ybtT', 'espL3', 'hlyE', 'trat', 'espX1']"
GCA_964006505.1,ST131,O25:H4,['blaCTX-M-27'],"['sitB', 'chuX', 'sitC', 'ybtE', 'kpsD', 'ibeB', 'ybtA', 'chuV', 'ybtQ', 'sitA', 'iucC', 'iucD', 'irp2', 'iucA', 'sitD', 'chuU', 'ybtU', 'eaeH', 'kpsM', 'ybtP', 'chuY', 'kpsS', 'iss2', 'fyuA/psn', 'irp1', 'fyuA', 'ibeC', 'chuS', 'kpsE', 'ybtS', 'iutA', 'chuW', 'kpsF', 'chuT', 'ybtX', 'ybtT', 'kpsU', 'chuA', 'trat', 'iucB', 'kpsC']"
GCA_964206385.1,ST167,O101:H21,"['blaCTX-M-15', 'blaTEM-1']","['ybtE', 'ibeB', 'ybtA', 'espX4', 'ybtQ', 'irp2', 'eaeH', 'ybtU', 'espR1', 'espX5', 'ybtP', 'espY1', 'irp1', 'ibeC', 'espL1', 'ybtS', 'espR4', 'ybtX', 'espL4', 'ybtT', 'espL3', 'hlyE', 'trat', 'espX1']"
GCA_040418025.1,ST167,O101:H5,"['blaCTX-M-15', 'blaNDM-5', 'blaTEM-1', 'rmtB']","['rhs/PAAR', 'ibeB', 'eaeH', 'iss2', 'espY1', 'ibeC', 'espL1', 'espL4', 'espL3', 'hlyE', 'trat']"
GCA_040416415.1,ST167,O101:H5,"[""aac(6')-Ib-cr5"", 'blaCTX-M-15', 'blaNDM-5', 'blaOXA-1', 'blaTEM-1', 'rmtB1']","['rhs/PAAR', 'ibeB', 'espX4', 'eaeH', 'espR1', 'espX5', 'iss2', 'espY1', 'ibeC', 'espL1', 'espL4', 'espL3', 'hlyE', 'trat']"
GCA_009824555.1,ST10,Unknown,['blaTEM'],"['ibeB', 'espX4', 'eaeH', 'espR1', 'espX5', 'iss2', 'espY1', 'ibeC', 'espL1', 'espL4', 'espL3', 'hlyE']"
GCA_040416975.1,ST167,O101:H9,"['blaCTX-M-15', 'blaNDM-5', 'blaTEM-190', 'blaTEMp_C32T']","['rhs/PAAR', 'ybtE', 'ibeB', 'ybtA', 'espX4', 'ybtQ', 'irp2', 'eaeH', 'ybtU', 'espR1', 'espX5', 'ybtP', 'iss2', 'espY1', 'fyuA/psn', 'irp1', 'fyuA', 'ibeC', 'espL1', 'ybtS', 'espR4', 'ybtX', 'espL4', 'ybtT', 'espL3', 'hlyE', 'trat']"
GCA_037047825.1,ST131,O25:H4,['blaCTX-M-27'],"['sitB', 'chuX', 'sitC', 'ybtE', 'kpsD', 'east1', 'ibeB', 'ybtA', 'chuV', 'ybtQ', 'sitA', 'iucC', 'iucD', 'irp2', 'iucA', 'astA', 'chuU', 'ybtU', 'eaeH', 'kpsM', 'ybtP', 'chuY', 'kpsS', 'iss2', 'fyuA/psn', 'irp1', 'fyuA', 'ibeC', 'chuS', 'kpsE', 'ybtS', 'iutA', 'chuW', 'kpsF', 'chuT', 'ybtX', 'ybtT', 'kpsU', 'chuA', 'trat', 'iucB', 'kpsC']"
GCA_040417845.1,ST167,O101:H9,"['blaCTX-M-15', 'blaNDM-5', 'blaTEM-169', 'blaTEMp_C32T']","['rhs/PAAR', 'ybtE', 'ibeB', 'ybtA', 'espX4', 'ybtQ', 'irp2', 'eaeH', 'ybtU', 'espR1', 'espX5', 'ybtP', 'iss2', 'espY1', 'fyuA/psn', 'irp1', 'fyuA', 'ibeC', 'espL1', 'ybtS', 'espR4', 'ybtX', 'espL4', 'ybtT', 'espL3', 'hlyE', 'trat', 'espX1']"
GCA_964206405.1,ST131,O16:H5,['blaCTX-M-15'],"['sitB', 'chuX', 'sitC', 'ybtE', 'kpsD', 'ibeB', 'ybtA', 'chuV', 'ybtQ', 'sitA', 'iucC', 'iucD', 'irp2', 'iucA', 'sitD', 'chuU', 'ybtU', 'kpsM', 'ybtP', 'chuY', 'kpsS', 'fyuA/psn', 'irp1', 'fyuA', 'ibeC', 'chuS', 'kpsE', 'ybtS', 'iutA', 'chuW', 'kpsF', 'chuT', 'ybtX', 'ybtT', 'kpsU', 'chuA', 'trat', 'iucB', 'kpsC']"
GCA_907163705.1,ST131,O25:H4,['blaCTX-M-27'],"['sitB', 'chuX', 'sitC', 'ybtE', 'kpsD', 'ibeB', 'ybtA', 'chuV', 'ybtQ', 'sitA', 'iucC', 'iucD', 'irp2', 'iucA', 'sitD', 'chuU', 'ybtU', 'eaeH', 'kpsM', 'ybtP', 'chuY', 'kpsS', 'iss2', 'fyuA/psn', 'irp1', 'fyuA', 'ibeC', 'chuS', 'kpsE', 'ybtS', 'iutA', 'chuW', 'kpsF', 'chuT', 'ybtX', 'ybtT', 'kpsU', 'chuA', 'trat', 'iucB', 'kpsC']"
GCA_040416595.1,ST167,O101:H9,"['blaCTX-M-15', 'blaNDM-5', 'blaTEM-169', 'blaTEMp_C32T']","['rhs/PAAR', 'ybtE', 'ibeB', 'ybtA', 'ybtQ', 'irp2', 'eaeH', 'ybtU', 'espX5', 'ybtP', 'iss2', 'espY1', 'fyuA/psn', 'irp1', 'fyuA', 'ibeC', 'espL1', 'ybtS', 'espR4', 'ybtX', 'espL4', 'ybtT', 'espL3', 'hlyE', 'trat']"
GCA_037048265.1,ST131,O25:H4,"[""aac(6')-Ib-cr5"", 'blaCTX-M-15', 'blaOXA-1']","['sitB', 'chuX', 'sitC', 'ybtE', 'kpsD', 'ibeB', 'ybtA', 'chuV', 'ybtQ', 'sitA', 'iucC', 'iucD', 'irp2', 'iucA', 'sitD', 'eaeH', 'chuU', 'ybtU', 'ybtP', 'chuY', 'kpsS', 'iss2', 'fyuA/psn', 'irp1', 'fyuA', 'ibeC', 'chuS', 'kpsE', 'ybtS', 'iutA', 'chuW', 'kpsF', 'chuT', 'ybtX', 'ybtT', 'kpsU', 'chuA', 'trat', 'iucB', 'kpsC']"
GCA_964006315.1,ST131,O25:H4,"['blaTEM-1', 'blaTEMp_C32T']","['sitB', 'chuX', 'sitC', 'ybtE', 'kpsD', 'ibeB', 'ybtA', 'chuV', 'ybtQ', 'sitA', 'iucC', 'iucD', 'irp2', 'iucA', 'sitD', 'chuU', 'ybtU', 'eaeH', 'kpsM', 'ybtP', 'hlyA', 'chuY', 'cnf1', 'kpsS', 'iss2', 'fyuA/psn', 'irp1', 'fyuA', 'ibeC', 'chuS', 'kpsE', 'ybtS', 'iutA', 'chuW', 'hlyD', 'kpsF', 'chuT', 'ybtX', 'hlyC', 'ybtT', 'hlyB', 'kpsU', 'chuA', 'trat', 'iucB', 'kpsC']"
GCA_040417455.1,ST167,O101:H9,"['blaCTX-M-15', 'blaNDM-5', 'blaTEM']","['rhs/PAAR', 'ybtE', 'ibeB', 'ybtA', 'espX4', 'ybtQ', 'irp2', 'eaeH', 'ybtU', 'espR1', 'espX5', 'ybtP', 'iss2', 'espY1', 'fyuA/psn', 'irp1', 'fyuA', 'ibeC', 'espL1', 'ybtS', 'espR4', 'ybtX', 'espL4', 'ybtT', 'espL3', 'hlyE', 'trat', 'espX1']"
GCA_964205785.1,ST131,O25:H4,"['blaTEM-1', 'blaTEMp_C32T']","['sitB', 'chuX', 'sitC', 'ybtE', 'kpsD', 'ibeB', 'ybtA', 'chuV', 'ybtQ', 'sitA', 'iucC', 'iucD', 'irp2', 'iucA', 'sitD', 'chuU', 'ybtU', 'eaeH', 'kpsM', 'ybtP', 'hlyA', 'chuY', 'cnf1', 'kpsS', 'iss2', 'fyuA/psn', 'irp1', 'fyuA', 'ibeC', 'chuS', 'kpsE', 'ybtS', 'iutA', 'chuW', 'hlyD', 'kpsF', 'chuT', 'ybtX', 'hlyC', 'ybtT', 'hlyB', 'kpsU', 'chuA', 'trat', 'iucB', 'kpsC']"
GCA_040418385.1,ST167,O101:H5,"[""aac(6')-Ib-cr5"", 'blaCTX-M-15', 'blaNDM-5', 'blaOXA', 'blaTEM-1', 'rmtB1']","['rhs/PAAR', 'ibeB', 'espX4', 'eaeH', 'espR1', 'espX5', 'iss2', 'espY1', 'ibeC', 'espL1', 'espL4', 'espL3', 'hlyE', 'trat']"
GCA_964006325.1,ST131,O25:H4,['blaTEM-1'],"['sitB', 'chuX', 'sitC', 'ybtE', 'kpsD', 'ibeB', 'ybtA', 'chuV', 'ybtQ', 'iucC', 'sitA', 'iucD', 'irp2', 'iucA', 'sitD', 'chuU', 'ybtU', 'eaeH', 'kpsM', 'ybtP', 'chuY', 'kpsS', 'iss2', 'fyuA/psn', 'irp1', 'fyuA', 'ibeC', 'chuS', 'kpsE', 'ybtS', 'iutA', 'chuW', 'kpsF', 'chuT', 'ybtX', 'ybtT', 'kpsU', 'chuA', 'iucB', 'kpsC']"
GCA_037049045.1,ST131,O25:H4,"[""aac(6')-Ib-cr5"", 'blaCTX-M-15', 'blaOXA-1']","['sitB', 'chuX', 'sitC', 'ybtE', 'kpsD', 'ibeB', 'ybtA', 'chuV', 'ybtQ', 'sitA', 'iucC', 'irp2', 'iucA', 'sitD', 'eaeH', 'chuU', 'ybtU', 'kpsM', 'ybtP', 'hlyA', 'chuY', 'cnf1', 'kpsS', 'iss2', 'fyuA/psn', 'irp1', 'fyuA', 'ibeC', 'chuS', 'kpsE', 'ybtS', 'iutA', 'chuW', 'hlyD', 'kpsF', 'chuT', 'ybtX', 'hlyC', 'ybtT', 'hlyB', 'kpsU', 'chuA', 'trat', 'iucB', 'kpsC']"
GCA_040417135.1,ST167,O101:H9,"['blaNDM-5', 'blaTEM-84', 'blaTEMp_C32T']","['rhs/PAAR', 'ybtE', 'ibeB', 'ybtA', 'espX4', 'ybtQ', 'irp2', 'eaeH', 'ybtU', 'espR1', 'ybtP', 'iss2', 'espY1', 'fyuA/psn', 'irp1', 'fyuA', 'ibeC', 'espL1', 'ybtS', 'espR4', 'ybtX', 'espL4', 'ybtT', 'espL3', 'hlyE', 'trat']"
GCA_040417785.1,ST167,O101:H9,"['blaCTX-M-15', 'blaNDM-5', 'blaTEM-33', 'blaTEMp_C32T']","['rhs/PAAR', 'ybtE', 'ibeB', 'ybtA', 'ybtQ', 'irp2', 'eaeH', 'ybtU', 'espR1', 'ybtP', 'iss2', 'espY1', 'fyuA/psn', 'irp1', 'fyuA', 'ibeC', 'espL1', 'ybtS', 'espR4', 'ybtX', 'espL4', 'ybtT', 'espL3', 'hlyE', 'trat', 'espX1']"
GCA_050113115.1,ST167,O101:H9,"['blaCTX-M-15', 'blaNDM-5', 'blaTEM-1', 'blaTEM-190', 'blaTEMp_C32T']","['rhs/PAAR', 'ybtE', 'ibeB', 'ybtA', 'espX4', 'ybtQ', 'irp2', 'eaeH', 'ybtU', 'espR1', 'espX5', 'ybtP', 'iss2', 'espY1', 'fyuA/psn', 'irp1', 'fyuA', 'ibeC', 'espL1', 'ybtS', 'espR4', 'ybtX', 'espL4', 'ybtT', 'espL3', 'hlyE', 'trat', 'espX1']"
GCA_024700835.2,ST10,O101:H9,"['blaCTX-M-15', 'blaTEM-1']","['ibeB', 'espX4', 'eaeH', 'espR1', 'espX5', 'iss2', 'espY1', 'ibeC', 'espL1', 'espR4', 'espL4', 'espL3', 'hlyE', 'espX1']"
GCA_037048945.1,ST131,O16:H5,"['blaCTX-M-15', 'blaTEM-1']","['sitB', 'aatC', 'chuX', 'sitC', 'ybtE', 'kpsD', 'east1', 'ibeB', 'ybtA', 'chuV', 'ybtQ', 'sitA', 'iucC', 'aaiT', 'iucD', 'irp2', 'iucA', 'astA', 'sitD', 'chuU', 'ybtU', 'eaeH', 'kpsM', 'aatA', 'ybtP', 'aatP', 'chuY', 'kpsS', 'fyuA/psn', 'irp1', 'fyuA', 'ibeC', 'chuS', 'kpsE', 'ybtS', 'iutA', 'chuW', 'kpsF', 'chuT', 'ybtX', 'ybtT', 'kpsU', 'chuA', 'trat', 'iucB', 'aatB', 'kpsC']"
GCA_009793715.1,ST10,O29:H10,['blaTEM-57'],"['rhs/PAAR', 'sitB', 'sitC', 'ibeB', 'espX4', 'sitA', 'sitD', 'eaeH', 'espR1', 'espX5', 'espY1', 'ibeC', 'espL1', 'espL4', 'espL3', 'hlyE', 'trat', 'espX1']"
GCA_907164245.1,ST131,O25:H4,['blaCTX-M-27'],"['sitB', 'chuX', 'sitC', 'ybtE', 'kpsD', 'ibeB', 'ybtA', 'chuV', 'ybtQ', 'sitA', 'iucC', 'iucD', 'irp2', 'iucA', 'sitD', 'chuU', 'ybtU', 'eaeH', 'kpsM', 'ybtP', 'chuY', 'kpsS', 'iss2', 'fyuA/psn', 'irp1', 'fyuA', 'ibeC', 'chuS', 'kpsE', 'ybtS', 'iutA', 'chuW', 'kpsF', 'chuT', 'ybtX', 'ybtT', 'kpsU', 'chuA', 'trat', 'iucB', 'kpsC']"
GCA_040417875.1,ST167,O101:H9,"['blaCTX-M-15', 'blaNDM-5', 'blaTEM-33', 'blaTEMp_C32T']","['rhs/PAAR', 'ybtE', 'ibeB', 'ybtA', 'ybtQ', 'irp2', 'eaeH', 'ybtU', 'ybtP', 'iss2', 'espY1', 'fyuA/psn', 'irp1', 'fyuA', 'ibeC', 'espL1', 'ybtS', 'espR4', 'ybtX', 'espL4', 'ybtT', 'espL3', 'hlyE', 'trat', 'espX1']"
GCA_964205855.1,ST131,O25:H4,"['blaTEM-1', 'blaTEMp_C32T']","['sitB', 'chuX', 'sitC', 'ybtE', 'kpsD', 'ibeB', 'ybtA', 'chuV', 'ybtQ', 'sitA', 'iucC', 'iucD', 'irp2', 'iucA', 'sitD', 'chuU', 'ybtU', 'eaeH', 'kpsM', 'ybtP', 'hlyA', 'chuY', 'cnf1', 'kpsS', 'iss2', 'fyuA/psn', 'irp1', 'fyuA', 'ibeC', 'chuS', 'kpsE', 'ybtS', 'iutA', 'chuW', 'hlyD', 'kpsF', 'chuT', 'ybtX', 'hlyC', 'ybtT', 'hlyB', 'kpsU', 'chuA', 'trat', 'iucB', 'kpsC']"
GCA_964206255.1,ST131,O25:H4,"[""aac(6')-Ib-cr5"", 'blaCTX-M-15', 'blaOXA-1']","['sitB', 'chuX', 'sitC', 'ybtE', 'kpsD', 'ibeB', 'ybtA', 'chuV', 'ybtQ', 'sitA', 'iucC', 'irp2', 'iucA', 'sitD', 'eaeH', 'chuU', 'ybtU', 'kpsM', 'ybtP', 'hlyA', 'chuY', 'cnf1', 'kpsS', 'iss2', 'fyuA/psn', 'irp1', 'fyuA', 'ibeC', 'chuS', 'kpsE', 'ybtS', 'chuW', 'hlyD', 'kpsF', 'chuT', 'ybtX', 'hlyC', 'ybtT', 'hlyB', 'kpsU', 'chuA', 'trat', 'iucB', 'kpsC']"
GCA_040415465.1,ST167,O101:H5,"[""aac(6')-Ib-cr5"", 'blaCTX-M-15', 'blaNDM-5', 'blaOXA-1', 'blaTEM-1', 'rmtB1']","['rhs/PAAR', 'ibeB', 'eaeH', 'iss2', 'espY1', 'ibeC', 'espL1', 'espL4', 'espL3', 'hlyE', 'trat']"
GCA_009825065.1,ST10,O9a:H9,['blaTEM-1'],"['rhs/PAAR', 'ibeB', 'espX4', 'eaeH', 'espR1', 'espX5', 'iss2', 'espY1', 'ibeC', 'espL1', 'espR4', 'espL4', 'espL3', 'hlyE', 'espX1']"
GCA_018972245.1,ST131,O25:H4,"[""aac(6')-Ib-cr5"", 'blaCTX-M-15', 'blaOXA-1']","['sitB', 'chuX', 'sitC', 'ybtE', 'kpsD', 'ibeB', 'ybtA', 'chuV', 'ybtQ', 'sitA', 'iucC', 'iucD', 'irp2', 'iucA', 'sitD', 'chuU', 'ybtU', 'eaeH', 'kpsM', 'ybtP', 'chuY', 'kpsS', 'iss2', 'fyuA/psn', 'irp1', 'fyuA', 'ibeC', 'chuS', 'kpsE', 'ybtS', 'iutA', 'chuW', 'kpsF', 'chuT', 'ybtX', 'ybtT', 'kpsU', 'chuA', 'iucB', 'kpsC']"
GCA_009825265.1,ST10,O101:H10,"[""aac(6')-Ib-cr5"", 'blaOXA-1', 'blaTEM-1']","['rhs/PAAR', 'sitB', 'sitC', 'ibeB', 'espX4', 'sitA', 'iucC', 'iucD', 'iucA', 'sitD', 'eaeH', 'espR1', 'espX5', 'espY1', 'ibeC', 'espL1', 'iutA', 'espL4', 'espL3', 'hlyE', 'iucB', 'espX1']"
GCA_040417305.1,ST167,O101:H9,"['blaCTX-M-15', 'blaNDM-5', 'blaTEM', 'blaTEMp_C32T']","['rhs/PAAR', 'ybtE', 'ibeB', 'ybtA', 'espX4', 'ybtQ', 'irp2', 'eaeH', 'ybtU', 'espX5', 'ybtP', 'iss2', 'espY1', 'fyuA/psn', 'irp1', 'fyuA', 'ibeC', 'espL1', 'ybtS', 'espR4', 'ybtX', 'espL4', 'ybtT', 'espL3', 'hlyE', 'trat']"
GCA_040416625.1,ST167,O101:H9,"['blaCTX-M-15', 'blaNDM-5', 'blaTEM-190', 'blaTEMp_C32T']","['rhs/PAAR', 'ybtE', 'ibeB', 'ybtA', 'espX4', 'ybtQ', 'irp2', 'eaeH', 'ybtU', 'espR1', 'espX5', 'ybtP', 'iss2', 'espY1', 'fyuA/psn', 'irp1', 'fyuA', 'ibeC', 'espL1', 'ybtS', 'espR4', 'ybtX', 'espL4', 'ybtT', 'espL3', 'hlyE', 'trat', 'espX1']"
GCA_964206415.1,ST131,O25:H4,"[""aac(6')-Ib-cr5"", 'blaCTX-M-15', 'blaOXA-1']","['chuX', 'ybtE', 'kpsD', 'ibeB', 'ybtA', 'chuV', 'ybtQ', 'iucC', 'iucD', 'irp2', 'iucA', 'chuU', 'ybtU', 'eaeH', 'kpsM', 'ybtP', 'chuY', 'kpsS', 'fyuA/psn', 'irp1', 'fyuA', 'ibeC', 'chuS', 'kpsE', 'ybtS', 'iutA', 'chuW', 'kpsF', 'chuT', 'ybtX', 'ybtT', 'kpsU', 'chuA', 'trat', 'iucB', 'kpsC']"
GCA_964006675.1,ST131,O25:H4,"[""aac(6')-Ib-cr5"", 'blaCTX-M-15', 'blaOXA-1']","['chuX', 'ybtE', 'kpsD', 'ibeB', 'ybtA', 'chuV', 'ybtQ', 'iucC', 'iucD', 'irp2', 'iucA', 'chuU', 'ybtU', 'eaeH', 'kpsM', 'ybtP', 'chuY', 'kpsS', 'fyuA/psn', 'irp1', 'fyuA', 'ibeC', 'chuS', 'kpsE', 'ybtS', 'iutA', 'chuW', 'kpsF', 'chuT', 'ybtX', 'ybtT', 'kpsU', 'chuA', 'trat', 'iucB', 'kpsC']"
GCA_972176215.1,ST131,O25:H4,['blaTEM'],"['sitB', 'chuX', 'sitC', 'ybtE', 'kpsD', 'ibeB', 'ybtA', 'chuV', 'ybtQ', 'sitA', 'iucC', 'iucD', 'irp2', 'iucA', 'sitD', 'chuU', 'ybtU', 'eaeH', 'kpsM', 'ybtP', 'chuY', 'kpsS', 'iss2', 'fyuA/psn', 'irp1', 'fyuA', 'ibeC', 'chuS', 'kpsE', 'ybtS', 'iutA', 'chuW', 'kpsF', 'chuT', 'ybtX', 'ybtT', 'kpsU', 'chuA', 'iucB', 'kpsC']"
GCA_907163485.1,ST167,O101:H21,"[""aac(6')-Ib-cr5"", 'blaCTX-M-15', 'blaOXA-1', 'blaTEM-1', 'blaTEMp_G162T']","['rhs/PAAR', 'ibeB', 'espX4', 'eaeH', 'espR1', 'espX5', 'espY1', 'ibeC', 'espL1', 'espR4', 'espL4', 'espL3', 'hlyE', 'trat', 'espX1']"
GCA_964007015.1,ST167,O101:H9,['blaTEM-1'],"['rhs/PAAR', 'sitB', 'sitC', 'ybtE', 'ibeB', 'ybtA', 'clbO', 'espX4', 'ybtQ', 'sitA', 'iucC', 'iucD', 'irp2', 'iucA', 'sitD', 'eaeH', 'ybtU', 'espR1', 'espX5', 'ybtP', 'iss2', 'espY1', 'fyuA/psn', 'irp1', 'fyuA', 'ibeC', 'espL1', 'ybtS', 'iutA', 'espR4', 'ybtX', 'espL4', 'ybtT', 'espL3', 'hlyE', 'trat', 'iucB', 'espX1']"
GCA_037049305.1,ST131,O25:H4,"[""aac(6')-Ib-cr5"", 'blaCTX-M-15', 'blaOXA-1']","['sitB', 'chuX', 'sitC', 'ybtE', 'kpsD', 'ibeB', 'ybtA', 'chuV', 'ybtQ', 'sitA', 'iucC', 'irp2', 'iucA', 'sitD', 'eaeH', 'chuU', 'ybtU', 'kpsM', 'ybtP', 'hlyA', 'chuY', 'cnf1', 'kpsS', 'iss2', 'fyuA/psn', 'irp1', 'fyuA', 'ibeC', 'chuS', 'kpsE', 'ybtS', 'iutA', 'chuW', 'hlyD', 'kpsF', 'chuT', 'ybtX', 'hlyC', 'ybtT', 'hlyB', 'kpsU', 'chuA', 'trat', 'iucB', 'kpsC']"
GCA_025544715.1,ST10,Unknown,"['blaCTX-M-15', 'blaTEM-1', 'qnrS1']","['ibeB', 'espX4', 'espR1', 'espX5', 'aatA', 'iss2', 'espY1', 'ibeC', 'espL1', 'espL4', 'espL3', 'hlyE', 'espX1']"
GCA_037047365.1,ST10,O12:H4,['qnrB4'],"['rhs/PAAR', 'sitB', 'sitC', 'ybtE', 'kpsD', 'ibeB', 'ybtA', 'espX4', 'ybtQ', 'iucC', 'sitA', 'aaiT', 'iucD', 'iucA', 'sitD', 'eaeH', 'ybtU', 'espR1', 'espX5', 'kpsM', 'ybtP', 'kpsT', 'kpsS', 'iss2', 'espY1', 'fyuA/psn', 'irp1', 'fyuA', 'ibeC', 'espL1', 'kpsE', 'ybtS', 'iutA', 'kpsF', 'ybtX', 'espL4', 'ybtT', 'espL3', 'hlyE', 'kpsU', 'iucB', 'espX1', 'kpsC']"
GCA_907163365.1,ST167,O101:H9,"[""aac(6')-Ib-cr5"", 'blaCTX-M-15', 'blaOXA-1']","['rhs/PAAR', 'sitB', 'sitC', 'ybtE', 'ibeB', 'ybtA', 'espX4', 'ybtQ', 'sitA', 'iucC', 'iucD', 'irp2', 'iucA', 'sitD', 'eaeH', 'ybtU', 'espR1', 'espX5', 'ybtP', 'iss2', 'espY1', 'fyuA/psn', 'irp1', 'fyuA', 'ibeC', 'espL1', 'ybtS', 'iutA', 'espR4', 'ybtX', 'espL4', 'ybtT', 'espL3', 'hlyE', 'trat', 'iucB', 'espX1']"
GCA_040415875.1,ST167,O101:H5,"[""aac(6')-Ib-cr5"", 'blaCTX-M-15', 'blaNDM-5', 'blaOXA-1', 'blaTEM-1', 'rmtB1']","['rhs/PAAR', 'espX4', 'eaeH', 'espR1', 'espX5', 'iss2', 'espY1', 'ibeC', 'espL1', 'espL4', 'espL3', 'hlyE', 'trat', 'espX1']"
GCA_040415915.1,ST167,O101:H5,"['blaCTX-M-15', 'blaNDM-5', 'blaTEM-1']","['rhs/PAAR', 'ibeB', 'espX4', 'eaeH', 'espR1', 'espX5', 'iss2', 'espY1', 'ibeC', 'espL1', 'espL4', 'espL3', 'hlyE', 'trat', 'espX1']"
GCA_040417925.1,ST167,O101:H9,"['blaCTX-M-15', 'blaNDM-5', 'blaTEM-84']","['rhs/PAAR', 'ybtE', 'ibeB', 'ybtA', 'ybtQ', 'irp2', 'eaeH', 'ybtU', 'espR1', 'espX5', 'ybtP', 'iss2', 'espY1', 'fyuA/psn', 'irp1', 'fyuA', 'ibeC', 'espL1', 'ybtS', 'espR4', 'ybtX', 'espL4', 'ybtT', 'espL3', 'hlyE', 'trat', 'espX1']"
GCA_050113075.1,ST167,O101:H5,"[""aac(6')-Ib-cr5"", 'blaCTX-M-15', 'blaNDM-5', 'blaOXA-1', 'blaTEM-1', 'rmtB1']","['rhs/PAAR', 'ibeB', 'espX4', 'eaeH', 'espR1', 'espX5', 'iss2', 'espY1', 'ibeC', 'espL1', 'espL4', 'espL3', 'hlyE', 'trat', 'espX1']"
GCA_037048405.1,ST131,O25:H4,['blaCTX-M-27'],"['sitB', 'chuX', 'sitC', 'ybtE', 'kpsD', 'ibeB', 'ybtA', 'chuV', 'ybtQ', 'sitA', 'iucC', 'iucD', 'irp2', 'iucA', 'sitD', 'chuU', 'ybtU', 'eaeH', 'kpsM', 'ybtP', 'chuY', 'kpsS', 'iss2', 'fyuA/psn', 'irp1', 'fyuA', 'ibeC', 'chuS', 'kpsE', 'ybtS', 'iutA', 'chuW', 'kpsF', 'chuT', 'ybtX', 'ybtT', 'kpsU', 'chuA', 'trat', 'iucB', 'kpsC']"
GCA_907163825.1,ST131,O25:H4,['blaCTX-M-27'],"['sitB', 'chuX', 'sitC', 'ybtE', 'kpsD', 'ibeB', 'ybtA', 'chuV', 'ybtQ', 'sitA', 'iucC', 'iucD', 'irp2', 'iucA', 'sitD', 'chuU', 'ybtU', 'eaeH', 'kpsM', 'ybtP', 'chuY', 'kpsS', 'iss2', 'fyuA/psn', 'irp1', 'fyuA', 'ibeC', 'chuS', 'kpsE', 'ybtS', 'iutA', 'chuW', 'kpsF', 'chuT', 'ybtX', 'ybtT', 'kpsU', 'chuA', 'trat', 'iucB', 'kpsC']"
GCA_040416865.1,ST167,O101:H9,"['blaCTX-M-15', 'blaNDM-5', 'blaTEM-84', 'blaTEMp_C32T']","['rhs/PAAR', 'ybtE', 'ibeB', 'ybtA', 'espX4', 'ybtQ', 'irp2', 'eaeH', 'ybtU', 'espR1', 'espX5', 'ybtP', 'iss2', 'espY1', 'fyuA/psn', 'irp1', 'fyuA', 'ibeC', 'espL1', 'ybtS', 'espR4', 'ybtX', 'espL4', 'ybtT', 'espL3', 'hlyE', 'trat', 'espX1']"
GCA_964006475.1,ST131,O25:H4,"['blaTEM-1', 'blaTEMp_C32T']","['sitB', 'chuX', 'sitC', 'ybtE', 'kpsD', 'ibeB', 'ybtA', 'chuV', 'ybtQ', 'sitA', 'iucC', 'iucD', 'irp2', 'iucA', 'sitD', 'chuU', 'ybtU', 'eaeH', 'kpsM', 'ybtP', 'hlyA', 'chuY', 'cnf1', 'kpsS', 'iss2', 'fyuA/psn', 'irp1', 'fyuA', 'ibeC', 'chuS', 'kpsE', 'ybtS', 'iutA', 'chuW', 'hlyD', 'kpsF', 'chuT', 'ybtX', 'hlyC', 'ybtT', 'hlyB', 'kpsU', 'chuA', 'trat', 'iucB', 'kpsC']"
GCA_964206535.1,ST131,O25:H4,"[""aac(6')-Ib-cr5"", 'blaCTX-M-15', 'blaOXA-1', 'blaTEM-1']","['sitB', 'chuX', 'sitC', 'ybtE', 'kpsD', 'east1', 'ibeB', 'ybtA', 'chuV', 'ybtQ', 'sitA', 'iucC', 'iucD', 'irp2', 'iucA', 'astA', 'sitD', 'chuU', 'ybtU', 'eaeH', 'kpsM', 'ybtP', 'chuY', 'kpsS', 'iss2', 'fyuA/psn', 'irp1', 'fyuA', 'ibeC', 'chuS', 'kpsE', 'ybtS', 'iutA', 'chuW', 'kpsF', 'chuT', 'ybtX', 'ybtT', 'kpsU', 'chuA', 'trat', 'iucB', 'kpsC']"
GCA_050955345.1,ST10,O101:H5,['blaCTX-M-15'],"['rhs/PAAR', 'ybtE', 'ibeB', 'ybtA', 'espX4', 'ybtQ', 'irp2', 'ybtU', 'espR1', 'espX5', 'ybtP', 'espY1', 'fyuA/psn', 'irp1', 'fyuA', 'ibeC', 'espL1', 'ybtS', 'ybtX', 'espL4', 'ybtT', 'espL3', 'hlyE', 'trat', 'espX1']"
GCA_037048485.1,ST131,O25:H4,['blaTEM'],"['sitB', 'chuX', 'sitC', 'ybtE', 'kpsD', 'ibeB', 'ybtA', 'chuV', 'ybtQ', 'sitA', 'iucC', 'iucD', 'irp2', 'iucA', 'sitD', 'chuU', 'ybtU', 'eaeH', 'kpsM', 'ybtP', 'chuY', 'kpsS', 'iss2', 'fyuA/psn', 'irp1', 'fyuA', 'ibeC', 'chuS', 'kpsE', 'ybtS', 'iutA', 'chuW', 'kpsF', 'chuT', 'ybtX', 'ybtT', 'kpsU', 'chuA', 'trat', 'iucB', 'kpsC']"
GCA_040415685.1,ST167,O101:H17,"['blaCTX-M-55', 'blaNDM-5']","['rhs/PAAR', 'ybtE', 'east1', 'ibeB', 'aaiW', 'ybtA', 'espX4', 'ybtQ', 'irp2', 'astA', 'ybtU', 'espR1', 'espX5', 'ybtP', 'iss2', 'espY1', 'fyuA/psn', 'irp1', 'fyuA', 'ibeC', 'espL1', 'ybtS', 'ybtX', 'espL4', 'ybtT', 'espL3', 'hlyE', 'trat', 'espX1']"
GCA_050113195.1,ST167,O101:H9,"['blaCTX-M-15', 'blaNDM-5', 'blaTEM-1', 'blaTEM-190', 'blaTEMp_C32T']","['rhs/PAAR', 'ybtE', 'ibeB', 'ybtA', 'espX4', 'ybtQ', 'irp2', 'eaeH', 'ybtU', 'espR1', 'espX5', 'ybtP', 'iss2', 'espY1', 'fyuA/psn', 'irp1', 'fyuA', 'ibeC', 'espL1', 'ybtS', 'espR4', 'ybtX', 'espL4', 'ybtT', 'espL3', 'hlyE', 'trat', 'espX1']"
GCA_040418905.1,ST167,O101:H5,"[""aac(6')-Ib-cr5"", 'blaCTX-M-15', 'blaNDM-5', 'blaOXA', 'blaTEM-1', 'rmtB1']","['rhs/PAAR', 'ibeB', 'eaeH', 'espR1', 'iss2', 'espY1', 'ibeC', 'espL1', 'espL4', 'espL3', 'hlyE', 'trat']"
GCA_040416405.1,ST167,O101:H9,"['blaCTX-M-15', 'blaNDM-5', 'blaTEM-190', 'blaTEMp_C32T']","['rhs/PAAR', 'ybtE', 'ibeB', 'ybtA', 'espX4', 'ybtQ', 'irp2', 'eaeH', 'ybtU', 'espR1', 'espX5', 'ybtP', 'iss2', 'espY1', 'fyuA/psn', 'irp1', 'fyuA', 'ibeC', 'espL1', 'ybtS', 'espR4', 'ybtX', 'espL4', 'ybtT', 'espL3', 'hlyE', 'trat']"
GCA_040415795.1,ST167,O101:H9,"['blaCTX-M-15', 'blaNDM-5', 'blaTEM-1']","['rhs/PAAR', 'ybtE', 'ibeB', 'ybtA', 'ybtQ', 'irp2', 'eaeH', 'ybtU', 'ybtP', 'iss2', 'espY1', 'fyuA/psn', 'irp1', 'fyuA', 'ibeC', 'espL1', 'ybtS', 'espR4', 'ybtX', 'espL4', 'ybtT', 'espL3', 'hlyE', 'trat', 'espX1']"
GCA_025544835.1,ST10,Unknown,"['blaCTX-M-15', 'blaTEM-1', 'qnrS1']","['espX4', 'espR1', 'espX5', 'aatA', 'iss2', 'espY1', 'ibeC', 'espL1', 'espL4', 'espL3', 'hlyE', 'espX1']"
GCA_040416775.1,ST167,O101:H5,"[""aac(6')-Ib-cr5"", 'blaCTX-M-15', 'blaNDM-5', 'blaOXA-1', 'blaTEM-1', 'rmtB1']","['rhs/PAAR', 'ibeB', 'espX4', 'eaeH', 'espR1', 'espX5', 'iss2', 'espY1', 'ibeC', 'espL1', 'espL4', 'espL3', 'hlyE', 'trat', 'espX1']"
GCA_964006855.1,ST131,O25:H4,['blaTEM-1'],"['sitB', 'chuX', 'sitC', 'ybtE', 'kpsD', 'ibeB', 'ybtA', 'chuV', 'ybtQ', 'sitA', 'iucC', 'iucD', 'irp2', 'iucA', 'sitD', 'chuU', 'ybtU', 'eaeH', 'kpsM', 'ybtP', 'hlyA', 'chuY', 'cnf1', 'kpsS', 'iss2', 'fyuA/psn', 'irp1', 'fyuA', 'ibeC', 'chuS', 'kpsE', 'ybtS', 'iutA', 'chuW', 'hlyD', 'kpsF', 'chuT', 'ybtX', 'hlyC', 'ybtT', 'hlyB', 'kpsU', 'chuA', 'trat', 'iucB', 'kpsC']"
GCA_040417985.1,ST167,O101:H9,"['blaCTX-M-15', 'blaNDM-5', 'blaTEM', 'blaTEMp_C32T']","['rhs/PAAR', 'ybtE', 'ibeB', 'ybtA', 'ybtQ', 'irp2', 'eaeH', 'ybtU', 'espX5', 'ybtP', 'iss2', 'espY1', 'fyuA/psn', 'irp1', 'fyuA', 'ibeC', 'espL1', 'ybtS', 'espR4', 'ybtX', 'espL4', 'ybtT', 'espL3', 'hlyE', 'trat', 'espX1']"
GCA_050113155.1,ST167,O101:H9,"['blaCTX-M-15', 'blaNDM-5', 'blaTEM-1', 'blaTEM-190', 'blaTEMp_C32T']","['rhs/PAAR', 'ybtE', 'ibeB', 'ybtA', 'espX4', 'ybtQ', 'irp2', 'eaeH', 'ybtU', 'espR1', 'espX5', 'ybtP', 'iss2', 'espY1', 'fyuA/psn', 'irp1', 'fyuA', 'ibeC', 'espL1', 'ybtS', 'espR4', 'ybtX', 'espL4', 'ybtT', 'espL3', 'hlyE', 'trat', 'espX1']"
GCA_040418105.1,ST167,O101:H17,"['blaCTX-M-55', 'blaNDM-5']","['rhs/PAAR', 'ybtE', 'east1', 'ibeB', 'aaiW', 'ybtA', 'ybtQ', 'irp2', 'astA', 'ybtU', 'espX5', 'ybtP', 'iss2', 'espY1', 'fyuA/psn', 'irp1', 'fyuA', 'ibeC', 'espL1', 'ybtS', 'ybtX', 'espL4', 'ybtT', 'espL3', 'hlyE', 'trat', 'espX1']"
GCA_040416005.1,ST167,O101:H5,"[""aac(6')-Ib-cr5"", 'blaCTX-M-15', 'blaNDM-5', 'blaOXA-1', 'blaTEM-1', 'rmtB1']","['rhs/PAAR', 'espX4', 'eaeH', 'espR1', 'espX5', 'iss2', 'espY1', 'ibeC', 'espL1', 'espL4', 'espL3', 'hlyE', 'trat', 'espX1']"
GCA_968938235.1,ST10,O27:H37,['qnrB'],"['rhs/PAAR', 'ibeB', 'iucC', 'iucD', 'iucA', 'eaeH', 'espR1', 'espX5', 'iss2', 'espY1', 'ibeC', 'espL1', 'iutA', 'espL4', 'espL3', 'hlyE', 'trat', 'iucB', 'espX1']"
GCA_964006105.1,ST131,O16:H5,"['blaCTX-M-15', 'blaCTX-M-27', 'blaTEM-1']","['sitB', 'chuX', 'sitC', 'ybtE', 'kpsD', 'ibeB', 'ybtA', 'chuV', 'ybtQ', 'sitA', 'iucC', 'iucD', 'irp2', 'iucA', 'sitD', 'chuU', 'ybtU', 'eaeH', 'kpsM', 'ybtP', 'hlyA', 'chuY', 'cnf1', 'kpsS', 'fyuA/psn', 'irp1', 'fyuA', 'ibeC', 'chuS', 'kpsE', 'ybtS', 'iutA', 'chuW', 'hlyD', 'kpsF', 'chuT', 'ybtX', 'hlyC', 'ybtT', 'hlyB', 'kpsU', 'chuA', 'trat', 'iucB', 'kpsC']"
GCA_964006435.1,ST10,O12:H4,"['blaTEM-1', 'qnrS1']","['rhs/PAAR', 'sitB', 'sitC', 'ybtE', 'kpsD', 'ibeB', 'ybtA', 'espX4', 'ybtQ', 'iucC', 'sitA', 'iucD', 'iucA', 'sitD', 'eaeH', 'ybtU', 'espR1', 'espX5', 'kpsM', 'ybtP', 'kpsT', 'kpsS', 'iss2', 'espY1', 'fyuA/psn', 'irp1', 'fyuA', 'ibeC', 'espL1', 'kpsE', 'ybtS', 'iutA', 'kpsF', 'ybtX', 'espL4', 'ybtT', 'espL3', 'hlyE', 'kpsU', 'trat', 'iucB', 'espX1', 'kpsC']"
GCA_907163915.1,ST131,O25:H4,"[""aac(6')-Ib-cr5"", 'blaCTX-M-15', 'blaOXA-1']","['sitB', 'chuX', 'sitC', 'ybtE', 'kpsD', 'ibeB', 'ybtA', 'chuV', 'ybtQ', 'sitA', 'iucC', 'iucD', 'irp2', 'iucA', 'sitD', 'chuU', 'ybtU', 'eaeH', 'kpsM', 'ybtP', 'chuY', 'kpsS', 'iss2', 'fyuA/psn', 'irp1', 'fyuA', 'ibeC', 'chuS', 'kpsE', 'ybtS', 'iutA', 'chuW', 'kpsF', 'chuT', 'ybtX', 'ybtT', 'kpsU', 'chuA', 'trat', 'iucB', 'kpsC']"
GCA_907163995.1,ST10,O116:H38,"[""aac(6')-Ib-cr5"", 'blaCTX-M-15', 'blaOXA-1', 'blaTEM-1', 'qnrB1']","['rhs/PAAR', 'espX4', 'eaeH', 'espR1', 'espX5', 'espY1', 'ibeC', 'espL1', 'espL4', 'espL3', 'hlyE', 'espX1']"
GCA_040418845.1,ST167,O101:H9,"['blaCTX-M-15', 'blaNDM-5', 'blaTEM-35', 'blaTEMp_C32T']","['rhs/PAAR', 'ybtE', 'ibeB', 'ybtA', 'espX4', 'ybtQ', 'irp2', 'eaeH', 'ybtU', 'espX5', 'ybtP', 'iss2', 'espY1', 'fyuA/psn', 'irp1', 'fyuA', 'ibeC', 'espL1', 'ybtS', 'espR4', 'ybtX', 'espL4', 'ybtT', 'espL3', 'hlyE', 'trat', 'espX1']"
GCA_040416615.1,ST167,O101:H9,"['blaCTX-M-15', 'blaNDM-5', 'blaTEM-35', 'blaTEMp_C32T']","['rhs/PAAR', 'ybtE', 'ibeB', 'ybtA', 'espX4', 'ybtQ', 'irp2', 'eaeH', 'ybtU', 'espR1', 'espX5', 'ybtP', 'iss2', 'espY1', 'fyuA/psn', 'irp1', 'fyuA', 'ibeC', 'espL1', 'ybtS', 'espR4', 'ybtX', 'espL4', 'ybtT', 'espL3', 'hlyE', 'trat', 'espX1']"
GCA_052072695.1,ST167,O101:H5,"[""aac(6')-Ib-cr5"", 'blaCTX-M-15', 'blaNDM-5', 'blaOXA-1', 'blaTEM-1', 'rmtB1']","['rhs/PAAR', 'ibeB', 'espX4', 'eaeH', 'espR1', 'espX5', 'iss2', 'espY1', 'ibeC', 'espL1', 'espL4', 'espL3', 'hlyE', 'trat', 'espX1']"
GCA_050113175.1,ST167,O101:H9,"['blaCTX-M-15', 'blaNDM-5', 'blaTEM-1', 'blaTEM-190', 'blaTEMp_C32T']","['rhs/PAAR', 'ybtE', 'ibeB', 'ybtA', 'espX4', 'ybtQ', 'irp2', 'eaeH', 'ybtU', 'espR1', 'espX5', 'ybtP', 'iss2', 'espY1', 'fyuA/psn', 'irp1', 'fyuA', 'ibeC', 'espL1', 'ybtS', 'espR4', 'ybtX', 'espL4', 'ybtT', 'espL3', 'hlyE', 'trat', 'espX1']"
GCA_037047645.1,ST131,O25:H4,"[""aac(6')-Ib-cr5"", 'blaCTX-M-15', 'blaOXA-1']","['sitB', 'chuX', 'sitC', 'ybtE', 'kpsD', 'ibeB', 'ybtA', 'chuV', 'ybtQ', 'sitA', 'iucC', 'irp2', 'iucA', 'sitD', 'eaeH', 'chuU', 'ybtU', 'kpsM', 'ybtP', 'hlyA', 'chuY', 'cnf1', 'kpsS', 'iss2', 'fyuA/psn', 'irp1', 'fyuA', 'ibeC', 'chuS', 'kpsE', 'ybtS', 'iutA', 'chuW', 'hlyD', 'kpsF', 'chuT', 'ybtX', 'hlyC', 'ybtT', 'hlyB', 'kpsU', 'chuA', 'trat', 'iucB', 'kpsC']"
GCA_040417625.1,ST167,O101:H9,"['blaCTX-M-15', 'blaNDM-5', 'blaTEM-1']","['rhs/PAAR', 'ybtE', 'ibeB', 'ybtA', 'ybtQ', 'irp2', 'eaeH', 'ybtU', 'espX5', 'ybtP', 'iss2', 'espY1', 'fyuA/psn', 'irp1', 'fyuA', 'ibeC', 'espL1', 'ybtS', 'espR4', 'ybtX', 'espL4', 'ybtT', 'espL3', 'hlyE', 'trat']"
GCA_040416815.1,ST167,O101:H9,['blaNDM-5'],"['rhs/PAAR', 'ybtE', 'ibeB', 'ybtA', 'ybtQ', 'irp2', 'eaeH', 'ybtU', 'espX5', 'ybtP', 'iss2', 'espY1', 'fyuA/psn', 'irp1', 'fyuA', 'ibeC', 'espL1', 'ybtS', 'espR4', 'ybtX', 'espL4', 'ybtT', 'espL3', 'hlyE', 'espX1']"
GCA_964206565.1,ST131,O16:H5,"['blaCTX-M-27', 'blaTEM-1']","['sitB', 'chuX', 'sitC', 'ybtE', 'kpsD', 'ibeB', 'ybtA', 'chuV', 'ybtQ', 'sitA', 'iucC', 'iucD', 'irp2', 'iucA', 'sitD', 'chuU', 'ybtU', 'eaeH', 'kpsM', 'ybtP', 'hlyA', 'chuY', 'cnf1', 'kpsS', 'fyuA/psn', 'irp1', 'fyuA', 'ibeC', 'chuS', 'kpsE', 'ybtS', 'iutA', 'chuW', 'hlyD', 'kpsF', 'chuT', 'ybtX', 'hlyC', 'ybtT', 'hlyB', 'kpsU', 'chuA', 'trat', 'iucB', 'kpsC']"
GCA_040415665.1,ST167,O101:H9,"['blaCTX-M-15', 'blaNDM-5', 'blaTEM']","['rhs/PAAR', 'ybtE', 'ibeB', 'ybtA', 'ybtQ', 'irp2', 'eaeH', 'ybtU', 'espR1', 'espX5', 'ybtP', 'iss2', 'espY1', 'fyuA/psn', 'irp1', 'fyuA', 'ibeC', 'espL1', 'ybtS', 'espR4', 'ybtX', 'espL4', 'ybtT', 'espL3', 'hlyE', 'trat', 'espX1']"
GCA_964007395.1,ST131,O25:H4,"[""aac(6')-Ib-cr5"", 'blaCTX-M-15', 'blaOXA-1', 'blaTEM-1']","['sitB', 'chuX', 'sitC', 'ybtE', 'kpsD', 'east1', 'ibeB', 'ybtA', 'chuV', 'ybtQ', 'sitA', 'iucC', 'iucD', 'irp2', 'iucA', 'astA', 'sitD', 'chuU', 'ybtU', 'eaeH', 'kpsM', 'ybtP', 'chuY', 'kpsS', 'iss2', 'fyuA/psn', 'irp1', 'fyuA', 'ibeC', 'chuS', 'kpsE', 'ybtS', 'iutA', 'chuW', 'kpsF', 'chuT', 'ybtX', 'ybtT', 'kpsU', 'chuA', 'iucB', 'kpsC']"
GCA_040416505.1,ST167,O101:H5,"[""aac(6')-Ib-cr5"", 'blaCTX-M-15', 'blaNDM-5', 'blaOXA-1', 'blaTEM-1', 'rmtB1']","['rhs/PAAR', 'ibeB', 'espX4', 'eaeH', 'espR1', 'iss2', 'espY1', 'ibeC', 'espL1', 'espL4', 'espL3', 'hlyE', 'trat', 'espX1']"
GCA_040417365.1,ST167,O101:H5,"[""aac(6')-Ib-cr5"", 'blaCTX-M-15', 'blaNDM-5', 'blaOXA-1', 'blaTEM-1', 'rmtB1']","['rhs/PAAR', 'ibeB', 'espX4', 'eaeH', 'espR1', 'espX5', 'iss2', 'espY1', 'ibeC', 'espL1', 'espL4', 'espL3', 'hlyE', 'trat', 'espX1']"
GCA_964206605.1,ST131,O25:H4,"[""aac(6')-Ib-cr5"", 'blaCTX-M-15', 'blaOXA-1', 'blaTEM-1']","['sitB', 'chuX', 'sitC', 'ybtE', 'kpsD', 'east1', 'ibeB', 'ybtA', 'chuV', 'ybtQ', 'sitA', 'iucC', 'iucD', 'irp2', 'iucA', 'astA', 'sitD', 'chuU', 'ybtU', 'eaeH', 'kpsM', 'ybtP', 'chuY', 'kpsS', 'iss2', 'fyuA/psn', 'irp1', 'fyuA', 'ibeC', 'chuS', 'kpsE', 'ybtS', 'iutA', 'chuW', 'kpsF', 'chuT', 'ybtX', 'ybtT', 'kpsU', 'chuA', 'trat', 'iucB', 'kpsC']"
GCA_040417765.1,ST167,O101:H5,"[""aac(6')-Ib-cr5"", 'blaCTX-M-15', 'blaNDM-5', 'blaOXA-1', 'blaTEM-1', 'rmtB1']","['rhs/PAAR', 'ibeB', 'espX4', 'eaeH', 'espR1', 'espX5', 'iss2', 'espY1', 'ibeC', 'espL1', 'espL4', 'espL3', 'hlyE', 'trat', 'espX1']"
GCA_040418505.1,ST167,O101:H9,"['blaCTX-M-15', 'blaNDM-5', 'blaTEM-84']","['rhs/PAAR', 'ybtE', 'ibeB', 'ybtA', 'ybtQ', 'irp2', 'eaeH', 'ybtU', 'espR1', 'espX5', 'ybtP', 'iss2', 'espY1', 'fyuA/psn', 'irp1', 'fyuA', 'ibeC', 'espL1', 'ybtS', 'espR4', 'ybtX', 'espL4', 'ybtT', 'espL3', 'hlyE', 'trat', 'espX1']"
GCA_018972225.1,ST131,O25:H4,"['blaTEM-54', 'blaTEMp_G162T']","['sitB', 'chuX', 'sitC', 'ybtE', 'kpsD', 'ibeB', 'aaiW', 'ybtA', 'chuV', 'ybtQ', 'sitA', 'iucC', 'iucD', 'irp2', 'iucA', 'sitD', 'chuU', 'ybtU', 'eaeH', 'kpsM', 'ybtP', 'chuY', 'kpsS', 'iss2', 'fyuA/psn', 'irp1', 'fyuA', 'ibeC', 'chuS', 'kpsE', 'ybtS', 'iutA', 'chuW', 'kpsF', 'chuT', 'ybtX', 'ybtT', 'kpsU', 'chuA', 'trat', 'iucB', 'ibeA', 'kpsC']"
GCA_964006915.1,ST131,O25:H4,['blaTEM-1'],"['sitB', 'chuX', 'sitC', 'ybtE', 'kpsD', 'ibeB', 'ybtA', 'chuV', 'ybtQ', 'sitA', 'iucC', 'iucD', 'irp2', 'iucA', 'sitD', 'chuU', 'ybtU', 'eaeH', 'kpsM', 'ybtP', 'hlyA', 'chuY', 'cnf1', 'kpsS', 'iss2', 'fyuA/psn', 'irp1', 'fyuA', 'ibeC', 'chuS', 'kpsE', 'ybtS', 'iutA', 'chuW', 'hlyD', 'kpsF', 'chuT', 'ybtX', 'hlyC', 'ybtT', 'hlyB', 'kpsU', 'chuA', 'trat', 'iucB', 'kpsC']"
GCA_011763315.1,ST10,O68:H12,['blaTEM-1'],"['aaiL', 'east1', 'ibeB', 'espX4', 'astA', 'eaeH', 'espR1', 'espX5', 'aatA', 'aaiB', 'iss2', 'espY1', 'aaiA', 'ibeC', 'espL1', 'aaiF', 'aaiJ', 'aaiI', 'espL4', 'aaiK', 'aaiE', 'aaiD', 'aaiH', 'espL3', 'hlyE', 'aaiP', 'aaiO', 'trat', 'espX1']"
GCA_040417945.1,ST167,O101:H9,"['blaCTX-M-15', 'blaNDM-5', 'blaTEM']","['rhs/PAAR', 'ybtE', 'ibeB', 'ybtA', 'ybtQ', 'irp2', 'hlye', 'eaeH', 'ybtU', 'espR1', 'espX5', 'ybtP', 'iss2', 'espY1', 'fyuA/psn', 'irp1', 'fyuA', 'ibeC', 'espL1', 'ybtS', 'espR4', 'ybtX', 'espL4', 'ybtT', 'espL3', 'trat']"
GCA_964205365.1,ST131,O25:H4,"['blaTEM-1', 'blaTEMp_C32T']","['sitB', 'chuX', 'sitC', 'ybtE', 'kpsD', 'ibeB', 'ybtA', 'chuV', 'ybtQ', 'sitA', 'iucC', 'iucD', 'irp2', 'iucA', 'sitD', 'chuU', 'ybtU', 'eaeH', 'kpsM', 'ybtP', 'hlyA', 'chuY', 'cnf1', 'kpsS', 'iss2', 'fyuA/psn', 'irp1', 'fyuA', 'ibeC', 'chuS', 'kpsE', 'ybtS', 'iutA', 'chuW', 'hlyD', 'kpsF', 'chuT', 'ybtX', 'hlyC', 'ybtT', 'hlyB', 'kpsU', 'chuA', 'trat', 'iucB', 'kpsC']"
GCA_964007215.1,ST131,O25:H4,['blaTEM-1'],"['sitB', 'chuX', 'sitC', 'ybtE', 'kpsD', 'ibeB', 'ybtA', 'chuV', 'ybtQ', 'sitA', 'iucC', 'iucD', 'irp2', 'iucA', 'sitD', 'chuU', 'ybtU', 'eaeH', 'kpsM', 'ybtP', 'hlyA', 'chuY', 'cnf1', 'kpsS', 'iss2', 'fyuA/psn', 'irp1', 'fyuA', 'ibeC', 'chuS', 'kpsE', 'ybtS', 'iutA', 'chuW', 'hlyD', 'kpsF', 'chuT', 'ybtX', 'hlyC', 'ybtT', 'hlyB', 'kpsU', 'chuA', 'trat', 'iucB', 'kpsC']"
GCA_964205925.1,ST131,O25:H4,"['blaTEM-1', 'blaTEMp_C32T']","['sitB', 'chuX', 'sitC', 'ybtE', 'kpsD', 'ibeB', 'ybtA', 'chuV', 'ybtQ', 'sitA', 'iucC', 'iucD', 'irp2', 'iucA', 'sitD', 'chuU', 'ybtU', 'eaeH', 'kpsM', 'ybtP', 'hlyA', 'chuY', 'cnf1', 'kpsS', 'iss2', 'fyuA/psn', 'irp1', 'fyuA', 'ibeC', 'chuS', 'kpsE', 'ybtS', 'iutA', 'chuW', 'hlyD', 'kpsF', 'chuT', 'ybtX', 'hlyC', 'ybtT', 'hlyB', 'kpsU', 'chuA', 'trat', 'iucB', 'kpsC']"
GCA_040416995.1,ST167,O101:H5,"['blaCTX-M-15', 'blaNDM-5', 'rmtB1']","['rhs/PAAR', 'ibeB', 'eaeH', 'espX5', 'iss2', 'espY1', 'ibeC', 'espL1', 'espL4', 'espL3', 'hlyE', 'trat', 'espX1']"
GCA_964006685.1,ST131,O16:H5,['blaTEM-1'],"['sitB', 'chuX', 'sitC', 'ybtE', 'kpsD', 'ibeB', 'ybtA', 'chuV', 'ybtQ', 'sitA', 'iucC', 'iucD', 'irp2', 'iucA', 'sitD', 'chuU', 'ybtU', 'eaeH', 'kpsM', 'ybtP', 'chuY', 'kpsS', 'fyuA/psn', 'irp1', 'fyuA', 'ibeC', 'chuS', 'kpsE', 'ybtS', 'iutA', 'chuW', 'kpsF', 'chuT', 'ybtX', 'ybtT', 'kpsU', 'chuA', 'trat', 'iucB', 'kpsC']"
GCA_040416105.1,ST167,O101:H9,"['blaCTX-M-15', 'blaNDM-5', 'blaTEM-1']","['rhs/PAAR', 'ybtE', 'ibeB', 'ybtA', 'ybtQ', 'irp2', 'eaeH', 'ybtU', 'espR1', 'espX5', 'ybtP', 'iss2', 'espY1', 'fyuA/psn', 'irp1', 'fyuA', 'ibeC', 'espL1', 'ybtS', 'espR4', 'ybtX', 'espL4', 'ybtT', 'espL3', 'hlyE', 'trat', 'espX1']"
GCA_040417335.1,ST167,O101:H5,"[""aac(6')-Ib-cr5"", 'blaCTX-M-15', 'blaNDM-5', 'blaOXA-1', 'blaTEM-1', 'rmtB1']","['rhs/PAAR', 'ibeB', 'espX4', 'hlye', 'eaeH', 'espR1', 'espX5', 'iss2', 'espY1', 'ibeC', 'espL1', 'espL4', 'espL3', 'trat', 'espX1']"
GCA_964205495.1,ST131,O25:H4,"['blaTEM-1', 'blaTEMp_C32T']","['sitB', 'chuX', 'sitC', 'ybtE', 'kpsD', 'ibeB', 'ybtA', 'chuV', 'ybtQ', 'sitA', 'iucC', 'iucD', 'irp2', 'iucA', 'sitD', 'chuU', 'ybtU', 'eaeH', 'kpsM', 'ybtP', 'hlyA', 'chuY', 'cnf1', 'kpsS', 'iss2', 'fyuA/psn', 'irp1', 'fyuA', 'ibeC', 'chuS', 'kpsE', 'ybtS', 'iutA', 'chuW', 'hlyD', 'kpsF', 'chuT', 'ybtX', 'hlyC', 'ybtT', 'hlyB', 'kpsU', 'chuA', 'trat', 'iucB', 'kpsC']"
GCA_907163735.1,ST131,O25:H4,"[""aac(6')-Ib-cr5"", 'blaCTX-M-15', 'blaOXA-1']","['sitB', 'chuX', 'sitC', 'ybtE', 'kpsD', 'ibeB', 'ybtA', 'chuV', 'ybtQ', 'sitA', 'iucC', 'iucD', 'irp2', 'iucA', 'sitD', 'chuU', 'ybtU', 'eaeH', 'kpsM', 'ybtP', 'chuY', 'kpsS', 'iss2', 'fyuA/psn', 'irp1', 'fyuA', 'ibeC', 'chuS', 'kpsE', 'ybtS', 'iutA', 'chuW', 'kpsF', 'chuT', 'ybtX', 'ybtT', 'kpsU', 'chuA', 'trat', 'iucB', 'kpsC']"
GCA_964006865.1,ST131,O25:H4,"['blaTEM-1', 'blaTEMp_C32T']","['sitB', 'chuX', 'sitC', 'ybtE', 'kpsD', 'ibeB', 'ybtA', 'chuV', 'ybtQ', 'sitA', 'iucC', 'iucD', 'irp2', 'iucA', 'sitD', 'chuU', 'ybtU', 'eaeH', 'kpsM', 'ybtP', 'hlyA', 'chuY', 'cnf1', 'kpsS', 'iss2', 'fyuA/psn', 'irp1', 'fyuA', 'ibeC', 'chuS', 'kpsE', 'ybtS', 'iutA', 'chuW', 'hlyD', 'kpsF', 'chuT', 'ybtX', 'hlyC', 'ybtT', 'hlyB', 'kpsU', 'chuA', 'trat', 'iucB', 'kpsC']"
GCA_052072855.1,ST167,O101:H5,"['blaCTX-M-15', 'blaNDM-19', 'blaTEM-1', 'qnrS1']","['rhs/PAAR', 'ibeB', 'espX4', 'eaeH', 'espR1', 'espX5', 'iss2', 'espY1', 'ibeC', 'espL1', 'espL4', 'espL3', 'hlyE', 'trat', 'espX1']"
GCA_040416355.1,ST167,O101:H17,"['blaCTX-M-55', 'blaNDM-5', 'rmtB']","['rhs/PAAR', 'ybtE', 'east1', 'ibeB', 'aaiW', 'ybtA', 'espX4', 'ybtQ', 'irp2', 'astA', 'ybtU', 'espX5', 'ybtP', 'iss2', 'espY1', 'fyuA/psn', 'irp1', 'fyuA', 'ibeC', 'espL1', 'ybtS', 'ybtX', 'espL4', 'ybtT', 'espL3', 'hlyE', 'trat', 'espX1']"
GCA_011317875.1,ST10,O9a:H9,['blaTEM-1'],"['rhs/PAAR', 'ibeB', 'espX4', 'eaeH', 'espR1', 'espX5', 'iss2', 'espY1', 'ibeC', 'espL1', 'espR4', 'espL4', 'espL3', 'hlyE', 'espX1']"
GCA_040416705.1,ST167,O101:H9,"['blaCTX-M-15', 'blaNDM-5', 'blaTEM-35']","['rhs/PAAR', 'ybtE', 'ibeB', 'ybtA', 'ybtQ', 'irp2', 'eaeH', 'ybtU', 'espX5', 'ybtP', 'iss2', 'espY1', 'fyuA/psn', 'irp1', 'fyuA', 'ibeC', 'espL1', 'ybtS', 'espR4', 'ybtX', 'espL4', 'ybtT', 'espL3', 'hlyE', 'trat']"
GCA_964007255.1,ST131,O25:H4,"['blaTEM-1', 'blaTEMp_C32T']","['sitB', 'chuX', 'sitC', 'ybtE', 'kpsD', 'ibeB', 'ybtA', 'chuV', 'ybtQ', 'sitA', 'iucC', 'iucD', 'irp2', 'iucA', 'sitD', 'chuU', 'ybtU', 'eaeH', 'kpsM', 'ybtP', 'hlyA', 'chuY', 'cnf1', 'kpsS', 'iss2', 'fyuA/psn', 'irp1', 'fyuA', 'ibeC', 'chuS', 'kpsE', 'ybtS', 'iutA', 'chuW', 'hlyD', 'kpsF', 'chuT', 'ybtX', 'hlyC', 'ybtT', 'hlyB', 'kpsU', 'chuA', 'trat', 'iucB', 'kpsC']"
GCA_040418805.1,ST167,O101:H9,"['blaCTX-M-15', 'blaNDM-5', 'blaTEM-169', 'blaTEMp_C32T']","['rhs/PAAR', 'ybtE', 'ibeB', 'ybtA', 'ybtQ', 'irp2', 'eaeH', 'ybtU', 'espR1', 'espX5', 'ybtP', 'iss2', 'espY1', 'fyuA/psn', 'irp1', 'fyuA', 'ibeC', 'espL1', 'ybtS', 'espR4', 'ybtX', 'espL4', 'ybtT', 'espL3', 'hlyE', 'trat']"
GCA_964205675.1,ST131,O25:H4,"['blaTEM-1', 'blaTEMp_C32T']","['sitB', 'chuX', 'sitC', 'ybtE', 'kpsD', 'ibeB', 'ybtA', 'chuV', 'ybtQ', 'sitA', 'iucC', 'iucD', 'irp2', 'iucA', 'sitD', 'chuU', 'ybtU', 'eaeH', 'kpsM', 'hlyA', 'chuY', 'cnf1', 'kpsS', 'iss2', 'irp1', 'ibeC', 'chuS', 'kpsE', 'ybtS', 'iutA', 'chuW', 'hlyD', 'kpsF', 'chuT', 'ybtX', 'hlyC', 'ybtT', 'hlyB', 'kpsU', 'chuA', 'trat', 'iucB', 'kpsC']"
GCA_040417035.1,ST167,O101:H9,"['blaCTX-M-15', 'blaNDM-5', 'blaTEM-84', 'blaTEMp_C32T']","['rhs/PAAR', 'ybtE', 'ibeB', 'ybtA', 'ybtQ', 'irp2', 'eaeH', 'ybtU', 'espR1', 'ybtP', 'iss2', 'espY1', 'fyuA/psn', 'irp1', 'fyuA', 'ibeC', 'espL1', 'ybtS', 'espR4', 'ybtX', 'espL4', 'ybtT', 'espL3', 'hlyE', 'trat', 'espX1']"
GCA_040418625.1,ST167,O101:H9,"['blaCTX-M-15', 'blaNDM-5', 'blaTEM', 'blaTEMp_C32T']","['rhs/PAAR', 'ybtE', 'ibeB', 'ybtA', 'ybtQ', 'irp2', 'hlye', 'eaeH', 'ybtU', 'espR1', 'espX5', 'ybtP', 'iss2', 'espY1', 'fyuA/psn', 'irp1', 'fyuA', 'ibeC', 'espL1', 'ybtS', 'ybtX', 'espL4', 'ybtT', 'espL3', 'trat', 'espX1']"
GCA_040416215.1,ST167,O101:H9,"['blaCTX-M-15', 'blaNDM-5', 'blaTEM', 'blaTEMp_C32T']","['rhs/PAAR', 'ybtE', 'ibeB', 'ybtA', 'espX4', 'ybtQ', 'irp2', 'eaeH', 'ybtU', 'espR1', 'espX5', 'ybtP', 'iss2', 'espY1', 'fyuA/psn', 'irp1', 'fyuA', 'ibeC', 'espL1', 'ybtS', 'espR4', 'ybtX', 'espL4', 'ybtT', 'espL3', 'hlyE', 'trat', 'espX1']"
GCA_040418565.1,ST167,O101:H9,"['blaNDM-5', 'blaTEM-169']","['rhs/PAAR', 'ybtE', 'ibeB', 'ybtA', 'espX4', 'ybtQ', 'irp2', 'eaeH', 'ybtU', 'espX5', 'ybtP', 'iss2', 'espY1', 'fyuA/psn', 'irp1', 'fyuA', 'ibeC', 'espL1', 'ybtS', 'espR4', 'ybtX', 'espL4', 'ybtT', 'espL3', 'hlyE', 'trat']"
GCA_040418205.1,ST167,O101:H5,"['blaCTX-M', 'blaNDM-5', 'blaTEM-1', 'rmtB1']","['rhs/PAAR', 'ibeB', 'eaeH', 'espR1', 'iss2', 'espY1', 'ibeC', 'espL1', 'espL4', 'espL3', 'hlyE', 'trat']"
GCA_964206375.1,ST131,O16:H5,"['blaCTX-M-15', 'blaTEM-1']","['sitB', 'chuX', 'sitC', 'ybtE', 'kpsD', 'ibeB', 'ybtA', 'chuV', 'ybtQ', 'sitA', 'iucC', 'iucD', 'irp2', 'iucA', 'sitD', 'chuU', 'ybtU', 'eaeH', 'kpsM', 'ybtP', 'chuY', 'kpsS', 'fyuA/psn', 'irp1', 'fyuA', 'ibeC', 'chuS', 'kpsE', 'ybtS', 'iutA', 'chuW', 'kpsF', 'chuT', 'ybtX', 'ybtT', 'kpsU', 'chuA', 'trat', 'iucB', 'kpsC']"
GCA_964205715.1,ST131,O25:H4,"['blaTEM-1', 'blaTEMp_C32T']","['sitB', 'chuX', 'sitC', 'ybtE', 'kpsD', 'ibeB', 'ybtA', 'chuV', 'ybtQ', 'sitA', 'iucC', 'iucD', 'irp2', 'iucA', 'sitD', 'chuU', 'ybtU', 'eaeH', 'kpsM', 'ybtP', 'hlyA', 'chuY', 'cnf1', 'kpsS', 'iss2', 'fyuA/psn', 'irp1', 'fyuA', 'ibeC', 'chuS', 'kpsE', 'ybtS', 'iutA', 'chuW', 'hlyD', 'kpsF', 'chuT', 'ybtX', 'hlyC', 'ybtT', 'hlyB', 'kpsU', 'chuA', 'trat', 'iucB', 'kpsC']"
GCA_964206105.1,ST167,O101:H17,"[""aac(6')-Ib-cr5"", 'blaCTX-M-15', 'blaOXA-1']","['rhs/PAAR', 'sitC', 'ybtE', 'east1', 'ibeB', 'aaiW', 'ybtA', 'espX4', 'ybtQ', 'iucC', 'iucD', 'iucA', 'astA', 'sitD', 'eaeH', 'ybtU', 'espR1', 'espX5', 'ybtP', 'iss2', 'espY1', 'irp1', 'ibeC', 'espL1', 'ybtS', 'iutA', 'ybtX', 'espL4', 'ybtT', 'espL3', 'hlyE', 'trat', 'iucB', 'espX1']"
GCA_037047805.1,ST167,O101:H10,"[""aac(6')-Ib-cr5"", 'blaCTX-M-15', 'blaOXA-1', 'blaTEM-1', 'qnrS1']","['rhs/PAAR', 'ibeB', 'aaiW', 'espX4', 'eaeH', 'espR1', 'espX5', 'iss2', 'espY1', 'ibeC', 'espL1', 'espL4', 'espL3', 'hlyE', 'trat', 'espX1']"
GCA_037049325.1,ST167,O101:H21,"['blaCTX-M-15', 'blaTEM-1']","['rhs/PAAR', 'ybtE', 'ibeB', 'ybtA', 'espX4', 'ybtQ', 'irp2', 'eaeH', 'ybtU', 'espR1', 'espX5', 'ybtP', 'espY1', 'fyuA/psn', 'irp1', 'fyuA', 'ibeC', 'espL1', 'ybtS', 'espR4', 'ybtX', 'espL4', 'ybtT', 'espL3', 'hlyE', 'espX1']"
GCA_040415565.1,ST167,O101:H5,"['blaCTX-M-15', 'blaNDM', 'blaTEM-1', 'rmtB1']","['rhs/PAAR', 'ibeB', 'eaeH', 'espR1', 'espX5', 'iss2', 'espY1', 'ibeC', 'espL1', 'espL4', 'espL3', 'hlyE', 'trat', 'espX1']"
GCA_040419205.1,ST167,O101:H5,"[""aac(6')-Ib-cr5"", 'blaCTX-M-15', 'blaNDM-5', 'blaOXA-1', 'blaTEM-1', 'rmtB1']","['rhs/PAAR', 'ibeB', 'espX4', 'eaeH', 'espR1', 'espX5', 'iss2', 'espY1', 'ibeC', 'espL1', 'espL4', 'espL3', 'hlyE', 'trat', 'espX1']"
GCA_037049145.1,ST131,O25:H4,"[""aac(6')-Ib-cr5"", 'blaCTX-M-15', 'blaOXA-1']","['sitB', 'chuX', 'sitC', 'ybtE', 'kpsD', 'ibeB', 'ybtA', 'chuV', 'ybtQ', 'sitA', 'iucC', 'iucD', 'irp2', 'iucA', 'sitD', 'eaeH', 'chuU', 'ybtU', 'ybtP', 'chuY', 'kpsS', 'iss2', 'fyuA/psn', 'irp1', 'fyuA', 'ibeC', 'chuS', 'kpsE', 'ybtS', 'iutA', 'chuW', 'kpsF', 'chuT', 'ybtX', 'ybtT', 'kpsU', 'chuA', 'trat', 'iucB', 'kpsC']"
GCA_040418485.1,ST167,O101:H5,"[""aac(6')-Ib-cr5"", 'blaCTX-M-15', 'blaNDM-5', 'blaOXA-1', 'blaTEM-1', 'rmtB1']","['rhs/PAAR', 'ibeB', 'espX4', 'eaeH', 'espX5', 'iss2', 'espY1', 'ibeC', 'espL1', 'espL4', 'espL3', 'hlyE', 'trat', 'espX1']"
GCA_040418325.1,ST167,O101:H9,"['blaCTX-M-15', 'blaNDM-5', 'blaTEM-1']","['rhs/PAAR', 'ybtE', 'ibeB', 'ybtA', 'ybtQ', 'irp2', 'eaeH', 'ybtU', 'espX5', 'ybtP', 'iss2', 'espY1', 'fyuA/psn', 'irp1', 'fyuA', 'ibeC', 'espL1', 'ybtS', 'espR4', 'ybtX', 'espL4', 'ybtT', 'espL3', 'hlyE', 'trat', 'espX1']"
GCA_040416295.1,ST167,O101:H9,"['blaCTX-M-15', 'blaNDM-5', 'blaTEM-33', 'blaTEMp_C32T']","['rhs/PAAR', 'ybtE', 'ibeB', 'ybtA', 'espX4', 'ybtQ', 'irp2', 'eaeH', 'ybtU', 'espR1', 'espX5', 'ybtP', 'iss2', 'espY1', 'fyuA/psn', 'irp1', 'fyuA', 'ibeC', 'espL1', 'ybtS', 'espR4', 'ybtX', 'espL4', 'ybtT', 'espL3', 'hlyE', 'trat', 'espX1']"
GCA_040417095.1,ST167,O101:H5,"['blaCTX-M-15', 'blaTEM-1']","['rhs/PAAR', 'ibeB', 'eaeH', 'espR1', 'iss2', 'espY1', 'ibeC', 'espL1', 'espL4', 'espL3', 'hlyE', 'trat']"
GCA_040418265.1,ST167,O101:H9,"['blaCTX-M-15', 'blaNDM-5', 'blaTEM']","['rhs/PAAR', 'ybtE', 'ibeB', 'ybtA', 'espX4', 'ybtQ', 'irp2', 'eaeH', 'ybtU', 'espX5', 'ybtP', 'iss2', 'espY1', 'fyuA/psn', 'irp1', 'fyuA', 'ibeC', 'espL1', 'ybtS', 'espR4', 'ybtX', 'espL4', 'ybtT', 'espL3', 'hlyE', 'trat', 'espX1']"
GCA_966502205.1,ST131,O25:H4,['blaCTX-M-27'],"['sitB', 'chuX', 'sitC', 'ybtE', 'kpsD', 'ibeB', 'ybtA', 'chuV', 'ybtQ', 'sitA', 'iucC', 'iucD', 'irp2', 'iucA', 'sitD', 'chuU', 'ybtU', 'eaeH', 'kpsM', 'ybtP', 'chuY', 'kpsS', 'iss2', 'fyuA/psn', 'irp1', 'fyuA', 'ibeC', 'chuS', 'kpsE', 'ybtS', 'iutA', 'chuW', 'kpsF', 'chuT', 'ybtX', 'ybtT', 'kpsU', 'chuA', 'iucB', 'kpsC']"
GCA_964007225.1,ST131,O16:H5,"['blaCTX-M-15', 'blaTEM-1']","['sitB', 'chuX', 'sitC', 'ybtE', 'kpsD', 'ybtA', 'chuV', 'ybtQ', 'sitA', 'iucC', 'aaiT', 'iucD', 'irp2', 'iucA', 'sitD', 'chuU', 'ybtU', 'eaeH', 'kpsM', 'ybtP', 'chuY', 'kpsS', 'fyuA/psn', 'irp1', 'fyuA', 'ibeC', 'chuS', 'kpsE', 'ybtS', 'iutA', 'chuW', 'kpsF', 'chuT', 'ybtX', 'ybtT', 'kpsU', 'chuA', 'iucB', 'kpsC']"
GCA_040417685.1,ST167,O101:H9,"['blaCTX-M-15', 'blaNDM-5', 'blaTEM-35', 'blaTEMp_C32T']","['rhs/PAAR', 'ybtE', 'ibeB', 'ybtA', 'espX4', 'ybtQ', 'irp2', 'eaeH', 'ybtU', 'espR1', 'espX5', 'ybtP', 'iss2', 'espY1', 'fyuA/psn', 'irp1', 'fyuA', 'ibeC', 'espL1', 'ybtS', 'espR4', 'ybtX', 'espL4', 'ybtT', 'espL3', 'hlyE', 'trat', 'espX1']"
GCA_050113055.1,ST167,O101:H9,"['blaCTX-M-15', 'blaNDM-5', 'blaTEM-1', 'blaTEM-190', 'blaTEMp_C32T']","['rhs/PAAR', 'ybtE', 'ibeB', 'ybtA', 'espX4', 'ybtQ', 'irp2', 'eaeH', 'ybtU', 'espR1', 'espX5', 'ybtP', 'iss2', 'espY1', 'fyuA/psn', 'irp1', 'fyuA', 'ibeC', 'espL1', 'ybtS', 'espR4', 'ybtX', 'espL4', 'ybtT', 'espL3', 'hlyE', 'trat', 'espX1']"
GCA_040416695.1,ST167,O101:H5,"[""aac(6')-Ib-cr5"", 'blaCTX-M-15', 'blaNDM-5', 'blaOXA-1', 'blaTEM-1', 'rmtB1']","['rhs/PAAR', 'ibeB', 'eaeH', 'espR1', 'espX5', 'iss2', 'espY1', 'ibeC', 'espL1', 'espL4', 'espL3', 'hlyE', 'trat', 'espX1']"
GCA_907163515.1,ST131,O25:H4,"[""aac(6')-Ib-cr5"", 'blaCTX-M-15', 'blaOXA-1']","['sitB', 'chuX', 'sitC', 'ybtE', 'kpsD', 'ibeB', 'ybtA', 'chuV', 'ybtQ', 'sitA', 'iucC', 'iucD', 'irp2', 'iucA', 'sitD', 'eaeH', 'chuU', 'ybtU', 'kpsM', 'ybtP', 'chuY', 'kpsS', 'iss2', 'fyuA/psn', 'irp1', 'fyuA', 'ibeC', 'chuS', 'kpsE', 'ybtS', 'iutA', 'chuW', 'kpsF', 'chuT', 'ybtX', 'ybtT', 'kpsU', 'chuA', 'trat', 'iucB', 'kpsC']"
GCA_037047525.1,ST131,O25:H4,['blaCTX-M-15'],"['sitB', 'chuX', 'sitC', 'ybtE', 'kpsD', 'ibeB', 'ybtA', 'chuV', 'ybtQ', 'iucD', 'irp2', 'iucA', 'chuU', 'ybtU', 'eaeH', 'kpsM', 'ybtP', 'chuY', 'kpsS', 'iss2', 'fyuA/psn', 'irp1', 'fyuA', 'ibeC', 'chuS', 'kpsE', 'ybtS', 'iutA', 'chuW', 'kpsF', 'chuT', 'ybtX', 'ybtT', 'kpsU', 'chuA', 'trat', 'iucB', 'kpsC']"
GCA_040713795.1,ST10,Unknown,['blaTEM-1'],"['east1', 'ibeB', 'espX4', 'astA', 'espR1', 'espX5', 'aatA', 'iss2', 'espY1', 'ibeC', 'espL1', 'espR4', 'espL3', 'hlyE']"
GCA_040419025.1,ST167,O101:H17,"['blaCTX-M-55', 'blaNDM', 'rmtB']","['rhs/PAAR', 'ybtE', 'east1', 'ibeB', 'aaiW', 'ybtA', 'ybtQ', 'irp2', 'astA', 'ybtU', 'espX5', 'ybtP', 'iss2', 'espY1', 'fyuA/psn', 'irp1', 'fyuA', 'ibeC', 'espL1', 'ybtS', 'ybtX', 'espL4', 'ybtT', 'espL3', 'hlyE', 'trat', 'espX1']"
GCA_040419005.1,ST167,O101:H9,"['blaCTX-M-15', 'blaNDM-5', 'blaTEM-35']","['rhs/PAAR', 'ybtE', 'ibeB', 'ybtA', 'espX4', 'ybtQ', 'irp2', 'eaeH', 'ybtU', 'espR1', 'espX5', 'ybtP', 'iss2', 'espY1', 'fyuA/psn', 'irp1', 'fyuA', 'ibeC', 'espL1', 'ybtS', 'espR4', 'ybtX', 'espL4', 'ybtT', 'espL3', 'hlyE', 'trat', 'espX1']"
GCA_964205425.1,ST131,O25:H4,"['blaTEM-1', 'blaTEMp_C32T']","['sitB', 'chuX', 'sitC', 'ybtE', 'kpsD', 'ibeB', 'ybtA', 'chuV', 'ybtQ', 'sitA', 'iucC', 'iucD', 'irp2', 'iucA', 'sitD', 'chuU', 'ybtU', 'eaeH', 'kpsM', 'ybtP', 'hlyA', 'chuY', 'cnf1', 'kpsS', 'iss2', 'fyuA/psn', 'irp1', 'fyuA', 'ibeC', 'chuS', 'kpsE', 'ybtS', 'iutA', 'chuW', 'hlyD', 'kpsF', 'chuT', 'ybtX', 'hlyC', 'ybtT', 'hlyB', 'kpsU', 'chuA', 'trat', 'iucB', 'kpsC']"
GCA_964006295.1,ST131,O25:H4,"[""aac(6')-Ib-cr5"", 'blaOXA-1', 'blaTEM-1']","['sitB', 'chuX', 'sitC', 'ybtE', 'kpsD', 'ibeB', 'ybtA', 'chuV', 'ybtQ', 'sitA', 'iucC', 'iucD', 'irp2', 'iucA', 'sitD', 'eaeH', 'chuU', 'ybtU', 'ybtP', 'chuY', 'kpsS', 'iss2', 'fyuA/psn', 'irp1', 'fyuA', 'ibeC', 'chuS', 'kpsE', 'ybtS', 'iutA', 'chuW', 'kpsF', 'chuT', 'ybtX', 'ybtT', 'kpsU', 'chuA', 'trat', 'iucB', 'kpsC']"
GCA_040416495.1,ST167,O101:H9,"['blaCTX-M-15', 'blaNDM-5', 'blaTEM-84', 'blaTEMp_C32T']","['rhs/PAAR', 'ybtE', 'ibeB', 'ybtA', 'espX4', 'ybtQ', 'irp2', 'hlye', 'eaeH', 'ybtU', 'espR1', 'espX5', 'ybtP', 'iss2', 'espY1', 'fyuA/psn', 'irp1', 'fyuA', 'ibeC', 'espL1', 'ybtS', 'espR4', 'ybtX', 'espL4', 'ybtT', 'espL3', 'trat', 'espX1']"
GCA_037048425.1,ST131,O25:H4,['blaTEM'],"['sitB', 'chuX', 'sitC', 'ybtE', 'kpsD', 'ibeB', 'ybtA', 'chuV', 'ybtQ', 'sitA', 'iucC', 'iucD', 'irp2', 'iucA', 'sitD', 'chuU', 'ybtU', 'eaeH', 'kpsM', 'ybtP', 'chuY', 'kpsS', 'iss2', 'fyuA/psn', 'irp1', 'fyuA', 'ibeC', 'chuS', 'kpsE', 'ybtS', 'iutA', 'chuW', 'kpsF', 'chuT', 'ybtX', 'ybtT', 'kpsU', 'chuA', 'trat', 'iucB', 'kpsC']"
GCA_037049065.1,ST131,O25:H4,"[""aac(6')-Ib-cr5"", 'blaCTX-M-15', 'blaOXA-1']","['chuX', 'sitC', 'ybtE', 'kpsD', 'ibeB', 'ybtA', 'chuV', 'ybtQ', 'iucD', 'irp2', 'iucA', 'eaeH', 'chuU', 'ybtU', 'kpsM', 'ybtP', 'chuY', 'kpsS', 'iss2', 'fyuA/psn', 'irp1', 'fyuA', 'ibeC', 'chuS', 'kpsE', 'ybtS', 'iutA', 'chuW', 'kpsF', 'chuT', 'ybtX', 'ybtT', 'kpsU', 'chuA', 'trat', 'iucB', 'kpsC']"
GCA_964006965.1,ST131,O25:H4,"[""aac(6')-Ib-cr5"", 'blaCTX-M-15', 'blaOXA-1']","['sitB', 'chuX', 'sitC', 'ybtE', 'kpsD', 'ibeB', 'ybtA', 'chuV', 'ybtQ', 'sitA', 'irp2', 'sitD', 'chuU', 'ybtU', 'eaeH', 'kpsM', 'ybtP', 'chuY', 'kpsS', 'iss2', 'fyuA/psn', 'irp1', 'fyuA', 'ibeC', 'chuS', 'kpsE', 'ybtS', 'chuW', 'kpsF', 'chuT', 'ybtX', 'ybtT', 'kpsU', 'chuA', 'trat', 'kpsC']"
GCA_040417585.1,ST167,O101:H9,"['blaCTX-M-15', 'blaNDM-5', 'blaTEM', 'blaTEMp_C32T', 'qnrS1']","['rhs/PAAR', 'ybtE', 'ibeB', 'ybtA', 'espX4', 'ybtQ', 'irp2', 'eaeH', 'ybtU', 'espR1', 'espX5', 'ybtP', 'iss2', 'espY1', 'fyuA/psn', 'irp1', 'fyuA', 'ibeC', 'espL1', 'ybtS', 'espR4', 'ybtX', 'espL4', 'ybtT', 'espL3', 'hlyE', 'trat', 'espX1']"
GCA_040507325.1,ST167,O101:H5,"[""aac(6')-Ib-cr5"", 'blaCTX-M-15', 'blaNDM-5', 'blaOXA-1', 'blaTEM-1', 'rmtB1']","['rhs/PAAR', 'ibeB', 'espX4', 'eaeH', 'espX5', 'iss2', 'espY1', 'ibeC', 'espL1', 'espL4', 'espL3', 'hlyE', 'trat', 'espX1']"
GCA_966564195.1,ST10,O29:H4,['blaTEM-1'],"['rhs/PAAR', 'kpsD', 'east1', 'ibeB', 'aaiW', 'espX4', 'iucC', 'iucD', 'iucA', 'astA', 'espR1', 'espX5', 'kpsM', 'kpsS', 'iss2', 'espY1', 'ibeC', 'espL1', 'kpsE', 'iutA', 'kpsF', 'espL3', 'hlyE', 'kpsU', 'iucB', 'espX1', 'kpsC']"
GCA_040418915.1,ST167,O101:H9,"['blaCTX-M-15', 'blaNDM-5', 'blaTEM-35']","['rhs/PAAR', 'ybtE', 'ibeB', 'ybtA', 'espX4', 'ybtQ', 'irp2', 'eaeH', 'ybtU', 'espR1', 'ybtP', 'iss2', 'espY1', 'fyuA/psn', 'irp1', 'fyuA', 'ibeC', 'espL1', 'ybtS', 'espR4', 'ybtX', 'espL4', 'ybtT', 'espL3', 'hlyE', 'trat']"
GCA_037047485.1,ST131,O16:H5,"['blaCTX-M-15', 'blaTEM-1']","['sitB', 'aatC', 'chuX', 'sitC', 'ybtE', 'kpsD', 'east1', 'ibeB', 'ybtA', 'chuV', 'ybtQ', 'sitA', 'iucC', 'aaiT', 'iucD', 'irp2', 'iucA', 'astA', 'sitD', 'chuU', 'ybtU', 'eaeH', 'kpsM', 'aatA', 'ybtP', 'aatP', 'chuY', 'kpsS', 'fyuA/psn', 'irp1', 'fyuA', 'ibeC', 'chuS', 'kpsE', 'ybtS', 'iutA', 'chuW', 'kpsF', 'chuT', 'ybtX', 'ybtT', 'kpsU', 'chuA', 'trat', 'iucB', 'aatB', 'kpsC']"
GCA_964205655.1,ST131,O25:H4,"[""aac(6')-Ib-cr5"", 'blaCTX-M-15', 'blaOXA-1', 'blaTEM-1']","['sitB', 'chuX', 'sitC', 'ybtE', 'kpsD', 'east1', 'ibeB', 'ybtA', 'chuV', 'ybtQ', 'sitA', 'iucC', 'iucD', 'irp2', 'iucA', 'astA', 'sitD', 'chuU', 'ybtU', 'eaeH', 'kpsM', 'ybtP', 'chuY', 'kpsS', 'fyuA/psn', 'irp1', 'fyuA', 'ibeC', 'chuS', 'kpsE', 'ybtS', 'iutA', 'chuW', 'kpsF', 'chuT', 'ybtX', 'ybtT', 'kpsU', 'chuA', 'iucB', 'kpsC']"
GCA_024331345.2,ST10,O92:H11,"['blaCTX-M-15', 'blaTEM-1']","['ybtE', 'ibeB', 'aaiW', 'ybtA', 'espX4', 'ybtQ', 'iucC', 'iucD', 'irp2', 'iucA', 'eaeH', 'ybtU', 'espR1', 'espX5', 'ybtP', 'iss2', 'espY1', 'fyuA/psn', 'irp1', 'fyuA', 'ibeC', 'espL1', 'ybtS', 'iutA', 'ybtX', 'espL4', 'ybtT', 'espL3', 'hlyE', 'iucB', 'espX1']"
GCA_037047345.1,ST131,O25:H4,"[""aac(6')-Ib-cr5"", 'blaCTX-M-15', 'blaOXA-1']","['sitB', 'chuX', 'sitC', 'ybtE', 'kpsD', 'ibeB', 'ybtA', 'chuV', 'ybtQ', 'sitA', 'iucC', 'iucD', 'irp2', 'iucA', 'sitD', 'eaeH', 'chuU', 'ybtU', 'ybtP', 'chuY', 'kpsS', 'iss2', 'fyuA/psn', 'irp1', 'fyuA', 'ibeC', 'chuS', 'kpsE', 'ybtS', 'iutA', 'chuW', 'kpsF', 'chuT', 'ybtX', 'ybtT', 'kpsU', 'chuA', 'trat', 'iucB', 'kpsC']"
GCA_040417645.1,ST167,O101:H5,"[""aac(6')-Ib-cr5"", 'blaCTX-M-15', 'blaNDM-5', 'blaOXA-1', 'blaTEM-1', 'rmtB1']","['rhs/PAAR', 'ibeB', 'espX4', 'eaeH', 'espR1', 'espX5', 'iss2', 'espY1', 'ibeC', 'espL1', 'espL3', 'hlyE', 'trat', 'espX1']"
GCA_040416395.1,ST167,O101:H9,"['blaCTX-M-15', 'blaNDM', 'blaTEM', 'blaTEMp_C32T']","['rhs/PAAR', 'ybtE', 'ibeB', 'ybtA', 'ybtQ', 'irp2', 'eaeH', 'ybtU', 'ybtP', 'iss2', 'espY1', 'fyuA/psn', 'irp1', 'fyuA', 'ibeC', 'espL1', 'ybtS', 'espR4', 'ybtX', 'ybtT', 'espL3', 'hlyE', 'espX1']"
GCA_907163765.1,ST131,O25:H4,['blaCTX-M-27'],"['sitB', 'chuX', 'sitC', 'ybtE', 'kpsD', 'ibeB', 'ybtA', 'chuV', 'ybtQ', 'sitA', 'iucC', 'iucD', 'irp2', 'iucA', 'sitD', 'chuU', 'ybtU', 'eaeH', 'kpsM', 'ybtP', 'chuY', 'kpsS', 'iss2', 'fyuA/psn', 'irp1', 'fyuA', 'ibeC', 'chuS', 'kpsE', 'ybtS', 'iutA', 'chuW', 'kpsF', 'chuT', 'ybtX', 'ybtT', 'kpsU', 'chuA', 'trat', 'iucB', 'kpsC']"
GCA_964205455.1,ST131,O16:H5,['blaCTX-M-15'],"['sitB', 'chuX', 'sitC', 'ybtE', 'kpsD', 'ibeB', 'ybtA', 'chuV', 'ybtQ', 'sitA', 'iucC', 'aaiT', 'iucD', 'irp2', 'iucA', 'sitD', 'chuU', 'ybtU', 'eaeH', 'kpsM', 'ybtP', 'chuY', 'kpsS', 'fyuA/psn', 'irp1', 'fyuA', 'ibeC', 'chuS', 'kpsE', 'ybtS', 'iutA', 'chuW', 'kpsF', 'chuT', 'ybtX', 'ybtT', 'kpsU', 'chuA', 'trat', 'iucB', 'kpsC']"
GCA_040416885.1,ST167,O101:H9,"['blaNDM-5', 'blaTEM', 'blaTEMp_C32T']","['rhs/PAAR', 'ybtE', 'ibeB', 'ybtA', 'ybtQ', 'irp2', 'eaeH', 'ybtU', 'espR1', 'ybtP', 'iss2', 'espY1', 'fyuA/psn', 'irp1', 'fyuA', 'ibeC', 'espL1', 'ybtS', 'espR4', 'ybtX', 'espL4', 'ybtT', 'espL3', 'hlyE']"
GCA_040417965.1,ST167,O101:H9,"['blaCTX-M-15', 'blaNDM-5', 'blaTEM']","['rhs/PAAR', 'ybtE', 'ibeB', 'ybtA', 'ybtQ', 'irp2', 'eaeH', 'ybtU', 'espX5', 'ybtP', 'iss2', 'espY1', 'fyuA/psn', 'irp1', 'fyuA', 'ibeC', 'espL1', 'ybtS', 'espR4', 'ybtX', 'espL4', 'ybtT', 'espL3', 'hlyE', 'trat', 'espX1']"
GCA_040507365.1,ST167,O101:H9,"['blaCTX-M-15', 'blaNDM', 'blaTEM']","['rhs/PAAR', 'ybtE', 'ibeB', 'ybtA', 'espX4', 'ybtQ', 'irp2', 'eaeH', 'ybtU', 'espR1', 'espX5', 'ybtP', 'iss2', 'espY1', 'fyuA/psn', 'irp1', 'fyuA', 'ibeC', 'espL1', 'ybtS', 'espR4', 'ybtX', 'espL4', 'ybtT', 'espL3', 'hlyE', 'trat', 'espX1']"
GCA_907163665.1,ST167,O101:H21,"[""aac(6')-Ib-cr5"", 'blaCTX-M-15', 'blaOXA-1', 'blaTEM-1', 'blaTEMp_G162T']","['rhs/PAAR', 'ibeB', 'espX4', 'eaeH', 'espR1', 'espX5', 'espY1', 'ibeC', 'espL1', 'espR4', 'espL4', 'espL3', 'hlyE', 'trat', 'espX1']"
GCA_030025055.1,ST131,O16:H5,"['blaCTX-M-14', 'blaTEM-1']","['sitB', 'chuX', 'sitC', 'ybtE', 'kpsD', 'ibeB', 'ybtA', 'chuV', 'ybtQ', 'sitA', 'iucC', 'iucD', 'irp2', 'iucA', 'sitD', 'chuU', 'ybtU', 'eaeH', 'kpsM', 'ybtP', 'chuY', 'kpsS', 'fyuA/psn', 'irp1', 'fyuA', 'ibeC', 'chuS', 'kpsE', 'ybtS', 'iutA', 'chuW', 'kpsF', 'chuT', 'ybtX', 'ybtT', 'kpsU', 'chuA', 'trat', 'iucB', 'kpsC']"
GCA_040416135.1,ST167,O101:H17,"['blaCTX-M-55', 'blaNDM-5', 'rmtB']","['rhs/PAAR', 'ybtE', 'east1', 'ibeB', 'aaiW', 'ybtA', 'espX4', 'ybtQ', 'irp2', 'astA', 'ybtU', 'espR1', 'espX5', 'ybtP', 'iss2', 'espY1', 'fyuA/psn', 'irp1', 'fyuA', 'ibeC', 'espL1', 'ybtS', 'ybtX', 'espL4', 'ybtT', 'espL3', 'hlyE', 'trat', 'espX1']"
GCA_964206505.1,ST131,O25:H4,"[""aac(6')-Ib-cr5"", 'blaCTX-M-15', 'blaOXA-1']","['chuX', 'ybtE', 'kpsD', 'ibeB', 'ybtA', 'chuV', 'ybtQ', 'iucC', 'iucD', 'irp2', 'iucA', 'chuU', 'ybtU', 'eaeH', 'kpsM', 'ybtP', 'chuY', 'kpsS', 'fyuA/psn', 'irp1', 'fyuA', 'ibeC', 'chuS', 'kpsE', 'ybtS', 'iutA', 'chuW', 'kpsF', 'chuT', 'ybtX', 'ybtT', 'kpsU', 'chuA', 'trat', 'iucB', 'kpsC']"
GCA_964205555.1,ST131,O25:H4,"['blaTEM-1', 'blaTEMp_C32T']","['sitB', 'chuX', 'sitC', 'ybtE', 'kpsD', 'ibeB', 'ybtA', 'chuV', 'ybtQ', 'sitA', 'iucC', 'iucD', 'irp2', 'iucA', 'sitD', 'chuU', 'ybtU', 'eaeH', 'kpsM', 'ybtP', 'hlyA', 'chuY', 'cnf1', 'kpsS', 'iss2', 'fyuA/psn', 'irp1', 'fyuA', 'ibeC', 'chuS', 'kpsE', 'ybtS', 'iutA', 'chuW', 'hlyD', 'kpsF', 'chuT', 'ybtX', 'hlyC', 'ybtT', 'hlyB', 'kpsU', 'chuA', 'trat', 'iucB', 'kpsC']"
GCA_964006755.1,ST131,O25:H4,"[""aac(6')-Ib-cr5"", 'blaCTX-M-15', 'blaOXA-1']","['sitB', 'chuX', 'sitC', 'ybtE', 'kpsD', 'ibeB', 'ybtA', 'chuV', 'ybtQ', 'sitA', 'iucC', 'iucD', 'irp2', 'iucA', 'sitD', 'eaeH', 'chuU', 'ybtU', 'kpsM', 'ybtP', 'chuY', 'kpsS', 'iss2', 'fyuA/psn', 'irp1', 'fyuA', 'ibeC', 'chuS', 'kpsE', 'ybtS', 'iutA', 'chuW', 'kpsF', 'chuT', 'ybtX', 'ybtT', 'kpsU', 'chuA', 'trat', 'iucB', 'kpsC']"
GCA_907164365.1,ST131,O25:H4,['blaCTX-M-27'],"['sitB', 'chuX', 'sitC', 'ybtE', 'kpsD', 'ibeB', 'ybtA', 'chuV', 'ybtQ', 'sitA', 'iucC', 'iucD', 'irp2', 'iucA', 'sitD', 'chuU', 'ybtU', 'eaeH', 'kpsM', 'ybtP', 'chuY', 'kpsS', 'iss2', 'fyuA/psn', 'irp1', 'fyuA', 'ibeC', 'chuS', 'kpsE', 'ybtS', 'iutA', 'chuW', 'kpsF', 'chuT', 'ybtX', 'ybtT', 'kpsU', 'chuA', 'trat', 'iucB', 'kpsC']"
GCA_040417485.1,ST167,O101:H5,"['blaCTX-M', 'blaNDM-5', 'blaOXA', 'blaTEM-1']","['rhs/PAAR', 'ibeB', 'eaeH', 'espR1', 'iss2', 'espY1', 'ibeC', 'espL1', 'espL4', 'espL3', 'hlyE']"
GCA_040417235.1,ST167,O101:H5,"['blaCTX-M', 'blaNDM-5', 'blaTEM', 'rmtB1']","['rhs/PAAR', 'ibeB', 'eaeH', 'espR1', 'iss2', 'espY1', 'ibeC', 'espL1', 'espL4', 'espL3', 'hlyE', 'trat']"
GCA_050112935.1,ST167,O101:H17,"['blaCTX-M-55', 'blaNDM-5', 'rmtB']","['rhs/PAAR', 'ybtE', 'east1', 'ibeB', 'aaiW', 'ybtA', 'espX4', 'ybtQ', 'irp2', 'astA', 'ybtU', 'espR1', 'espX5', 'ybtP', 'iss2', 'espY1', 'fyuA/psn', 'irp1', 'fyuA', 'ibeC', 'espL1', 'ybtS', 'ybtX', 'espL4', 'ybtT', 'espL3', 'hlyE', 'trat', 'espX1']"
GCA_009900285.1,ST10,O8:H17,['blaTEM-1'],"['rhs/PAAR', 'sitB', 'sitC', 'ybtE', 'east1', 'ibeB', 'ybtA', 'espX4', 'ybtQ', 'sitA', 'iucC', 'iucD', 'irp2', 'iucA', 'astA', 'sitD', 'eaeH', 'ybtU', 'espR1', 'espX5', 'ybtP', 'iss2', 'espY1', 'fyuA/psn', 'irp1', 'fyuA', 'ibeC', 'espL1', 'ybtS', 'iutA', 'ybtX', 'espL4', 'ybtT', 'espL3', 'hlyE', 'trat', 'iucB', 'espX1']"
GCA_964206225.1,ST131,O25:H4,"[""aac(6')-Ib-cr5"", 'blaCTX-M-15', 'blaOXA-1', 'blaTEM-1']","['sitB', 'chuX', 'sitC', 'ybtE', 'kpsD', 'ibeB', 'ybtA', 'chuV', 'ybtQ', 'sitA', 'aaiT', 'irp2', 'sitD', 'eaeH', 'chuU', 'ybtU', 'kpsM', 'ybtP', 'chuY', 'kpsS', 'iss2', 'fyuA/psn', 'irp1', 'fyuA', 'ibeC', 'chuS', 'kpsE', 'ybtS', 'chuW', 'kpsF', 'chuT', 'ybtX', 'ybtT', 'kpsU', 'chuA', 'kpsC']"
GCA_040418585.1,ST167,O101:H5,"[""aac(6')-Ib-cr5"", 'blaCTX-M-15', 'blaNDM', 'blaOXA-1', 'blaTEM-1', 'rmtB1']","['rhs/PAAR', 'ibeB', 'espX4', 'eaeH', 'espR1', 'iss2', 'espY1', 'ibeC', 'espL1', 'espL4', 'espL3', 'hlyE', 'trat', 'espX1']"
GCA_040416265.1,ST167,O101:H5,"[""aac(6')-Ib-cr5"", 'blaCTX-M-15', 'blaNDM-5', 'blaOXA-1', 'blaTEM-1', 'rmtB1']","['rhs/PAAR', 'ibeB', 'espX4', 'eaeH', 'espR1', 'espX5', 'iss2', 'espY1', 'ibeC', 'espL1', 'espL4', 'espL3', 'hlyE', 'trat', 'espX1']"
GCA_009824295.1,ST10,O159:H4,['blaTEM-1'],"['sitB', 'eltA', 'sitC', 'ibeB', 'espX4', 'sitA', 'sitD', 'eaeH', 'espR1', 'espX5', 'iss2', 'espY1', 'ibeC', 'espL1', 'eltB', 'espL4', 'espL3', 'estIa', 'hlyE']"
GCA_964006205.1,ST131,O25:H4,['blaCTX-M-27'],"['sitB', 'chuX', 'sitC', 'ybtE', 'kpsD', 'ibeB', 'ybtA', 'chuV', 'ybtQ', 'sitA', 'iucC', 'iucD', 'iucA', 'sitD', 'chuU', 'eaeH', 'kpsM', 'ybtP', 'chuY', 'kpsS', 'iss2', 'fyuA/psn', 'fyuA', 'ibeC', 'chuS', 'kpsE', 'ybtS', 'iutA', 'chuW', 'kpsF', 'chuT', 'ybtX', 'ybtT', 'kpsU', 'chuA', 'trat', 'iucB', 'kpsC']"
GCA_966591305.1,ST10,O29:H4,['blaTEM-1'],"['rhs/PAAR', 'kpsD', 'east1', 'ibeB', 'aaiW', 'espX4', 'iucC', 'iucD', 'iucA', 'astA', 'espR1', 'espX5', 'kpsM', 'kpsS', 'iss2', 'espY1', 'ibeC', 'espL1', 'kpsE', 'iutA', 'kpsF', 'espL3', 'hlyE', 'kpsU', 'iucB', 'espX1', 'kpsC']"
GCA_040418545.1,ST167,O101:H9,"['blaCTX-M-15', 'blaNDM-5', 'blaTEM-190', 'blaTEMp_C32T']","['rhs/PAAR', 'ybtE', 'ibeB', 'ybtA', 'espX4', 'ybtQ', 'irp2', 'eaeH', 'ybtU', 'espR1', 'espX5', 'ybtP', 'iss2', 'espY1', 'fyuA/psn', 'irp1', 'fyuA', 'ibeC', 'espL1', 'ybtS', 'espR4', 'ybtX', 'espL4', 'ybtT', 'espL3', 'hlyE', 'trat', 'espX1']"
GCA_964007265.1,ST167,O101:H21,"['blaCTX-M-15', 'qnrS1']","['rhs/PAAR', 'ybtE', 'ibeB', 'ybtA', 'espX4', 'ybtQ', 'irp2', 'eaeH', 'ybtU', 'espR1', 'espX5', 'ybtP', 'espY1', 'fyuA/psn', 'irp1', 'fyuA', 'ibeC', 'espL1', 'ybtS', 'espR4', 'ybtX', 'espL4', 'ybtT', 'espL3', 'hlyE', 'trat', 'espX1']"
GCA_964006055.1,ST131,O25:H4,"[""aac(6')-Ib-cr5"", 'blaCTX-M-15', 'blaOXA-1', 'blaTEM-1']","['sitB', 'chuX', 'sitC', 'ybtE', 'kpsD', 'ibeB', 'ybtA', 'chuV', 'ybtQ', 'sitA', 'iucC', 'iucD', 'irp2', 'iucA', 'sitD', 'eaeH', 'chuU', 'ybtU', 'kpsM', 'ybtP', 'chuY', 'kpsS', 'iss2', 'fyuA/psn', 'irp1', 'fyuA', 'ibeC', 'chuS', 'kpsE', 'ybtS', 'iutA', 'chuW', 'kpsF', 'chuT', 'ybtX', 'ybtT', 'kpsU', 'chuA', 'trat', 'iucB', 'kpsC']"
GCA_964205975.1,ST131,O25:H4,"[""aac(6')-Ib-cr5"", 'blaCTX-M-15', 'blaOXA-1']","['sitB', 'chuX', 'sitC', 'ybtE', 'kpsD', 'ibeB', 'ybtA', 'chuV', 'ybtQ', 'sitA', 'iucC', 'iucD', 'irp2', 'iucA', 'sitD', 'chuU', 'ybtU', 'eaeH', 'kpsM', 'ybtP', 'chuY', 'kpsS', 'iss2', 'fyuA/psn', 'irp1', 'fyuA', 'ibeC', 'chuS', 'kpsE', 'ybtS', 'iutA', 'chuW', 'kpsF', 'chuT', 'ybtX', 'ybtT', 'kpsU', 'chuA', 'trat', 'iucB', 'kpsC']"
GCA_040417215.1,ST167,O101:H5,"[""aac(6')-Ib-cr5"", 'blaCTX-M-15', 'blaNDM-5', 'blaOXA-1', 'blaTEM-1', 'rmtB1']","['rhs/PAAR', 'ibeB', 'eaeH', 'espR1', 'espX5', 'iss2', 'espY1', 'ibeC', 'espL1', 'espL4', 'espL3', 'hlyE', 'trat', 'espX1']"
GCA_040418825.1,ST167,O101:H9,"['blaCTX-M-15', 'blaNDM-5', 'blaTEM-169']","['rhs/PAAR', 'ybtE', 'ibeB', 'ybtA', 'ybtQ', 'irp2', 'eaeH', 'ybtU', 'ybtP', 'iss2', 'espY1', 'fyuA/psn', 'irp1', 'fyuA', 'ibeC', 'espL1', 'ybtS', 'espR4', 'ybtX', 'espL4', 'ybtT', 'espL3', 'hlyE', 'trat']"
GCA_964007175.1,ST131,O25:H4,['blaCTX-M-27'],"['sitB', 'chuX', 'sitC', 'ybtE', 'kpsD', 'ibeB', 'ybtA', 'chuV', 'ybtQ', 'sitA', 'iucC', 'iucD', 'irp2', 'iucA', 'sitD', 'chuU', 'ybtU', 'eaeH', 'kpsM', 'ybtP', 'chuY', 'kpsS', 'iss2', 'fyuA/psn', 'irp1', 'fyuA', 'ibeC', 'chuS', 'kpsE', 'ybtS', 'iutA', 'chuW', 'kpsF', 'chuT', 'ybtX', 'ybtT', 'kpsU', 'chuA', 'trat', 'iucB', 'kpsC']"
GCA_964205485.1,ST131,O25:H4,"[""aac(6')-Ib-cr5"", 'blaCTX-M-15', 'blaOXA-1']","['sitB', 'chuX', 'sitC', 'ybtE', 'kpsD', 'ibeB', 'ybtA', 'chuV', 'ybtQ', 'sitA', 'iucC', 'iucD', 'irp2', 'iucA', 'sitD', 'chuU', 'ybtU', 'eaeH', 'kpsM', 'ybtP', 'chuY', 'kpsS', 'iss2', 'fyuA/psn', 'irp1', 'fyuA', 'ibeC', 'chuS', 'kpsE', 'ybtS', 'iutA', 'chuW', 'kpsF', 'chuT', 'ybtX', 'ybtT', 'kpsU', 'chuA', 'trat', 'iucB', 'kpsC']"
GCA_964006545.1,ST131,O25:H4,"[""aac(6')-Ib-cr5"", 'blaCTX-M-15', 'blaOXA-1']","['chuX', 'ybtE', 'kpsD', 'ibeB', 'ybtA', 'chuV', 'ybtQ', 'iucC', 'iucD', 'irp2', 'iucA', 'chuU', 'ybtU', 'eaeH', 'kpsM', 'ybtP', 'chuY', 'kpsS', 'fyuA/psn', 'irp1', 'fyuA', 'ibeC', 'chuS', 'kpsE', 'ybtS', 'iutA', 'chuW', 'kpsF', 'chuT', 'ybtX', 'ybtT', 'kpsU', 'chuA', 'trat', 'iucB', 'kpsC']"
GCA_037047925.1,ST131,O25:H4,"['blaCTX-M-15', 'blaTEM-1']","['sitB', 'chuX', 'sitC', 'ybtE', 'kpsD', 'ibeB', 'ybtA', 'chuV', 'ybtQ', 'sitA', 'iucC', 'iucD', 'irp2', 'iucA', 'sitD', 'eaeH', 'chuU', 'ybtU', 'ybtP', 'chuY', 'kpsS', 'iss2', 'fyuA/psn', 'irp1', 'fyuA', 'ibeC', 'chuS', 'kpsE', 'ybtS', 'iutA', 'chuW', 'kpsF', 'chuT', 'ybtX', 'ybtT', 'kpsU', 'chuA', 'iucB', 'kpsC']"
GCA_040418755.1,ST167,O101:H9,"['blaCTX-M-15', 'blaNDM-5', 'blaTEM-35']","['rhs/PAAR', 'ybtE', 'ibeB', 'ybtA', 'espX4', 'ybtQ', 'irp2', 'eaeH', 'ybtU', 'espR1', 'espX5', 'ybtP', 'iss2', 'espY1', 'fyuA/psn', 'irp1', 'fyuA', 'ibeC', 'espL1', 'ybtS', 'espR4', 'ybtX', 'espL4', 'ybtT', 'espL3', 'hlyE']"
GCA_009824615.1,ST10,O6:H9,['blaTEM-1'],"['rhs/PAAR', 'aatC', 'ibeB', 'aaiN', 'ybtA', 'espX4', 'iucC', 'iucD', 'aaiV', 'iucA', 'aaiS', 'eaeH', 'ybtU', 'espR1', 'aaiC', 'espX5', 'aaiB', 'espY1', 'aaiA', 'ibeC', 'espL1', 'aaiF', 'aaiU', 'aaiJ', 'aaiI', 'aaiM', 'espR4', 'espL4', 'aaiK', 'aaiE', 'aaiD', 'espL3', 'hlyE', 'aaiO', 'trat', 'espX1', 'aatB']"
GCA_964205945.1,ST131,O25:H4,"[""aac(6')-Ib-cr5"", 'blaCTX-M-15', 'blaOXA-1']","['sitB', 'chuX', 'sitC', 'ybtE', 'ibeB', 'ybtA', 'chuV', 'ybtQ', 'sitA', 'iucC', 'iucD', 'irp2', 'iucA', 'sitD', 'eaeH', 'chuU', 'ybtU', 'ybtP', 'chuY', 'iss2', 'fyuA/psn', 'irp1', 'fyuA', 'ibeC', 'chuS', 'ybtS', 'iutA', 'chuW', 'chuT', 'ybtX', 'ybtT', 'chuA', 'iucB']"
GCA_040415655.1,ST167,O101:H5,"['blaCTX-M-15', 'blaNDM-5', 'blaTEM-1', 'rmtB1']","['rhs/PAAR', 'ibeB', 'espX4', 'eaeH', 'espR1', 'espX5', 'iss2', 'espY1', 'ibeC', 'espL1', 'espL4', 'espL3', 'hlyE', 'trat', 'espX1']"
GCA_040418965.1,ST167,O101:H9,"['blaCTX-M-15', 'blaNDM', 'blaTEM']","['rhs/PAAR', 'ybtE', 'ibeB', 'ybtA', 'espX4', 'ybtQ', 'irp2', 'eaeH', 'ybtU', 'espR1', 'espX5', 'ybtP', 'iss2', 'espY1', 'fyuA/psn', 'irp1', 'fyuA', 'ibeC', 'espL1', 'ybtS', 'espR4', 'ybtX', 'espL4', 'ybtT', 'espL3', 'hlyE', 'trat', 'espX1']"
GCA_040712355.1,ST10,O101:H10,"['blaTEM-1', 'blaTEMp_C32T']","['rhs/PAAR', 'east1', 'ibeB', 'espX4', 'astA', 'eaeH', 'espR1', 'espX5', 'espY1', 'ibeC', 'espL1', 'espR4', 'espL4', 'espL3', 'hlyE', 'espX1']"
GCA_040415475.1,ST167,O101:H5,"['blaCTX-M-15', 'blaNDM-5', 'blaTEM-1', 'rmtB']","['rhs/PAAR', 'ibeB', 'espX4', 'eaeH', 'espR1', 'espX5', 'iss2', 'espY1', 'ibeC', 'espL1', 'espL4', 'espL3', 'hlyE', 'trat', 'espX1']"
GCA_050113015.1,ST167,O101:H5,"[""aac(6')-Ib-cr5"", 'blaCTX-M-15', 'blaNDM-5', 'blaOXA-1', 'blaTEM-1', 'rmtB1']","['rhs/PAAR', 'ibeB', 'espX4', 'eaeH', 'espR1', 'espX5', 'iss2', 'espY1', 'ibeC', 'espL1', 'espL4', 'espL3', 'hlyE', 'trat', 'espX1']"
GCA_052072795.1,ST167,O8:H9,"[""aac(6')-Ib-cr5"", 'blaCTX-M-15', 'blaNDM-5', 'blaOXA-1']","['rhs/PAAR', 'ybtE', 'ibeB', 'ybtA', 'espX4', 'ybtQ', 'irp2', 'eaeH', 'ybtU', 'espR1', 'espX5', 'ybtP', 'iss2', 'espY1', 'fyuA/psn', 'irp1', 'fyuA', 'ibeC', 'espL1', 'ybtS', 'espR4', 'ybtX', 'espL4', 'ybtT', 'espL3', 'hlyE', 'trat', 'espX1']"
GCA_040415995.1,ST167,O101:H5,"['blaCTX-M-15', 'blaNDM-5', 'blaTEM-1', 'rmtB']","['rhs/PAAR', 'ibeB', 'espX4', 'eaeH', 'espR1', 'espX5', 'iss2', 'espY1', 'ibeC', 'espL1', 'espL4', 'espL3', 'hlyE', 'trat']"
GCA_907164375.1,ST131,O25:H4,['blaCTX-M-27'],"['sitB', 'chuX', 'sitC', 'ybtE', 'kpsD', 'ibeB', 'ybtA', 'chuV', 'ybtQ', 'sitA', 'iucC', 'iucD', 'irp2', 'iucA', 'sitD', 'chuU', 'ybtU', 'eaeH', 'kpsM', 'ybtP', 'chuY', 'kpsS', 'iss2', 'fyuA/psn', 'irp1', 'fyuA', 'ibeC', 'chuS', 'kpsE', 'ybtS', 'iutA', 'chuW', 'kpsF', 'chuT', 'ybtX', 'ybtT', 'kpsU', 'chuA', 'trat', 'iucB', 'kpsC']"
GCA_964007285.1,ST131,O25:H4,"['blaTEM-1', 'blaTEMp_C32T']","['sitB', 'chuX', 'sitC', 'ybtE', 'kpsD', 'ibeB', 'ybtA', 'chuV', 'ybtQ', 'sitA', 'iucC', 'iucD', 'irp2', 'iucA', 'sitD', 'chuU', 'ybtU', 'eaeH', 'kpsM', 'ybtP', 'hlyA', 'chuY', 'cnf1', 'kpsS', 'iss2', 'fyuA/psn', 'irp1', 'fyuA', 'ibeC', 'chuS', 'kpsE', 'ybtS', 'iutA', 'chuW', 'hlyD', 'kpsF', 'chuT', 'ybtX', 'hlyC', 'ybtT', 'hlyB', 'kpsU', 'chuA', 'trat', 'iucB', 'kpsC']"
GCA_037049005.1,ST10,O101:H10,['blaCTX-M-15'],"['rhs/PAAR', 'ibeB', 'espX4', 'eaeH', 'espR1', 'espX5', 'espY1', 'ibeC', 'espL1', 'espL4', 'espL3', 'hlyE', 'espX1']"
GCA_037047605.1,ST131,O16:H5,['blaCTX-M-15'],"['sitB', 'chuX', 'sitC', 'ybtE', 'ibeB', 'ybtA', 'chuV', 'ybtQ', 'sitA', 'iucC', 'iucD', 'irp2', 'iucA', 'sitD', 'eaeH', 'chuU', 'ybtU', 'ybtP', 'chuY', 'fyuA/psn', 'irp1', 'fyuA', 'ibeC', 'chuS', 'ybtS', 'iutA', 'chuW', 'chuT', 'ybtX', 'ybtT', 'chuA', 'trat', 'iucB']"
GCA_907163815.1,ST131,O25:H4,['blaCTX-M-27'],"['sitB', 'chuX', 'sitC', 'ybtE', 'kpsD', 'ibeB', 'ybtA', 'chuV', 'ybtQ', 'sitA', 'iucC', 'iucD', 'irp2', 'iucA', 'sitD', 'chuU', 'ybtU', 'eaeH', 'kpsM', 'ybtP', 'chuY', 'kpsS', 'iss2', 'fyuA/psn', 'irp1', 'fyuA', 'ibeC', 'chuS', 'kpsE', 'ybtS', 'iutA', 'chuW', 'kpsF', 'chuT', 'ybtX', 'ybtT', 'kpsU', 'chuA', 'trat', 'iucB', 'kpsC']"
GCA_009793945.1,ST10,O107:H27,['blaTEM-1'],"['sitB', 'eltA', 'ipad', 'sitC', 'kpsD', 'aaiL', 'ibeB', 'espX4', 'sitA', 'aaiT', 'sitD', 'eaeH', 'espR1', 'espX5', 'kpsM', 'aaiB', 'chuY', 'kpsS', 'iss2', 'aaiA', 'ibeC', 'chuS', 'kpsE', 'espL1', 'aaiF', 'chuW', 'aaiJ', 'aaiI', 'espY3', 'eltB', 'kpsF', 'espL4', 'aaiK', 'aaiE', 'espX3', 'aaiD', 'aaiH', 'espL3', 'estIa', 'hlyE', 'aaiP', 'kpsU', 'aaiO', 'trat', 'espX1', 'kpsC']"
GCA_040416635.1,ST167,O101:H9,"['blaCTX-M-15', 'blaNDM-5', 'blaTEM-35', 'blaTEMp_C32T']","['rhs/PAAR', 'ybtE', 'ibeB', 'ybtA', 'espX4', 'ybtQ', 'irp2', 'eaeH', 'ybtU', 'espR1', 'espX5', 'ybtP', 'iss2', 'espY1', 'fyuA/psn', 'irp1', 'fyuA', 'ibeC', 'espL1', 'ybtS', 'espR4', 'ybtX', 'espL4', 'ybtT', 'espL3', 'hlyE', 'trat', 'espX1']"
GCA_040418405.1,ST167,O101:H9,"['blaCTX-M-15', 'blaNDM-5', 'blaTEM-1']","['rhs/PAAR', 'ybtE', 'ibeB', 'ybtA', 'ybtQ', 'irp2', 'eaeH', 'ybtU', 'espR1', 'espX5', 'ybtP', 'iss2', 'espY1', 'fyuA/psn', 'irp1', 'fyuA', 'ibeC', 'espL1', 'ybtS', 'espR4', 'ybtX', 'espL4', 'ybtT', 'espL3', 'hlyE', 'espX1']"
GCA_964205705.1,ST131,O25:H4,"['blaTEM-1', 'blaTEMp_C32T']","['sitB', 'chuX', 'sitC', 'ybtE', 'kpsD', 'ibeB', 'ybtA', 'chuV', 'ybtQ', 'sitA', 'iucC', 'iucD', 'irp2', 'iucA', 'sitD', 'chuU', 'ybtU', 'eaeH', 'kpsM', 'ybtP', 'hlyA', 'chuY', 'cnf1', 'kpsS', 'iss2', 'fyuA/psn', 'irp1', 'fyuA', 'ibeC', 'chuS', 'kpsE', 'ybtS', 'iutA', 'chuW', 'hlyD', 'kpsF', 'chuT', 'ybtX', 'hlyC', 'ybtT', 'hlyB', 'kpsU', 'chuA', 'trat', 'iucB', 'kpsC']"
GCA_040417905.1,ST167,O101:H9,"['blaCTX-M-15', 'blaNDM-5', 'blaTEM-190']","['rhs/PAAR', 'ybtE', 'ibeB', 'ybtA', 'espX4', 'ybtQ', 'irp2', 'eaeH', 'ybtU', 'espX5', 'ybtP', 'iss2', 'espY1', 'fyuA/psn', 'irp1', 'fyuA', 'ibeC', 'espL1', 'ybtS', 'ybtX', 'espL4', 'ybtT', 'espL3', 'hlyE', 'trat']"
GCA_907163805.1,ST131,O25:H4,['blaCTX-M-27'],"['sitB', 'chuX', 'sitC', 'ybtE', 'kpsD', 'ibeB', 'ybtA', 'chuV', 'ybtQ', 'sitA', 'iucC', 'iucD', 'irp2', 'iucA', 'sitD', 'chuU', 'ybtU', 'eaeH', 'kpsM', 'ybtP', 'chuY', 'kpsS', 'iss2', 'fyuA/psn', 'irp1', 'fyuA', 'ibeC', 'chuS', 'kpsE', 'ybtS', 'iutA', 'chuW', 'kpsF', 'chuT', 'ybtX', 'ybtT', 'kpsU', 'chuA', 'trat', 'iucB', 'kpsC']"
GCA_037047175.1,ST131,O25:H4,"['blaCTX-M-15', 'blaCTX-M-27', 'blaTEM-1']","['sitB', 'chuX', 'sitC', 'ybtE', 'kpsD', 'ibeB', 'ybtA', 'chuV', 'ybtQ', 'sitA', 'iucC', 'iucD', 'irp2', 'iucA', 'sitD', 'chuU', 'ybtU', 'eaeH', 'kpsM', 'ybtP', 'chuY', 'kpsS', 'iss2', 'fyuA/psn', 'irp1', 'fyuA', 'ibeC', 'chuS', 'kpsE', 'ybtS', 'iutA', 'chuW', 'kpsF', 'chuT', 'ybtX', 'ybtT', 'kpsU', 'chuA', 'trat', 'iucB', 'kpsC']"
GCA_040712505.1,ST10,O101:H10,['blaTEM-1'],"['rhs/PAAR', 'east1', 'ibeB', 'espX4', 'astA', 'eaeH', 'espR1', 'espX5', 'espY1', 'ibeC', 'espL1', 'espR4', 'espL4', 'espL3', 'hlyE', 'trat', 'espX1']"
GCA_040415815.1,ST167,O101:H5,"['blaCTX-M-15', 'blaNDM-5', 'blaTEM-1']","['rhs/PAAR', 'eaeH', 'iss2', 'espY1', 'ibeC', 'espL1', 'espL4', 'espL3', 'hlyE', 'trat', 'espX1']"
GCA_040419145.1,ST167,O101:H5,"[""aac(6')-Ib-cr5"", 'blaCTX-M-15', 'blaNDM-5', 'blaOXA-1', 'blaTEM-1', 'rmtB1']","['rhs/PAAR', 'ibeB', 'eaeH', 'espR1', 'espX5', 'iss2', 'espY1', 'ibeC', 'espL1', 'espL4', 'espL3', 'hlyE', 'trat', 'espX1']"
GCA_040416335.1,ST167,O101:H17,"['blaCTX-M-55', 'blaNDM-5', 'rmtB']","['rhs/PAAR', 'ybtE', 'east1', 'ibeB', 'aaiW', 'ybtA', 'espX4', 'ybtQ', 'irp2', 'astA', 'ybtU', 'espR1', 'espX5', 'ybtP', 'iss2', 'espY1', 'fyuA/psn', 'irp1', 'fyuA', 'ibeC', 'espL1', 'ybtS', 'ybtX', 'espL4', 'ybtT', 'espL3', 'hlyE', 'trat', 'espX1']"
GCA_040416525.1,ST167,O101:H9,['blaNDM-5'],"['rhs/PAAR', 'ybtE', 'ibeB', 'ybtA', 'espX4', 'ybtQ', 'irp2', 'eaeH', 'ybtU', 'espR1', 'espX5', 'ybtP', 'iss2', 'espY1', 'fyuA/psn', 'irp1', 'fyuA', 'ibeC', 'espL1', 'ybtS', 'espR4', 'ybtX', 'espL4', 'ybtT', 'espL3', 'hlyE']"
GCA_040713755.1,ST10,O132:H21,['blaTEM-1'],"['ibeB', 'espX4', 'espR1', 'espX5', 'aatA', 'iss2', 'espY1', 'ibeC', 'espL1', 'espL4', 'espL3', 'hlyE', 'trat']"
GCA_040415435.1,ST167,O101:H9,"['blaCTX-M-15', 'blaNDM-5', 'blaTEM-190', 'blaTEMp_C32T']","['rhs/PAAR', 'ybtE', 'ibeB', 'ybtA', 'espX4', 'ybtQ', 'irp2', 'eaeH', 'ybtU', 'espR1', 'espX5', 'ybtP', 'iss2', 'espY1', 'fyuA/psn', 'irp1', 'fyuA', 'ibeC', 'espL1', 'ybtS', 'espR4', 'ybtX', 'espL4', 'ybtT', 'espL3', 'hlyE', 'trat', 'espX1']"
GCA_040415755.1,ST167,O101:H5,"['blaCTX-M', 'blaNDM-5', 'rmtB1']","['rhs/PAAR', 'espX4', 'eaeH', 'espR1', 'espX5', 'iss2', 'espY1', 'ibeC', 'espL1', 'espL4', 'espL3', 'hlyE', 'trat', 'espX1']"
GCA_964007005.1,ST131,O16:H5,"['blaCTX-M-27', 'blaTEM-1']","['sitB', 'chuX', 'sitC', 'ybtE', 'kpsD', 'ibeB', 'ybtA', 'chuV', 'ybtQ', 'sitA', 'iucC', 'iucD', 'irp2', 'iucA', 'sitD', 'chuU', 'ybtU', 'eaeH', 'kpsM', 'ybtP', 'hlyA', 'chuY', 'cnf1', 'kpsS', 'fyuA/psn', 'irp1', 'fyuA', 'ibeC', 'chuS', 'kpsE', 'ybtS', 'iutA', 'chuW', 'hlyD', 'kpsF', 'chuT', 'ybtX', 'hlyC', 'ybtT', 'hlyB', 'kpsU', 'chuA', 'trat', 'iucB', 'kpsC']"
GCA_964206545.1,ST131,O16:H5,"['blaCTX-M-15', 'blaTEM-1']","['sitB', 'chuX', 'sitC', 'ybtE', 'kpsD', 'ibeB', 'ybtA', 'chuV', 'ybtQ', 'sitA', 'iucC', 'iucD', 'irp2', 'iucA', 'sitD', 'eaeH', 'chuU', 'ybtU', 'kpsM', 'ybtP', 'chuY', 'kpsS', 'fyuA/psn', 'irp1', 'fyuA', 'ibeC', 'chuS', 'kpsE', 'ybtS', 'iutA', 'chuW', 'kpsF', 'chuT', 'ybtX', 'ybtT', 'kpsU', 'chuA', 'trat', 'iucB', 'kpsC']"
GCA_009824745.1,ST10,O150:H9,['blaTEM-1'],"['east1', 'ibeB', 'espX4', 'astA', 'eaeH', 'espR1', 'espX5', 'espY1', 'espL1', 'espR4', 'espL3', 'hlyE', 'trat', 'espX1']"
GCA_040418645.1,ST167,O101:H9,"['blaCTX-M-15', 'blaNDM-5', 'blaTEM-190', 'blaTEMp_C32T']","['rhs/PAAR', 'ybtE', 'ibeB', 'ybtA', 'espX4', 'ybtQ', 'irp2', 'eaeH', 'ybtU', 'espR1', 'espX5', 'ybtP', 'iss2', 'espY1', 'fyuA/psn', 'irp1', 'fyuA', 'ibeC', 'espL1', 'ybtS', 'espR4', 'ybtX', 'espL4', 'ybtT', 'espL3', 'hlyE', 'trat', 'espX1']"
GCA_050112895.1,ST167,O101:H9,"['blaCTX-M-15', 'blaNDM-5', 'blaTEM-1', 'blaTEM-190', 'blaTEMp_C32T']","['rhs/PAAR', 'ybtE', 'ibeB', 'ybtA', 'espX4', 'ybtQ', 'irp2', 'eaeH', 'ybtU', 'espR1', 'espX5', 'ybtP', 'iss2', 'espY1', 'fyuA/psn', 'irp1', 'fyuA', 'ibeC', 'espL1', 'ybtS', 'espR4', 'ybtX', 'espL4', 'ybtT', 'espL3', 'hlyE', 'trat', 'espX1']"
GCA_040418685.1,ST167,O101:H9,"['blaNDM', 'blaTEM-190', 'blaTEMp_C32T']","['rhs/PAAR', 'ybtE', 'ibeB', 'ybtA', 'espX4', 'ybtQ', 'irp2', 'eaeH', 'ybtU', 'espR1', 'espX5', 'ybtP', 'iss2', 'espY1', 'fyuA/psn', 'irp1', 'fyuA', 'ibeC', 'espL1', 'ybtS', 'espR4', 'ybtX', 'espL4', 'ybtT', 'espL3', 'hlyE', 'espX1']"
GCA_040415575.1,ST167,O101:H5,"['blaCTX-M-15', 'blaNDM-5', 'blaTEM-1', 'rmtB1']","['rhs/PAAR', 'ibeB', 'eaeH', 'espX5', 'iss2', 'espY1', 'ibeC', 'espL1', 'espL4', 'espL3', 'hlyE', 'trat', 'espX1']"
GCA_907163575.1,ST131,O25:H4,"[""aac(6')-Ib-cr5"", 'blaCTX-M-15', 'blaOXA-1']","['sitB', 'chuX', 'sitC', 'ybtE', 'kpsD', 'ibeB', 'ybtA', 'chuV', 'ybtQ', 'sitA', 'iucC', 'iucD', 'irp2', 'iucA', 'sitD', 'eaeH', 'chuU', 'ybtU', 'kpsM', 'ybtP', 'chuY', 'kpsS', 'iss2', 'fyuA/psn', 'irp1', 'fyuA', 'ibeC', 'chuS', 'kpsE', 'ybtS', 'iutA', 'chuW', 'kpsF', 'chuT', 'ybtX', 'ybtT', 'kpsU', 'chuA', 'trat', 'iucB', 'kpsC']"
GCA_964006635.1,ST131,O16:H5,['blaCTX-M-15'],"['sitB', 'chuX', 'sitC', 'ybtE', 'kpsD', 'ibeB', 'ybtA', 'chuV', 'ybtQ', 'sitA', 'iucC', 'iucD', 'irp2', 'iucA', 'sitD', 'chuU', 'ybtU', 'kpsM', 'ybtP', 'chuY', 'kpsS', 'fyuA/psn', 'irp1', 'fyuA', 'ibeC', 'chuS', 'kpsE', 'ybtS', 'iutA', 'chuW', 'kpsF', 'chuT', 'ybtX', 'ybtT', 'kpsU', 'chuA', 'trat', 'iucB', 'kpsC']"
GCA_009901165.1,ST10,O9a:H9,['blaTEM-1'],"['rhs/PAAR', 'ibeB', 'espX4', 'eaeH', 'espR1', 'espX5', 'iss2', 'espY1', 'ibeC', 'espL1', 'espR4', 'espL4', 'espL3', 'hlyE', 'espX1']"
GCA_964006225.1,ST131,O25:H4,"[""aac(6')-Ib-cr5"", 'blaCTX-M-15', 'blaOXA-1', 'blaTEM-1']","['sitB', 'chuX', 'sitC', 'ybtE', 'kpsD', 'east1', 'ibeB', 'ybtA', 'chuV', 'ybtQ', 'sitA', 'iucC', 'iucD', 'irp2', 'iucA', 'astA', 'sitD', 'chuU', 'ybtU', 'eaeH', 'kpsM', 'ybtP', 'chuY', 'kpsS', 'iss2', 'fyuA/psn', 'irp1', 'fyuA', 'ibeC', 'chuS', 'kpsE', 'ybtS', 'iutA', 'chuW', 'kpsF', 'chuT', 'ybtX', 'ybtT', 'kpsU', 'chuA', 'trat', 'iucB', 'kpsC']"
GCA_040416565.1,ST167,O101:H9,"['blaCTX-M-15', 'blaNDM-5', 'blaTEM-169', 'blaTEMp_C32T']","['rhs/PAAR', 'ybtE', 'ibeB', 'ybtA', 'espX4', 'ybtQ', 'irp2', 'eaeH', 'ybtU', 'espR1', 'espX5', 'ybtP', 'iss2', 'espY1', 'fyuA/psn', 'irp1', 'fyuA', 'ibeC', 'espL1', 'ybtS', 'espR4', 'ybtX', 'espL4', 'ybtT', 'espL3', 'hlyE', 'trat', 'espX1']"
GCA_964006655.1,ST10,O9a:H9,['blaTEM-1'],"['rhs/PAAR', 'sitB', 'sitC', 'ybtE', 'ibeB', 'ybtA', 'espX4', 'ybtQ', 'sitA', 'irp2', 'sitD', 'ybtU', 'espR1', 'espX5', 'ybtP', 'espY1', 'fyuA/psn', 'irp1', 'fyuA', 'ibeC', 'espL1', 'ybtS', 'espR4', 'ybtX', 'espL4', 'ybtT', 'espL3', 'hlyE']"
GCA_964006175.1,ST131,O25:H4,['blaTEM-1'],"['sitB', 'chuX', 'sitC', 'ybtE', 'kpsD', 'ibeB', 'ybtA', 'chuV', 'ybtQ', 'sitA', 'iucC', 'iucD', 'irp2', 'iucA', 'sitD', 'chuU', 'ybtU', 'eaeH', 'kpsM', 'ybtP', 'chuY', 'kpsS', 'iss2', 'fyuA/psn', 'irp1', 'fyuA', 'ibeC', 'chuS', 'kpsE', 'ybtS', 'iutA', 'chuW', 'kpsF', 'chuT', 'ybtX', 'ybtT', 'kpsU', 'chuA', 'trat', 'iucB', 'kpsC']"
GCA_040713875.1,ST10,O51:H48,['blaTEM-1'],"['ibeB', 'espX4', 'espR1', 'espX5', 'aatA', 'iss2', 'espY1', 'ibeC', 'espL1', 'espR4', 'espL3', 'hlyE', 'trat']"
